{"stages": [{"event": {"showAs": "First Stage", "uri": "/bill/2012/56/dail/1", "chamber": {"showAs": "D\u00e1il", "uri": "/house/dail"}, "dates": [{"date": "2012-06-27"}], "progressStage": 1}}, {"event": {"showAs": "Second Stage", "uri": "/bill/2012/56/dail/2", "chamber": {"showAs": "D\u00e1il", "uri": "/house/dail"}, "dates": [{"date": "2012-07-03"}, {"date": "2012-07-04"}], "progressStage": 2}}], "shortTitle": "Education (Amendment) (Protection Of Schools) Bill 2012", "longTitle": "Bill entitled An Act to  provide, for the protection of schools which are the exclusive providers of education for geographical, cultural, religious or non-denominational communities; for the protection of schools which are the providers of education for Gaeltacht areas; for the protection of schools which are the providers of education for offshore islands; for the strengthening of teachers\u2019 and students\u2019 rights with regard to multi-grade teaching arrangements; for the enshrinement in law of the educational rights of the child as set out in the United Nations Convention on the Rights of the Child; for the amendment of sections 7, 10, 12, 24 and 30 of the Education Act 1998; and to provide for  related matters", "amendmentLists": [], "billType": "Public", "billNo": "56", "versions": [], "events": [{"event": {"showAs": "Second Stage", "progressStage": null, "chamber": {"showAs": "D\u00e1il", "uri": "/house/dail"}, "dates": [{"date": "2012-07-04"}], "uri": "/bill/2012/56/dail/2/rejected"}}], "billYear": "2012", "originHouse": {"showAs": "D\u00e1il \u00c9ireann", "uri": "/house/dail"}, "uri": "/bill/2012/56", "status": "Rejected", "_id": "bill.2012.56", "sponsors": [{"sponsor": {"as": {"showAs": null, "uri": null}, "by": {"showAs": "Richard Bruton", "uri": "/member/Richard-Bruton.S.1981-10-08"}}}], "act": null, "method": "Introduction"}