{"billNo": "43", "billType": "Public", "versions": [], "longTitle": "Bill entitled An Act to amend the Punishment of Incest Act 1908 so as to increase the penalty for offences committed under section 2.\u0000", "uri": "/bill/2012/43", "events": [{"progressStage": null, "event": {"chamber": {"showAs": null, "uri": null}, "showAs": "Lapsed", "dates": [{"date": "2016-02-03"}], "uri": "/bill/2012/43/lapsed"}}], "_id": "bill.2012.43", "amendmentLists": [], "sponsors": [{"sponsor": {"as": {"showAs": null, "uri": null}, "by": {"showAs": "Pat Rabbitte", "uri": "/member/Pat-Rabbitte.D.1989-06-29"}}}], "method": "Introduction", "shortTitle": "Criminal Law (Incest) (Amendment) Bill 2012", "stages": [{"event": {"progressStage": 1, "chamber": {"showAs": "D\u00e1il", "uri": "/house/dail"}, "showAs": "First Stage", "dates": [{"date": "2012-05-17"}], "uri": "/bill/2012/43/dail/1"}}, {"event": {"progressStage": 2, "chamber": {"showAs": "D\u00e1il", "uri": "/house/dail"}, "showAs": "Second Stage", "dates": [{"date": "2014-03-07"}], "uri": "/bill/2012/43/dail/2"}}], "originHouse": {"showAs": "D\u00e1il \u00c9ireann", "uri": "/house/dail"}, "billYear": "2012", "act": null}