{"stages": [{"event": {"showAs": "First Stage", "uri": "/bill/2011/84/dail/1", "chamber": {"showAs": "D\u00e1il", "uri": "/house/dail"}, "dates": [{"date": "2011-12-20"}], "progressStage": 1}}, {"event": {"showAs": "Second Stage", "uri": "/bill/2011/84/dail/2", "chamber": {"showAs": "D\u00e1il", "uri": "/house/dail"}, "dates": [{"date": "2012-01-17"}, {"date": "2012-01-18"}, {"date": "2012-01-19"}], "progressStage": 2}}, {"event": {"showAs": "Fourth Stage", "uri": "/bill/2011/84/dail/4", "chamber": {"showAs": "D\u00e1il", "uri": "/house/dail"}, "dates": [{"date": "2012-07-04"}], "progressStage": 3}}, {"event": {"showAs": "Fifth Stage", "uri": "/bill/2011/84/dail/5", "chamber": {"showAs": "D\u00e1il", "uri": "/house/dail"}, "dates": [{"date": "2012-07-04"}], "progressStage": 4}}, {"event": {"showAs": "Second Stage", "uri": "/bill/2011/84/seanad/2", "chamber": {"showAs": "Seanad", "uri": "/house/seanad"}, "dates": [{"date": "2012-07-10"}], "progressStage": 5}}, {"event": {"showAs": "Third Stage", "uri": "/bill/2011/84/seanad/3", "chamber": {"showAs": "Seanad", "uri": "/house/seanad"}, "dates": [{"date": "2012-07-12"}], "progressStage": 6}}, {"event": {"showAs": "Fourth Stage", "uri": "/bill/2011/84/seanad/4", "chamber": {"showAs": "Seanad", "uri": "/house/seanad"}, "dates": [{"date": "2012-07-17"}], "progressStage": 7}}, {"event": {"showAs": "Enacted", "uri": "/bill/2011/84/seanad/5", "chamber": null, "dates": [{"date": "2012-07-24"}], "progressStage": 9}}, {"event": {"showAs": "Enacted", "uri": "/bill/2011/84/seanad/5", "chamber": null, "dates": [{"date": "2012-07-24"}], "progressStage": 9}}], "shortTitle": "Industrial Relations (Amendment) (No. 3) Bill 2011", "longTitle": "Bill entitled An Act to make further and better provision for promoting harmonious relations between workers and employers, to amend the Industrial Relations Acts 1946 to 2004, to amend the Employment Permits Act 2006, the Organisation of Working Time Act 1997, the Protection of Employees (Employers\u2019 Insolvency) Act 1984 and the Terms of Employment (Information) Act 1994, and to provide for related matters", "amendmentLists": [], "billType": "Public", "billNo": "84", "versions": [], "events": [], "billYear": "2011", "originHouse": {"showAs": "D\u00e1il \u00c9ireann", "uri": "/house/dail"}, "uri": "/bill/2011/84", "status": "Enacted", "_id": "bill.2011.84", "sponsors": [{"sponsor": {"as": {"showAs": "Minister for Jobs, Enterprise and Innovation", "uri": "/office/minister/jobs__enterprise__innovation"}, "by": {"showAs": "Richard Bruton", "uri": "/member/Richard-Bruton.S.1981-10-08"}}}], "act": {"dateSigned": "2012-07-24", "shortTitle": "Industrial Relations (Amendment) Act 2012", "actYear": "2012", "uri": "/act/2012/32", "longTitle": "An Act to make further and better provision for promoting harmonious relations between workers and employers, to amend the Industrial Relations Acts 1946 to 2004, to amend the Employment Permits Act 2006, the Organisation of Working Time Act 1997, the Protection of Employees (Employers\u2019 Insolvency) Act 1984 and the Terms of Employment (Information) Act 1994, and to provide for related matters", "actNo": "32", "statuteBookURI": "http://www.irishstatutebook.ie/eli/2012/act/32"}, "method": "Presentation"}