{"billNo": "5", "billType": "Public", "versions": [], "status": "Enacted", "longTitle": "Bill entitled An Act \u0000to provide for the imposition, repeal, remission, alteration and regulation of taxation, of stamp duties and of duties relating to excise and otherwise to make further provision in connection with finance including the regulation of customs", "uri": "/bill/2012/5", "events": [], "_id": "bill.2012.5", "amendmentLists": [], "sponsors": [{"sponsor": {"as": {"showAs": "Minister for Finance", "uri": "/office/minister/finance"}, "by": {"showAs": "Michael Noonan", "uri": "/member/Michael-Noonan.D.1981-06-30"}}}], "method": "Presentation", "shortTitle": "Finance Bill 2012", "stages": [{"event": {"progressStage": 1, "chamber": {"showAs": "D\u00e1il", "uri": "/house/dail"}, "showAs": "First Stage", "dates": [{"date": "2012-02-08"}], "uri": "/bill/2012/5/dail/1"}}, {"event": {"progressStage": 2, "chamber": {"showAs": "D\u00e1il", "uri": "/house/dail"}, "showAs": "Second Stage", "dates": [{"date": "2012-02-14"}, {"date": "2012-02-15"}, {"date": "2012-02-16"}], "uri": "/bill/2012/5/dail/2"}}, {"event": {"progressStage": 3, "chamber": {"showAs": "D\u00e1il", "uri": "/house/dail"}, "showAs": "Fourth Stage", "dates": [{"date": "2012-03-13"}], "uri": "/bill/2012/5/dail/4"}}, {"event": {"progressStage": 4, "chamber": {"showAs": "D\u00e1il", "uri": "/house/dail"}, "showAs": "Fifth Stage", "dates": [{"date": "2012-03-13"}], "uri": "/bill/2012/5/dail/5"}}, {"event": {"progressStage": 5, "chamber": {"showAs": "Seanad", "uri": "/house/seanad"}, "showAs": "Second Stage", "dates": [{"date": "2012-03-21"}], "uri": "/bill/2012/5/seanad/2"}}, {"event": {"progressStage": 6, "chamber": {"showAs": "Seanad", "uri": "/house/seanad"}, "showAs": "Third Stage", "dates": [{"date": "2012-03-22"}], "uri": "/bill/2012/5/seanad/3"}}, {"event": {"progressStage": 7, "chamber": {"showAs": "Seanad", "uri": "/house/seanad"}, "showAs": "Fourth Stage", "dates": [{"date": "2012-03-22"}], "uri": "/bill/2012/5/seanad/4"}}, {"event": {"progressStage": 9, "chamber": null, "showAs": "Enacted", "dates": [{"date": "2012-03-31"}], "uri": "/bill/2012/5/seanad/5"}}, {"event": {"progressStage": 9, "chamber": null, "showAs": "Enacted", "dates": [{"date": "2012-03-31"}], "uri": "/bill/2012/5/seanad/5"}}], "originHouse": {"showAs": "D\u00e1il \u00c9ireann", "uri": "/house/dail"}, "billYear": "2012", "act": {"dateSigned": "2012-03-31", "uri": "/act/2012/9", "shortTitle": "Finance Act 2012", "actYear": "2012", "longTitle": "An Act \u0000to provide for the imposition, repeal, remission, alteration and regulation of taxation, of stamp duties and of duties relating to excise and otherwise to make further provision in connection with finance including the regulation of customs", "actNo": "9", "statuteBookURI": "http://www.irishstatutebook.ie/eli/2012/act/9"}}