{"billNo": "18", "billType": "Public", "versions": [], "longTitle": "Bill entitled An Act to repeal the Local Government (Household Charge) Act 2011", "uri": "/bill/2012/18", "events": [{"progressStage": null, "event": {"chamber": {"showAs": "D\u00e1il", "uri": "/house/dail"}, "showAs": "Second Stage", "dates": [{"date": "2012-06-20"}], "uri": "/bill/2012/18/dail/2/rejected"}}], "_id": "bill.2012.18", "amendmentLists": [], "sponsors": [{"sponsor": {"as": {"showAs": null, "uri": null}, "by": {"showAs": "Michael Noonan", "uri": "/member/Michael-Noonan.D.1981-06-30"}}}], "method": "Presentation", "shortTitle": "Local Government (Household Charge) (Repeal) Bill 2012", "stages": [{"event": {"progressStage": 1, "chamber": {"showAs": "D\u00e1il", "uri": "/house/dail"}, "showAs": "First Stage", "dates": [{"date": "2012-03-20"}], "uri": "/bill/2012/18/dail/1"}}, {"event": {"progressStage": 2, "chamber": {"showAs": "D\u00e1il", "uri": "/house/dail"}, "showAs": "Second Stage", "dates": [{"date": "2012-06-19"}, {"date": "2012-06-20"}], "uri": "/bill/2012/18/dail/2"}}], "originHouse": {"showAs": "D\u00e1il \u00c9ireann", "uri": "/house/dail"}, "billYear": "2012", "act": null}