{"stages": [{"event": {"showAs": "First Stage", "uri": "/bill/2012/61/dail/1", "chamber": {"showAs": "D\u00e1il", "uri": "/house/dail"}, "dates": [{"date": "2012-07-04"}], "progressStage": 1}}, {"event": {"showAs": "Second Stage", "uri": "/bill/2012/61/dail/2", "chamber": {"showAs": "D\u00e1il", "uri": "/house/dail"}, "dates": [{"date": "2012-07-11"}], "progressStage": 2}}, {"event": {"showAs": "Third Stage", "uri": "/bill/2012/61/dail/3", "chamber": {"showAs": "D\u00e1il", "uri": "/house/dail"}, "dates": [{"date": "2012-07-11"}], "progressStage": 3}}, {"event": {"showAs": "Fourth Stage", "uri": "/bill/2012/61/dail/4", "chamber": {"showAs": "D\u00e1il", "uri": "/house/dail"}, "dates": [{"date": "2012-07-11"}], "progressStage": 4}}, {"event": {"showAs": "Fifth Stage", "uri": "/bill/2012/61/dail/5", "chamber": {"showAs": "D\u00e1il", "uri": "/house/dail"}, "dates": [{"date": "2012-07-11"}], "progressStage": 5}}, {"event": {"showAs": "Second Stage", "uri": "/bill/2012/61/seanad/2", "chamber": {"showAs": "Seanad", "uri": "/house/seanad"}, "dates": [{"date": "2012-07-12"}], "progressStage": 6}}, {"event": {"showAs": "Third Stage", "uri": "/bill/2012/61/seanad/3", "chamber": {"showAs": "Seanad", "uri": "/house/seanad"}, "dates": [{"date": "2012-07-12"}], "progressStage": 7}}, {"event": {"showAs": "Fourth Stage", "uri": "/bill/2012/61/seanad/4", "chamber": {"showAs": "Seanad", "uri": "/house/seanad"}, "dates": [{"date": "2012-07-12"}], "progressStage": 8}}, {"event": {"showAs": "Enacted", "uri": "/bill/2012/61/seanad/5", "chamber": null, "dates": [{"date": "2012-07-18"}], "progressStage": 10}}, {"event": {"showAs": "Enacted", "uri": "/bill/2012/61/seanad/5", "chamber": null, "dates": [{"date": "2012-07-18"}], "progressStage": 10}}], "shortTitle": "Electoral (Amendment) (No. 2) Bill 2012", "longTitle": "Bill entitled An Act to amend the Electoral Act 1992; and to provide for related matters", "amendmentLists": [], "billType": "Public", "billNo": "61", "versions": [], "events": [], "billYear": "2012", "originHouse": {"showAs": "D\u00e1il \u00c9ireann", "uri": "/house/dail"}, "uri": "/bill/2012/61", "status": "Enacted", "_id": "bill.2012.61", "sponsors": [{"sponsor": {"as": {"showAs": "Minister for the Environment, Community and Local Government", "uri": "/office/minister/environment__community__local_government"}, "by": {"showAs": "Phil Hogan", "uri": "/member/Phil-Hogan.S.1987-04-25"}}}], "act": {"dateSigned": "2012-07-18", "shortTitle": "Electoral (Amendment) Act 2012", "actYear": "2012", "uri": "/act/2012/27", "longTitle": "An Act to amend the Electoral Act 1992; and to provide for related matters", "actNo": "27", "statuteBookURI": "http://www.irishstatutebook.ie/eli/2012/act/27"}, "method": "Presentation"}