{"billNo": "57", "billType": "Public", "versions": [], "status": "Enacted", "longTitle": "Bill entitled An Act to enable a wider range of registered medical practitioners to provide medical services to eligible persons under the General Medical Services Scheme, to provide for modifications to the operation of that scheme, and to provide for related matters.", "uri": "/bill/2011/57", "events": [], "_id": "bill.2011.57", "amendmentLists": [], "sponsors": [{"sponsor": {"as": {"showAs": "Minister for Health", "uri": "/office/minister/health"}, "by": {"showAs": "James Reilly", "uri": "/member/James-Reilly.D.2007-06-14"}}}], "method": "Presentation", "shortTitle": "Health (Provision of General Practitioner Services) Bill 2011", "stages": [{"event": {"progressStage": 1, "chamber": {"showAs": "D\u00e1il", "uri": "/house/dail"}, "showAs": "First Stage", "dates": [{"date": "2011-09-28"}], "uri": "/bill/2011/57/dail/1"}}, {"event": {"progressStage": 2, "chamber": {"showAs": "D\u00e1il", "uri": "/house/dail"}, "showAs": "Second Stage", "dates": [{"date": "2011-10-26"}, {"date": "2011-11-10"}, {"date": "2011-11-17"}], "uri": "/bill/2011/57/dail/2"}}, {"event": {"progressStage": 3, "chamber": {"showAs": "D\u00e1il", "uri": "/house/dail"}, "showAs": "Fourth Stage", "dates": [{"date": "2012-01-18"}], "uri": "/bill/2011/57/dail/4"}}, {"event": {"progressStage": 4, "chamber": {"showAs": "D\u00e1il", "uri": "/house/dail"}, "showAs": "Fifth Stage", "dates": [{"date": "2012-01-18"}], "uri": "/bill/2011/57/dail/5"}}, {"event": {"progressStage": 5, "chamber": {"showAs": "Seanad", "uri": "/house/seanad"}, "showAs": "Second Stage", "dates": [{"date": "2012-02-08"}], "uri": "/bill/2011/57/seanad/2"}}, {"event": {"progressStage": 6, "chamber": {"showAs": "Seanad", "uri": "/house/seanad"}, "showAs": "Third Stage", "dates": [{"date": "2012-02-22"}], "uri": "/bill/2011/57/seanad/3"}}, {"event": {"progressStage": 7, "chamber": {"showAs": "Seanad", "uri": "/house/seanad"}, "showAs": "Fourth Stage", "dates": [{"date": "2012-02-22"}], "uri": "/bill/2011/57/seanad/4"}}, {"event": {"progressStage": 9, "chamber": null, "showAs": "Enacted", "dates": [{"date": "2012-02-28"}], "uri": "/bill/2011/57/seanad/5"}}, {"event": {"progressStage": 9, "chamber": null, "showAs": "Enacted", "dates": [{"date": "2012-02-28"}], "uri": "/bill/2011/57/seanad/5"}}], "originHouse": {"showAs": "D\u00e1il \u00c9ireann", "uri": "/house/dail"}, "billYear": "2011", "act": {"dateSigned": "2012-02-28", "uri": "/act/2012/4", "shortTitle": "Health (Provision of General Practitioner Services) Act 2012", "actYear": "2012", "longTitle": "An Act to enable a wider range of registered medical practitioners to provide medical services to eligible persons under the General Medical Services Scheme, to provide for modifications to the operation of that scheme, and to provide for related matters.", "actNo": "4", "statuteBookURI": "http://www.irishstatutebook.ie/eli/2012/act/4"}}