{"stages": [{"event": {"showAs": "First Stage", "uri": "/bill/2012/14/seanad/1", "chamber": {"showAs": "Seanad", "uri": "/house/seanad"}, "dates": [{"date": "2012-03-06"}], "progressStage": 1}}, {"event": {"showAs": "Second Stage", "uri": "/bill/2012/14/seanad/2", "chamber": {"showAs": "Seanad", "uri": "/house/seanad"}, "dates": [{"date": "2012-11-21"}], "progressStage": 2}}], "shortTitle": "Employment Equality (Amendment) (No. 2) Bill 2012", "longTitle": "Bill entitled An Act to make further provision for the promotion of equality between employed persons by prohibiting the compulsory retirement of persons at the age of 65 years of age except in limited circumstances", "amendmentLists": [], "billType": "Public", "billNo": "14", "versions": [], "events": [{"event": {"showAs": "Lapsed", "progressStage": null, "chamber": {"showAs": null, "uri": null}, "dates": [{"date": "2016-02-03"}], "uri": "/bill/2012/14/lapsed"}}], "billYear": "2012", "originHouse": {"showAs": "Seanad \u00c9ireann", "uri": "/house/seanad"}, "uri": "/bill/2012/14", "status": "Lapsed", "_id": "bill.2012.14", "sponsors": [{"sponsor": {"as": {"showAs": null, "uri": null}, "by": {"showAs": "Michael Noonan", "uri": "/member/Michael-Noonan.D.1981-06-30"}}}], "act": null, "method": "Introduction"}