{"billNo": "53", "billType": "Public", "versions": [], "status": "Enacted", "longTitle": "Bill entitled An Act to designate Gaeltacht Language Planning Areas, Gaeltacht Service Towns and Irish Language Networks; to amend the Ministers and Secretaries (Amendment) Act 1956; to amend the \u00dadar\u00e1s na Gaeltachta Act 1979; to amend the Electoral Act 1992; to amend the Electoral Act 1997; and to provide for related matters", "uri": "/bill/2012/53", "events": [], "_id": "bill.2012.53", "amendmentLists": [], "sponsors": [{"sponsor": {"as": {"showAs": "Minister for Arts, Heritage and the Gaeltacht", "uri": "/office/minister/arts__heritage__gaeltacht"}, "by": {"showAs": "Jimmy Deenihan", "uri": "/member/Jimmy-Deenihan.S.1983-02-23"}}}], "method": "Presentation", "shortTitle": "Gaeltacht Bill 2012", "stages": [{"event": {"progressStage": 1, "chamber": {"showAs": "Seanad", "uri": "/house/seanad"}, "showAs": "First Stage", "dates": [{"date": "2012-06-15"}], "uri": "/bill/2012/53/seanad/1"}}, {"event": {"progressStage": 2, "chamber": {"showAs": "Seanad", "uri": "/house/seanad"}, "showAs": "Second Stage", "dates": [{"date": "2012-06-21"}], "uri": "/bill/2012/53/seanad/2"}}, {"event": {"progressStage": 3, "chamber": {"showAs": "Seanad", "uri": "/house/seanad"}, "showAs": "Third Stage", "dates": [{"date": "2012-06-28"}, {"date": "2012-07-04"}, {"date": "2012-07-05"}], "uri": "/bill/2012/53/seanad/3"}}, {"event": {"progressStage": 4, "chamber": {"showAs": "Seanad", "uri": "/house/seanad"}, "showAs": "Fourth Stage", "dates": [{"date": "2012-07-11"}], "uri": "/bill/2012/53/seanad/4"}}, {"event": {"progressStage": 5, "chamber": {"showAs": "Seanad", "uri": "/house/seanad"}, "showAs": "Fifth Stage", "dates": [{"date": "2012-07-11"}], "uri": "/bill/2012/53/seanad/5"}}, {"event": {"progressStage": 6, "chamber": {"showAs": "D\u00e1il", "uri": "/house/dail"}, "showAs": "Second Stage", "dates": [{"date": "2012-07-12"}, {"date": "2012-07-13"}, {"date": "2012-07-17"}], "uri": "/bill/2012/53/dail/2"}}, {"event": {"progressStage": 7, "chamber": {"showAs": "D\u00e1il", "uri": "/house/dail"}, "showAs": "Third Stage", "dates": [{"date": "2012-07-19"}], "uri": "/bill/2012/53/dail/3"}}, {"event": {"progressStage": 8, "chamber": {"showAs": "D\u00e1il", "uri": "/house/dail"}, "showAs": "Fourth Stage", "dates": [{"date": "2012-07-19"}], "uri": "/bill/2012/53/dail/4"}}, {"event": {"progressStage": 10, "chamber": null, "showAs": "Enacted", "dates": [{"date": "2012-07-25"}], "uri": "/bill/2012/53/dail/5"}}, {"event": {"progressStage": 10, "chamber": null, "showAs": "Enacted", "dates": [{"date": "2012-07-25"}], "uri": "/bill/2012/53/dail/5"}}], "originHouse": {"showAs": "Seanad \u00c9ireann", "uri": "/house/seanad"}, "billYear": "2012", "act": {"dateSigned": "2012-07-25", "uri": "/act/2012/34", "shortTitle": "Gaeltacht Act 2012", "actYear": "2012", "longTitle": "An Act to designate Gaeltacht Language Planning Areas, Gaeltacht Service Towns and Irish Language Networks; to amend the Ministers and Secretaries (Amendment) Act 1956; to amend the \u00dadar\u00e1s na Gaeltachta Act 1979; to amend the Electoral Act 1992; to amend the Electoral Act 1997; and to provide for related matters", "actNo": "34", "statuteBookURI": "http://www.irishstatutebook.ie/eli/2012/act/34"}}