{"stages": [{"event": {"showAs": "First Stage", "uri": "/bill/2012/67/seanad/1", "chamber": {"showAs": "Seanad", "uri": "/house/seanad"}, "dates": [{"date": "2012-07-17"}], "progressStage": 1}}, {"event": {"showAs": "Second Stage", "uri": "/bill/2012/67/seanad/2", "chamber": {"showAs": "Seanad", "uri": "/house/seanad"}, "dates": [{"date": "2012-12-05"}], "progressStage": 2}}], "shortTitle": "Statute of Limitations (Amendment) (Home Remediation-Pyrite) Bill 2012", "longTitle": "Bill entitled An Act to amend the Statute of Limitations, 1957 to enable householders whose houses have been damaged by pyrite to institute a claim within a period of time commencing when the presence of pyrite within the house has been certified by an engineer", "amendmentLists": [], "billType": "Public", "billNo": "67", "versions": [], "events": [{"event": {"showAs": "Second Stage", "progressStage": null, "chamber": {"showAs": "Seanad", "uri": "/house/seanad"}, "dates": [{"date": "2014-04-10"}], "uri": "/bill/2012/67/seanad/2/rejected"}}], "billYear": "2012", "originHouse": {"showAs": "Seanad \u00c9ireann", "uri": "/house/seanad"}, "uri": "/bill/2012/67", "status": "Rejected", "_id": "bill.2012.67", "sponsors": [{"sponsor": {"as": {"showAs": null, "uri": null}, "by": {"showAs": "Michael Noonan", "uri": "/member/Michael-Noonan.D.1981-06-30"}}}], "act": null, "method": "Presentation"}