{"stages": [{"event": {"showAs": "First Stage", "uri": "/bill/2012/97/dail/1", "chamber": {"showAs": "D\u00e1il", "uri": "/house/dail"}, "dates": [{"date": "2012-11-13"}], "progressStage": 1}}], "shortTitle": "Public Procurement Bill 2012", "longTitle": "Bill entitled An Act to require that social benefits be assessed in the context of public procurement and to provide for related matters", "amendmentLists": [], "billType": "Public", "billNo": "97", "versions": [], "events": [{"event": {"showAs": "Lapsed", "progressStage": null, "chamber": {"showAs": null, "uri": null}, "dates": [{"date": "2016-02-03"}], "uri": "/bill/2012/97/lapsed"}}], "billYear": "2012", "originHouse": {"showAs": "D\u00e1il \u00c9ireann", "uri": "/house/dail"}, "uri": "/bill/2012/97", "status": "Lapsed", "_id": "bill.2012.97", "sponsors": [{"sponsor": {"as": {"showAs": null, "uri": null}, "by": {"showAs": "Leo Varadkar", "uri": "/member/Leo-Varadkar.D.2007-06-14"}}}], "act": null, "method": "Introduction"}