{"billNo": "75", "billType": "Public", "versions": [], "longTitle": "Bill entitled An Act to make provision in respect of the acceptance by the Government of the amendment of the Articles of Agreement of the International Monetary Fund approved by the Board of Governors of that Fund on 15 December 2010 and to provide for related matters\u0000", "uri": "/bill/2011/75", "events": [], "_id": "bill.2011.75", "amendmentLists": [], "sponsors": [{"sponsor": {"as": {"showAs": "Minister for Finance", "uri": "/office/minister/finance"}, "by": {"showAs": "Michael Noonan", "uri": "/member/Michael-Noonan.D.1981-06-30"}}}], "method": "Presentation", "shortTitle": "Bretton Woods Agreements (Amendment) (No.2) Bill 2011", "stages": [{"event": {"progressStage": 1, "chamber": {"showAs": "D\u00e1il", "uri": "/house/dail"}, "showAs": "First Stage", "dates": [{"date": "2011-12-02"}], "uri": "/bill/2011/75/dail/1"}}, {"event": {"progressStage": 2, "chamber": {"showAs": "D\u00e1il", "uri": "/house/dail"}, "showAs": "Second Stage", "dates": [{"date": "2011-12-15"}, {"date": "2011-12-16"}], "uri": "/bill/2011/75/dail/2"}}, {"event": {"progressStage": 3, "chamber": {"showAs": "D\u00e1il", "uri": "/house/dail"}, "showAs": "Fourth Stage", "dates": [{"date": "2012-02-07"}], "uri": "/bill/2011/75/dail/4"}}, {"event": {"progressStage": 4, "chamber": {"showAs": "D\u00e1il", "uri": "/house/dail"}, "showAs": "Fifth Stage", "dates": [{"date": "2012-02-07"}], "uri": "/bill/2011/75/dail/5"}}, {"event": {"progressStage": 5, "chamber": {"showAs": "Seanad", "uri": "/house/seanad"}, "showAs": "Second Stage", "dates": [{"date": "2012-02-14"}], "uri": "/bill/2011/75/seanad/2"}}, {"event": {"progressStage": 6, "chamber": {"showAs": "Seanad", "uri": "/house/seanad"}, "showAs": "Third Stage", "dates": [{"date": "2012-02-23"}], "uri": "/bill/2011/75/seanad/3"}}, {"event": {"progressStage": 7, "chamber": {"showAs": "Seanad", "uri": "/house/seanad"}, "showAs": "Fourth Stage", "dates": [{"date": "2012-02-23"}], "uri": "/bill/2011/75/seanad/4"}}, {"event": {"progressStage": 9, "chamber": null, "showAs": "Enacted", "dates": [{"date": "2012-03-05"}], "uri": "/bill/2011/75/seanad/5"}}, {"event": {"progressStage": 9, "chamber": null, "showAs": "Enacted", "dates": [{"date": "2012-03-05"}], "uri": "/bill/2011/75/seanad/5"}}], "originHouse": {"showAs": "D\u00e1il \u00c9ireann", "uri": "/house/dail"}, "billYear": "2011", "act": {"dateSigned": "2012-03-05", "uri": "/act/2012/5", "shortTitle": "Bretton Woods Agreements (Amendment) Act 2012", "actYear": "2012", "longTitle": "An Act to make provision in respect of the acceptance by the Government of the amendment of the Articles of Agreement of the International Monetary Fund approved by the Board of Governors of that Fund on 15 December 2010 and to provide for related matters\u0000", "actNo": "5", "statuteBookURI": "http://www.irishstatutebook.ie/eli/2012/act/5"}}