{"billNo": "98", "billType": "Public", "versions": [], "status": "Lapsed", "longTitle": "Bill entitled An Act to protect the health of persons who may be affected by noise and shadow flicker from wind turbines; to give further effect to the Convention on Access to Information, Public Participation in Decision-Making and Access to Justice in Environmental Matters done at Aarhus, Denmark on 25 June 1998; and to provide for related matters", "uri": "/bill/2012/98", "events": [{"progressStage": null, "event": {"chamber": {"showAs": null, "uri": null}, "showAs": "Lapsed", "dates": [{"date": "2016-02-03"}], "uri": "/bill/2012/98/lapsed"}}], "_id": "bill.2012.98", "amendmentLists": [], "sponsors": [{"sponsor": {"as": {"showAs": null, "uri": null}, "by": {"showAs": "Leo Varadkar", "uri": "/member/Leo-Varadkar.D.2007-06-14"}}}], "method": "Introduction", "shortTitle": "Environment and Public Health (Wind Turbines) Bill 2012", "stages": [{"event": {"progressStage": 1, "chamber": {"showAs": "D\u00e1il", "uri": "/house/dail"}, "showAs": "First Stage", "dates": [{"date": "2012-11-13"}], "uri": "/bill/2012/98/dail/1"}}], "originHouse": {"showAs": "D\u00e1il \u00c9ireann", "uri": "/house/dail"}, "billYear": "2012", "act": null}