{"stages": [{"event": {"showAs": "First Stage", "uri": "/bill/2012/2/dail/1", "chamber": {"showAs": "D\u00e1il", "uri": "/house/dail"}, "dates": [{"date": "2012-01-12"}], "progressStage": 1}}, {"event": {"showAs": "Second Stage", "uri": "/bill/2012/2/dail/2", "chamber": {"showAs": "D\u00e1il", "uri": "/house/dail"}, "dates": [{"date": "2012-06-08"}], "progressStage": 2}}], "shortTitle": "Advance Healthcare Decisions Bill 2012", "longTitle": "Bill entitled An Act to provide for the making of medical treatment decisions in advance by competent persons with the intention of those decisions subsequently providing for the withholding of care at a time when the person loses competence to make treatment decisions; to amend the Powers of Attorney Act 1996 to allow for attorneys under that act to take healthcare treatment decisions; and to provide for connected matters", "amendmentLists": [], "billType": "Public", "billNo": "2", "versions": [], "events": [{"event": {"showAs": "Withdrawn", "progressStage": null, "chamber": {"showAs": "D\u00e1il", "uri": "/house/dail"}, "dates": [{"date": "2012-07-19"}], "uri": "/bill/2012/2/dail/3_ord/withdrawn"}}], "billYear": "2012", "originHouse": {"showAs": "D\u00e1il \u00c9ireann", "uri": "/house/dail"}, "uri": "/bill/2012/2", "status": "Withdrawn", "_id": "bill.2012.2", "sponsors": [{"sponsor": {"as": {"showAs": null, "uri": null}, "by": {"showAs": "Ruair\u00ed Quinn", "uri": "/member/Ruair\u00ed-Quinn.S.1976-07-01"}}}], "act": null, "method": "Introduction"}