{"billNo": "105", "billType": "Public", "versions": [], "longTitle": "Bill entitled An Act to amend and extend the Civil Registration Act 2004\u0000", "uri": "/bill/2012/105", "events": [], "_id": "bill.2012.105", "amendmentLists": [], "sponsors": [{"sponsor": {"as": {"showAs": "Minister for Social Protection", "uri": "/office/minister/social_protection"}, "by": {"showAs": "Joan Burton", "uri": "/member/Joan-Burton.D.1992-12-14"}}}], "method": "Presentation", "shortTitle": "Civil Registration (Amendment) Bill 2012", "stages": [{"event": {"progressStage": 1, "chamber": {"showAs": "Seanad", "uri": "/house/seanad"}, "showAs": "First Stage", "dates": [{"date": "2012-12-03"}], "uri": "/bill/2012/105/seanad/1"}}, {"event": {"progressStage": 2, "chamber": {"showAs": "Seanad", "uri": "/house/seanad"}, "showAs": "Second Stage", "dates": [{"date": "2012-12-06"}], "uri": "/bill/2012/105/seanad/2"}}, {"event": {"progressStage": 3, "chamber": {"showAs": "Seanad", "uri": "/house/seanad"}, "showAs": "Third Stage", "dates": [{"date": "2012-12-06"}], "uri": "/bill/2012/105/seanad/3"}}, {"event": {"progressStage": 4, "chamber": {"showAs": "Seanad", "uri": "/house/seanad"}, "showAs": "Fourth Stage", "dates": [{"date": "2012-12-06"}], "uri": "/bill/2012/105/seanad/4"}}, {"event": {"progressStage": 5, "chamber": {"showAs": "Seanad", "uri": "/house/seanad"}, "showAs": "Fifth Stage", "dates": [{"date": "2012-12-06"}], "uri": "/bill/2012/105/seanad/5"}}, {"event": {"progressStage": 6, "chamber": {"showAs": "D\u00e1il", "uri": "/house/dail"}, "showAs": "Second Stage", "dates": [{"date": "2012-12-20"}], "uri": "/bill/2012/105/dail/2"}}, {"event": {"progressStage": 7, "chamber": {"showAs": "D\u00e1il", "uri": "/house/dail"}, "showAs": "Third Stage", "dates": [{"date": "2012-12-20"}], "uri": "/bill/2012/105/dail/3"}}, {"event": {"progressStage": 8, "chamber": {"showAs": "D\u00e1il", "uri": "/house/dail"}, "showAs": "Fourth Stage", "dates": [{"date": "2012-12-20"}], "uri": "/bill/2012/105/dail/4"}}, {"event": {"progressStage": 10, "chamber": null, "showAs": "Enacted", "dates": [{"date": "2012-12-26"}], "uri": "/bill/2012/105/dail/5"}}, {"event": {"progressStage": 10, "chamber": null, "showAs": "Enacted", "dates": [{"date": "2012-12-26"}], "uri": "/bill/2012/105/dail/5"}}], "originHouse": {"showAs": "Seanad \u00c9ireann", "uri": "/house/seanad"}, "billYear": "2012", "act": {"dateSigned": "2012-12-26", "uri": "/act/2012/48", "shortTitle": "Civil Registration (Amendment) Act 2012", "actYear": "2012", "longTitle": "An Act to amend and extend the Civil Registration Act 2004\u0000", "actNo": "48", "statuteBookURI": "http://www.irishstatutebook.ie/eli/2012/act/48"}}