{"stages": [{"event": {"showAs": "First Stage", "uri": "/bill/2011/46/seanad/1", "chamber": {"showAs": "Seanad", "uri": "/house/seanad"}, "dates": [{"date": "2011-09-05"}], "progressStage": 1}}, {"event": {"showAs": "Second Stage", "uri": "/bill/2011/46/seanad/2", "chamber": {"showAs": "Seanad", "uri": "/house/seanad"}, "dates": [{"date": "2011-10-12"}], "progressStage": 2}}, {"event": {"showAs": "Third Stage", "uri": "/bill/2011/46/seanad/3", "chamber": {"showAs": "Seanad", "uri": "/house/seanad"}, "dates": [{"date": "2011-10-20"}], "progressStage": 3}}, {"event": {"showAs": "Fourth Stage", "uri": "/bill/2011/46/seanad/4", "chamber": {"showAs": "Seanad", "uri": "/house/seanad"}, "dates": [{"date": "2011-10-20"}], "progressStage": 4}}, {"event": {"showAs": "Fifth Stage", "uri": "/bill/2011/46/seanad/5", "chamber": {"showAs": "Seanad", "uri": "/house/seanad"}, "dates": [{"date": "2011-10-20"}], "progressStage": 5}}, {"event": {"showAs": "Second Stage", "uri": "/bill/2011/46/dail/2", "chamber": {"showAs": "D\u00e1il", "uri": "/house/dail"}, "dates": [{"date": "2011-11-15"}, {"date": "2012-02-28"}, {"date": "2012-05-03"}], "progressStage": 6}}, {"event": {"showAs": "Fourth Stage", "uri": "/bill/2011/46/dail/4", "chamber": {"showAs": "D\u00e1il", "uri": "/house/dail"}, "dates": [{"date": "2012-07-05"}], "progressStage": 7}}, {"event": {"showAs": "Enacted", "uri": "/bill/2011/46/dail/5", "chamber": null, "dates": [{"date": "2012-07-11"}], "progressStage": 9}}, {"event": {"showAs": "Enacted", "uri": "/bill/2011/46/dail/5", "chamber": null, "dates": [{"date": "2012-07-11"}], "progressStage": 9}}], "shortTitle": "Dormant Accounts (Amendment) Bill 2011", "longTitle": "Bill entitled An Act to amend the Dormant Accounts Acts 2001 to 2005, to provide for the exercise by the Minister for the Environment, Community and Local Government of certain functions relating to the Dormant Accounts Fund and the dissolution of the Dormant Accounts Board and to provide for related matters\u0000", "amendmentLists": [], "billType": "Public", "billNo": "46", "versions": [], "events": [], "billYear": "2011", "originHouse": {"showAs": "Seanad \u00c9ireann", "uri": "/house/seanad"}, "uri": "/bill/2011/46", "status": "Enacted", "_id": "bill.2011.46", "sponsors": [{"sponsor": {"as": {"showAs": "Minister for the Environment, Community and Local Government", "uri": "/office/minister/environment__community__local_government"}, "by": {"showAs": "Phil Hogan", "uri": "/member/Phil-Hogan.S.1987-04-25"}}}], "act": {"dateSigned": "2012-07-11", "shortTitle": "Dormant Accounts (Amendment) Act 2012", "actYear": "2012", "uri": "/act/2012/23", "longTitle": "An Act to amend the Dormant Accounts Acts 2001 to 2005, to provide for the exercise by the Minister for the Environment, Community and Local Government of certain functions relating to the Dormant Accounts Fund and the dissolution of the Dormant Accounts Board and to provide for related matters\u0000", "actNo": "23", "statuteBookURI": "http://www.irishstatutebook.ie/eli/2012/act/23"}, "method": "Presentation"}