{"billNo": "3", "billType": "Public", "versions": [], "status": "Lapsed", "longTitle": "Bill entitled An Act to amend the provisions of the Non-Fatal Offences against the Person Act 1997 to provide for the creation of the statutory offence of Aggravated False Imprisonment\u0000", "uri": "/bill/2012/3", "events": [{"progressStage": null, "event": {"chamber": {"showAs": null, "uri": null}, "showAs": "Lapsed", "dates": [{"date": "2016-02-03"}], "uri": "/bill/2012/3/lapsed"}}], "_id": "bill.2012.3", "amendmentLists": [], "sponsors": [{"sponsor": {"as": {"showAs": null, "uri": null}, "by": {"showAs": "Ruair\u00ed Quinn", "uri": "/member/Ruair\u00ed-Quinn.S.1976-07-01"}}}], "method": "Introduction", "shortTitle": "Criminal Justice (Aggravated False Imprisonment) Bill 2012", "stages": [{"event": {"progressStage": 1, "chamber": {"showAs": "D\u00e1il", "uri": "/house/dail"}, "showAs": "First Stage", "dates": [{"date": "2012-01-31"}], "uri": "/bill/2012/3/dail/1"}}], "originHouse": {"showAs": "D\u00e1il \u00c9ireann", "uri": "/house/dail"}, "billYear": "2012", "act": null}