{"billNo": "10", "billType": "Public", "versions": [], "longTitle": "Bill entitled An Act to give effect to the Convention on jurisdiction and the recognition and enforcement of judgments in civil and commercial matters signed at Lugano on the 30th day of October 2007 and concluded on behalf of the European Community pursuant to Council Decision 2009/430/EC1, and for that purpose to amend the Jurisdiction of Courts and Enforcement of Judgments Act 1998 and the Maintenance Act 1994 and to provide for related matters", "uri": "/bill/2011/10", "events": [{"progressStage": null, "event": {"chamber": {"showAs": null, "uri": null}, "showAs": "Lapsed", "dates": [{"date": "2011-04-25"}], "uri": "/bill/2011/10/lapsed"}}, {"progressStage": null, "event": {"chamber": {"showAs": null, "uri": null}, "showAs": "Restored to the Order Paper", "dates": [{"date": "2011-06-01"}], "uri": "/bill/2011/10/restored"}}], "_id": "bill.2011.10", "amendmentLists": [], "sponsors": [{"sponsor": {"as": {"showAs": "Minister for Justice and Law Reform", "uri": "/office/minister/justice__law_reform"}, "by": {"showAs": "Brendan Smith", "uri": "/member/Brendan-Smith.D.1992-12-14"}}}], "method": "Presentation", "shortTitle": "Jurisdiction of Courts and Enforcement of Judgments (Amendment) Bill 2011", "stages": [{"event": {"progressStage": 1, "chamber": {"showAs": "Seanad", "uri": "/house/seanad"}, "showAs": "First Stage", "dates": [{"date": "2011-02-08"}], "uri": "/bill/2011/10/seanad/1"}}, {"event": {"progressStage": 2, "chamber": {"showAs": "Seanad", "uri": "/house/seanad"}, "showAs": "Second Stage", "dates": [{"date": "2011-12-09"}], "uri": "/bill/2011/10/seanad/2"}}, {"event": {"progressStage": 3, "chamber": {"showAs": "Seanad", "uri": "/house/seanad"}, "showAs": "Third Stage", "dates": [{"date": "2011-12-14"}], "uri": "/bill/2011/10/seanad/3"}}, {"event": {"progressStage": 4, "chamber": {"showAs": "Seanad", "uri": "/house/seanad"}, "showAs": "Fourth Stage", "dates": [{"date": "2011-12-14"}], "uri": "/bill/2011/10/seanad/4"}}, {"event": {"progressStage": 5, "chamber": {"showAs": "Seanad", "uri": "/house/seanad"}, "showAs": "Fifth Stage", "dates": [{"date": "2011-12-14"}], "uri": "/bill/2011/10/seanad/5"}}, {"event": {"progressStage": 6, "chamber": {"showAs": "D\u00e1il", "uri": "/house/dail"}, "showAs": "Second Stage", "dates": [{"date": "2012-03-01"}], "uri": "/bill/2011/10/dail/2"}}, {"event": {"progressStage": 7, "chamber": {"showAs": "D\u00e1il", "uri": "/house/dail"}, "showAs": "Third Stage", "dates": [{"date": "2012-03-01"}], "uri": "/bill/2011/10/dail/3"}}, {"event": {"progressStage": 8, "chamber": {"showAs": "D\u00e1il", "uri": "/house/dail"}, "showAs": "Fourth Stage", "dates": [{"date": "2012-03-01"}], "uri": "/bill/2011/10/dail/4"}}, {"event": {"progressStage": 10, "chamber": null, "showAs": "Enacted", "dates": [{"date": "2012-03-10"}], "uri": "/bill/2011/10/dail/5"}}, {"event": {"progressStage": 10, "chamber": null, "showAs": "Enacted", "dates": [{"date": "2012-03-10"}], "uri": "/bill/2011/10/dail/5"}}], "originHouse": {"showAs": "Seanad \u00c9ireann", "uri": "/house/seanad"}, "billYear": "2011", "act": {"dateSigned": "2012-03-10", "uri": "/act/2012/7", "shortTitle": "Jurisdiction of Courts and Enforcement of Judgments (Amendment) Act 2012", "actYear": "2012", "longTitle": "An Act to give effect to the Convention on jurisdiction and the recognition and enforcement of judgments in civil and commercial matters signed at Lugano on the 30th day of October 2007 and concluded on behalf of the European Community pursuant to Council Decision 2009/430/EC1, and for that purpose to amend the Jurisdiction of Courts and Enforcement of Judgments Act 1998 and the Maintenance Act 1994 and to provide for related matters", "actNo": "7", "statuteBookURI": "http://www.irishstatutebook.ie/eli/2012/act/7"}}