{"stages": [{"event": {"showAs": "First Stage", "uri": "/bill/2012/110/dail/1", "chamber": {"showAs": "D\u00e1il", "uri": "/house/dail"}, "dates": [{"date": "2012-12-06"}], "progressStage": 1}}, {"event": {"showAs": "Second Stage", "uri": "/bill/2012/110/dail/2", "chamber": {"showAs": "D\u00e1il", "uri": "/house/dail"}, "dates": [{"date": "2012-12-13"}], "progressStage": 2}}, {"event": {"showAs": "Third Stage", "uri": "/bill/2012/110/dail/3", "chamber": {"showAs": "D\u00e1il", "uri": "/house/dail"}, "dates": [{"date": "2012-12-13"}], "progressStage": 3}}, {"event": {"showAs": "Fourth Stage", "uri": "/bill/2012/110/dail/4", "chamber": {"showAs": "D\u00e1il", "uri": "/house/dail"}, "dates": [{"date": "2012-12-13"}], "progressStage": 4}}, {"event": {"showAs": "Fifth Stage", "uri": "/bill/2012/110/dail/5", "chamber": {"showAs": "D\u00e1il", "uri": "/house/dail"}, "dates": [{"date": "2012-12-13"}], "progressStage": 5}}, {"event": {"showAs": "Second Stage", "uri": "/bill/2012/110/seanad/2", "chamber": {"showAs": "Seanad", "uri": "/house/seanad"}, "dates": [{"date": "2012-12-19"}], "progressStage": 6}}, {"event": {"showAs": "Third Stage", "uri": "/bill/2012/110/seanad/3", "chamber": {"showAs": "Seanad", "uri": "/house/seanad"}, "dates": [{"date": "2012-12-19"}], "progressStage": 7}}, {"event": {"showAs": "Fourth Stage", "uri": "/bill/2012/110/seanad/4", "chamber": {"showAs": "Seanad", "uri": "/house/seanad"}, "dates": [{"date": "2012-12-19"}], "progressStage": 8}}, {"event": {"showAs": "Enacted", "uri": "/bill/2012/110/seanad/5", "chamber": null, "dates": [{"date": "2012-12-20"}], "progressStage": 10}}, {"event": {"showAs": "Enacted", "uri": "/bill/2012/110/seanad/5", "chamber": null, "dates": [{"date": "2012-12-20"}], "progressStage": 10}}], "shortTitle": "Equal Status (Amendment) Bill 2012", "longTitle": "Bill entitled An Act to amend the Equal Status Act 2000; and to provide for related matters", "amendmentLists": [], "billType": "Public", "billNo": "110", "versions": [], "events": [], "billYear": "2012", "originHouse": {"showAs": "D\u00e1il \u00c9ireann", "uri": "/house/dail"}, "uri": "/bill/2012/110", "status": "Enacted", "_id": "bill.2012.110", "sponsors": [{"sponsor": {"as": {"showAs": "Minister for Justice and Equality", "uri": "/office/minister/justice__equality"}, "by": {"showAs": "Alan Shatter", "uri": "/member/Alan-Shatter.D.1981-06-30"}}}], "act": {"dateSigned": "2012-12-20", "shortTitle": "Equal Status (Amendment) Act 2012", "actYear": "2012", "uri": "/act/2012/41", "longTitle": "An Act to amend the Equal Status Act 2000; and to provide for related matters", "actNo": "41", "statuteBookURI": "http://www.irishstatutebook.ie/eli/2012/act/41"}, "method": "Presentation"}