{"billNo": "81", "billType": "Public", "versions": [], "status": "Enacted", "longTitle": "Bill entitled An Act make provision for medium-term expenditure management and for that purpose to make provision for Government expenditure ceilings and Ministerial expenditure ceilings, and to amend the Ministers and Secretaries (Amendment) Act 2011\u0000", "uri": "/bill/2012/81", "events": [], "_id": "bill.2012.81", "amendmentLists": [], "sponsors": [{"sponsor": {"as": {"showAs": "Minister for Public Expenditure and Reform", "uri": "/office/minister/public_expenditure__reform"}, "by": {"showAs": "Brendan Howlin", "uri": "/member/Brendan-Howlin.S.1983-02-23"}}}], "method": "Presentation", "shortTitle": "Ministers and Secretaries (Amendment) Bill 2012", "stages": [{"event": {"progressStage": 1, "chamber": {"showAs": "D\u00e1il", "uri": "/house/dail"}, "showAs": "First Stage", "dates": [{"date": "2012-09-26"}], "uri": "/bill/2012/81/dail/1"}}, {"event": {"progressStage": 2, "chamber": {"showAs": "D\u00e1il", "uri": "/house/dail"}, "showAs": "Second Stage", "dates": [{"date": "2013-05-15"}, {"date": "2013-06-20"}], "uri": "/bill/2012/81/dail/2"}}, {"event": {"progressStage": 3, "chamber": {"showAs": "Seanad", "uri": "/house/seanad"}, "showAs": "Third Stage", "dates": [{"date": "2013-06-17"}], "uri": "/bill/2012/81/seanad/3"}}, {"event": {"progressStage": 4, "chamber": {"showAs": "Seanad", "uri": "/house/seanad"}, "showAs": "Fourth Stage", "dates": [{"date": "2013-06-17"}], "uri": "/bill/2012/81/seanad/4"}}, {"event": {"progressStage": 5, "chamber": {"showAs": "Seanad", "uri": "/house/seanad"}, "showAs": "Fifth Stage", "dates": [{"date": "2013-06-17"}], "uri": "/bill/2012/81/seanad/5"}}, {"event": {"progressStage": 6, "chamber": {"showAs": "D\u00e1il", "uri": "/house/dail"}, "showAs": "Fourth Stage", "dates": [{"date": "2013-07-03"}], "uri": "/bill/2012/81/dail/4"}}, {"event": {"progressStage": 7, "chamber": {"showAs": "D\u00e1il", "uri": "/house/dail"}, "showAs": "Fifth Stage", "dates": [{"date": "2013-07-03"}], "uri": "/bill/2012/81/dail/5"}}, {"event": {"progressStage": 9, "chamber": null, "showAs": "Enacted", "dates": [{"date": "2013-07-23"}], "uri": "/bill/2012/81/seanad/2"}}, {"event": {"progressStage": 9, "chamber": null, "showAs": "Enacted", "dates": [{"date": "2013-07-23"}], "uri": "/bill/2012/81/seanad/2"}}], "originHouse": {"showAs": "D\u00e1il \u00c9ireann", "uri": "/house/dail"}, "billYear": "2012", "act": {"dateSigned": "2013-07-23", "uri": "/act/2013/29", "shortTitle": "Ministers and Secretaries (Amendment) Act 2013", "actYear": "2013", "longTitle": "An Act make provision for medium-term expenditure management and for that purpose to make provision for Government expenditure ceilings and Ministerial expenditure ceilings, and to amend the Ministers and Secretaries (Amendment) Act 2011\u0000", "actNo": "29", "statuteBookURI": "http://www.irishstatutebook.ie/eli/2013/act/29"}}