{"stages": [{"event": {"showAs": "Fifth Stage", "uri": "/bill/2013/39/seanad/5", "chamber": {"showAs": "Seanad", "uri": "/house/seanad"}, "dates": [{"date": "2012-05-28"}], "progressStage": 1}}, {"event": {"showAs": "First Stage", "uri": "/bill/2013/39/seanad/1", "chamber": {"showAs": "Seanad", "uri": "/house/seanad"}, "dates": [{"date": "2013-04-12"}], "progressStage": 2}}, {"event": {"showAs": "Second Stage", "uri": "/bill/2013/39/seanad/2", "chamber": {"showAs": "Seanad", "uri": "/house/seanad"}, "dates": [{"date": "2013-04-24"}], "progressStage": 3}}, {"event": {"showAs": "Third Stage", "uri": "/bill/2013/39/seanad/3", "chamber": {"showAs": "Seanad", "uri": "/house/seanad"}, "dates": [{"date": "2013-05-23"}], "progressStage": 4}}, {"event": {"showAs": "Fourth Stage", "uri": "/bill/2013/39/seanad/4", "chamber": {"showAs": "Seanad", "uri": "/house/seanad"}, "dates": [{"date": "2013-05-28"}, {"date": "2013-07-02"}], "progressStage": 5}}, {"event": {"showAs": "Second Stage", "uri": "/bill/2013/39/dail/2", "chamber": {"showAs": "D\u00e1il", "uri": "/house/dail"}, "dates": [{"date": "2013-06-28"}], "progressStage": 6}}, {"event": {"showAs": "Third Stage", "uri": "/bill/2013/39/dail/3", "chamber": {"showAs": "D\u00e1il", "uri": "/house/dail"}, "dates": [{"date": "2013-06-28"}], "progressStage": 7}}, {"event": {"showAs": "Fourth Stage", "uri": "/bill/2013/39/dail/4", "chamber": {"showAs": "D\u00e1il", "uri": "/house/dail"}, "dates": [{"date": "2013-06-28"}], "progressStage": 8}}, {"event": {"showAs": "Enacted", "uri": "/bill/2013/39/dail/5", "chamber": null, "dates": [{"date": "2013-07-09"}], "progressStage": 10}}, {"event": {"showAs": "Enacted", "uri": "/bill/2013/39/dail/5", "chamber": null, "dates": [{"date": "2013-07-09"}], "progressStage": 10}}], "shortTitle": "Criminal Law (Human Trafficking) (Amendment) Bill 2013", "longTitle": "Bill entitled An Act to give effect to certain provisions of directive 2011/36/EU of the European Parliament and of the Council of 5 April 2011 on preventing and combating trafficking in human beings and protecting its victims, and replacing council framework decision 2002/629/JHA; for those and other purposes to amend and extend the Criminal Law (Human Trafficking) Act 2008 and the Child Trafficking and Pornography Act 1998; and to provide for related matters\u0000", "amendmentLists": [], "billType": "Public", "billNo": "39", "versions": [], "events": [], "billYear": "2013", "originHouse": {"showAs": "Seanad \u00c9ireann", "uri": "/house/seanad"}, "uri": "/bill/2013/39", "status": "Enacted", "_id": "bill.2013.39", "sponsors": [{"sponsor": {"as": {"showAs": "Minister for Justice and Equality", "uri": "/office/minister/justice__equality"}, "by": {"showAs": "Alan Shatter", "uri": "/member/Alan-Shatter.D.1981-06-30"}}}], "act": {"dateSigned": "2013-07-09", "shortTitle": "Criminal Law (Human Trafficking) (Amendment) Act 2013", "actYear": "2013", "uri": "/act/2013/24", "longTitle": "An Act to give effect to certain provisions of directive 2011/36/EU of the European Parliament and of the Council of 5 April 2011 on preventing and combating trafficking in human beings and protecting its victims, and replacing council framework decision 2002/629/JHA; for those and other purposes to amend and extend the Criminal Law (Human Trafficking) Act 2008 and the Child Trafficking and Pornography Act 1998; and to provide for related matters\u0000", "actNo": "24", "statuteBookURI": "http://www.irishstatutebook.ie/eli/2013/act/24"}, "method": "Presentation"}