{"stages": [{"event": {"showAs": "First Stage", "uri": "/bill/2012/3/dail/1", "chamber": {"showAs": "D\u00e1il", "uri": "/house/dail"}, "dates": [{"date": "2012-01-31"}], "progressStage": 1}}], "shortTitle": "Criminal Justice (Aggravated False Imprisonment) Bill 2012", "longTitle": "Bill entitled An Act to amend the provisions of the Non-Fatal Offences against the Person Act 1997 to provide for the creation of the statutory offence of Aggravated False Imprisonment\u0000", "amendmentLists": [], "billType": "Public", "billNo": "3", "versions": [], "events": [{"event": {"showAs": "Lapsed", "progressStage": null, "chamber": {"showAs": null, "uri": null}, "dates": [{"date": "2016-02-03"}], "uri": "/bill/2012/3/lapsed"}}], "billYear": "2012", "originHouse": {"showAs": "D\u00e1il \u00c9ireann", "uri": "/house/dail"}, "uri": "/bill/2012/3", "status": "Lapsed", "_id": "bill.2012.3", "sponsors": [{"sponsor": {"as": {"showAs": null, "uri": null}, "by": {"showAs": "Ruair\u00ed Quinn", "uri": "/member/Ruair\u00ed-Quinn.S.1976-07-01"}}}], "act": null, "method": "Introduction"}