{"billNo": "55", "billType": "Public", "versions": [], "longTitle": "Bill entitled An Act o amend the Competition Act 2002; to amend the Companies Act 1990; and to provide for matters connected therewith", "uri": "/bill/2011/55", "events": [], "_id": "bill.2011.55", "amendmentLists": [], "sponsors": [{"sponsor": {"as": {"showAs": "Minister for Jobs, Enterprise and Innovation", "uri": "/office/minister/jobs__enterprise__innovation"}, "by": {"showAs": "Richard Bruton", "uri": "/member/Richard-Bruton.S.1981-10-08"}}}], "method": "Presentation", "shortTitle": "Competition (Amendment) Bill 2011", "stages": [{"event": {"progressStage": 1, "chamber": {"showAs": "D\u00e1il", "uri": "/house/dail"}, "showAs": "First Stage", "dates": [{"date": "2011-09-26"}], "uri": "/bill/2011/55/dail/1"}}, {"event": {"progressStage": 2, "chamber": {"showAs": "D\u00e1il", "uri": "/house/dail"}, "showAs": "Second Stage", "dates": [{"date": "2011-11-08"}, {"date": "2011-11-09"}], "uri": "/bill/2011/55/dail/2"}}, {"event": {"progressStage": 3, "chamber": {"showAs": "D\u00e1il", "uri": "/house/dail"}, "showAs": "Fourth Stage", "dates": [{"date": "2012-02-08"}], "uri": "/bill/2011/55/dail/4"}}, {"event": {"progressStage": 4, "chamber": {"showAs": "D\u00e1il", "uri": "/house/dail"}, "showAs": "Fifth Stage", "dates": [{"date": "2012-02-08"}], "uri": "/bill/2011/55/dail/5"}}, {"event": {"progressStage": 5, "chamber": {"showAs": "Seanad", "uri": "/house/seanad"}, "showAs": "Second Stage", "dates": [{"date": "2012-03-08"}], "uri": "/bill/2011/55/seanad/2"}}, {"event": {"progressStage": 6, "chamber": {"showAs": "Seanad", "uri": "/house/seanad"}, "showAs": "Third Stage", "dates": [{"date": "2012-04-25"}], "uri": "/bill/2011/55/seanad/3"}}, {"event": {"progressStage": 7, "chamber": {"showAs": "Seanad", "uri": "/house/seanad"}, "showAs": "Fourth Stage", "dates": [{"date": "2012-06-14"}], "uri": "/bill/2011/55/seanad/4"}}, {"event": {"progressStage": 9, "chamber": null, "showAs": "Enacted", "dates": [{"date": "2012-06-20"}], "uri": "/bill/2011/55/seanad/5"}}, {"event": {"progressStage": 9, "chamber": null, "showAs": "Enacted", "dates": [{"date": "2012-06-20"}], "uri": "/bill/2011/55/seanad/5"}}], "originHouse": {"showAs": "D\u00e1il \u00c9ireann", "uri": "/house/dail"}, "billYear": "2011", "act": {"dateSigned": "2012-06-20", "uri": "/act/2012/18", "shortTitle": "Competition (Amendment) Act 2012", "actYear": "2012", "longTitle": "An Act o amend the Competition Act 2002; to amend the Companies Act 1990; and to provide for matters connected therewith", "actNo": "18", "statuteBookURI": "http://www.irishstatutebook.ie/eli/2012/act/18"}}