{"billNo": "17", "billType": "Public", "versions": [], "status": "Rejected", "longTitle": "Bill entitled An Act to amend the law relating to the Comptroller and Auditor General", "uri": "/bill/2012/17", "events": [{"progressStage": null, "event": {"chamber": {"showAs": "D\u00e1il", "uri": "/house/dail"}, "showAs": "Second Stage", "dates": [{"date": "2012-05-15"}], "uri": "/bill/2012/17/dail/2/rejected"}}], "_id": "bill.2012.17", "amendmentLists": [], "sponsors": [{"sponsor": {"as": {"showAs": null, "uri": null}, "by": {"showAs": "Michael Noonan", "uri": "/member/Michael-Noonan.D.1981-06-30"}}}], "method": "Introduction", "shortTitle": "Comptroller and Auditor General (Amendment) Bill 2012", "stages": [{"event": {"progressStage": 1, "chamber": {"showAs": "D\u00e1il", "uri": "/house/dail"}, "showAs": "First Stage", "dates": [{"date": "2012-03-14"}], "uri": "/bill/2012/17/dail/1"}}, {"event": {"progressStage": 2, "chamber": {"showAs": "D\u00e1il", "uri": "/house/dail"}, "showAs": "Second Stage", "dates": [{"date": "2012-05-11"}, {"date": "2012-05-15"}], "uri": "/bill/2012/17/dail/2"}}], "originHouse": {"showAs": "D\u00e1il \u00c9ireann", "uri": "/house/dail"}, "billYear": "2012", "act": null}