{"stages": [{"event": {"showAs": "First Stage", "uri": "/bill/2011/66/dail/1", "chamber": {"showAs": "D\u00e1il", "uri": "/house/dail"}, "dates": [{"date": "2011-11-02"}], "progressStage": 1}}, {"event": {"showAs": "Second Stage", "uri": "/bill/2011/66/dail/2", "chamber": {"showAs": "D\u00e1il", "uri": "/house/dail"}, "dates": [{"date": "2012-02-03"}], "progressStage": 2}}], "shortTitle": "Family Home Protection (Miscellaneous Provisions) Bill 2011", "longTitle": "Bill entitled An Act to enable the Court to have regard to various, cited matters when determining whether to grant or refuse an application for possession of a family home", "amendmentLists": [], "billType": "Public", "billNo": "66", "versions": [], "events": [{"event": {"showAs": "Withdrawn", "progressStage": null, "chamber": {"showAs": "D\u00e1il", "uri": "/house/dail"}, "dates": [{"date": "2012-02-03"}], "uri": "/bill/2011/66/dail/2/withdrawn"}}], "billYear": "2011", "originHouse": {"showAs": "D\u00e1il \u00c9ireann", "uri": "/house/dail"}, "uri": "/bill/2011/66", "status": "Withdrawn", "_id": "bill.2011.66", "sponsors": [{"sponsor": {"as": {"showAs": null, "uri": null}, "by": {"showAs": "Phil Hogan", "uri": "/member/Phil-Hogan.S.1987-04-25"}}}], "act": null, "method": "Introduction"}