{"billNo": "89", "billType": "Public", "versions": [], "longTitle": "Bill entitled An Act to provide for the dissolution of the Civil Defence Board; to transfer certain functions of the Civil Defence Board to the Minister for Defence; to repeal the Civil Defence Act 2002; and to provide for matters connected therewith", "uri": "/bill/2012/89", "events": [], "_id": "bill.2012.89", "amendmentLists": [], "sponsors": [{"sponsor": {"as": {"showAs": "Minister for Defence", "uri": "/office/minister/defence"}, "by": {"showAs": "Alan Shatter", "uri": "/member/Alan-Shatter.D.1981-06-30"}}}], "method": "Presentation", "shortTitle": "Civil Defence Bill 2012", "stages": [{"event": {"progressStage": 1, "chamber": {"showAs": "Seanad", "uri": "/house/seanad"}, "showAs": "First Stage", "dates": [{"date": "2012-10-18"}], "uri": "/bill/2012/89/seanad/1"}}, {"event": {"progressStage": 2, "chamber": {"showAs": "Seanad", "uri": "/house/seanad"}, "showAs": "Second Stage", "dates": [{"date": "2012-11-14"}], "uri": "/bill/2012/89/seanad/2"}}, {"event": {"progressStage": 3, "chamber": {"showAs": "Seanad", "uri": "/house/seanad"}, "showAs": "Third Stage", "dates": [{"date": "2012-11-22"}], "uri": "/bill/2012/89/seanad/3"}}, {"event": {"progressStage": 4, "chamber": {"showAs": "Seanad", "uri": "/house/seanad"}, "showAs": "Fourth Stage", "dates": [{"date": "2012-11-22"}], "uri": "/bill/2012/89/seanad/4"}}, {"event": {"progressStage": 5, "chamber": {"showAs": "Seanad", "uri": "/house/seanad"}, "showAs": "Fifth Stage", "dates": [{"date": "2012-11-22"}], "uri": "/bill/2012/89/seanad/5"}}, {"event": {"progressStage": 6, "chamber": {"showAs": "D\u00e1il", "uri": "/house/dail"}, "showAs": "Second Stage", "dates": [{"date": "2012-11-29"}], "uri": "/bill/2012/89/dail/2"}}, {"event": {"progressStage": 7, "chamber": {"showAs": "D\u00e1il", "uri": "/house/dail"}, "showAs": "Fourth Stage", "dates": [{"date": "2012-12-20"}], "uri": "/bill/2012/89/dail/4"}}, {"event": {"progressStage": 9, "chamber": null, "showAs": "Enacted", "dates": [{"date": "2012-12-26"}], "uri": "/bill/2012/89/dail/5"}}, {"event": {"progressStage": 9, "chamber": null, "showAs": "Enacted", "dates": [{"date": "2012-12-26"}], "uri": "/bill/2012/89/dail/5"}}], "originHouse": {"showAs": "Seanad \u00c9ireann", "uri": "/house/seanad"}, "billYear": "2012", "act": {"dateSigned": "2012-12-26", "uri": "/act/2012/51", "shortTitle": "Civil Defence Act 2012", "actYear": "2012", "longTitle": "An Act to provide for the dissolution of the Civil Defence Board; to transfer certain functions of the Civil Defence Board to the Minister for Defence; to repeal the Civil Defence Act 2002; and to provide for matters connected therewith", "actNo": "51", "statuteBookURI": "http://www.irishstatutebook.ie/eli/2012/act/51"}}