{"stages": [{"event": {"showAs": "First Stage", "uri": "/bill/2012/94/dail/1", "chamber": {"showAs": "D\u00e1il", "uri": "/house/dail"}, "dates": [{"date": "2012-11-06"}], "progressStage": 1}}], "shortTitle": "Public Health (Tobacco) (Amendment) Bill 2012", "longTitle": "Bill entitled An Act to amend the Public Health (Tobacco) Act 2002 to regulate the retail packaging and appearance of tobacco products in order to improve public health and to discourage the use of tobacco products and for related purposes", "amendmentLists": [], "billType": "Public", "billNo": "94", "versions": [], "events": [{"event": {"showAs": "Lapsed", "progressStage": null, "chamber": {"showAs": null, "uri": null}, "dates": [{"date": "2016-02-03"}], "uri": "/bill/2012/94/lapsed"}}], "billYear": "2012", "originHouse": {"showAs": "D\u00e1il \u00c9ireann", "uri": "/house/dail"}, "uri": "/bill/2012/94", "status": "Lapsed", "_id": "bill.2012.94", "sponsors": [{"sponsor": {"as": {"showAs": null, "uri": null}, "by": {"showAs": "Leo Varadkar", "uri": "/member/Leo-Varadkar.D.2007-06-14"}}}], "act": null, "method": "Introduction"}