{"stages": [{"event": {"showAs": "First Stage", "uri": "/bill/2012/76/dail/1", "chamber": {"showAs": "D\u00e1il", "uri": "/house/dail"}, "dates": [{"date": "2012-08-02"}], "progressStage": 1}}, {"event": {"showAs": "Second Stage", "uri": "/bill/2012/76/dail/2", "chamber": {"showAs": "D\u00e1il", "uri": "/house/dail"}, "dates": [{"date": "2012-10-02"}, {"date": "2012-10-03"}], "progressStage": 2}}, {"event": {"showAs": "Fourth Stage", "uri": "/bill/2012/76/dail/4", "chamber": {"showAs": "D\u00e1il", "uri": "/house/dail"}, "dates": [{"date": "2012-11-29"}], "progressStage": 3}}, {"event": {"showAs": "Fifth Stage", "uri": "/bill/2012/76/dail/5", "chamber": {"showAs": "D\u00e1il", "uri": "/house/dail"}, "dates": [{"date": "2012-11-29"}], "progressStage": 4}}, {"event": {"showAs": "Second Stage", "uri": "/bill/2012/76/seanad/2", "chamber": {"showAs": "Seanad", "uri": "/house/seanad"}, "dates": [{"date": "2012-12-11"}], "progressStage": 5}}, {"event": {"showAs": "Third Stage", "uri": "/bill/2012/76/seanad/3", "chamber": {"showAs": "Seanad", "uri": "/house/seanad"}, "dates": [{"date": "2012-12-18"}], "progressStage": 6}}, {"event": {"showAs": "Fourth Stage", "uri": "/bill/2012/76/seanad/4", "chamber": {"showAs": "Seanad", "uri": "/house/seanad"}, "dates": [{"date": "2012-12-18"}], "progressStage": 7}}, {"event": {"showAs": "Enacted", "uri": "/bill/2012/76/seanad/5", "chamber": null, "dates": [{"date": "2012-12-26"}], "progressStage": 9}}, {"event": {"showAs": "Enacted", "uri": "/bill/2012/76/seanad/5", "chamber": null, "dates": [{"date": "2012-12-26"}], "progressStage": 9}}], "shortTitle": "Health and Social Care Professionals (Amendment) Bill 2012", "longTitle": "Bill entitled An Act to amend the Health and Social Care Professionals Act 2005 in relation to membership of the Health and Social Care Professionals Council, in relation to the recognition of professional qualifications obtained outside the State, including the implementation of certain provisions of Directive 2005/36/EC of the European Parliament and the Council of 7 September 2005 on the recognition of Professional Qualifications, and to provide for related matters", "amendmentLists": [], "billType": "Public", "billNo": "76", "versions": [], "events": [], "billYear": "2012", "originHouse": {"showAs": "D\u00e1il \u00c9ireann", "uri": "/house/dail"}, "uri": "/bill/2012/76", "status": "Enacted", "_id": "bill.2012.76", "sponsors": [{"sponsor": {"as": {"showAs": "Minister for Health", "uri": "/office/minister/health"}, "by": {"showAs": "James Reilly", "uri": "/member/James-Reilly.D.2007-06-14"}}}], "act": {"dateSigned": "2012-12-26", "shortTitle": "Health and Social Care Professionals (Amendment) Act 2012", "actYear": "2012", "uri": "/act/2012/46", "longTitle": "An Act to amend the Health and Social Care Professionals Act 2005 in relation to membership of the Health and Social Care Professionals Council, in relation to the recognition of professional qualifications obtained outside the State, including the implementation of certain provisions of Directive 2005/36/EC of the European Parliament and the Council of 7 September 2005 on the recognition of Professional Qualifications, and to provide for related matters", "actNo": "46", "statuteBookURI": "http://www.irishstatutebook.ie/eli/2012/act/46"}, "method": "Presentation"}