{"stages": [{"event": {"showAs": "First Stage", "uri": "/bill/2011/79/seanad/1", "chamber": {"showAs": "Seanad", "uri": "/house/seanad"}, "dates": [{"date": "2011-12-12"}], "progressStage": 1}}, {"event": {"showAs": "Second Stage", "uri": "/bill/2011/79/seanad/2", "chamber": {"showAs": "Seanad", "uri": "/house/seanad"}, "dates": [{"date": "2012-02-02"}, {"date": "2012-02-07"}], "progressStage": 2}}, {"event": {"showAs": "Third Stage", "uri": "/bill/2011/79/seanad/3", "chamber": {"showAs": "Seanad", "uri": "/house/seanad"}, "dates": [{"date": "2012-02-15"}, {"date": "2012-02-21"}, {"date": "2012-02-29"}], "progressStage": 3}}, {"event": {"showAs": "Fourth Stage", "uri": "/bill/2011/79/seanad/4", "chamber": {"showAs": "Seanad", "uri": "/house/seanad"}, "dates": [{"date": "2012-03-15"}], "progressStage": 4}}, {"event": {"showAs": "Fifth Stage", "uri": "/bill/2011/79/seanad/5", "chamber": {"showAs": "Seanad", "uri": "/house/seanad"}, "dates": [{"date": "2012-03-15"}], "progressStage": 5}}, {"event": {"showAs": "Second Stage", "uri": "/bill/2011/79/dail/2", "chamber": {"showAs": "D\u00e1il", "uri": "/house/dail"}, "dates": [{"date": "2012-03-21"}, {"date": "2012-03-22"}, {"date": "2012-05-09"}, {"date": "2012-06-06"}, {"date": "2012-06-19"}], "progressStage": 6}}, {"event": {"showAs": "Fourth Stage", "uri": "/bill/2011/79/dail/4", "chamber": {"showAs": "D\u00e1il", "uri": "/house/dail"}, "dates": [{"date": "2012-07-19"}], "progressStage": 7}}, {"event": {"showAs": "Enacted", "uri": "/bill/2011/79/dail/5", "chamber": null, "dates": [{"date": "2012-07-28"}], "progressStage": 9}}, {"event": {"showAs": "Enacted", "uri": "/bill/2011/79/dail/5", "chamber": null, "dates": [{"date": "2012-07-28"}], "progressStage": 9}}], "shortTitle": "Electoral (Amendment) (Political Funding) Bill 2011", "longTitle": "Bill entitled An Act to establish a register of corporate donors; to provide for reductions in donation and donation declaration limits; to provide for disclosure of accounts by political parties; to amend the law relating to state funding of political parties; for these and other purposes to amend the Electoral Act 1992, the Electoral Act 1997 and the Local Elections (Disclosure of Donations and Expenditure) Act 1999; and to provide for related matters", "amendmentLists": [], "billType": "Public", "billNo": "79", "versions": [], "events": [], "billYear": "2011", "originHouse": {"showAs": "Seanad \u00c9ireann", "uri": "/house/seanad"}, "uri": "/bill/2011/79", "status": "Enacted", "_id": "bill.2011.79", "sponsors": [{"sponsor": {"as": {"showAs": "Minister for the Environment, Community and Local Government", "uri": "/office/minister/environment__community__local_government"}, "by": {"showAs": "Phil Hogan", "uri": "/member/Phil-Hogan.S.1987-04-25"}}}], "act": {"dateSigned": "2012-07-28", "shortTitle": "Electoral (Amendment) (Political Funding) Act 2012", "actYear": "2012", "uri": "/act/2012/36", "longTitle": "An Act to establish a register of corporate donors; to provide for reductions in donation and donation declaration limits; to provide for disclosure of accounts by political parties; to amend the law relating to state funding of political parties; for these and other purposes to amend the Electoral Act 1992, the Electoral Act 1997 and the Local Elections (Disclosure of Donations and Expenditure) Act 1999; and to provide for related matters", "actNo": "36", "statuteBookURI": "http://www.irishstatutebook.ie/eli/2012/act/36"}, "method": "Presentation"}