{"stages": [{"event": {"showAs": "First Stage", "uri": "/bill/2012/8/dail/1", "chamber": {"showAs": "D\u00e1il", "uri": "/house/dail"}, "dates": [{"date": "2012-02-15"}], "progressStage": 1}}], "shortTitle": "National Archives (Amendment) Bill 2012", "longTitle": "Bill entitled An Act to amend the National Archives Act 1986 by providing for the transfer to the National Archives of Departmental records which are more than 15 years old; to make consequential amendments to other statutes; and to provide for related matters", "amendmentLists": [], "billType": "Public", "billNo": "8", "versions": [], "events": [{"event": {"showAs": "Lapsed", "progressStage": null, "chamber": {"showAs": null, "uri": null}, "dates": [{"date": "2016-02-03"}], "uri": "/bill/2012/8/lapsed"}}], "billYear": "2012", "originHouse": {"showAs": "D\u00e1il \u00c9ireann", "uri": "/house/dail"}, "uri": "/bill/2012/8", "status": "Lapsed", "_id": "bill.2012.8", "sponsors": [{"sponsor": {"as": {"showAs": null, "uri": null}, "by": {"showAs": "Phil Hogan", "uri": "/member/Phil-Hogan.S.1987-04-25"}}}], "act": null, "method": "Introduction"}