{"stages": [{"event": {"showAs": "First Stage", "uri": "/bill/2012/18/dail/1", "chamber": {"showAs": "D\u00e1il", "uri": "/house/dail"}, "dates": [{"date": "2012-03-20"}], "progressStage": 1}}, {"event": {"showAs": "Second Stage", "uri": "/bill/2012/18/dail/2", "chamber": {"showAs": "D\u00e1il", "uri": "/house/dail"}, "dates": [{"date": "2012-06-19"}, {"date": "2012-06-20"}], "progressStage": 2}}], "shortTitle": "Local Government (Household Charge) (Repeal) Bill 2012", "longTitle": "Bill entitled An Act to repeal the Local Government (Household Charge) Act 2011", "amendmentLists": [], "billType": "Public", "billNo": "18", "versions": [], "events": [{"event": {"showAs": "Second Stage", "progressStage": null, "chamber": {"showAs": "D\u00e1il", "uri": "/house/dail"}, "dates": [{"date": "2012-06-20"}], "uri": "/bill/2012/18/dail/2/rejected"}}], "billYear": "2012", "originHouse": {"showAs": "D\u00e1il \u00c9ireann", "uri": "/house/dail"}, "uri": "/bill/2012/18", "status": "Rejected", "_id": "bill.2012.18", "sponsors": [{"sponsor": {"as": {"showAs": null, "uri": null}, "by": {"showAs": "Michael Noonan", "uri": "/member/Michael-Noonan.D.1981-06-30"}}}], "act": null, "method": "Presentation"}