{"billNo": "62", "billType": "Public", "versions": [], "status": "Rejected", "longTitle": "Bill entitled An Act to revise the law relating to non-fatal offences against the person by imposing specific terms of imprisonment on persons found guilty of assaulting members of the emergency services whilst on duty", "uri": "/bill/2012/62", "events": [{"progressStage": null, "event": {"chamber": {"showAs": "D\u00e1il", "uri": "/house/dail"}, "showAs": "Second Stage", "dates": [{"date": "2012-10-09"}], "uri": "/bill/2012/62/dail/2/rejected"}}], "_id": "bill.2012.62", "amendmentLists": [], "sponsors": [{"sponsor": {"as": {"showAs": null, "uri": null}, "by": {"showAs": "Phil Hogan", "uri": "/member/Phil-Hogan.S.1987-04-25"}}}], "method": "Introduction", "shortTitle": "Assaults on Emergency Workers Bill 2012", "stages": [{"event": {"progressStage": 1, "chamber": {"showAs": "D\u00e1il", "uri": "/house/dail"}, "showAs": "First Stage", "dates": [{"date": "2012-07-12"}], "uri": "/bill/2012/62/dail/1"}}, {"event": {"progressStage": 2, "chamber": {"showAs": "D\u00e1il", "uri": "/house/dail"}, "showAs": "Second Stage", "dates": [{"date": "2012-10-05"}], "uri": "/bill/2012/62/dail/2"}}], "originHouse": {"showAs": "D\u00e1il \u00c9ireann", "uri": "/house/dail"}, "billYear": "2012", "act": null}