{"billNo": "15", "billType": "Public", "versions": [], "status": "Lapsed", "longTitle": "Bill entitled An Act to amend the Freedom of Information Act 1997 and the Freedom of Information (Amendment) Act 2003\u0000", "uri": "/bill/2012/15", "events": [{"progressStage": null, "event": {"chamber": {"showAs": null, "uri": null}, "showAs": "Lapsed", "dates": [{"date": "2016-02-03"}], "uri": "/bill/2012/15/lapsed"}}], "_id": "bill.2012.15", "amendmentLists": [], "sponsors": [{"sponsor": {"as": {"showAs": null, "uri": null}, "by": {"showAs": "Michael Noonan", "uri": "/member/Michael-Noonan.D.1981-06-30"}}}], "method": "Introduction", "shortTitle": "Freedom of Information (Amendment) Bill 2012", "stages": [{"event": {"progressStage": 1, "chamber": {"showAs": "D\u00e1il", "uri": "/house/dail"}, "showAs": "First Stage", "dates": [{"date": "2012-03-14"}], "uri": "/bill/2012/15/dail/1"}}], "originHouse": {"showAs": "D\u00e1il \u00c9ireann", "uri": "/house/dail"}, "billYear": "2012", "act": null}