{"billNo": "97", "billType": "Public", "versions": [], "longTitle": "Bill entitled An Act to require that social benefits be assessed in the context of public procurement and to provide for related matters", "uri": "/bill/2012/97", "events": [{"progressStage": null, "event": {"chamber": {"showAs": null, "uri": null}, "showAs": "Lapsed", "dates": [{"date": "2016-02-03"}], "uri": "/bill/2012/97/lapsed"}}], "_id": "bill.2012.97", "amendmentLists": [], "sponsors": [{"sponsor": {"as": {"showAs": null, "uri": null}, "by": {"showAs": "Leo Varadkar", "uri": "/member/Leo-Varadkar.D.2007-06-14"}}}], "method": "Introduction", "shortTitle": "Public Procurement Bill 2012", "stages": [{"event": {"progressStage": 1, "chamber": {"showAs": "D\u00e1il", "uri": "/house/dail"}, "showAs": "First Stage", "dates": [{"date": "2012-11-13"}], "uri": "/bill/2012/97/dail/1"}}], "originHouse": {"showAs": "D\u00e1il \u00c9ireann", "uri": "/house/dail"}, "billYear": "2012", "act": null}