{"stages": [{"event": {"showAs": "First Stage", "uri": "/bill/2012/50/dail/1", "chamber": {"showAs": "D\u00e1il", "uri": "/house/dail"}, "dates": [{"date": "2012-06-07"}], "progressStage": 1}}], "shortTitle": "Valuation (Amendment) Bill 2012", "longTitle": "Bill entitled An Act to amend the provisions of the Valuation Act 2001 to provide for the introduction of a property valuation self-assessment mechanism, an ability to pay clause and related matters including the abolition of liability on a subsequent occupier to pay property rates incurred by a previous occupier", "amendmentLists": [], "billType": "Public", "billNo": "50", "versions": [], "events": [{"event": {"showAs": "Lapsed", "progressStage": null, "chamber": {"showAs": null, "uri": null}, "dates": [{"date": "2016-02-03"}], "uri": "/bill/2012/50/lapsed"}}], "billYear": "2012", "originHouse": {"showAs": "D\u00e1il \u00c9ireann", "uri": "/house/dail"}, "uri": "/bill/2012/50", "status": "Lapsed", "_id": "bill.2012.50", "sponsors": [{"sponsor": {"as": {"showAs": null, "uri": null}, "by": {"showAs": "Alan Shatter", "uri": "/member/Alan-Shatter.D.1981-06-30"}}}], "act": null, "method": "Introduction"}