{"billNo": "66", "billType": "Public", "versions": [], "status": "Enacted", "longTitle": "Bill entitled An Act to make provision for securing that the rules in Article 3 of the Treaty on Stability, Coordination and Governance in the Economic and Monetary Union take effect in the law of the State in accordance with paragraph 2 of that Article and that the rule in Article 4 of that Treaty takes effect in the State; to make provision in accordance with Article 3 of that Treaty in relation to a medium-term budgetary objective and a correction mechanism; to establish a body to be known as Comhairle Chomhairleach Bhuis\u00e9adach na h\u00c9ireann or, in the English language, the Irish Fiscal Advisory Council and provide for its functions; and to provide for related matters", "uri": "/bill/2012/66", "events": [], "_id": "bill.2012.66", "amendmentLists": [], "sponsors": [{"sponsor": {"as": {"showAs": "Minister for Finance", "uri": "/office/minister/finance"}, "by": {"showAs": "Michael Noonan", "uri": "/member/Michael-Noonan.D.1981-06-30"}}}], "method": "Presentation", "shortTitle": "Fiscal Responsibility Bill 2012", "stages": [{"event": {"progressStage": 1, "chamber": {"showAs": "D\u00e1il", "uri": "/house/dail"}, "showAs": "First Stage", "dates": [{"date": "2012-07-16"}], "uri": "/bill/2012/66/dail/1"}}, {"event": {"progressStage": 2, "chamber": {"showAs": "D\u00e1il", "uri": "/house/dail"}, "showAs": "Second Stage", "dates": [{"date": "2012-10-09"}, {"date": "2012-10-10"}, {"date": "2012-10-11"}], "uri": "/bill/2012/66/dail/2"}}, {"event": {"progressStage": 3, "chamber": {"showAs": "D\u00e1il", "uri": "/house/dail"}, "showAs": "Fourth Stage", "dates": [{"date": "2012-11-06"}, {"date": "2012-11-13"}], "uri": "/bill/2012/66/dail/4"}}, {"event": {"progressStage": 4, "chamber": {"showAs": "D\u00e1il", "uri": "/house/dail"}, "showAs": "Fifth Stage", "dates": [{"date": "2012-11-13"}], "uri": "/bill/2012/66/dail/5"}}, {"event": {"progressStage": 5, "chamber": {"showAs": "Seanad", "uri": "/house/seanad"}, "showAs": "Second Stage", "dates": [{"date": "2012-11-14"}], "uri": "/bill/2012/66/seanad/2"}}, {"event": {"progressStage": 6, "chamber": {"showAs": "Seanad", "uri": "/house/seanad"}, "showAs": "Third Stage", "dates": [{"date": "2012-11-20"}], "uri": "/bill/2012/66/seanad/3"}}, {"event": {"progressStage": 7, "chamber": {"showAs": "Seanad", "uri": "/house/seanad"}, "showAs": "Fourth Stage", "dates": [{"date": "2012-11-20"}], "uri": "/bill/2012/66/seanad/4"}}, {"event": {"progressStage": 9, "chamber": null, "showAs": "Enacted", "dates": [{"date": "2012-11-27"}], "uri": "/bill/2012/66/seanad/5"}}, {"event": {"progressStage": 9, "chamber": null, "showAs": "Enacted", "dates": [{"date": "2012-11-27"}], "uri": "/bill/2012/66/seanad/5"}}], "originHouse": {"showAs": "D\u00e1il \u00c9ireann", "uri": "/house/dail"}, "billYear": "2012", "act": {"dateSigned": "2012-11-27", "uri": "/act/2012/39", "shortTitle": "Fiscal Responsibility Act 2012", "actYear": "2012", "longTitle": "An Act to make provision for securing that the rules in Article 3 of the Treaty on Stability, Coordination and Governance in the Economic and Monetary Union take effect in the law of the State in accordance with paragraph 2 of that Article and that the rule in Article 4 of that Treaty takes effect in the State; to make provision in accordance with Article 3 of that Treaty in relation to a medium-term budgetary objective and a correction mechanism; to establish a body to be known as Comhairle Chomhairleach Bhuis\u00e9adach na h\u00c9ireann or, in the English language, the Irish Fiscal Advisory Council and provide for its functions; and to provide for related matters", "actNo": "39", "statuteBookURI": "http://www.irishstatutebook.ie/eli/2012/act/39"}}