{"stages": [{"event": {"showAs": "First Stage", "uri": "/bill/2012/69/dail/1", "chamber": {"showAs": "D\u00e1il", "uri": "/house/dail"}, "dates": [{"date": "2012-07-19"}], "progressStage": 1}}, {"event": {"showAs": "Second Stage", "uri": "/bill/2012/69/dail/2", "chamber": {"showAs": "D\u00e1il", "uri": "/house/dail"}, "dates": [{"date": "2012-11-15"}, {"date": "2012-11-21"}, {"date": "2012-11-22"}, {"date": "2013-01-24"}], "progressStage": 2}}, {"event": {"showAs": "Third Stage", "uri": "/bill/2012/69/dail/3", "chamber": {"showAs": "D\u00e1il", "uri": "/house/dail"}, "dates": [{"date": "2013-05-30"}], "progressStage": 3}}, {"event": {"showAs": "Fourth Stage", "uri": "/bill/2012/69/dail/4", "chamber": {"showAs": "D\u00e1il", "uri": "/house/dail"}, "dates": [{"date": "2013-07-18"}], "progressStage": 4}}, {"event": {"showAs": "Fifth Stage", "uri": "/bill/2012/69/dail/5", "chamber": {"showAs": "D\u00e1il", "uri": "/house/dail"}, "dates": [{"date": "2013-07-18"}], "progressStage": 5}}, {"event": {"showAs": "Second Stage", "uri": "/bill/2012/69/seanad/2", "chamber": {"showAs": "Seanad", "uri": "/house/seanad"}, "dates": [{"date": "2013-09-24"}], "progressStage": 6}}, {"event": {"showAs": "Third Stage", "uri": "/bill/2012/69/seanad/3", "chamber": {"showAs": "Seanad", "uri": "/house/seanad"}, "dates": [{"date": "2015-11-17"}], "progressStage": 7}}, {"event": {"showAs": "Fourth Stage", "uri": "/bill/2012/69/seanad/4", "chamber": {"showAs": "Seanad", "uri": "/house/seanad"}, "dates": [{"date": "2015-11-24"}], "progressStage": 8}}, {"event": {"showAs": "Fifth Stage", "uri": "/bill/2012/69/seanad/5", "chamber": {"showAs": "Seanad", "uri": "/house/seanad"}, "dates": [{"date": "2015-11-24"}], "progressStage": 9}}], "shortTitle": "Residential Tenancies (Amendment) (No. 2) Bill 2012", "longTitle": "Bill entitled An Act to amend and extend the Residential Tenancies Acts 2004 and 2009; to amend the Housing (Miscellaneous Provisions) Act 2009; to provide for the application of the Residential Tenancies Act 2004 to certain dwellings that are the subject of a tenancy; to provide for the restriction, in respect of the tenants of such dwellings, of certain entitlements of tenants under the Residential Tenancies Act 2004; to re-name the Private Residential Tenancies Board and the private residential tenancies register; to provide for the dissolution of the Rent Tribunal established under the Housing (Private Rented Dwellings) (Amendment) Act 1983 and for the transfer of its functions to the Residential Tenancies Board; to repeal certain provisions of the Housing (Private Rented Dwellings) (Amendment) Act 1983; and to provide for related matters.", "amendmentLists": [], "billType": "Public", "billNo": "69", "versions": [], "events": [], "billYear": "2012", "originHouse": {"showAs": "D\u00e1il \u00c9ireann", "uri": "/house/dail"}, "uri": "/bill/2012/69", "status": "Enacted", "_id": "bill.2012.69", "sponsors": [{"sponsor": {"as": {"showAs": "Minister for the Environment, Community and Local Government", "uri": "/office/minister/environment__community__local_government"}, "by": {"showAs": "Phil Hogan", "uri": "/member/Phil-Hogan.S.1987-04-25"}}}], "act": null, "method": "Presentation"}