{"billNo": "93", "billType": "Public", "versions": [], "status": "Enacted", "longTitle": "Bill entitled An Act to amend the provisions of the Transport Act 1950, the Transport (Re-organisation of C\u00f3ras Iompair \u00c9ireann) Act 1986 and the Transport Act 1987 in so far as they relate to the borrowing powers of C\u00f3ras Iompair \u00c9ireann, Iarnr\u00f3d \u00c9ireann - Irish Rail, Bus \u00c9ireann - Irish Bus and Bus \u00c1tha Cliath - Dublin Bus, to amend Schedule 2 to the Ministers and Secretaries (Amendment) Act 2011 and to provide for connected matters", "uri": "/bill/2012/93", "events": [], "_id": "bill.2012.93", "amendmentLists": [], "sponsors": [{"sponsor": {"as": {"showAs": "Minister for Transport, Tourism and Sport", "uri": "/office/minister/transport__tourism__sport"}, "by": {"showAs": "Leo Varadkar", "uri": "/member/Leo-Varadkar.D.2007-06-14"}}}], "method": "Presentation", "shortTitle": "Transport (C\u00f3ras Iompair \u00c9ireann and Subsidiary Companies Borrowings) Bill 2012", "stages": [{"event": {"progressStage": 1, "chamber": {"showAs": "Seanad", "uri": "/house/seanad"}, "showAs": "First Stage", "dates": [{"date": "2012-10-24"}], "uri": "/bill/2012/93/seanad/1"}}, {"event": {"progressStage": 2, "chamber": {"showAs": "Seanad", "uri": "/house/seanad"}, "showAs": "Second Stage", "dates": [{"date": "2012-11-21"}], "uri": "/bill/2012/93/seanad/2"}}, {"event": {"progressStage": 3, "chamber": {"showAs": "Seanad", "uri": "/house/seanad"}, "showAs": "Third Stage", "dates": [{"date": "2012-11-28"}], "uri": "/bill/2012/93/seanad/3"}}, {"event": {"progressStage": 4, "chamber": {"showAs": "Seanad", "uri": "/house/seanad"}, "showAs": "Fourth Stage", "dates": [{"date": "2012-11-28"}], "uri": "/bill/2012/93/seanad/4"}}, {"event": {"progressStage": 5, "chamber": {"showAs": "Seanad", "uri": "/house/seanad"}, "showAs": "Fifth Stage", "dates": [{"date": "2012-11-28"}], "uri": "/bill/2012/93/seanad/5"}}, {"event": {"progressStage": 6, "chamber": {"showAs": "D\u00e1il", "uri": "/house/dail"}, "showAs": "Second Stage", "dates": [{"date": "2012-12-07"}], "uri": "/bill/2012/93/dail/2"}}, {"event": {"progressStage": 7, "chamber": {"showAs": "D\u00e1il", "uri": "/house/dail"}, "showAs": "Fourth Stage", "dates": [{"date": "2012-12-20"}], "uri": "/bill/2012/93/dail/4"}}, {"event": {"progressStage": 9, "chamber": null, "showAs": "Enacted", "dates": [{"date": "2012-12-26"}], "uri": "/bill/2012/93/dail/5"}}, {"event": {"progressStage": 9, "chamber": null, "showAs": "Enacted", "dates": [{"date": "2012-12-26"}], "uri": "/bill/2012/93/dail/5"}}], "originHouse": {"showAs": "Seanad \u00c9ireann", "uri": "/house/seanad"}, "billYear": "2012", "act": {"dateSigned": "2012-12-26", "uri": "/act/2012/49", "shortTitle": "Transport (C\u00f3ras Iompair \u00c9ireann and Subsidiary Companies Borrowings) Act 2012", "actYear": "2012", "longTitle": "An Act to amend the provisions of the Transport Act 1950, the Transport (Re-organisation of C\u00f3ras Iompair \u00c9ireann) Act 1986 and the Transport Act 1987 in so far as they relate to the borrowing powers of C\u00f3ras Iompair \u00c9ireann, Iarnr\u00f3d \u00c9ireann - Irish Rail, Bus \u00c9ireann - Irish Bus and Bus \u00c1tha Cliath - Dublin Bus, to amend Schedule 2 to the Ministers and Secretaries (Amendment) Act 2011 and to provide for connected matters", "actNo": "49", "statuteBookURI": "http://www.irishstatutebook.ie/eli/2012/act/49"}}