{"stages": [{"event": {"showAs": "First Stage", "uri": "/bill/2012/113/seanad/1", "chamber": {"showAs": "Seanad", "uri": "/house/seanad"}, "dates": [{"date": "2012-12-10"}], "progressStage": 1}}, {"event": {"showAs": "Second Stage", "uri": "/bill/2012/113/seanad/2", "chamber": {"showAs": "Seanad", "uri": "/house/seanad"}, "dates": [{"date": "2013-02-07"}], "progressStage": 2}}, {"event": {"showAs": "Third Stage", "uri": "/bill/2012/113/seanad/3", "chamber": {"showAs": "Seanad", "uri": "/house/seanad"}, "dates": [{"date": "2013-02-13"}], "progressStage": 3}}, {"event": {"showAs": "Fourth Stage", "uri": "/bill/2012/113/seanad/4", "chamber": {"showAs": "Seanad", "uri": "/house/seanad"}, "dates": [{"date": "2013-02-13"}, {"date": "2013-10-02"}], "progressStage": 4}}, {"event": {"showAs": "Fifth Stage", "uri": "/bill/2012/113/seanad/5", "chamber": {"showAs": "Seanad", "uri": "/house/seanad"}, "dates": [{"date": "2013-02-13"}], "progressStage": 5}}, {"event": {"showAs": "Second Stage", "uri": "/bill/2012/113/dail/2", "chamber": {"showAs": "D\u00e1il", "uri": "/house/dail"}, "dates": [{"date": "2013-04-16"}, {"date": "2013-04-17"}, {"date": "2013-05-02"}], "progressStage": 6}}, {"event": {"showAs": "Fourth Stage", "uri": "/bill/2012/113/dail/4", "chamber": {"showAs": "D\u00e1il", "uri": "/house/dail"}, "dates": [{"date": "2013-09-19"}], "progressStage": 7}}, {"event": {"showAs": "Enacted", "uri": "/bill/2012/113/dail/5", "chamber": null, "dates": [{"date": "2013-10-09"}], "progressStage": 9}}, {"event": {"showAs": "Enacted", "uri": "/bill/2012/113/dail/5", "chamber": null, "dates": [{"date": "2013-10-09"}], "progressStage": 9}}], "shortTitle": "Industrial Development (Science Foundation Ireland) (Amendment) Bill 2012", "longTitle": "Bill entitled An Act to amend the Industrial Development (Science Foundation Ireland) Act 2003; to amend the Science and Technology Act 1987; to amend the Industrial Development Act 1993; to amend the Industrial Development Act 1986; to amend the Freedom of Information Act 1997 and to provide for matters connected therewith", "amendmentLists": [], "billType": "Public", "billNo": "113", "versions": [], "events": [], "billYear": "2012", "originHouse": {"showAs": "Seanad \u00c9ireann", "uri": "/house/seanad"}, "uri": "/bill/2012/113", "status": "Enacted", "_id": "bill.2012.113", "sponsors": [{"sponsor": {"as": {"showAs": "Minister for Jobs, Enterprise and Innovation", "uri": "/office/minister/jobs__enterprise__innovation"}, "by": {"showAs": "Richard Bruton", "uri": "/member/Richard-Bruton.S.1981-10-08"}}}], "act": {"dateSigned": "2013-10-09", "shortTitle": "Industrial Development (Science Foundation Ireland) (Amendment) Act 2013", "actYear": "2013", "uri": "/act/2013/36", "longTitle": "An Act to amend the Industrial Development (Science Foundation Ireland) Act 2003; to amend the Science and Technology Act 1987; to amend the Industrial Development Act 1993; to amend the Industrial Development Act 1986; to amend the Freedom of Information Act 1997 and to provide for matters connected therewith", "actNo": "36", "statuteBookURI": "http://www.irishstatutebook.ie/eli/2013/act/36"}, "method": "Presentation"}