{"stages": [{"event": {"showAs": "First Stage", "uri": "/bill/2012/10/dail/1", "chamber": {"showAs": "D\u00e1il", "uri": "/house/dail"}, "dates": [{"date": "2012-02-22"}], "progressStage": 1}}, {"event": {"showAs": "Second Stage", "uri": "/bill/2012/10/dail/2", "chamber": {"showAs": "D\u00e1il", "uri": "/house/dail"}, "dates": [{"date": "2012-04-18"}, {"date": "2012-04-19"}], "progressStage": 2}}], "shortTitle": "Medical Treatment (Termination of Pregnancy in Case of Risk to Life of Pregnant Woman) Bill 2012", "longTitle": "Bill entitled An Act to provide for termination of pregnancy where a real and substantial risk to the life of the pregnant woman exists; to make provision for the prevention of any curtailment, hindrance or preclusion of such treatment that may arise as a result of the pregnancy of the woman; and to provide for related matters", "amendmentLists": [], "billType": "Public", "billNo": "10", "versions": [], "events": [{"event": {"showAs": "Second Stage", "progressStage": null, "chamber": {"showAs": "D\u00e1il", "uri": "/house/dail"}, "dates": [{"date": "2012-04-19"}], "uri": "/bill/2012/10/dail/2/rejected"}}], "billYear": "2012", "originHouse": {"showAs": "D\u00e1il \u00c9ireann", "uri": "/house/dail"}, "uri": "/bill/2012/10", "status": "Rejected", "_id": "bill.2012.10", "sponsors": [{"sponsor": {"as": {"showAs": null, "uri": null}, "by": {"showAs": "Phil Hogan", "uri": "/member/Phil-Hogan.S.1987-04-25"}}}], "act": null, "method": "Introduction"}