{"billNo": "6", "billType": "Public", "versions": [], "longTitle": "Bill entitled An Act to provide for the regulation of professional home care, and for that purpose to amend the Health Act 2007 and to provide for related matters\u0000", "uri": "/bill/2012/6", "events": [{"progressStage": null, "event": {"chamber": {"showAs": null, "uri": null}, "showAs": "Lapsed", "dates": [{"date": "2016-02-03"}], "uri": "/bill/2012/6/lapsed"}}], "_id": "bill.2012.6", "amendmentLists": [], "sponsors": [{"sponsor": {"as": {"showAs": null, "uri": null}, "by": {"showAs": "Michael Noonan", "uri": "/member/Michael-Noonan.D.1981-06-30"}}}], "method": "Introduction", "shortTitle": "Health (Professional Home Care) Bill 2012", "stages": [{"event": {"progressStage": 1, "chamber": {"showAs": "D\u00e1il", "uri": "/house/dail"}, "showAs": "First Stage", "dates": [{"date": "2012-02-07"}], "uri": "/bill/2012/6/dail/1"}}], "originHouse": {"showAs": "D\u00e1il \u00c9ireann", "uri": "/house/dail"}, "billYear": "2012", "act": null}