{"billNo": "44", "billType": "Public", "versions": [], "status": "Lapsed", "longTitle": "Bill entitled An Act to provide for the further coordination of the activities of the National Educational Welfare Board or, in the Irish language, An Bord N\u00e1isi\u00fanta Leasa Oideachais, in so far as they relate to matters connected with the prevention of non-attendance on the part of certain students registered with recognised schools and for those and other purposes to amend the Education (Welfare) Act 2000 and to provide for related matters.\u0000", "uri": "/bill/2012/44", "events": [{"progressStage": null, "event": {"chamber": {"showAs": null, "uri": null}, "showAs": "Lapsed", "dates": [{"date": "2016-02-03"}], "uri": "/bill/2012/44/lapsed"}}], "_id": "bill.2012.44", "amendmentLists": [], "sponsors": [{"sponsor": {"as": {"showAs": null, "uri": null}, "by": {"showAs": "Pat Rabbitte", "uri": "/member/Pat-Rabbitte.D.1989-06-29"}}}], "method": "Introduction", "shortTitle": "Education (Welfare) (Amendment) Bill 2012", "stages": [{"event": {"progressStage": 1, "chamber": {"showAs": "D\u00e1il", "uri": "/house/dail"}, "showAs": "First Stage", "dates": [{"date": "2012-05-17"}], "uri": "/bill/2012/44/dail/1"}}], "originHouse": {"showAs": "D\u00e1il \u00c9ireann", "uri": "/house/dail"}, "billYear": "2012", "act": null}