{"billNo": "53", "billType": "Public", "versions": [], "status": "Lapsed", "longTitle": "Bill entitled An Act to make provision in relation to debt management advisors and for the authorisation and supervision of debt management advisors by the Central Bank of Ireland and the Minister for Finance and to provide for related matters", "uri": "/bill/2011/53", "events": [{"progressStage": null, "event": {"chamber": {"showAs": null, "uri": null}, "showAs": "Lapsed", "dates": [{"date": "2016-02-03"}], "uri": "/bill/2011/53/lapsed"}}], "_id": "bill.2011.53", "amendmentLists": [], "sponsors": [{"sponsor": {"as": {"showAs": null, "uri": null}, "by": {"showAs": "Michael Noonan", "uri": "/member/Michael-Noonan.D.1981-06-30"}}}], "method": "Introduction", "shortTitle": "Regulation of Debt Management Advisors Bill 2011", "stages": [{"event": {"progressStage": 1, "chamber": {"showAs": "D\u00e1il", "uri": "/house/dail"}, "showAs": "First Stage", "dates": [{"date": "2011-09-21"}], "uri": "/bill/2011/53/dail/1"}}, {"event": {"progressStage": 2, "chamber": {"showAs": "D\u00e1il", "uri": "/house/dail"}, "showAs": "Second Stage", "dates": [{"date": "2012-05-15"}, {"date": "2012-05-16"}], "uri": "/bill/2011/53/dail/2"}}], "originHouse": {"showAs": "D\u00e1il \u00c9ireann", "uri": "/house/dail"}, "billYear": "2011", "act": null}