{"stages": [{"event": {"showAs": "First Stage", "uri": "/bill/2011/7/seanad/1", "chamber": {"showAs": "Seanad", "uri": "/house/seanad"}, "dates": [{"date": "2011-01-18"}], "progressStage": 1}}, {"event": {"showAs": "Second Stage", "uri": "/bill/2011/7/seanad/2", "chamber": {"showAs": "Seanad", "uri": "/house/seanad"}, "dates": [{"date": "2011-06-02"}], "progressStage": 2}}, {"event": {"showAs": "Third Stage", "uri": "/bill/2011/7/seanad/3", "chamber": {"showAs": "Seanad", "uri": "/house/seanad"}, "dates": [{"date": "2011-06-15"}], "progressStage": 3}}, {"event": {"showAs": "Fourth Stage", "uri": "/bill/2011/7/seanad/4", "chamber": {"showAs": "Seanad", "uri": "/house/seanad"}, "dates": [{"date": "2011-06-15"}], "progressStage": 4}}, {"event": {"showAs": "Fifth Stage", "uri": "/bill/2011/7/seanad/5", "chamber": {"showAs": "Seanad", "uri": "/house/seanad"}, "dates": [{"date": "2011-06-15"}], "progressStage": 5}}, {"event": {"showAs": "Second Stage", "uri": "/bill/2011/7/dail/2", "chamber": {"showAs": "D\u00e1il", "uri": "/house/dail"}, "dates": [{"date": "2011-07-13"}], "progressStage": 6}}, {"event": {"showAs": "Fourth Stage", "uri": "/bill/2011/7/dail/4", "chamber": {"showAs": "D\u00e1il", "uri": "/house/dail"}, "dates": [{"date": "2012-03-14"}], "progressStage": 7}}, {"event": {"showAs": "Enacted", "uri": "/bill/2011/7/dail/5", "chamber": null, "dates": [{"date": "2012-04-02"}], "progressStage": 9}}, {"event": {"showAs": "Enacted", "uri": "/bill/2011/7/dail/5", "chamber": null, "dates": [{"date": "2012-04-02"}], "progressStage": 9}}], "shortTitle": "Criminal Justice (Female Genital Mutilation) Bill 2011", "longTitle": "Bill entitled An Act to provide for the creation of an offence of female genital mutilation, and other offences relating to female genital mutilation, for the better protection of girls and women; to provide for amendments to other enactments; and to provide for related matters", "amendmentLists": [], "billType": "Public", "billNo": "7", "versions": [], "events": [{"event": {"showAs": "Lapsed", "progressStage": null, "chamber": {"showAs": null, "uri": null}, "dates": [{"date": "2011-04-25"}], "uri": "/bill/2011/7/lapsed"}}, {"event": {"showAs": "Restored to the Order Paper", "progressStage": null, "chamber": {"showAs": null, "uri": null}, "dates": [{"date": "2011-06-01"}], "uri": "/bill/2011/7/restored"}}], "billYear": "2011", "originHouse": {"showAs": "Seanad \u00c9ireann", "uri": "/house/seanad"}, "uri": "/bill/2011/7", "status": "Enacted", "_id": "bill.2011.7", "sponsors": [{"sponsor": {"as": {"showAs": "Minister for Health and Children", "uri": "/office/minister/health__children"}, "by": {"showAs": "Mary Harney", "uri": "/member/Mary-Harney.S.1977-10-27"}}}], "act": {"dateSigned": "2012-04-02", "shortTitle": "Criminal Justice (Female Genital Mutilation) Act 2012", "actYear": "2012", "uri": "/act/2012/11", "longTitle": "An Act to provide for the creation of an offence of female genital mutilation, and other offences relating to female genital mutilation, for the better protection of girls and women; to provide for amendments to other enactments; and to provide for related matters", "actNo": "11", "statuteBookURI": "http://www.irishstatutebook.ie/eli/2012/act/11"}, "method": "Presentation"}