{"stages": [{"event": {"showAs": "First Stage", "uri": "/bill/2011/64/dail/1", "chamber": {"showAs": "D\u00e1il", "uri": "/house/dail"}, "dates": [{"date": "2011-11-02"}], "progressStage": 1}}, {"event": {"showAs": "Second Stage", "uri": "/bill/2011/64/dail/2", "chamber": {"showAs": "D\u00e1il", "uri": "/house/dail"}, "dates": [{"date": "2012-03-02"}, {"date": "2012-03-06"}], "progressStage": 2}}], "shortTitle": "Scrap and Precious Metal Dealers Bill 2011", "longTitle": "Bill entitled An Act to amend the law as it relates to the purchasing, selling, trading, consignment selling, or otherwise transferring for value, more than three times per year, second-hand property that is a precious or scrap metal", "amendmentLists": [], "billType": "Public", "billNo": "64", "versions": [], "events": [{"event": {"showAs": "Second Stage", "progressStage": null, "chamber": {"showAs": "D\u00e1il", "uri": "/house/dail"}, "dates": [{"date": "2012-03-06"}], "uri": "/bill/2011/64/dail/2/rejected"}}], "billYear": "2011", "originHouse": {"showAs": "D\u00e1il \u00c9ireann", "uri": "/house/dail"}, "uri": "/bill/2011/64", "status": "Rejected", "_id": "bill.2011.64", "sponsors": [{"sponsor": {"as": {"showAs": null, "uri": null}, "by": {"showAs": "Phil Hogan", "uri": "/member/Phil-Hogan.S.1987-04-25"}}}], "act": null, "method": "Introduction"}