{"stages": [{"event": {"showAs": "First Stage", "uri": "/bill/2011/65/seanad/1", "chamber": {"showAs": "Seanad", "uri": "/house/seanad"}, "dates": [{"date": "2011-11-03"}], "progressStage": 1}}, {"event": {"showAs": "Second Stage", "uri": "/bill/2011/65/seanad/2", "chamber": {"showAs": "Seanad", "uri": "/house/seanad"}, "dates": [{"date": "2011-11-10"}], "progressStage": 2}}, {"event": {"showAs": "Third Stage", "uri": "/bill/2011/65/seanad/3", "chamber": {"showAs": "Seanad", "uri": "/house/seanad"}, "dates": [{"date": "2012-05-02"}], "progressStage": 3}}, {"event": {"showAs": "Fourth Stage", "uri": "/bill/2011/65/seanad/4", "chamber": {"showAs": "Seanad", "uri": "/house/seanad"}, "dates": [{"date": "2012-05-02"}], "progressStage": 4}}, {"event": {"showAs": "Fifth Stage", "uri": "/bill/2011/65/seanad/5", "chamber": {"showAs": "Seanad", "uri": "/house/seanad"}, "dates": [{"date": "2012-05-02"}], "progressStage": 5}}], "shortTitle": "Civil Registration (Amendment) Bill 2011", "longTitle": "Bill entitled An Act to enable the Minister for Social Protection to designate bodies which may apply for the registration of members to solemnise marriages", "amendmentLists": [], "billType": "Public", "billNo": "65", "versions": [], "events": [{"event": {"showAs": "Withdrawn", "progressStage": null, "chamber": {"showAs": "D\u00e1il", "uri": "/house/dail"}, "dates": [{"date": "2012-12-12"}], "uri": "/bill/2011/65/dail/2/withdrawn"}}], "billYear": "2011", "originHouse": {"showAs": "Seanad \u00c9ireann", "uri": "/house/seanad"}, "uri": "/bill/2011/65", "status": "Withdrawn", "_id": "bill.2011.65", "sponsors": [{"sponsor": {"as": {"showAs": null, "uri": null}, "by": {"showAs": "Phil Hogan", "uri": "/member/Phil-Hogan.S.1987-04-25"}}}], "act": null, "method": "Presentation"}