{"stages": [{"event": {"showAs": "First Stage", "uri": "/bill/2012/52/dail/1", "chamber": {"showAs": "D\u00e1il", "uri": "/house/dail"}, "dates": [{"date": "2012-06-06"}], "progressStage": 1}}], "shortTitle": "Prohibition on use by Children of Sunbeds and Tanning Devices Bill 2012", "longTitle": "Bill entitled An Act to prohibit the use of sunbeds or tanning devices by or on children under the age of 18 years and related matters\u0000", "amendmentLists": [], "billType": "Public", "billNo": "52", "versions": [], "events": [{"event": {"showAs": "Lapsed", "progressStage": null, "chamber": {"showAs": null, "uri": null}, "dates": [{"date": "2016-02-03"}], "uri": "/bill/2012/52/lapsed"}}], "billYear": "2012", "originHouse": {"showAs": "D\u00e1il \u00c9ireann", "uri": "/house/dail"}, "uri": "/bill/2012/52", "status": "Lapsed", "_id": "bill.2012.52", "sponsors": [{"sponsor": {"as": {"showAs": null, "uri": null}, "by": {"showAs": "Alan Shatter", "uri": "/member/Alan-Shatter.D.1981-06-30"}}}], "act": null, "method": "Introduction"}