{"stages": [{"event": {"showAs": "First Stage", "uri": "/bill/2011/30/seanad/1", "chamber": {"showAs": "Seanad", "uri": "/house/seanad"}, "dates": [{"date": "2011-06-23"}], "progressStage": 1}}, {"event": {"showAs": "Second Stage", "uri": "/bill/2011/30/seanad/2", "chamber": {"showAs": "Seanad", "uri": "/house/seanad"}, "dates": [{"date": "2013-10-16"}], "progressStage": 2}}], "shortTitle": "Statistics (Heritage Amendment) Bill 2011", "longTitle": "Bill entitled An Act to amend the Statistics Act 1993, in relation to the first census of population of Ireland taken since the establishment of the State; to afford that census a special heritage status and to have such released to the public for genealogical, historical and other research", "amendmentLists": [], "billType": "Public", "billNo": "30", "versions": [], "events": [{"event": {"showAs": "Second Stage", "progressStage": null, "chamber": {"showAs": "Seanad", "uri": "/house/seanad"}, "dates": [{"date": "2013-10-16"}], "uri": "/bill/2011/30/seanad/2/rejected"}}], "billYear": "2011", "originHouse": {"showAs": "Seanad \u00c9ireann", "uri": "/house/seanad"}, "uri": "/bill/2011/30", "status": "Rejected", "_id": "bill.2011.30", "sponsors": [{"sponsor": {"as": {"showAs": null, "uri": null}, "by": {"showAs": "Alan Shatter", "uri": "/member/Alan-Shatter.D.1981-06-30"}}}], "act": null, "method": "Presentation"}