{"billNo": "40", "billType": "Public", "versions": [], "status": "Enacted", "longTitle": null, "uri": "/bill/2008/40", "events": [{"progressStage": null, "event": {"chamber": {"showAs": null, "uri": null}, "showAs": "Lapsed", "dates": [{"date": "2011-04-25"}], "uri": "/bill/2008/40/lapsed"}}, {"progressStage": null, "event": {"chamber": {"showAs": null, "uri": null}, "showAs": "Restored to the Order Paper", "dates": [{"date": "2011-06-01"}], "uri": "/bill/2008/40/restored"}}], "_id": "bill.2008.40", "amendmentLists": [], "sponsors": [{"sponsor": {"as": {"showAs": "Minister for Finance", "uri": "/office/minister/finance"}, "by": {"showAs": "Brian Lenihan", "uri": "/member/Brian-Lenihan.D.1996-04-02"}}}], "method": "Presentation", "shortTitle": "Ombudsman (Amendment) Bill 2008", "stages": [{"event": {"progressStage": 1, "chamber": {"showAs": "D\u00e1il", "uri": "/house/dail"}, "showAs": "First Stage", "dates": [{"date": "2008-07-07"}], "uri": "/bill/2008/40/dail/1"}}, {"event": {"progressStage": 2, "chamber": {"showAs": "D\u00e1il", "uri": "/house/dail"}, "showAs": "Second Stage", "dates": [{"date": "2008-12-02"}], "uri": "/bill/2008/40/dail/2"}}, {"event": {"progressStage": 3, "chamber": {"showAs": "D\u00e1il", "uri": "/house/dail"}, "showAs": "Third Stage", "dates": [{"date": "2009-03-25"}], "uri": "/bill/2008/40/dail/3"}}, {"event": {"progressStage": 4, "chamber": {"showAs": "D\u00e1il", "uri": "/house/dail"}, "showAs": "Fourth Stage", "dates": [{"date": "2010-06-22"}], "uri": "/bill/2008/40/dail/4"}}, {"event": {"progressStage": 5, "chamber": {"showAs": "D\u00e1il", "uri": "/house/dail"}, "showAs": "Fifth Stage", "dates": [{"date": "2010-06-22"}], "uri": "/bill/2008/40/dail/5"}}, {"event": {"progressStage": 6, "chamber": {"showAs": "Seanad", "uri": "/house/seanad"}, "showAs": "Third Stage", "dates": [{"date": "2012-10-04"}, {"date": "2012-10-17"}], "uri": "/bill/2008/40/seanad/3"}}, {"event": {"progressStage": 7, "chamber": {"showAs": "Seanad", "uri": "/house/seanad"}, "showAs": "Fourth Stage", "dates": [{"date": "2012-10-17"}], "uri": "/bill/2008/40/seanad/4"}}, {"event": {"progressStage": 9, "chamber": null, "showAs": "Enacted", "dates": [{"date": "2012-10-31"}], "uri": "/bill/2008/40/seanad/5"}}, {"event": {"progressStage": 9, "chamber": null, "showAs": "Enacted", "dates": [{"date": "2012-10-31"}], "uri": "/bill/2008/40/seanad/5"}}], "originHouse": {"showAs": "D\u00e1il \u00c9ireann", "uri": "/house/dail"}, "billYear": "2008", "act": {"dateSigned": "2012-10-31", "uri": "/act/2012/38", "shortTitle": "Ombudsman (Amendment) Act 2012", "actYear": "2012", "longTitle": null, "actNo": "38", "statuteBookURI": "http://www.irishstatutebook.ie/eli/2012/act/38"}}