{"stages": [{"event": {"showAs": "First Stage", "uri": "/bill/2012/114/dail/1", "chamber": {"showAs": "D\u00e1il", "uri": "/house/dail"}, "dates": [{"date": "2012-12-11"}], "progressStage": 1}}], "shortTitle": "Road Traffic (Amendment) Bill 2012", "longTitle": "Bill entitled An Act to introduce criminal offences concerning vehicle mileage and related matters", "amendmentLists": [], "billType": "Public", "billNo": "114", "versions": [], "events": [{"event": {"showAs": "Withdrawn", "progressStage": null, "chamber": {"showAs": "D\u00e1il", "uri": "/house/dail"}, "dates": [{"date": "2014-04-01"}], "uri": "/bill/2012/114/dail/1/withdrawn"}}], "billYear": "2012", "originHouse": {"showAs": "D\u00e1il \u00c9ireann", "uri": "/house/dail"}, "uri": "/bill/2012/114", "status": "Withdrawn", "_id": "bill.2012.114", "sponsors": [{"sponsor": {"as": {"showAs": null, "uri": null}, "by": {"showAs": "Richard Bruton", "uri": "/member/Richard-Bruton.S.1981-10-08"}}}], "act": null, "method": "Introduction"}