{"stages": [{"event": {"showAs": "First Stage", "uri": "/bill/2012/90/dail/1", "chamber": {"showAs": "D\u00e1il", "uri": "/house/dail"}, "dates": [{"date": "2012-10-24"}], "progressStage": 1}}, {"event": {"showAs": "Second Stage", "uri": "/bill/2012/90/dail/2", "chamber": {"showAs": "D\u00e1il", "uri": "/house/dail"}, "dates": [{"date": "2013-03-08"}], "progressStage": 2}}], "shortTitle": "Autism Bill 2012", "longTitle": "Bill entitled An Act to provide for an autism strategy to be prepared and to provide for related matters", "amendmentLists": [], "billType": "Public", "billNo": "90", "versions": [], "events": [{"event": {"showAs": "Lapsed", "progressStage": null, "chamber": {"showAs": null, "uri": null}, "dates": [{"date": "2016-02-03"}], "uri": "/bill/2012/90/lapsed"}}], "billYear": "2012", "originHouse": {"showAs": "D\u00e1il \u00c9ireann", "uri": "/house/dail"}, "uri": "/bill/2012/90", "status": "Lapsed", "_id": "bill.2012.90", "sponsors": [{"sponsor": {"as": {"showAs": null, "uri": null}, "by": {"showAs": "Alan Shatter", "uri": "/member/Alan-Shatter.D.1981-06-30"}}}], "act": null, "method": "Introduction"}