{"stages": [{"event": {"showAs": "First Stage", "uri": "/bill/2012/53/seanad/1", "chamber": {"showAs": "Seanad", "uri": "/house/seanad"}, "dates": [{"date": "2012-06-15"}], "progressStage": 1}}, {"event": {"showAs": "Second Stage", "uri": "/bill/2012/53/seanad/2", "chamber": {"showAs": "Seanad", "uri": "/house/seanad"}, "dates": [{"date": "2012-06-21"}], "progressStage": 2}}, {"event": {"showAs": "Third Stage", "uri": "/bill/2012/53/seanad/3", "chamber": {"showAs": "Seanad", "uri": "/house/seanad"}, "dates": [{"date": "2012-06-28"}, {"date": "2012-07-04"}, {"date": "2012-07-05"}], "progressStage": 3}}, {"event": {"showAs": "Fourth Stage", "uri": "/bill/2012/53/seanad/4", "chamber": {"showAs": "Seanad", "uri": "/house/seanad"}, "dates": [{"date": "2012-07-11"}], "progressStage": 4}}, {"event": {"showAs": "Fifth Stage", "uri": "/bill/2012/53/seanad/5", "chamber": {"showAs": "Seanad", "uri": "/house/seanad"}, "dates": [{"date": "2012-07-11"}], "progressStage": 5}}, {"event": {"showAs": "Second Stage", "uri": "/bill/2012/53/dail/2", "chamber": {"showAs": "D\u00e1il", "uri": "/house/dail"}, "dates": [{"date": "2012-07-12"}, {"date": "2012-07-13"}, {"date": "2012-07-17"}], "progressStage": 6}}, {"event": {"showAs": "Third Stage", "uri": "/bill/2012/53/dail/3", "chamber": {"showAs": "D\u00e1il", "uri": "/house/dail"}, "dates": [{"date": "2012-07-19"}], "progressStage": 7}}, {"event": {"showAs": "Fourth Stage", "uri": "/bill/2012/53/dail/4", "chamber": {"showAs": "D\u00e1il", "uri": "/house/dail"}, "dates": [{"date": "2012-07-19"}], "progressStage": 8}}, {"event": {"showAs": "Enacted", "uri": "/bill/2012/53/dail/5", "chamber": null, "dates": [{"date": "2012-07-25"}], "progressStage": 10}}, {"event": {"showAs": "Enacted", "uri": "/bill/2012/53/dail/5", "chamber": null, "dates": [{"date": "2012-07-25"}], "progressStage": 10}}], "shortTitle": "Gaeltacht Bill 2012", "longTitle": "Bill entitled An Act to designate Gaeltacht Language Planning Areas, Gaeltacht Service Towns and Irish Language Networks; to amend the Ministers and Secretaries (Amendment) Act 1956; to amend the \u00dadar\u00e1s na Gaeltachta Act 1979; to amend the Electoral Act 1992; to amend the Electoral Act 1997; and to provide for related matters", "amendmentLists": [], "billType": "Public", "billNo": "53", "versions": [], "events": [], "billYear": "2012", "originHouse": {"showAs": "Seanad \u00c9ireann", "uri": "/house/seanad"}, "uri": "/bill/2012/53", "status": "Enacted", "_id": "bill.2012.53", "sponsors": [{"sponsor": {"as": {"showAs": "Minister for Arts, Heritage and the Gaeltacht", "uri": "/office/minister/arts__heritage__gaeltacht"}, "by": {"showAs": "Jimmy Deenihan", "uri": "/member/Jimmy-Deenihan.S.1983-02-23"}}}], "act": {"dateSigned": "2012-07-25", "shortTitle": "Gaeltacht Act 2012", "actYear": "2012", "uri": "/act/2012/34", "longTitle": "An Act to designate Gaeltacht Language Planning Areas, Gaeltacht Service Towns and Irish Language Networks; to amend the Ministers and Secretaries (Amendment) Act 1956; to amend the \u00dadar\u00e1s na Gaeltachta Act 1979; to amend the Electoral Act 1992; to amend the Electoral Act 1997; and to provide for related matters", "actNo": "34", "statuteBookURI": "http://www.irishstatutebook.ie/eli/2012/act/34"}, "method": "Presentation"}