{"billNo": "34", "billType": "Public", "versions": [], "longTitle": "Bill entitled An Act to make provision for the limitation of the effect of certain criminal convictions in certain circumstances and after certain periods of time; to amend the National Vetting Bureau (Children and Vulnerable Persons) Act 2012 and the Garda S\u00edoch\u00e1na Act 2005; and to provide for related matters", "uri": "/bill/2012/34", "events": [{"progressStage": null, "event": {"chamber": {"showAs": null, "uri": null}, "showAs": null, "dates": [{"date": "2016-02-11"}], "uri": "/bill/2012/34/signature"}}], "_id": "bill.2012.34", "amendmentLists": [], "sponsors": [{"sponsor": {"as": {"showAs": "Minister for Justice and Equality", "uri": "/office/minister/justice__equality"}, "by": {"showAs": "Alan Shatter", "uri": "/member/Alan-Shatter.D.1981-06-30"}}}], "method": "Presentation", "shortTitle": "Criminal Justice (Spent Convictions and Certain Disclosures) Bill 2012", "stages": [{"event": {"progressStage": 1, "chamber": {"showAs": "Seanad", "uri": "/house/seanad"}, "showAs": "First Stage", "dates": [{"date": "2012-05-02"}], "uri": "/bill/2012/34/seanad/1"}}, {"event": {"progressStage": 2, "chamber": {"showAs": "Seanad", "uri": "/house/seanad"}, "showAs": "Second Stage", "dates": [{"date": "2012-06-13"}], "uri": "/bill/2012/34/seanad/2"}}, {"event": {"progressStage": 3, "chamber": {"showAs": "Seanad", "uri": "/house/seanad"}, "showAs": "Third Stage", "dates": [{"date": "2013-01-30"}], "uri": "/bill/2012/34/seanad/3"}}, {"event": {"progressStage": 4, "chamber": {"showAs": "Seanad", "uri": "/house/seanad"}, "showAs": "Fourth Stage", "dates": [{"date": "2013-02-05"}, {"date": "2016-02-03"}], "uri": "/bill/2012/34/seanad/4"}}, {"event": {"progressStage": 5, "chamber": {"showAs": "Seanad", "uri": "/house/seanad"}, "showAs": "Fifth Stage", "dates": [{"date": "2013-02-05"}, {"date": "2016-02-03"}], "uri": "/bill/2012/34/seanad/5"}}, {"event": {"progressStage": 6, "chamber": {"showAs": "D\u00e1il", "uri": "/house/dail"}, "showAs": "Second Stage", "dates": [{"date": "2013-03-07"}, {"date": "2013-03-12"}, {"date": "2013-03-14"}], "uri": "/bill/2012/34/dail/2"}}, {"event": {"progressStage": 7, "chamber": {"showAs": "D\u00e1il", "uri": "/house/dail"}, "showAs": "Fourth Stage", "dates": [{"date": "2016-01-27"}], "uri": "/bill/2012/34/dail/4"}}, {"event": {"progressStage": 8, "chamber": {"showAs": "D\u00e1il", "uri": "/house/dail"}, "showAs": "Fifth Stage", "dates": [{"date": "2016-01-27"}], "uri": "/bill/2012/34/dail/5"}}], "originHouse": {"showAs": "Seanad \u00c9ireann", "uri": "/house/seanad"}, "billYear": "2012", "act": null}