{"billNo": "116", "billType": "Public", "versions": [], "longTitle": "Bill entitled An Act to consolidate, with amendments, certain enactments relating to companies and to provide for related matters\u0000", "uri": "/bill/2012/116", "events": [], "_id": "bill.2012.116", "amendmentLists": [], "sponsors": [{"sponsor": {"as": {"showAs": "Minister for Jobs, Enterprise and Innovation", "uri": "/office/minister/jobs__enterprise__innovation"}, "by": {"showAs": "Richard Bruton", "uri": "/member/Richard-Bruton.S.1981-10-08"}}}], "method": "Presentation", "shortTitle": "Companies Bill 2012", "stages": [{"event": {"progressStage": 1, "chamber": {"showAs": "D\u00e1il", "uri": "/house/dail"}, "showAs": "First Stage", "dates": [{"date": "2012-12-13"}], "uri": "/bill/2012/116/dail/1"}}, {"event": {"progressStage": 2, "chamber": {"showAs": "D\u00e1il", "uri": "/house/dail"}, "showAs": "Second Stage", "dates": [{"date": "2013-04-23"}, {"date": "2013-04-25"}], "uri": "/bill/2012/116/dail/2"}}, {"event": {"progressStage": 3, "chamber": {"showAs": "D\u00e1il", "uri": "/house/dail"}, "showAs": "Fourth Stage", "dates": [{"date": "2014-03-25"}], "uri": "/bill/2012/116/dail/4"}}, {"event": {"progressStage": 4, "chamber": {"showAs": "D\u00e1il", "uri": "/house/dail"}, "showAs": "Fifth Stage", "dates": [{"date": "2014-04-02"}, {"date": "2014-12-10"}], "uri": "/bill/2012/116/dail/5"}}, {"event": {"progressStage": 5, "chamber": {"showAs": "Seanad", "uri": "/house/seanad"}, "showAs": "Second Stage", "dates": [{"date": "2014-06-10"}], "uri": "/bill/2012/116/seanad/2"}}, {"event": {"progressStage": 6, "chamber": {"showAs": "Seanad", "uri": "/house/seanad"}, "showAs": "Third Stage", "dates": [{"date": "2014-06-17"}], "uri": "/bill/2012/116/seanad/3"}}, {"event": {"progressStage": 7, "chamber": {"showAs": "Seanad", "uri": "/house/seanad"}, "showAs": "Fourth Stage", "dates": [{"date": "2014-09-30"}], "uri": "/bill/2012/116/seanad/4"}}, {"event": {"progressStage": 9, "chamber": null, "showAs": "Enacted", "dates": [{"date": "2014-12-23"}], "uri": "/bill/2012/116/seanad/5"}}, {"event": {"progressStage": 9, "chamber": null, "showAs": "Enacted", "dates": [{"date": "2014-12-23"}], "uri": "/bill/2012/116/seanad/5"}}], "originHouse": {"showAs": "D\u00e1il \u00c9ireann", "uri": "/house/dail"}, "billYear": "2012", "act": {"dateSigned": "2014-12-23", "uri": "/act/2014/38", "shortTitle": "Companies Act 2014", "actYear": "2014", "longTitle": "An Act to consolidate, with amendments, certain enactments relating to companies and to provide for related matters\u0000", "actNo": "38", "statuteBookURI": "http://www.irishstatutebook.ie/eli/2014/act/38"}}