{"billNo": "30", "billType": "Public", "versions": [], "longTitle": "Bill entitled An Act to allow for the quarterly review of excise duty on petrol and diesel and the introduction of an immediate reduction of 4 cent per litre on the excise duty on petrol and diesel", "uri": "/bill/2012/30", "events": [{"progressStage": null, "event": {"chamber": {"showAs": "D\u00e1il", "uri": "/house/dail"}, "showAs": "Second Stage", "dates": [{"date": "2012-04-25"}], "uri": "/bill/2012/30/dail/2/rejected"}}], "_id": "bill.2012.30", "amendmentLists": [], "sponsors": [{"sponsor": {"as": {"showAs": null, "uri": null}, "by": {"showAs": "Richard Bruton", "uri": "/member/Richard-Bruton.S.1981-10-08"}}}], "method": "Introduction", "shortTitle": "Motorist Emergency Relief Bill 2012", "stages": [{"event": {"progressStage": 1, "chamber": {"showAs": "D\u00e1il", "uri": "/house/dail"}, "showAs": "First Stage", "dates": [{"date": "2012-04-20"}], "uri": "/bill/2012/30/dail/1"}}, {"event": {"progressStage": 2, "chamber": {"showAs": "D\u00e1il", "uri": "/house/dail"}, "showAs": "Second Stage", "dates": [{"date": "2012-04-24"}, {"date": "2012-04-25"}], "uri": "/bill/2012/30/dail/2"}}], "originHouse": {"showAs": "D\u00e1il \u00c9ireann", "uri": "/house/dail"}, "billYear": "2012", "act": null}