{"stages": [{"event": {"showAs": "First Stage", "uri": "/bill/2012/33/dail/1", "chamber": {"showAs": "D\u00e1il", "uri": "/house/dail"}, "dates": [{"date": "2012-04-26"}], "progressStage": 1}}, {"event": {"showAs": "Second Stage", "uri": "/bill/2012/33/dail/2", "chamber": {"showAs": "D\u00e1il", "uri": "/house/dail"}, "dates": [{"date": "2012-05-01"}], "progressStage": 2}}], "shortTitle": "Protection of Employees (Amendment) Bill 2012", "longTitle": "Bill entitled An Act to provide for extensions to the periods of notice required to be given in collective redundancies, to provide a time limit within which applications for redress for employees must be heard, to confer certain rights on employees where employers fail to pay debts due, to provide a time limit within which applications for redress must be processed and to provide for related matters\u0000", "amendmentLists": [], "billType": "Public", "billNo": "33", "versions": [], "events": [{"event": {"showAs": "Second Stage", "progressStage": null, "chamber": {"showAs": "D\u00e1il", "uri": "/house/dail"}, "dates": [{"date": "2012-05-02"}], "uri": "/bill/2012/33/dail/2/rejected"}}], "billYear": "2012", "originHouse": {"showAs": "D\u00e1il \u00c9ireann", "uri": "/house/dail"}, "uri": "/bill/2012/33", "status": "Rejected", "_id": "bill.2012.33", "sponsors": [{"sponsor": {"as": {"showAs": null, "uri": null}, "by": {"showAs": "Alan Shatter", "uri": "/member/Alan-Shatter.D.1981-06-30"}}}], "act": null, "method": "Introduction"}