{"stages": [{"event": {"showAs": "First Stage", "uri": "/bill/2012/106/dail/1", "chamber": {"showAs": "D\u00e1il", "uri": "/house/dail"}, "dates": [{"date": "2012-12-04"}], "progressStage": 1}}, {"event": {"showAs": "Second Stage", "uri": "/bill/2012/106/dail/2", "chamber": {"showAs": "D\u00e1il", "uri": "/house/dail"}, "dates": [{"date": "2014-03-07"}], "progressStage": 2}}], "shortTitle": "Misuse of Motor Vehicles (Public Spaces) Bill 2012", "longTitle": "Bill entitled An Act to give powers to an Garda S\u00edoch\u00e1na to deal with the use of motor propelled vehicles in areas designated public spaces by local authorities\u0000", "amendmentLists": [], "billType": "Public", "billNo": "106", "versions": [], "events": [{"event": {"showAs": "Second Stage", "progressStage": null, "chamber": {"showAs": "D\u00e1il", "uri": "/house/dail"}, "dates": [{"date": "2014-03-11"}], "uri": "/bill/2012/106/dail/2/rejected"}}], "billYear": "2012", "originHouse": {"showAs": "D\u00e1il \u00c9ireann", "uri": "/house/dail"}, "uri": "/bill/2012/106", "status": "Rejected", "_id": "bill.2012.106", "sponsors": [{"sponsor": {"as": {"showAs": null, "uri": null}, "by": {"showAs": "Joan Burton", "uri": "/member/Joan-Burton.D.1992-12-14"}}}], "act": null, "method": "Introduction"}