{"stages": [{"event": {"showAs": "Fourth Stage", "uri": "/bill/2013/112/dail/4", "chamber": {"showAs": "D\u00e1il", "uri": "/house/dail"}, "dates": [{"date": "2012-12-10"}], "progressStage": 1}}, {"event": {"showAs": "First Stage", "uri": "/bill/2013/112/dail/1", "chamber": {"showAs": "D\u00e1il", "uri": "/house/dail"}, "dates": [{"date": "2013-11-12"}], "progressStage": 2}}, {"event": {"showAs": "Second Stage", "uri": "/bill/2013/112/dail/2", "chamber": {"showAs": "D\u00e1il", "uri": "/house/dail"}, "dates": [{"date": "2013-11-19"}], "progressStage": 3}}, {"event": {"showAs": "Fifth Stage", "uri": "/bill/2013/112/dail/5", "chamber": {"showAs": "D\u00e1il", "uri": "/house/dail"}, "dates": [{"date": "2013-12-10"}], "progressStage": 4}}, {"event": {"showAs": "Second Stage", "uri": "/bill/2013/112/seanad/2", "chamber": {"showAs": "Seanad", "uri": "/house/seanad"}, "dates": [{"date": "2013-12-12"}], "progressStage": 5}}, {"event": {"showAs": "Third Stage", "uri": "/bill/2013/112/seanad/3", "chamber": {"showAs": "Seanad", "uri": "/house/seanad"}, "dates": [{"date": "2013-12-17"}], "progressStage": 6}}, {"event": {"showAs": "Fourth Stage", "uri": "/bill/2013/112/seanad/4", "chamber": {"showAs": "Seanad", "uri": "/house/seanad"}, "dates": [{"date": "2013-12-19"}], "progressStage": 7}}, {"event": {"showAs": "Enacted", "uri": "/bill/2013/112/seanad/5", "chamber": null, "dates": [{"date": "2013-12-25"}], "progressStage": 9}}, {"event": {"showAs": "Enacted", "uri": "/bill/2013/112/seanad/5", "chamber": null, "dates": [{"date": "2013-12-25"}], "progressStage": 9}}], "shortTitle": "Health Insurance (Amendment) Bill 2013", "longTitle": "Bill entitled An Act to amend the Health Insurance Act 1994 to specify the amount of the hospital bed utilisation credit applicable from 1 March 2014; to amend that Act to specify the amount of premium to be paid from the risk equalisation fund, in respect of certain classes of insured persons, from 1 March 2014; to make certain other amendments to that Act; to make consequential amendments to the Stamp Duties Consolidation Act 1999; and to provide for related matters", "amendmentLists": [], "billType": "Public", "billNo": "112", "versions": [], "events": [], "billYear": "2013", "originHouse": {"showAs": "D\u00e1il \u00c9ireann", "uri": "/house/dail"}, "uri": "/bill/2013/112", "status": "Enacted", "_id": "bill.2013.112", "sponsors": [{"sponsor": {"as": {"showAs": "Minister for Health", "uri": "/office/minister/health"}, "by": {"showAs": "James Reilly", "uri": "/member/James-Reilly.D.2007-06-14"}}}], "act": {"dateSigned": "2013-12-25", "shortTitle": "Health Insurance (Amendment) Act 2013", "actYear": "2013", "uri": "/act/2013/48", "longTitle": "An Act to amend the Health Insurance Act 1994 to specify the amount of the hospital bed utilisation credit applicable from 1 March 2014; to amend that Act to specify the amount of premium to be paid from the risk equalisation fund, in respect of certain classes of insured persons, from 1 March 2014; to make certain other amendments to that Act; to make consequential amendments to the Stamp Duties Consolidation Act 1999; and to provide for related matters", "actNo": "48", "statuteBookURI": "http://www.irishstatutebook.ie/eli/2013/act/48"}, "method": "Presentation"}