{"billNo": "26", "billType": "Public", "versions": [], "longTitle": "Bill entitled An Act to amend and extend the Social Welfare Acts and the Pensions Acts 1990 to 2011 and to provide for related matters", "uri": "/bill/2012/26", "events": [], "_id": "bill.2012.26", "amendmentLists": [], "sponsors": [{"sponsor": {"as": {"showAs": "Minister for Social Protection", "uri": "/office/minister/social_protection"}, "by": {"showAs": "Joan Burton", "uri": "/member/Joan-Burton.D.1992-12-14"}}}], "method": "Presentation", "shortTitle": "Social Welfare and Pensions Bill 2012", "stages": [{"event": {"progressStage": 1, "chamber": {"showAs": "D\u00e1il", "uri": "/house/dail"}, "showAs": "First Stage", "dates": [{"date": "2012-04-03"}], "uri": "/bill/2012/26/dail/1"}}, {"event": {"progressStage": 2, "chamber": {"showAs": "D\u00e1il", "uri": "/house/dail"}, "showAs": "Second Stage", "dates": [{"date": "2012-04-18"}, {"date": "2012-04-19"}, {"date": "2012-04-24"}], "uri": "/bill/2012/26/dail/2"}}, {"event": {"progressStage": 3, "chamber": {"showAs": "D\u00e1il", "uri": "/house/dail"}, "showAs": "Third Stage", "dates": [{"date": "2012-04-25"}, {"date": "2012-04-26"}], "uri": "/bill/2012/26/dail/3"}}, {"event": {"progressStage": 4, "chamber": {"showAs": "D\u00e1il", "uri": "/house/dail"}, "showAs": "Fourth Stage", "dates": [{"date": "2012-04-26"}], "uri": "/bill/2012/26/dail/4"}}, {"event": {"progressStage": 5, "chamber": {"showAs": "D\u00e1il", "uri": "/house/dail"}, "showAs": "Fifth Stage", "dates": [{"date": "2012-04-26"}], "uri": "/bill/2012/26/dail/5"}}, {"event": {"progressStage": 6, "chamber": {"showAs": "Seanad", "uri": "/house/seanad"}, "showAs": "Second Stage", "dates": [{"date": "2012-04-27"}], "uri": "/bill/2012/26/seanad/2"}}, {"event": {"progressStage": 7, "chamber": {"showAs": "Seanad", "uri": "/house/seanad"}, "showAs": "Third Stage", "dates": [{"date": "2012-04-27"}, {"date": "2012-04-30"}], "uri": "/bill/2012/26/seanad/3"}}, {"event": {"progressStage": 8, "chamber": {"showAs": "Seanad", "uri": "/house/seanad"}, "showAs": "Fourth Stage", "dates": [{"date": "2012-04-30"}], "uri": "/bill/2012/26/seanad/4"}}, {"event": {"progressStage": 10, "chamber": null, "showAs": "Enacted", "dates": [{"date": "2012-05-01"}], "uri": "/bill/2012/26/seanad/5"}}, {"event": {"progressStage": 10, "chamber": null, "showAs": "Enacted", "dates": [{"date": "2012-05-01"}], "uri": "/bill/2012/26/seanad/5"}}], "originHouse": {"showAs": "D\u00e1il \u00c9ireann", "uri": "/house/dail"}, "billYear": "2012", "act": {"dateSigned": "2012-05-01", "uri": "/act/2012/12", "shortTitle": "Social Welfare and Pensions Act 2012", "actYear": "2012", "longTitle": "An Act to amend and extend the Social Welfare Acts and the Pensions Acts 1990 to 2011 and to provide for related matters", "actNo": "12", "statuteBookURI": "http://www.irishstatutebook.ie/eli/2012/act/12"}}