{"stages": [{"event": {"showAs": "First Stage", "uri": "/bill/2012/88/dail/1", "chamber": {"showAs": "D\u00e1il", "uri": "/house/dail"}, "dates": [{"date": "2012-10-18"}], "progressStage": 1}}, {"event": {"showAs": "Second Stage", "uri": "/bill/2012/88/dail/2", "chamber": {"showAs": "D\u00e1il", "uri": "/house/dail"}, "dates": [{"date": "2013-01-18"}, {"date": "2013-01-22"}], "progressStage": 2}}], "shortTitle": "Social Welfare (Amnesty) Bill 2012", "longTitle": "Bill entitled An Act to introduce a temporary amnesty with respect to social welfare overpayments", "amendmentLists": [], "billType": "Public", "billNo": "88", "versions": [], "events": [{"event": {"showAs": "Second Stage", "progressStage": null, "chamber": {"showAs": "D\u00e1il", "uri": "/house/dail"}, "dates": [{"date": "2013-01-22"}], "uri": "/bill/2012/88/dail/2/rejected"}}], "billYear": "2012", "originHouse": {"showAs": "D\u00e1il \u00c9ireann", "uri": "/house/dail"}, "uri": "/bill/2012/88", "status": "Rejected", "_id": "bill.2012.88", "sponsors": [{"sponsor": {"as": {"showAs": null, "uri": null}, "by": {"showAs": "James Reilly", "uri": "/member/James-Reilly.D.2007-06-14"}}}], "act": null, "method": "Introduction"}