{"stages": [{"event": {"showAs": "First Stage", "uri": "/bill/2012/104/dail/1", "chamber": {"showAs": "D\u00e1il", "uri": "/house/dail"}, "dates": [{"date": "2012-11-22"}], "progressStage": 1}}], "shortTitle": "Thirty-second Amendment of the Constitution (D\u00e1il \u00c9ireann) Bill 2012", "longTitle": "Bill entitled An Act to amend the Constitution", "amendmentLists": [], "billType": "Public", "billNo": "104", "versions": [], "events": [{"event": {"showAs": "Lapsed", "progressStage": null, "chamber": {"showAs": null, "uri": null}, "dates": [{"date": "2016-02-03"}], "uri": "/bill/2012/104/lapsed"}}], "billYear": "2012", "originHouse": {"showAs": "D\u00e1il \u00c9ireann", "uri": "/house/dail"}, "uri": "/bill/2012/104", "status": "Lapsed", "_id": "bill.2012.104", "sponsors": [{"sponsor": {"as": {"showAs": null, "uri": null}, "by": {"showAs": "Leo Varadkar", "uri": "/member/Leo-Varadkar.D.2007-06-14"}}}], "act": null, "method": "Introduction"}