{"billNo": "115", "billType": "Public", "versions": [], "status": "Enacted", "longTitle": "Bill entitled An Act to appropriate to the proper supply services and purposes sums granted by the Central Fund (Permanent Provisions) Act 1965, to make provision in relation to deferred surrender to the central fund of certain undischarged appropriations by reference to the capital supply services and purposes as provided for by section 91 of the Finance Act 2004 and to make provision in relation to the financial resolutions passed by D\u00e1il \u00c9ireann on 5 December 2012", "uri": "/bill/2012/115", "events": [], "_id": "bill.2012.115", "amendmentLists": [], "sponsors": [{"sponsor": {"as": {"showAs": "Minister for Public Expenditure and Reform", "uri": "/office/minister/public_expenditure__reform"}, "by": {"showAs": "Brendan Howlin", "uri": "/member/Brendan-Howlin.S.1983-02-23"}}}], "method": "Presentation", "shortTitle": "Appropriation Bill 2012", "stages": [{"event": {"progressStage": 1, "chamber": {"showAs": "D\u00e1il", "uri": "/house/dail"}, "showAs": "First Stage", "dates": [{"date": "2012-12-14"}], "uri": "/bill/2012/115/dail/1"}}, {"event": {"progressStage": 2, "chamber": {"showAs": "D\u00e1il", "uri": "/house/dail"}, "showAs": "Second Stage", "dates": [{"date": "2012-12-19"}], "uri": "/bill/2012/115/dail/2"}}, {"event": {"progressStage": 3, "chamber": {"showAs": "D\u00e1il", "uri": "/house/dail"}, "showAs": "Third Stage", "dates": [{"date": "2012-12-19"}], "uri": "/bill/2012/115/dail/3"}}, {"event": {"progressStage": 4, "chamber": {"showAs": "D\u00e1il", "uri": "/house/dail"}, "showAs": "Fourth Stage", "dates": [{"date": "2012-12-19"}], "uri": "/bill/2012/115/dail/4"}}, {"event": {"progressStage": 5, "chamber": {"showAs": "D\u00e1il", "uri": "/house/dail"}, "showAs": "Fifth Stage", "dates": [{"date": "2012-12-19"}], "uri": "/bill/2012/115/dail/5"}}, {"event": {"progressStage": 6, "chamber": {"showAs": "Seanad", "uri": "/house/seanad"}, "showAs": "Second Stage", "dates": [{"date": "2012-12-20"}], "uri": "/bill/2012/115/seanad/2"}}, {"event": {"progressStage": 7, "chamber": {"showAs": "Seanad", "uri": "/house/seanad"}, "showAs": "Third Stage", "dates": [{"date": "2012-12-20"}], "uri": "/bill/2012/115/seanad/3"}}, {"event": {"progressStage": 8, "chamber": {"showAs": "Seanad", "uri": "/house/seanad"}, "showAs": "Fourth Stage", "dates": [{"date": "2012-12-20"}], "uri": "/bill/2012/115/seanad/4"}}, {"event": {"progressStage": 10, "chamber": null, "showAs": "Enacted", "dates": [{"date": "2012-12-21"}], "uri": "/bill/2012/115/seanad/5"}}, {"event": {"progressStage": 10, "chamber": null, "showAs": "Enacted", "dates": [{"date": "2012-12-21"}], "uri": "/bill/2012/115/seanad/5"}}], "originHouse": {"showAs": "D\u00e1il \u00c9ireann", "uri": "/house/dail"}, "billYear": "2012", "act": {"dateSigned": "2012-12-21", "uri": "/act/2012/42", "shortTitle": "Appropriation Act 2012", "actYear": "2012", "longTitle": "An Act to appropriate to the proper supply services and purposes sums granted by the Central Fund (Permanent Provisions) Act 1965, to make provision in relation to deferred surrender to the central fund of certain undischarged appropriations by reference to the capital supply services and purposes as provided for by section 91 of the Finance Act 2004 and to make provision in relation to the financial resolutions passed by D\u00e1il \u00c9ireann on 5 December 2012", "actNo": "42", "statuteBookURI": "http://www.irishstatutebook.ie/eli/2012/act/42"}}