{"billNo": "73", "billType": "Public", "versions": [], "status": "Lapsed", "longTitle": "Bill entitled An Act to provide for the establishment of a scheme to allow the parents or guardians of a child or vulnerable adult to make an enquiry to the Garda S\u00edoch\u00e1na for the purpose of ascertaining whether a person with whom their child is in contact has been convicted of a sexual offence or is otherwise likely to pose a serious danger to children; to allow schools or clubs to make enquires to safeguard children in their care; to modernise the monitoring of sex offenders; to amend the Sex Offenders Act 2001; and to provide for related matters", "uri": "/bill/2012/73", "events": [{"progressStage": null, "event": {"chamber": {"showAs": null, "uri": null}, "showAs": "Lapsed", "dates": [{"date": "2016-02-03"}], "uri": "/bill/2012/73/lapsed"}}], "_id": "bill.2012.73", "amendmentLists": [], "sponsors": [{"sponsor": {"as": {"showAs": null, "uri": null}, "by": {"showAs": "Alan Shatter", "uri": "/member/Alan-Shatter.D.1981-06-30"}}}], "method": "Introduction", "shortTitle": "Child Sex Offenders (Information and Monitoring) Bill 2012", "stages": [{"event": {"progressStage": 1, "chamber": {"showAs": "D\u00e1il", "uri": "/house/dail"}, "showAs": "First Stage", "dates": [{"date": "2012-07-19"}], "uri": "/bill/2012/73/dail/1"}}, {"event": {"progressStage": 2, "chamber": {"showAs": "D\u00e1il", "uri": "/house/dail"}, "showAs": "Second Stage", "dates": [{"date": "2013-10-11"}], "uri": "/bill/2012/73/dail/2"}}], "originHouse": {"showAs": "D\u00e1il \u00c9ireann", "uri": "/house/dail"}, "billYear": "2012", "act": null}