{"stages": [{"event": {"showAs": "First Stage", "uri": "/bill/2012/78/dail/1", "chamber": {"showAs": "D\u00e1il", "uri": "/house/dail"}, "dates": [{"date": "2012-09-17"}], "progressStage": 1}}, {"event": {"showAs": "Second Stage", "uri": "/bill/2012/78/dail/2", "chamber": {"showAs": "D\u00e1il", "uri": "/house/dail"}, "dates": [{"date": "2012-09-25"}, {"date": "2012-09-26"}, {"date": "2012-09-27"}], "progressStage": 2}}, {"event": {"showAs": "Third Stage", "uri": "/bill/2012/78/dail/3", "chamber": {"showAs": "D\u00e1il", "uri": "/house/dail"}, "dates": [{"date": "2012-09-27"}], "progressStage": 3}}, {"event": {"showAs": "Fourth Stage", "uri": "/bill/2012/78/dail/4", "chamber": {"showAs": "D\u00e1il", "uri": "/house/dail"}, "dates": [{"date": "2012-09-27"}], "progressStage": 4}}, {"event": {"showAs": "Fifth Stage", "uri": "/bill/2012/78/dail/5", "chamber": {"showAs": "D\u00e1il", "uri": "/house/dail"}, "dates": [{"date": "2012-09-27"}], "progressStage": 5}}, {"event": {"showAs": "Second Stage", "uri": "/bill/2012/78/seanad/2", "chamber": {"showAs": "Seanad", "uri": "/house/seanad"}, "dates": [{"date": "2012-10-02"}], "progressStage": 6}}, {"event": {"showAs": "Third Stage", "uri": "/bill/2012/78/seanad/3", "chamber": {"showAs": "Seanad", "uri": "/house/seanad"}, "dates": [{"date": "2012-10-03"}], "progressStage": 7}}, {"event": {"showAs": "Fourth Stage", "uri": "/bill/2012/78/seanad/4", "chamber": {"showAs": "Seanad", "uri": "/house/seanad"}, "dates": [{"date": "2012-10-03"}], "progressStage": 8}}, {"event": {"showAs": "Fifth Stage", "uri": "/bill/2012/78/seanad/5", "chamber": {"showAs": "Seanad", "uri": "/house/seanad"}, "dates": [{"date": "2012-10-03"}], "progressStage": 9}}], "shortTitle": "Thirty-First Amendment of the Constitution (Children) Bill 2012", "longTitle": "Bill entitled An Act to amend the Constitution", "amendmentLists": [], "billType": "Public", "billNo": "78", "versions": [], "events": [], "billYear": "2012", "originHouse": {"showAs": "D\u00e1il \u00c9ireann", "uri": "/house/dail"}, "uri": "/bill/2012/78", "status": "Enacted", "_id": "bill.2012.78", "sponsors": [{"sponsor": {"as": {"showAs": "Minister for Children and Youth Affairs", "uri": "/office/minister/children__youth_affairs"}, "by": {"showAs": "Frances Fitzgerald", "uri": "/member/Frances-Fitzgerald.D.1992-12-14"}}}], "act": null, "method": "Presentation"}