{"billNo": "78", "billType": "Public", "versions": [], "status": "Enacted", "longTitle": "Bill entitled An Act to amend the Constitution", "uri": "/bill/2012/78", "events": [], "_id": "bill.2012.78", "amendmentLists": [], "sponsors": [{"sponsor": {"as": {"showAs": "Minister for Children and Youth Affairs", "uri": "/office/minister/children__youth_affairs"}, "by": {"showAs": "Frances Fitzgerald", "uri": "/member/Frances-Fitzgerald.D.1992-12-14"}}}], "method": "Presentation", "shortTitle": "Thirty-First Amendment of the Constitution (Children) Bill 2012", "stages": [{"event": {"progressStage": 1, "chamber": {"showAs": "D\u00e1il", "uri": "/house/dail"}, "showAs": "First Stage", "dates": [{"date": "2012-09-17"}], "uri": "/bill/2012/78/dail/1"}}, {"event": {"progressStage": 2, "chamber": {"showAs": "D\u00e1il", "uri": "/house/dail"}, "showAs": "Second Stage", "dates": [{"date": "2012-09-25"}, {"date": "2012-09-26"}, {"date": "2012-09-27"}], "uri": "/bill/2012/78/dail/2"}}, {"event": {"progressStage": 3, "chamber": {"showAs": "D\u00e1il", "uri": "/house/dail"}, "showAs": "Third Stage", "dates": [{"date": "2012-09-27"}], "uri": "/bill/2012/78/dail/3"}}, {"event": {"progressStage": 4, "chamber": {"showAs": "D\u00e1il", "uri": "/house/dail"}, "showAs": "Fourth Stage", "dates": [{"date": "2012-09-27"}], "uri": "/bill/2012/78/dail/4"}}, {"event": {"progressStage": 5, "chamber": {"showAs": "D\u00e1il", "uri": "/house/dail"}, "showAs": "Fifth Stage", "dates": [{"date": "2012-09-27"}], "uri": "/bill/2012/78/dail/5"}}, {"event": {"progressStage": 6, "chamber": {"showAs": "Seanad", "uri": "/house/seanad"}, "showAs": "Second Stage", "dates": [{"date": "2012-10-02"}], "uri": "/bill/2012/78/seanad/2"}}, {"event": {"progressStage": 7, "chamber": {"showAs": "Seanad", "uri": "/house/seanad"}, "showAs": "Third Stage", "dates": [{"date": "2012-10-03"}], "uri": "/bill/2012/78/seanad/3"}}, {"event": {"progressStage": 8, "chamber": {"showAs": "Seanad", "uri": "/house/seanad"}, "showAs": "Fourth Stage", "dates": [{"date": "2012-10-03"}], "uri": "/bill/2012/78/seanad/4"}}, {"event": {"progressStage": 9, "chamber": {"showAs": "Seanad", "uri": "/house/seanad"}, "showAs": "Fifth Stage", "dates": [{"date": "2012-10-03"}], "uri": "/bill/2012/78/seanad/5"}}], "originHouse": {"showAs": "D\u00e1il \u00c9ireann", "uri": "/house/dail"}, "billYear": "2012", "act": null}