{"billNo": "65", "billType": "Public", "versions": [], "status": "Withdrawn", "longTitle": "Bill entitled An Act to enable the Minister for Social Protection to designate bodies which may apply for the registration of members to solemnise marriages", "uri": "/bill/2011/65", "events": [{"progressStage": null, "event": {"chamber": {"showAs": "D\u00e1il", "uri": "/house/dail"}, "showAs": "Withdrawn", "dates": [{"date": "2012-12-12"}], "uri": "/bill/2011/65/dail/2/withdrawn"}}], "_id": "bill.2011.65", "amendmentLists": [], "sponsors": [{"sponsor": {"as": {"showAs": null, "uri": null}, "by": {"showAs": "Phil Hogan", "uri": "/member/Phil-Hogan.S.1987-04-25"}}}], "method": "Presentation", "shortTitle": "Civil Registration (Amendment) Bill 2011", "stages": [{"event": {"progressStage": 1, "chamber": {"showAs": "Seanad", "uri": "/house/seanad"}, "showAs": "First Stage", "dates": [{"date": "2011-11-03"}], "uri": "/bill/2011/65/seanad/1"}}, {"event": {"progressStage": 2, "chamber": {"showAs": "Seanad", "uri": "/house/seanad"}, "showAs": "Second Stage", "dates": [{"date": "2011-11-10"}], "uri": "/bill/2011/65/seanad/2"}}, {"event": {"progressStage": 3, "chamber": {"showAs": "Seanad", "uri": "/house/seanad"}, "showAs": "Third Stage", "dates": [{"date": "2012-05-02"}], "uri": "/bill/2011/65/seanad/3"}}, {"event": {"progressStage": 4, "chamber": {"showAs": "Seanad", "uri": "/house/seanad"}, "showAs": "Fourth Stage", "dates": [{"date": "2012-05-02"}], "uri": "/bill/2011/65/seanad/4"}}, {"event": {"progressStage": 5, "chamber": {"showAs": "Seanad", "uri": "/house/seanad"}, "showAs": "Fifth Stage", "dates": [{"date": "2012-05-02"}], "uri": "/bill/2011/65/seanad/5"}}], "originHouse": {"showAs": "Seanad \u00c9ireann", "uri": "/house/seanad"}, "billYear": "2011", "act": null}