{"stages": [{"event": {"showAs": "First Stage", "uri": "/bill/2012/6/dail/1", "chamber": {"showAs": "D\u00e1il", "uri": "/house/dail"}, "dates": [{"date": "2012-02-07"}], "progressStage": 1}}], "shortTitle": "Health (Professional Home Care) Bill 2012", "longTitle": "Bill entitled An Act to provide for the regulation of professional home care, and for that purpose to amend the Health Act 2007 and to provide for related matters\u0000", "amendmentLists": [], "billType": "Public", "billNo": "6", "versions": [], "events": [{"event": {"showAs": "Lapsed", "progressStage": null, "chamber": {"showAs": null, "uri": null}, "dates": [{"date": "2016-02-03"}], "uri": "/bill/2012/6/lapsed"}}], "billYear": "2012", "originHouse": {"showAs": "D\u00e1il \u00c9ireann", "uri": "/house/dail"}, "uri": "/bill/2012/6", "status": "Lapsed", "_id": "bill.2012.6", "sponsors": [{"sponsor": {"as": {"showAs": null, "uri": null}, "by": {"showAs": "Michael Noonan", "uri": "/member/Michael-Noonan.D.1981-06-30"}}}], "act": null, "method": "Introduction"}