{"billNo": "64", "billType": "Public", "versions": [], "longTitle": "Bill entitled An Act to amend the Consumer Credit Act 1995\u0000", "uri": "/bill/2012/64", "events": [{"progressStage": null, "event": {"chamber": {"showAs": "D\u00e1il", "uri": "/house/dail"}, "showAs": "Second Stage", "dates": [{"date": "2012-07-18"}], "uri": "/bill/2012/64/dail/2/rejected"}}], "_id": "bill.2012.64", "amendmentLists": [], "sponsors": [{"sponsor": {"as": {"showAs": null, "uri": null}, "by": {"showAs": "James Reilly", "uri": "/member/James-Reilly.D.2007-06-14"}}}], "method": "Introduction", "shortTitle": "Consumer Credit (Amendment) Bill 2012", "stages": [{"event": {"progressStage": 1, "chamber": {"showAs": "D\u00e1il", "uri": "/house/dail"}, "showAs": "First Stage", "dates": [{"date": "2012-07-12"}], "uri": "/bill/2012/64/dail/1"}}, {"event": {"progressStage": 2, "chamber": {"showAs": "D\u00e1il", "uri": "/house/dail"}, "showAs": "Second Stage", "dates": [{"date": "2012-07-17"}, {"date": "2012-07-18"}], "uri": "/bill/2012/64/dail/2"}}], "originHouse": {"showAs": "D\u00e1il \u00c9ireann", "uri": "/house/dail"}, "billYear": "2012", "act": null}