{"stages": [{"event": {"showAs": "First Stage", "uri": "/bill/2012/26/dail/1", "chamber": {"showAs": "D\u00e1il", "uri": "/house/dail"}, "dates": [{"date": "2012-04-03"}], "progressStage": 1}}, {"event": {"showAs": "Second Stage", "uri": "/bill/2012/26/dail/2", "chamber": {"showAs": "D\u00e1il", "uri": "/house/dail"}, "dates": [{"date": "2012-04-18"}, {"date": "2012-04-19"}, {"date": "2012-04-24"}], "progressStage": 2}}, {"event": {"showAs": "Third Stage", "uri": "/bill/2012/26/dail/3", "chamber": {"showAs": "D\u00e1il", "uri": "/house/dail"}, "dates": [{"date": "2012-04-25"}, {"date": "2012-04-26"}], "progressStage": 3}}, {"event": {"showAs": "Fourth Stage", "uri": "/bill/2012/26/dail/4", "chamber": {"showAs": "D\u00e1il", "uri": "/house/dail"}, "dates": [{"date": "2012-04-26"}], "progressStage": 4}}, {"event": {"showAs": "Fifth Stage", "uri": "/bill/2012/26/dail/5", "chamber": {"showAs": "D\u00e1il", "uri": "/house/dail"}, "dates": [{"date": "2012-04-26"}], "progressStage": 5}}, {"event": {"showAs": "Second Stage", "uri": "/bill/2012/26/seanad/2", "chamber": {"showAs": "Seanad", "uri": "/house/seanad"}, "dates": [{"date": "2012-04-27"}], "progressStage": 6}}, {"event": {"showAs": "Third Stage", "uri": "/bill/2012/26/seanad/3", "chamber": {"showAs": "Seanad", "uri": "/house/seanad"}, "dates": [{"date": "2012-04-27"}, {"date": "2012-04-30"}], "progressStage": 7}}, {"event": {"showAs": "Fourth Stage", "uri": "/bill/2012/26/seanad/4", "chamber": {"showAs": "Seanad", "uri": "/house/seanad"}, "dates": [{"date": "2012-04-30"}], "progressStage": 8}}, {"event": {"showAs": "Enacted", "uri": "/bill/2012/26/seanad/5", "chamber": null, "dates": [{"date": "2012-05-01"}], "progressStage": 10}}, {"event": {"showAs": "Enacted", "uri": "/bill/2012/26/seanad/5", "chamber": null, "dates": [{"date": "2012-05-01"}], "progressStage": 10}}], "shortTitle": "Social Welfare and Pensions Bill 2012", "longTitle": "Bill entitled An Act to amend and extend the Social Welfare Acts and the Pensions Acts 1990 to 2011 and to provide for related matters", "amendmentLists": [], "billType": "Public", "billNo": "26", "versions": [], "events": [], "billYear": "2012", "originHouse": {"showAs": "D\u00e1il \u00c9ireann", "uri": "/house/dail"}, "uri": "/bill/2012/26", "status": "Enacted", "_id": "bill.2012.26", "sponsors": [{"sponsor": {"as": {"showAs": "Minister for Social Protection", "uri": "/office/minister/social_protection"}, "by": {"showAs": "Joan Burton", "uri": "/member/Joan-Burton.D.1992-12-14"}}}], "act": {"dateSigned": "2012-05-01", "shortTitle": "Social Welfare and Pensions Act 2012", "actYear": "2012", "uri": "/act/2012/12", "longTitle": "An Act to amend and extend the Social Welfare Acts and the Pensions Acts 1990 to 2011 and to provide for related matters", "actNo": "12", "statuteBookURI": "http://www.irishstatutebook.ie/eli/2012/act/12"}, "method": "Presentation"}