{"billNo": "56", "billType": "Public", "versions": [], "status": "Enacted", "longTitle": "Bill entitled An Act to provide for a Single Public Service Pension Scheme to be established and to apply to new entrants into the Public Service, to provide for other public service pension schemes not to apply to new entrants, to provide for pensions and other benefits in respect of service in the Public Service by new entrants and to provide for pensions under the Single Public Service Pension Scheme to be index-linked; to enable pensions under other public service pension schemes to be index-linked; to provide for the provision of information necessary for the proper operation of public service pension schemes; to modernise the law relating to the abatement of pensions in certain circumstances; to provide for the amendment of the Public Service Superannuation (Miscellaneous Provisions) Act 2004; to provide for the remuneration of persons appointed after particular dates to judicial offices and certain other offices; to provide for the amendment of the Financial Emergency Measures in the Public Interest (No. 2) Act 2009 and the Financial Emergency Measures in the Public Interest Act 2010 having regard to their respective long titles (including recitals); and to provide for related matters.", "uri": "/bill/2011/56", "events": [], "_id": "bill.2011.56", "amendmentLists": [], "sponsors": [{"sponsor": {"as": {"showAs": "Minister for Public Expenditure and Reform", "uri": "/office/minister/public_expenditure__reform"}, "by": {"showAs": "Brendan Howlin", "uri": "/member/Brendan-Howlin.S.1983-02-23"}}}], "method": "Presentation", "shortTitle": "Public Service Pensions (Single Scheme and other Provisions) Bill 2011 changed from Public Service Pensions (Single Scheme) and Remuneration Bill 2011", "stages": [{"event": {"progressStage": 1, "chamber": {"showAs": "D\u00e1il", "uri": "/house/dail"}, "showAs": "First Stage", "dates": [{"date": "2011-09-26"}], "uri": "/bill/2011/56/dail/1"}}, {"event": {"progressStage": 2, "chamber": {"showAs": "D\u00e1il", "uri": "/house/dail"}, "showAs": "Second Stage", "dates": [{"date": "2011-10-19"}], "uri": "/bill/2011/56/dail/2"}}, {"event": {"progressStage": 3, "chamber": {"showAs": "D\u00e1il", "uri": "/house/dail"}, "showAs": "Fourth Stage", "dates": [{"date": "2012-07-11"}], "uri": "/bill/2011/56/dail/4"}}, {"event": {"progressStage": 4, "chamber": {"showAs": "D\u00e1il", "uri": "/house/dail"}, "showAs": "Fifth Stage", "dates": [{"date": "2012-07-11"}], "uri": "/bill/2011/56/dail/5"}}, {"event": {"progressStage": 5, "chamber": {"showAs": "Seanad", "uri": "/house/seanad"}, "showAs": "Second Stage", "dates": [{"date": "2012-07-13"}], "uri": "/bill/2011/56/seanad/2"}}, {"event": {"progressStage": 6, "chamber": {"showAs": "Seanad", "uri": "/house/seanad"}, "showAs": "Third Stage", "dates": [{"date": "2012-07-19"}], "uri": "/bill/2011/56/seanad/3"}}, {"event": {"progressStage": 7, "chamber": {"showAs": "Seanad", "uri": "/house/seanad"}, "showAs": "Fourth Stage", "dates": [{"date": "2012-07-19"}], "uri": "/bill/2011/56/seanad/4"}}, {"event": {"progressStage": 9, "chamber": null, "showAs": "Enacted", "dates": [{"date": "2012-07-28"}], "uri": "/bill/2011/56/seanad/5"}}, {"event": {"progressStage": 9, "chamber": null, "showAs": "Enacted", "dates": [{"date": "2012-07-28"}], "uri": "/bill/2011/56/seanad/5"}}], "originHouse": {"showAs": "D\u00e1il \u00c9ireann", "uri": "/house/dail"}, "billYear": "2011", "act": {"dateSigned": "2012-07-28", "uri": "/act/2012/37", "shortTitle": "Public Service Pensions (Single Scheme and other Provisions) Act 2012", "actYear": "2012", "longTitle": "An Act to provide for a Single Public Service Pension Scheme to be established and to apply to new entrants into the Public Service, to provide for other public service pension schemes not to apply to new entrants, to provide for pensions and other benefits in respect of service in the Public Service by new entrants and to provide for pensions under the Single Public Service Pension Scheme to be index-linked; to enable pensions under other public service pension schemes to be index-linked; to provide for the provision of information necessary for the proper operation of public service pension schemes; to modernise the law relating to the abatement of pensions in certain circumstances; to provide for the amendment of the Public Service Superannuation (Miscellaneous Provisions) Act 2004; to provide for the remuneration of persons appointed after particular dates to judicial offices and certain other offices; to provide for the amendment of the Financial Emergency Measures in the Public Interest (No. 2) Act 2009 and the Financial Emergency Measures in the Public Interest Act 2010 having regard to their respective long titles (including recitals); and to provide for related matters.", "actNo": "37", "statuteBookURI": "http://www.irishstatutebook.ie/eli/2012/act/37"}}