{"stages": [{"event": {"showAs": "First Stage", "uri": "/bill/2012/108/dail/1", "chamber": {"showAs": "D\u00e1il", "uri": "/house/dail"}, "dates": [{"date": "2012-12-04"}], "progressStage": 1}}, {"event": {"showAs": "Second Stage", "uri": "/bill/2012/108/dail/2", "chamber": {"showAs": "D\u00e1il", "uri": "/house/dail"}, "dates": [{"date": "2012-12-14"}], "progressStage": 2}}, {"event": {"showAs": "Third Stage", "uri": "/bill/2012/108/dail/3", "chamber": {"showAs": "D\u00e1il", "uri": "/house/dail"}, "dates": [{"date": "2012-12-18"}], "progressStage": 3}}, {"event": {"showAs": "Fourth Stage", "uri": "/bill/2012/108/dail/4", "chamber": {"showAs": "D\u00e1il", "uri": "/house/dail"}, "dates": [{"date": "2012-12-18"}], "progressStage": 4}}, {"event": {"showAs": "Fifth Stage", "uri": "/bill/2012/108/dail/5", "chamber": {"showAs": "D\u00e1il", "uri": "/house/dail"}, "dates": [{"date": "2012-12-18"}], "progressStage": 5}}, {"event": {"showAs": "Second Stage", "uri": "/bill/2012/108/seanad/2", "chamber": {"showAs": "Seanad", "uri": "/house/seanad"}, "dates": [{"date": "2012-12-19"}], "progressStage": 6}}, {"event": {"showAs": "Third Stage", "uri": "/bill/2012/108/seanad/3", "chamber": {"showAs": "Seanad", "uri": "/house/seanad"}, "dates": [{"date": "2012-12-20"}], "progressStage": 7}}, {"event": {"showAs": "Fourth Stage", "uri": "/bill/2012/108/seanad/4", "chamber": {"showAs": "Seanad", "uri": "/house/seanad"}, "dates": [{"date": "2012-12-20"}], "progressStage": 8}}, {"event": {"showAs": "Enacted", "uri": "/bill/2012/108/seanad/5", "chamber": null, "dates": [{"date": "2012-12-26"}], "progressStage": 10}}, {"event": {"showAs": "Enacted", "uri": "/bill/2012/108/seanad/5", "chamber": null, "dates": [{"date": "2012-12-26"}], "progressStage": 10}}], "shortTitle": "Finance (Local Property Tax) Bill 2012", "longTitle": "Bill entitled An Act to provide for the imposition of an annual tax to  be called \"Local Property Tax\" in respect of certain residential properties and for the establishment and maintenance of a register of residential properties in the State by the Revenue Commissioners and to provide for related matters\u0000", "amendmentLists": [], "billType": "Public", "billNo": "108", "versions": [], "events": [], "billYear": "2012", "originHouse": {"showAs": "D\u00e1il \u00c9ireann", "uri": "/house/dail"}, "uri": "/bill/2012/108", "status": "Enacted", "_id": "bill.2012.108", "sponsors": [{"sponsor": {"as": {"showAs": "Minister for Finance", "uri": "/office/minister/finance"}, "by": {"showAs": "Michael Noonan", "uri": "/member/Michael-Noonan.D.1981-06-30"}}}], "act": {"dateSigned": "2012-12-26", "shortTitle": "Finance (Local Property Tax) Act 2012", "actYear": "2012", "uri": "/act/2012/52", "longTitle": "An Act to provide for the imposition of an annual tax to  be called \"Local Property Tax\" in respect of certain residential properties and for the establishment and maintenance of a register of residential properties in the State by the Revenue Commissioners and to provide for related matters\u0000", "actNo": "52", "statuteBookURI": "http://www.irishstatutebook.ie/eli/2012/act/52"}, "method": "Presentation"}