{"billNo": "51", "billType": "Public", "versions": [], "longTitle": "Bill entitled An Act to amend the provisions of the Freedom of Information Act 1997 as amended by the Freedom of Information (Amendment) Act 2003 to provide for related matters", "uri": "/bill/2012/51", "events": [{"progressStage": null, "event": {"chamber": {"showAs": null, "uri": null}, "showAs": "Lapsed", "dates": [{"date": "2016-02-03"}], "uri": "/bill/2012/51/lapsed"}}], "_id": "bill.2012.51", "amendmentLists": [], "sponsors": [{"sponsor": {"as": {"showAs": null, "uri": null}, "by": {"showAs": "Alan Shatter", "uri": "/member/Alan-Shatter.D.1981-06-30"}}}], "method": "Introduction", "shortTitle": "Freedom of Information (Amendment) (No.2) Bill 2012", "stages": [{"event": {"progressStage": 1, "chamber": {"showAs": "D\u00e1il", "uri": "/house/dail"}, "showAs": "First Stage", "dates": [{"date": "2012-06-12"}], "uri": "/bill/2012/51/dail/1"}}, {"event": {"progressStage": 2, "chamber": {"showAs": "D\u00e1il", "uri": "/house/dail"}, "showAs": "Second Stage", "dates": [{"date": "2012-07-06"}], "uri": "/bill/2012/51/dail/2"}}, {"event": {"progressStage": 3, "chamber": {"showAs": "D\u00e1il", "uri": "/house/dail"}, "showAs": "Third Stage", "dates": [{"date": "2012-07-06"}], "uri": "/bill/2012/51/dail/3"}}], "originHouse": {"showAs": "D\u00e1il \u00c9ireann", "uri": "/house/dail"}, "billYear": "2012", "act": null}