{"billNo": "27", "billType": "Public", "versions": [], "status": "Enacted", "longTitle": "Bill entitled An Act to enable the Minister for Jobs, Enterprise and Innovation to give guarantees to lenders of a certain class in respect of loans made by such lenders to enterprises of a certain class; for that purpose to provide for the making of a scheme or schemes by that Minister of the Government in relation to the giving of such guarantees; and to provide for matters connected therewith", "uri": "/bill/2012/27", "events": [], "_id": "bill.2012.27", "amendmentLists": [], "sponsors": [{"sponsor": {"as": {"showAs": "Minister for Jobs, Enterprise and Innovation", "uri": "/office/minister/jobs__enterprise__innovation"}, "by": {"showAs": "Richard Bruton", "uri": "/member/Richard-Bruton.S.1981-10-08"}}}], "method": "Presentation", "shortTitle": "Credit Guarantee Bill 2012", "stages": [{"event": {"progressStage": 1, "chamber": {"showAs": "D\u00e1il", "uri": "/house/dail"}, "showAs": "First Stage", "dates": [{"date": "2012-04-04"}], "uri": "/bill/2012/27/dail/1"}}, {"event": {"progressStage": 2, "chamber": {"showAs": "D\u00e1il", "uri": "/house/dail"}, "showAs": "Second Stage", "dates": [{"date": "2012-05-16"}, {"date": "2012-05-17"}, {"date": "2012-05-22"}], "uri": "/bill/2012/27/dail/2"}}, {"event": {"progressStage": 3, "chamber": {"showAs": "D\u00e1il", "uri": "/house/dail"}, "showAs": "Fourth Stage", "dates": [{"date": "2012-06-20"}], "uri": "/bill/2012/27/dail/4"}}, {"event": {"progressStage": 4, "chamber": {"showAs": "D\u00e1il", "uri": "/house/dail"}, "showAs": "Fifth Stage", "dates": [{"date": "2012-06-20"}], "uri": "/bill/2012/27/dail/5"}}, {"event": {"progressStage": 5, "chamber": {"showAs": "Seanad", "uri": "/house/seanad"}, "showAs": "Second Stage", "dates": [{"date": "2012-06-21"}], "uri": "/bill/2012/27/seanad/2"}}, {"event": {"progressStage": 6, "chamber": {"showAs": "Seanad", "uri": "/house/seanad"}, "showAs": "Third Stage", "dates": [{"date": "2012-06-28"}], "uri": "/bill/2012/27/seanad/3"}}, {"event": {"progressStage": 7, "chamber": {"showAs": "Seanad", "uri": "/house/seanad"}, "showAs": "Fourth Stage", "dates": [{"date": "2012-07-04"}], "uri": "/bill/2012/27/seanad/4"}}, {"event": {"progressStage": 9, "chamber": null, "showAs": "Enacted", "dates": [{"date": "2012-07-18"}], "uri": "/bill/2012/27/seanad/5"}}, {"event": {"progressStage": 9, "chamber": null, "showAs": "Enacted", "dates": [{"date": "2012-07-18"}], "uri": "/bill/2012/27/seanad/5"}}], "originHouse": {"showAs": "D\u00e1il \u00c9ireann", "uri": "/house/dail"}, "billYear": "2012", "act": {"dateSigned": "2012-07-18", "uri": "/act/2012/26", "shortTitle": "Credit Guarantee Act 2012", "actYear": "2012", "longTitle": "An Act to enable the Minister for Jobs, Enterprise and Innovation to give guarantees to lenders of a certain class in respect of loans made by such lenders to enterprises of a certain class; for that purpose to provide for the making of a scheme or schemes by that Minister of the Government in relation to the giving of such guarantees; and to provide for matters connected therewith", "actNo": "26", "statuteBookURI": "http://www.irishstatutebook.ie/eli/2012/act/26"}}