{"billNo": "54", "billType": "Public", "versions": [], "status": "Lapsed", "longTitle": "Bill entitled An Act to delimit the application of the Competition Act 2002 to Trade Unions and Trade Union Members and to certain agreements negotiated with Public Bodies, and to provide for related matters", "uri": "/bill/2012/54", "events": [{"progressStage": null, "event": {"chamber": {"showAs": null, "uri": null}, "showAs": "Lapsed", "dates": [{"date": "2016-02-03"}], "uri": "/bill/2012/54/lapsed"}}], "_id": "bill.2012.54", "amendmentLists": [], "sponsors": [{"sponsor": {"as": {"showAs": null, "uri": null}, "by": {"showAs": "Jimmy Deenihan", "uri": "/member/Jimmy-Deenihan.S.1983-02-23"}}}], "method": "Introduction", "shortTitle": "Competition (Amendment) Bill 2012", "stages": [{"event": {"progressStage": 1, "chamber": {"showAs": "D\u00e1il", "uri": "/house/dail"}, "showAs": "First Stage", "dates": [{"date": "2012-06-19"}], "uri": "/bill/2012/54/dail/1"}}], "originHouse": {"showAs": "D\u00e1il \u00c9ireann", "uri": "/house/dail"}, "billYear": "2012", "act": null}