{"billNo": "109", "billType": "Public", "versions": [], "longTitle": "Bill entitled An Act to amend and extend the Social Welfare Acts and to amend the Redundancy Payments Act 1967", "uri": "/bill/2012/109", "events": [], "_id": "bill.2012.109", "amendmentLists": [], "sponsors": [{"sponsor": {"as": {"showAs": "Minister for Social Protection", "uri": "/office/minister/social_protection"}, "by": {"showAs": "Joan Burton", "uri": "/member/Joan-Burton.D.1992-12-14"}}}], "method": "Presentation", "shortTitle": "Social Welfare Bill 2012", "stages": [{"event": {"progressStage": 1, "chamber": {"showAs": "D\u00e1il", "uri": "/house/dail"}, "showAs": "First Stage", "dates": [{"date": "2012-12-06"}], "uri": "/bill/2012/109/dail/1"}}, {"event": {"progressStage": 2, "chamber": {"showAs": "D\u00e1il", "uri": "/house/dail"}, "showAs": "Second Stage", "dates": [{"date": "2012-12-11"}, {"date": "2012-12-12"}], "uri": "/bill/2012/109/dail/2"}}, {"event": {"progressStage": 3, "chamber": {"showAs": "D\u00e1il", "uri": "/house/dail"}, "showAs": "Third Stage", "dates": [{"date": "2012-12-12"}, {"date": "2012-12-13"}], "uri": "/bill/2012/109/dail/3"}}, {"event": {"progressStage": 4, "chamber": {"showAs": "D\u00e1il", "uri": "/house/dail"}, "showAs": "Fourth Stage", "dates": [{"date": "2012-12-13"}], "uri": "/bill/2012/109/dail/4"}}, {"event": {"progressStage": 5, "chamber": {"showAs": "D\u00e1il", "uri": "/house/dail"}, "showAs": "Fifth Stage", "dates": [{"date": "2012-12-13"}], "uri": "/bill/2012/109/dail/5"}}, {"event": {"progressStage": 6, "chamber": {"showAs": "Seanad", "uri": "/house/seanad"}, "showAs": "Second Stage", "dates": [{"date": "2012-12-18"}], "uri": "/bill/2012/109/seanad/2"}}, {"event": {"progressStage": 7, "chamber": {"showAs": "Seanad", "uri": "/house/seanad"}, "showAs": "Third Stage", "dates": [{"date": "2012-12-19"}], "uri": "/bill/2012/109/seanad/3"}}, {"event": {"progressStage": 8, "chamber": {"showAs": "Seanad", "uri": "/house/seanad"}, "showAs": "Fourth Stage", "dates": [{"date": "2012-12-20"}], "uri": "/bill/2012/109/seanad/4"}}, {"event": {"progressStage": 10, "chamber": null, "showAs": "Enacted", "dates": [{"date": "2012-12-21"}], "uri": "/bill/2012/109/seanad/5"}}, {"event": {"progressStage": 10, "chamber": null, "showAs": "Enacted", "dates": [{"date": "2012-12-21"}], "uri": "/bill/2012/109/seanad/5"}}], "originHouse": {"showAs": "D\u00e1il \u00c9ireann", "uri": "/house/dail"}, "billYear": "2012", "act": {"dateSigned": "2012-12-21", "uri": "/act/2012/43", "shortTitle": "Social Welfare Act 2012", "actYear": "2012", "longTitle": "An Act to amend and extend the Social Welfare Acts and to amend the Redundancy Payments Act 1967", "actNo": "43", "statuteBookURI": "http://www.irishstatutebook.ie/eli/2012/act/43"}}