{"billNo": "46", "billType": "Public", "versions": [], "longTitle": "Bill entitled An Act to amend the Residential Tenancies Act 2004 so as to provide for the payment of deposits to the Private Residential Tenancies Board in respect of tenancies required to be registered under part 7 of that act; to require further that payments of supplementary welfare allowance under the Social Welfare Acts in respect of rental payments shall be paid only in respect of a tenancy registered with the Board; and to provide for connected matters\u0000", "uri": "/bill/2012/46", "events": [{"progressStage": null, "event": {"chamber": {"showAs": null, "uri": null}, "showAs": "Lapsed", "dates": [{"date": "2016-02-03"}], "uri": "/bill/2012/46/lapsed"}}], "_id": "bill.2012.46", "amendmentLists": [], "sponsors": [{"sponsor": {"as": {"showAs": null, "uri": null}, "by": {"showAs": "Pat Rabbitte", "uri": "/member/Pat-Rabbitte.D.1989-06-29"}}}], "method": "Introduction", "shortTitle": "Residential Tenancies (Amendment) Bill 2012", "stages": [{"event": {"progressStage": 1, "chamber": {"showAs": "D\u00e1il", "uri": "/house/dail"}, "showAs": "First Stage", "dates": [{"date": "2012-05-22"}], "uri": "/bill/2012/46/dail/1"}}], "originHouse": {"showAs": "D\u00e1il \u00c9ireann", "uri": "/house/dail"}, "billYear": "2012", "act": null}