{"stages": [{"event": {"showAs": "First Stage", "uri": "/bill/2012/42/dail/1", "chamber": {"showAs": "D\u00e1il", "uri": "/house/dail"}, "dates": [{"date": "2012-05-16"}], "progressStage": 1}}, {"event": {"showAs": "Second Stage", "uri": "/bill/2012/42/dail/2", "chamber": {"showAs": "D\u00e1il", "uri": "/house/dail"}, "dates": [{"date": "2012-05-24"}], "progressStage": 2}}, {"event": {"showAs": "Third Stage", "uri": "/bill/2012/42/dail/3", "chamber": {"showAs": "D\u00e1il", "uri": "/house/dail"}, "dates": [{"date": "2012-05-24"}], "progressStage": 3}}, {"event": {"showAs": "Fourth Stage", "uri": "/bill/2012/42/dail/4", "chamber": {"showAs": "D\u00e1il", "uri": "/house/dail"}, "dates": [{"date": "2012-05-24"}], "progressStage": 4}}, {"event": {"showAs": "Fifth Stage", "uri": "/bill/2012/42/dail/5", "chamber": {"showAs": "D\u00e1il", "uri": "/house/dail"}, "dates": [{"date": "2012-05-24"}], "progressStage": 5}}, {"event": {"showAs": "Second Stage", "uri": "/bill/2012/42/seanad/2", "chamber": {"showAs": "Seanad", "uri": "/house/seanad"}, "dates": [{"date": "2012-05-24"}], "progressStage": 6}}, {"event": {"showAs": "Third Stage", "uri": "/bill/2012/42/seanad/3", "chamber": {"showAs": "Seanad", "uri": "/house/seanad"}, "dates": [{"date": "2012-05-24"}], "progressStage": 7}}, {"event": {"showAs": "Fourth Stage", "uri": "/bill/2012/42/seanad/4", "chamber": {"showAs": "Seanad", "uri": "/house/seanad"}, "dates": [{"date": "2012-05-24"}], "progressStage": 8}}, {"event": {"showAs": "Enacted", "uri": "/bill/2012/42/seanad/5", "chamber": null, "dates": [{"date": "2012-05-25"}], "progressStage": 10}}, {"event": {"showAs": "Enacted", "uri": "/bill/2012/42/seanad/5", "chamber": null, "dates": [{"date": "2012-05-25"}], "progressStage": 10}}], "shortTitle": "Electricity Regulation (Carbon Revenue Levy)(Amendment) Bill 2012", "longTitle": "Bill entitled An Act to amend the Electricity Regulation Act 1999 to provide for the final levy period in respect of which the carbon revenue levy is payable and to provide for related matters", "amendmentLists": [], "billType": "Public", "billNo": "42", "versions": [], "events": [], "billYear": "2012", "originHouse": {"showAs": "D\u00e1il \u00c9ireann", "uri": "/house/dail"}, "uri": "/bill/2012/42", "status": "Enacted", "_id": "bill.2012.42", "sponsors": [{"sponsor": {"as": {"showAs": "Minister for Communications, Energy and Natural Resources", "uri": "/office/minister/communications__energy__natural_resources"}, "by": {"showAs": "Pat Rabbitte", "uri": "/member/Pat-Rabbitte.D.1989-06-29"}}}], "act": {"dateSigned": "2012-05-25", "shortTitle": "Electricity Regulation (Carbon Revenue Levy) (Amendment) Act 2012", "actYear": "2012", "uri": "/act/2012/15", "longTitle": "An Act to amend the Electricity Regulation Act 1999 to provide for the final levy period in respect of which the carbon revenue levy is payable and to provide for related matters", "actNo": "15", "statuteBookURI": "http://www.irishstatutebook.ie/eli/2012/act/15"}, "method": "Presentation"}