{"billNo": "61", "billType": "Public", "versions": [], "longTitle": "Bill entitled An Act to amend the Electoral Act 1992; and to provide for related matters", "uri": "/bill/2012/61", "events": [], "_id": "bill.2012.61", "amendmentLists": [], "sponsors": [{"sponsor": {"as": {"showAs": "Minister for the Environment, Community and Local Government", "uri": "/office/minister/environment__community__local_government"}, "by": {"showAs": "Phil Hogan", "uri": "/member/Phil-Hogan.S.1987-04-25"}}}], "method": "Presentation", "shortTitle": "Electoral (Amendment) (No. 2) Bill 2012", "stages": [{"event": {"progressStage": 1, "chamber": {"showAs": "D\u00e1il", "uri": "/house/dail"}, "showAs": "First Stage", "dates": [{"date": "2012-07-04"}], "uri": "/bill/2012/61/dail/1"}}, {"event": {"progressStage": 2, "chamber": {"showAs": "D\u00e1il", "uri": "/house/dail"}, "showAs": "Second Stage", "dates": [{"date": "2012-07-11"}], "uri": "/bill/2012/61/dail/2"}}, {"event": {"progressStage": 3, "chamber": {"showAs": "D\u00e1il", "uri": "/house/dail"}, "showAs": "Third Stage", "dates": [{"date": "2012-07-11"}], "uri": "/bill/2012/61/dail/3"}}, {"event": {"progressStage": 4, "chamber": {"showAs": "D\u00e1il", "uri": "/house/dail"}, "showAs": "Fourth Stage", "dates": [{"date": "2012-07-11"}], "uri": "/bill/2012/61/dail/4"}}, {"event": {"progressStage": 5, "chamber": {"showAs": "D\u00e1il", "uri": "/house/dail"}, "showAs": "Fifth Stage", "dates": [{"date": "2012-07-11"}], "uri": "/bill/2012/61/dail/5"}}, {"event": {"progressStage": 6, "chamber": {"showAs": "Seanad", "uri": "/house/seanad"}, "showAs": "Second Stage", "dates": [{"date": "2012-07-12"}], "uri": "/bill/2012/61/seanad/2"}}, {"event": {"progressStage": 7, "chamber": {"showAs": "Seanad", "uri": "/house/seanad"}, "showAs": "Third Stage", "dates": [{"date": "2012-07-12"}], "uri": "/bill/2012/61/seanad/3"}}, {"event": {"progressStage": 8, "chamber": {"showAs": "Seanad", "uri": "/house/seanad"}, "showAs": "Fourth Stage", "dates": [{"date": "2012-07-12"}], "uri": "/bill/2012/61/seanad/4"}}, {"event": {"progressStage": 10, "chamber": null, "showAs": "Enacted", "dates": [{"date": "2012-07-18"}], "uri": "/bill/2012/61/seanad/5"}}, {"event": {"progressStage": 10, "chamber": null, "showAs": "Enacted", "dates": [{"date": "2012-07-18"}], "uri": "/bill/2012/61/seanad/5"}}], "originHouse": {"showAs": "D\u00e1il \u00c9ireann", "uri": "/house/dail"}, "billYear": "2012", "act": {"dateSigned": "2012-07-18", "uri": "/act/2012/27", "shortTitle": "Electoral (Amendment) Act 2012", "actYear": "2012", "longTitle": "An Act to amend the Electoral Act 1992; and to provide for related matters", "actNo": "27", "statuteBookURI": "http://www.irishstatutebook.ie/eli/2012/act/27"}}