{"billNo": "58", "billType": "Public", "versions": [], "status": "Enacted", "longTitle": "Bill entitled An Act to provide for the regulation of the provision of legal services, to provide for the establishment of the Legal Services Regulatory Authority, to provide for the establishment of the Legal Practitioners Disciplinary Tribunal to make determinations as to misconduct by legal practitioners, to provide for new structures in which legal practitioners may provide services together or with others, to provide for the establishment of a roll of practising barristers, to provide for reform of the law relating to the charging of costs by legal practitioners and the system of the assessment of costs relating to the provision of legal services, to provide for the manner of appointment of persons to be Senior Counsel, and to provide for related matters\u0000", "uri": "/bill/2011/58", "events": [], "_id": "bill.2011.58", "amendmentLists": [], "sponsors": [{"sponsor": {"as": {"showAs": "Minister for Justice and Equality", "uri": "/office/minister/justice__equality"}, "by": {"showAs": "Alan Shatter", "uri": "/member/Alan-Shatter.D.1981-06-30"}}}], "method": "Presentation", "shortTitle": "Legal Services Regulation Bill 2011", "stages": [{"event": {"progressStage": 1, "chamber": {"showAs": "D\u00e1il", "uri": "/house/dail"}, "showAs": "First Stage", "dates": [{"date": "2011-10-09"}], "uri": "/bill/2011/58/dail/1"}}, {"event": {"progressStage": 2, "chamber": {"showAs": "D\u00e1il", "uri": "/house/dail"}, "showAs": "Second Stage", "dates": [{"date": "2011-12-16"}, {"date": "2012-01-24"}, {"date": "2012-02-02"}, {"date": "2012-02-08"}, {"date": "2012-02-09"}, {"date": "2012-02-23"}], "uri": "/bill/2011/58/dail/2"}}, {"event": {"progressStage": 3, "chamber": {"showAs": "D\u00e1il", "uri": "/house/dail"}, "showAs": "Third Stage", "dates": [{"date": "2013-07-17"}, {"date": "2014-01-15"}, {"date": "2014-02-12"}], "uri": "/bill/2011/58/dail/3"}}, {"event": {"progressStage": 4, "chamber": {"showAs": "D\u00e1il", "uri": "/house/dail"}, "showAs": "Fourth Stage", "dates": [{"date": "2014-07-11"}, {"date": "2015-04-21"}, {"date": "2015-04-22"}], "uri": "/bill/2011/58/dail/4"}}, {"event": {"progressStage": 5, "chamber": {"showAs": "D\u00e1il", "uri": "/house/dail"}, "showAs": "Fifth Stage", "dates": [{"date": "2015-04-22"}], "uri": "/bill/2011/58/dail/5"}}, {"event": {"progressStage": 6, "chamber": {"showAs": "Seanad", "uri": "/house/seanad"}, "showAs": "Second Stage", "dates": [{"date": "2015-05-13"}], "uri": "/bill/2011/58/seanad/2"}}, {"event": {"progressStage": 7, "chamber": {"showAs": "Seanad", "uri": "/house/seanad"}, "showAs": "Third Stage", "dates": [{"date": "2015-11-19"}], "uri": "/bill/2011/58/seanad/3"}}, {"event": {"progressStage": 8, "chamber": {"showAs": "Seanad", "uri": "/house/seanad"}, "showAs": "Fourth Stage", "dates": [{"date": "2015-11-26"}, {"date": "2015-12-01"}, {"date": "2015-12-02"}], "uri": "/bill/2011/58/seanad/4"}}, {"event": {"progressStage": 9, "chamber": {"showAs": "Seanad", "uri": "/house/seanad"}, "showAs": "Fifth Stage", "dates": [{"date": "2015-12-02"}], "uri": "/bill/2011/58/seanad/5"}}], "originHouse": {"showAs": "D\u00e1il \u00c9ireann", "uri": "/house/dail"}, "billYear": "2011", "act": null}