{"billNo": "22", "billType": "Public", "versions": [], "status": "Lapsed", "longTitle": "Bill entitled An Act in the public interest, to provide for the imposition by way of Government Order of a requirement that landlords charge market rents only in respect of commercial premises, and to provide for related matters", "uri": "/bill/2012/22", "events": [{"progressStage": null, "event": {"chamber": {"showAs": null, "uri": null}, "showAs": "Lapsed", "dates": [{"date": "2016-02-03"}], "uri": "/bill/2012/22/lapsed"}}], "_id": "bill.2012.22", "amendmentLists": [], "sponsors": [{"sponsor": {"as": {"showAs": null, "uri": null}, "by": {"showAs": "Michael Noonan", "uri": "/member/Michael-Noonan.D.1981-06-30"}}}], "method": "Introduction", "shortTitle": "Financial Emergency Measures in the Public Interest (Reviews of Commercial Rents) Bill 2012", "stages": [{"event": {"progressStage": 1, "chamber": {"showAs": "D\u00e1il", "uri": "/house/dail"}, "showAs": "First Stage", "dates": [{"date": "2012-03-29"}], "uri": "/bill/2012/22/dail/1"}}], "originHouse": {"showAs": "D\u00e1il \u00c9ireann", "uri": "/house/dail"}, "billYear": "2012", "act": null}