{"stages": [{"event": {"showAs": "First Stage", "uri": "/bill/2012/41/dail/1", "chamber": {"showAs": "D\u00e1il", "uri": "/house/dail"}, "dates": [{"date": "2012-05-17"}], "progressStage": 1}}], "shortTitle": "Planning and Development (Taking in Charge of Estates) Bill 2012", "longTitle": "Bill entitled An Act to amend the Planning and Development Act 2000 and the Multi-Unit Developments Act 2011 and to provide for related matters", "amendmentLists": [], "billType": "Public", "billNo": "41", "versions": [], "events": [{"event": {"showAs": "Lapsed", "progressStage": null, "chamber": {"showAs": null, "uri": null}, "dates": [{"date": "2016-02-03"}], "uri": "/bill/2012/41/lapsed"}}], "billYear": "2012", "originHouse": {"showAs": "D\u00e1il \u00c9ireann", "uri": "/house/dail"}, "uri": "/bill/2012/41", "status": "Lapsed", "_id": "bill.2012.41", "sponsors": [{"sponsor": {"as": {"showAs": null, "uri": null}, "by": {"showAs": "Phil Hogan", "uri": "/member/Phil-Hogan.S.1987-04-25"}}}], "act": null, "method": "Introduction"}