{"stages": [{"event": {"showAs": "First Stage", "uri": "/bill/2012/102/dail/1", "chamber": {"showAs": "D\u00e1il", "uri": "/house/dail"}, "dates": [{"date": "2012-11-20"}], "progressStage": 1}}], "shortTitle": "Broadcasting (Television Licence Fees Recovery) Bill 2012", "longTitle": "Bill entitled An Act to provide for the provision of data by television broadcasting service providers for the purpose of assisting in the recovery of television licence fees; and to provide for connected matters", "amendmentLists": [], "billType": "Public", "billNo": "102", "versions": [], "events": [{"event": {"showAs": "Lapsed", "progressStage": null, "chamber": {"showAs": null, "uri": null}, "dates": [{"date": "2016-02-03"}], "uri": "/bill/2012/102/lapsed"}}], "billYear": "2012", "originHouse": {"showAs": "D\u00e1il \u00c9ireann", "uri": "/house/dail"}, "uri": "/bill/2012/102", "status": "Lapsed", "_id": "bill.2012.102", "sponsors": [{"sponsor": {"as": {"showAs": null, "uri": null}, "by": {"showAs": "Leo Varadkar", "uri": "/member/Leo-Varadkar.D.2007-06-14"}}}], "act": null, "method": "Introduction"}