{"stages": [{"event": {"showAs": "First Stage", "uri": "/bill/2012/38/seanad/1", "chamber": {"showAs": "Seanad", "uri": "/house/seanad"}, "dates": [{"date": "2012-05-03"}], "progressStage": 1}}, {"event": {"showAs": "Second Stage", "uri": "/bill/2012/38/seanad/2", "chamber": {"showAs": "Seanad", "uri": "/house/seanad"}, "dates": [{"date": "2012-05-09"}], "progressStage": 2}}, {"event": {"showAs": "Third Stage", "uri": "/bill/2012/38/seanad/3", "chamber": {"showAs": "Seanad", "uri": "/house/seanad"}, "dates": [{"date": "2013-12-19"}], "progressStage": 3}}, {"event": {"showAs": "Fourth Stage", "uri": "/bill/2012/38/seanad/4", "chamber": {"showAs": "Seanad", "uri": "/house/seanad"}, "dates": [{"date": "2014-04-17"}], "progressStage": 4}}, {"event": {"showAs": "Fifth Stage", "uri": "/bill/2012/38/seanad/5", "chamber": {"showAs": "Seanad", "uri": "/house/seanad"}, "dates": [{"date": "2014-04-17"}], "progressStage": 5}}, {"event": {"showAs": "Second Stage", "uri": "/bill/2012/38/dail/2", "chamber": {"showAs": "D\u00e1il", "uri": "/house/dail"}, "dates": [{"date": "2014-10-08"}], "progressStage": 6}}, {"event": {"showAs": "Fourth Stage", "uri": "/bill/2012/38/dail/4", "chamber": {"showAs": "D\u00e1il", "uri": "/house/dail"}, "dates": [{"date": "2014-12-18"}], "progressStage": 7}}, {"event": {"showAs": "Enacted", "uri": "/bill/2012/38/dail/5", "chamber": null, "dates": [{"date": "2014-12-25"}], "progressStage": 9}}, {"event": {"showAs": "Enacted", "uri": "/bill/2012/38/dail/5", "chamber": null, "dates": [{"date": "2014-12-25"}], "progressStage": 9}}], "shortTitle": "Protection of Children\u2019s Health (Tobacco Smoke in Mechanically Propelled Vehicles) Bill 2012", "longTitle": "Bill entitled An Act to amend the Public Health (Tobacco) Act 2002 in order to prohibit the smoking of tobacco products in vehicles where children are present and to provide for the investigation and prosecution of such offences by members of an Garda S\u00edoch\u00e1na", "amendmentLists": [], "billType": "Public", "billNo": "38", "versions": [], "events": [], "billYear": "2012", "originHouse": {"showAs": "Seanad \u00c9ireann", "uri": "/house/seanad"}, "uri": "/bill/2012/38", "status": "Enacted", "_id": "bill.2012.38", "sponsors": [{"sponsor": {"as": {"showAs": null, "uri": null}, "by": {"showAs": "Eamon Gilmore", "uri": "/member/Eamon-Gilmore.D.1989-06-29"}}}, {"sponsor": {"as": {"showAs": null, "uri": null}, "by": {"showAs": "Eamon Gilmore", "uri": "/member/Eamon-Gilmore.D.1989-06-29"}}}, {"sponsor": {"as": {"showAs": null, "uri": null}, "by": {"showAs": "Eamon Gilmore", "uri": "/member/Eamon-Gilmore.D.1989-06-29"}}}], "act": {"dateSigned": "2014-12-25", "shortTitle": "Protection of Children\u2019s Health (Tobacco Smoke in Mechanically Propelled Vehicles) Act 2014", "actYear": "2014", "uri": "/act/2014/40", "longTitle": "An Act to amend the Public Health (Tobacco) Act 2002 in order to prohibit the smoking of tobacco products in vehicles where children are present and to provide for the investigation and prosecution of such offences by members of an Garda S\u00edoch\u00e1na", "actNo": "40", "statuteBookURI": "http://www.irishstatutebook.ie/eli/2014/act/40"}, "method": "Introduction"}