{"stages": [{"event": {"showAs": "First Stage", "uri": "/bill/2012/81/dail/1", "chamber": {"showAs": "D\u00e1il", "uri": "/house/dail"}, "dates": [{"date": "2012-09-26"}], "progressStage": 1}}, {"event": {"showAs": "Second Stage", "uri": "/bill/2012/81/dail/2", "chamber": {"showAs": "D\u00e1il", "uri": "/house/dail"}, "dates": [{"date": "2013-05-15"}, {"date": "2013-06-20"}], "progressStage": 2}}, {"event": {"showAs": "Third Stage", "uri": "/bill/2012/81/seanad/3", "chamber": {"showAs": "Seanad", "uri": "/house/seanad"}, "dates": [{"date": "2013-06-17"}], "progressStage": 3}}, {"event": {"showAs": "Fourth Stage", "uri": "/bill/2012/81/seanad/4", "chamber": {"showAs": "Seanad", "uri": "/house/seanad"}, "dates": [{"date": "2013-06-17"}], "progressStage": 4}}, {"event": {"showAs": "Fifth Stage", "uri": "/bill/2012/81/seanad/5", "chamber": {"showAs": "Seanad", "uri": "/house/seanad"}, "dates": [{"date": "2013-06-17"}], "progressStage": 5}}, {"event": {"showAs": "Fourth Stage", "uri": "/bill/2012/81/dail/4", "chamber": {"showAs": "D\u00e1il", "uri": "/house/dail"}, "dates": [{"date": "2013-07-03"}], "progressStage": 6}}, {"event": {"showAs": "Fifth Stage", "uri": "/bill/2012/81/dail/5", "chamber": {"showAs": "D\u00e1il", "uri": "/house/dail"}, "dates": [{"date": "2013-07-03"}], "progressStage": 7}}, {"event": {"showAs": "Enacted", "uri": "/bill/2012/81/seanad/2", "chamber": null, "dates": [{"date": "2013-07-23"}], "progressStage": 9}}, {"event": {"showAs": "Enacted", "uri": "/bill/2012/81/seanad/2", "chamber": null, "dates": [{"date": "2013-07-23"}], "progressStage": 9}}], "shortTitle": "Ministers and Secretaries (Amendment) Bill 2012", "longTitle": "Bill entitled An Act make provision for medium-term expenditure management and for that purpose to make provision for Government expenditure ceilings and Ministerial expenditure ceilings, and to amend the Ministers and Secretaries (Amendment) Act 2011\u0000", "amendmentLists": [], "billType": "Public", "billNo": "81", "versions": [], "events": [], "billYear": "2012", "originHouse": {"showAs": "D\u00e1il \u00c9ireann", "uri": "/house/dail"}, "uri": "/bill/2012/81", "status": "Enacted", "_id": "bill.2012.81", "sponsors": [{"sponsor": {"as": {"showAs": "Minister for Public Expenditure and Reform", "uri": "/office/minister/public_expenditure__reform"}, "by": {"showAs": "Brendan Howlin", "uri": "/member/Brendan-Howlin.S.1983-02-23"}}}], "act": {"dateSigned": "2013-07-23", "shortTitle": "Ministers and Secretaries (Amendment) Act 2013", "actYear": "2013", "uri": "/act/2013/29", "longTitle": "An Act make provision for medium-term expenditure management and for that purpose to make provision for Government expenditure ceilings and Ministerial expenditure ceilings, and to amend the Ministers and Secretaries (Amendment) Act 2011\u0000", "actNo": "29", "statuteBookURI": "http://www.irishstatutebook.ie/eli/2013/act/29"}, "method": "Presentation"}