{"stages": [{"event": {"showAs": "First Stage", "uri": "/bill/2012/79/dail/1", "chamber": {"showAs": "D\u00e1il", "uri": "/house/dail"}, "dates": [{"date": "2012-09-20"}], "progressStage": 1}}], "shortTitle": "Nuclear Weapons (Prohibition of Investments) Bill 2012", "longTitle": "Bill entitled An Act to prohibit the investment of public moneys in nuclear weapon companies and to provide for related matters", "amendmentLists": [], "billType": "Public", "billNo": "79", "versions": [], "events": [{"event": {"showAs": "Lapsed", "progressStage": null, "chamber": {"showAs": null, "uri": null}, "dates": [{"date": "2016-02-03"}], "uri": "/bill/2012/79/lapsed"}}], "billYear": "2012", "originHouse": {"showAs": "D\u00e1il \u00c9ireann", "uri": "/house/dail"}, "uri": "/bill/2012/79", "status": "Lapsed", "_id": "bill.2012.79", "sponsors": [{"sponsor": {"as": {"showAs": null, "uri": null}, "by": {"showAs": "Frances Fitzgerald", "uri": "/member/Frances-Fitzgerald.D.1992-12-14"}}}], "act": null, "method": "Introduction"}