{"billNo": "21", "billType": "Public", "versions": [], "longTitle": "Bill entitled An Act o amend the Local Government (Household Charge) Act 2011 by extending the date for payment of the household charge in the year 2012 to 30 September 2012 and by expressly excluding the private residences of any Government Ministers from the exemptions provided under the 2011 Act", "uri": "/bill/2012/21", "events": [{"progressStage": null, "event": {"chamber": {"showAs": null, "uri": null}, "showAs": "Lapsed", "dates": [{"date": "2016-02-03"}], "uri": "/bill/2012/21/lapsed"}}], "_id": "bill.2012.21", "amendmentLists": [], "sponsors": [{"sponsor": {"as": {"showAs": null, "uri": null}, "by": {"showAs": "Michael Noonan", "uri": "/member/Michael-Noonan.D.1981-06-30"}}}], "method": "Introduction", "shortTitle": "Local Government (Household Charge) (Amendment) Bill 2012", "stages": [{"event": {"progressStage": 1, "chamber": {"showAs": "D\u00e1il", "uri": "/house/dail"}, "showAs": "First Stage", "dates": [{"date": "2012-03-27"}], "uri": "/bill/2012/21/dail/1"}}], "originHouse": {"showAs": "D\u00e1il \u00c9ireann", "uri": "/house/dail"}, "billYear": "2012", "act": null}