{"billNo": "13", "billType": "Public", "versions": [], "status": "Lapsed", "longTitle": "Bill entitled An Act to establish an employment based immigrant visa for entrepreneurs from outside the jurisdiction of the European Economic Area who have received significant capital from investors to establish a business in the Republic of Ireland\u0000", "uri": "/bill/2012/13", "events": [{"progressStage": null, "event": {"chamber": {"showAs": null, "uri": null}, "showAs": "Lapsed", "dates": [{"date": "2016-02-03"}], "uri": "/bill/2012/13/lapsed"}}], "_id": "bill.2012.13", "amendmentLists": [], "sponsors": [{"sponsor": {"as": {"showAs": null, "uri": null}, "by": {"showAs": "Michael Noonan", "uri": "/member/Michael-Noonan.D.1981-06-30"}}}], "method": "Introduction", "shortTitle": "Entrepreneur Visa Bill 2012", "stages": [{"event": {"progressStage": 1, "chamber": {"showAs": "D\u00e1il", "uri": "/house/dail"}, "showAs": "First Stage", "dates": [{"date": "2012-02-29"}], "uri": "/bill/2012/13/dail/1"}}], "originHouse": {"showAs": "D\u00e1il \u00c9ireann", "uri": "/house/dail"}, "billYear": "2012", "act": null}