{"stages": [{"event": {"showAs": "First Stage", "uri": "/bill/2012/105/seanad/1", "chamber": {"showAs": "Seanad", "uri": "/house/seanad"}, "dates": [{"date": "2012-12-03"}], "progressStage": 1}}, {"event": {"showAs": "Second Stage", "uri": "/bill/2012/105/seanad/2", "chamber": {"showAs": "Seanad", "uri": "/house/seanad"}, "dates": [{"date": "2012-12-06"}], "progressStage": 2}}, {"event": {"showAs": "Third Stage", "uri": "/bill/2012/105/seanad/3", "chamber": {"showAs": "Seanad", "uri": "/house/seanad"}, "dates": [{"date": "2012-12-06"}], "progressStage": 3}}, {"event": {"showAs": "Fourth Stage", "uri": "/bill/2012/105/seanad/4", "chamber": {"showAs": "Seanad", "uri": "/house/seanad"}, "dates": [{"date": "2012-12-06"}], "progressStage": 4}}, {"event": {"showAs": "Fifth Stage", "uri": "/bill/2012/105/seanad/5", "chamber": {"showAs": "Seanad", "uri": "/house/seanad"}, "dates": [{"date": "2012-12-06"}], "progressStage": 5}}, {"event": {"showAs": "Second Stage", "uri": "/bill/2012/105/dail/2", "chamber": {"showAs": "D\u00e1il", "uri": "/house/dail"}, "dates": [{"date": "2012-12-20"}], "progressStage": 6}}, {"event": {"showAs": "Third Stage", "uri": "/bill/2012/105/dail/3", "chamber": {"showAs": "D\u00e1il", "uri": "/house/dail"}, "dates": [{"date": "2012-12-20"}], "progressStage": 7}}, {"event": {"showAs": "Fourth Stage", "uri": "/bill/2012/105/dail/4", "chamber": {"showAs": "D\u00e1il", "uri": "/house/dail"}, "dates": [{"date": "2012-12-20"}], "progressStage": 8}}, {"event": {"showAs": "Enacted", "uri": "/bill/2012/105/dail/5", "chamber": null, "dates": [{"date": "2012-12-26"}], "progressStage": 10}}, {"event": {"showAs": "Enacted", "uri": "/bill/2012/105/dail/5", "chamber": null, "dates": [{"date": "2012-12-26"}], "progressStage": 10}}], "shortTitle": "Civil Registration (Amendment) Bill 2012", "longTitle": "Bill entitled An Act to amend and extend the Civil Registration Act 2004\u0000", "amendmentLists": [], "billType": "Public", "billNo": "105", "versions": [], "events": [], "billYear": "2012", "originHouse": {"showAs": "Seanad \u00c9ireann", "uri": "/house/seanad"}, "uri": "/bill/2012/105", "status": "Enacted", "_id": "bill.2012.105", "sponsors": [{"sponsor": {"as": {"showAs": "Minister for Social Protection", "uri": "/office/minister/social_protection"}, "by": {"showAs": "Joan Burton", "uri": "/member/Joan-Burton.D.1992-12-14"}}}], "act": {"dateSigned": "2012-12-26", "shortTitle": "Civil Registration (Amendment) Act 2012", "actYear": "2012", "uri": "/act/2012/48", "longTitle": "An Act to amend and extend the Civil Registration Act 2004\u0000", "actNo": "48", "statuteBookURI": "http://www.irishstatutebook.ie/eli/2012/act/48"}, "method": "Presentation"}