{"billNo": "111", "billType": "Public", "versions": [], "status": "Enacted", "longTitle": "Bill entitled An Act to amend the Houses of the Oireachtas Commission Act 2003 and to provide for related matters", "uri": "/bill/2012/111", "events": [], "_id": "bill.2012.111", "amendmentLists": [], "sponsors": [{"sponsor": {"as": {"showAs": "Minister for Public Expenditure and Reform", "uri": "/office/minister/public_expenditure__reform"}, "by": {"showAs": "Brendan Howlin", "uri": "/member/Brendan-Howlin.S.1983-02-23"}}}], "method": "Presentation", "shortTitle": "Houses of the Oireachtas Commission (Amendment) (No. 2) Bill 2012", "stages": [{"event": {"progressStage": 1, "chamber": {"showAs": "Seanad", "uri": "/house/seanad"}, "showAs": "First Stage", "dates": [{"date": "2012-12-07"}], "uri": "/bill/2012/111/seanad/1"}}, {"event": {"progressStage": 2, "chamber": {"showAs": "Seanad", "uri": "/house/seanad"}, "showAs": "Second Stage", "dates": [{"date": "2012-12-13"}], "uri": "/bill/2012/111/seanad/2"}}, {"event": {"progressStage": 3, "chamber": {"showAs": "Seanad", "uri": "/house/seanad"}, "showAs": "Third Stage", "dates": [{"date": "2012-12-13"}], "uri": "/bill/2012/111/seanad/3"}}, {"event": {"progressStage": 4, "chamber": {"showAs": "Seanad", "uri": "/house/seanad"}, "showAs": "Fourth Stage", "dates": [{"date": "2012-12-13"}], "uri": "/bill/2012/111/seanad/4"}}, {"event": {"progressStage": 5, "chamber": {"showAs": "Seanad", "uri": "/house/seanad"}, "showAs": "Fifth Stage", "dates": [{"date": "2012-12-13"}], "uri": "/bill/2012/111/seanad/5"}}, {"event": {"progressStage": 6, "chamber": {"showAs": "D\u00e1il", "uri": "/house/dail"}, "showAs": "Second Stage", "dates": [{"date": "2012-12-20"}], "uri": "/bill/2012/111/dail/2"}}, {"event": {"progressStage": 7, "chamber": {"showAs": "D\u00e1il", "uri": "/house/dail"}, "showAs": "Third Stage", "dates": [{"date": "2012-12-20"}], "uri": "/bill/2012/111/dail/3"}}, {"event": {"progressStage": 8, "chamber": {"showAs": "D\u00e1il", "uri": "/house/dail"}, "showAs": "Fourth Stage", "dates": [{"date": "2012-12-20"}], "uri": "/bill/2012/111/dail/4"}}, {"event": {"progressStage": 10, "chamber": null, "showAs": "Enacted", "dates": [{"date": "2012-12-26"}], "uri": "/bill/2012/111/dail/5"}}, {"event": {"progressStage": 10, "chamber": null, "showAs": "Enacted", "dates": [{"date": "2012-12-26"}], "uri": "/bill/2012/111/dail/5"}}], "originHouse": {"showAs": "Seanad \u00c9ireann", "uri": "/house/seanad"}, "billYear": "2012", "act": {"dateSigned": "2012-12-26", "uri": "/act/2012/50", "shortTitle": "Houses of the Oireachtas Commission (Amendment) (No. 2) Act 2012", "actYear": "2012", "longTitle": "An Act to amend the Houses of the Oireachtas Commission Act 2003 and to provide for related matters", "actNo": "50", "statuteBookURI": "http://www.irishstatutebook.ie/eli/2012/act/50"}}