{"billNo": "67", "billType": "Public", "versions": [], "longTitle": "Bill entitled An Act to amend the Statute of Limitations, 1957 to enable householders whose houses have been damaged by pyrite to institute a claim within a period of time commencing when the presence of pyrite within the house has been certified by an engineer", "uri": "/bill/2012/67", "events": [{"progressStage": null, "event": {"chamber": {"showAs": "Seanad", "uri": "/house/seanad"}, "showAs": "Second Stage", "dates": [{"date": "2014-04-10"}], "uri": "/bill/2012/67/seanad/2/rejected"}}], "_id": "bill.2012.67", "amendmentLists": [], "sponsors": [{"sponsor": {"as": {"showAs": null, "uri": null}, "by": {"showAs": "Michael Noonan", "uri": "/member/Michael-Noonan.D.1981-06-30"}}}], "method": "Presentation", "shortTitle": "Statute of Limitations (Amendment) (Home Remediation-Pyrite) Bill 2012", "stages": [{"event": {"progressStage": 1, "chamber": {"showAs": "Seanad", "uri": "/house/seanad"}, "showAs": "First Stage", "dates": [{"date": "2012-07-17"}], "uri": "/bill/2012/67/seanad/1"}}, {"event": {"progressStage": 2, "chamber": {"showAs": "Seanad", "uri": "/house/seanad"}, "showAs": "Second Stage", "dates": [{"date": "2012-12-05"}], "uri": "/bill/2012/67/seanad/2"}}], "originHouse": {"showAs": "Seanad \u00c9ireann", "uri": "/house/seanad"}, "billYear": "2012", "act": null}