{"stages": [{"event": {"showAs": "First Stage", "uri": "/bill/2012/29/seanad/1", "chamber": {"showAs": "Seanad", "uri": "/house/seanad"}, "dates": [{"date": "2012-04-18"}], "progressStage": 1}}, {"event": {"showAs": "Second Stage", "uri": "/bill/2012/29/seanad/2", "chamber": {"showAs": "Seanad", "uri": "/house/seanad"}, "dates": [{"date": "2012-05-17"}], "progressStage": 2}}, {"event": {"showAs": "Third Stage", "uri": "/bill/2012/29/seanad/3", "chamber": {"showAs": "Seanad", "uri": "/house/seanad"}, "dates": [{"date": "2012-05-23"}], "progressStage": 3}}, {"event": {"showAs": "Fourth Stage", "uri": "/bill/2012/29/seanad/4", "chamber": {"showAs": "Seanad", "uri": "/house/seanad"}, "dates": [{"date": "2012-05-23"}], "progressStage": 4}}, {"event": {"showAs": "Fifth Stage", "uri": "/bill/2012/29/seanad/5", "chamber": {"showAs": "Seanad", "uri": "/house/seanad"}, "dates": [{"date": "2012-05-23"}], "progressStage": 5}}, {"event": {"showAs": "Second Stage", "uri": "/bill/2012/29/dail/2", "chamber": {"showAs": "D\u00e1il", "uri": "/house/dail"}, "dates": [{"date": "2012-06-12"}, {"date": "2012-06-13"}], "progressStage": 6}}, {"event": {"showAs": "Fourth Stage", "uri": "/bill/2012/29/dail/4", "chamber": {"showAs": "D\u00e1il", "uri": "/house/dail"}, "dates": [{"date": "2012-06-28"}], "progressStage": 7}}, {"event": {"showAs": "Enacted", "uri": "/bill/2012/29/dail/5", "chamber": null, "dates": [{"date": "2012-07-04"}], "progressStage": 9}}, {"event": {"showAs": "Enacted", "uri": "/bill/2012/29/dail/5", "chamber": null, "dates": [{"date": "2012-07-04"}], "progressStage": 9}}], "shortTitle": "Companies (Amendment) Bill 2012", "longTitle": "Bill entitled An Act to amend the Companies (Miscellaneous Provisions) Act 2009 in order to extend the provisions of sections 1 and 2 of that Act, and to provide for related matters", "amendmentLists": [], "billType": "Public", "billNo": "29", "versions": [], "events": [], "billYear": "2012", "originHouse": {"showAs": "Seanad \u00c9ireann", "uri": "/house/seanad"}, "uri": "/bill/2012/29", "status": "Enacted", "_id": "bill.2012.29", "sponsors": [{"sponsor": {"as": {"showAs": "Minister for Jobs, Enterprise and Innovation", "uri": "/office/minister/jobs__enterprise__innovation"}, "by": {"showAs": "Richard Bruton", "uri": "/member/Richard-Bruton.S.1981-10-08"}}}], "act": {"dateSigned": "2012-07-04", "shortTitle": "Companies (Amendment) Act 2012", "actYear": "2012", "uri": "/act/2012/22", "longTitle": "An Act to amend the Companies (Miscellaneous Provisions) Act 2009 in order to extend the provisions of sections 1 and 2 of that Act, and to provide for related matters", "actNo": "22", "statuteBookURI": "http://www.irishstatutebook.ie/eli/2012/act/22"}, "method": "Presentation"}