{"billNo": "48", "billType": "Public", "versions": [], "longTitle": "Bill entitled An Act to require undertakings in receipt of overpayments to inform the payer of the occurrence of the overpayment and to facilitate the repayment of the overpayment; to permit the investigation of complaints concerning the non-disclosure or non-return of such overpayments; to create certain offences and to provide for related matters\u0000", "uri": "/bill/2012/48", "events": [{"progressStage": null, "event": {"chamber": {"showAs": "Seanad", "uri": "/house/seanad"}, "showAs": "Second Stage", "dates": [{"date": "2012-06-13"}], "uri": "/bill/2012/48/seanad/2/rejected"}}], "_id": "bill.2012.48", "amendmentLists": [], "sponsors": [{"sponsor": {"as": {"showAs": null, "uri": null}, "by": {"showAs": "Alan Shatter", "uri": "/member/Alan-Shatter.D.1981-06-30"}}}], "method": "Presentation", "shortTitle": "Business Undertakings (Disclosure Of Overpayments) Bill 2012", "stages": [{"event": {"progressStage": 1, "chamber": {"showAs": "Seanad", "uri": "/house/seanad"}, "showAs": "First Stage", "dates": [{"date": "2012-06-07"}], "uri": "/bill/2012/48/seanad/1"}}, {"event": {"progressStage": 2, "chamber": {"showAs": "Seanad", "uri": "/house/seanad"}, "showAs": "Second Stage", "dates": [{"date": "2012-06-13"}], "uri": "/bill/2012/48/seanad/2"}}], "originHouse": {"showAs": "Seanad \u00c9ireann", "uri": "/house/seanad"}, "billYear": "2012", "act": null}