{"stages": [{"event": {"showAs": "First Stage", "uri": "/bill/2012/17/dail/1", "chamber": {"showAs": "D\u00e1il", "uri": "/house/dail"}, "dates": [{"date": "2012-03-14"}], "progressStage": 1}}, {"event": {"showAs": "Second Stage", "uri": "/bill/2012/17/dail/2", "chamber": {"showAs": "D\u00e1il", "uri": "/house/dail"}, "dates": [{"date": "2012-05-11"}, {"date": "2012-05-15"}], "progressStage": 2}}], "shortTitle": "Comptroller and Auditor General (Amendment) Bill 2012", "longTitle": "Bill entitled An Act to amend the law relating to the Comptroller and Auditor General", "amendmentLists": [], "billType": "Public", "billNo": "17", "versions": [], "events": [{"event": {"showAs": "Second Stage", "progressStage": null, "chamber": {"showAs": "D\u00e1il", "uri": "/house/dail"}, "dates": [{"date": "2012-05-15"}], "uri": "/bill/2012/17/dail/2/rejected"}}], "billYear": "2012", "originHouse": {"showAs": "D\u00e1il \u00c9ireann", "uri": "/house/dail"}, "uri": "/bill/2012/17", "status": "Rejected", "_id": "bill.2012.17", "sponsors": [{"sponsor": {"as": {"showAs": null, "uri": null}, "by": {"showAs": "Michael Noonan", "uri": "/member/Michael-Noonan.D.1981-06-30"}}}], "act": null, "method": "Introduction"}