{"billNo": "79", "billType": "Public", "versions": [], "status": "Lapsed", "longTitle": "Bill entitled An Act to prohibit the investment of public moneys in nuclear weapon companies and to provide for related matters", "uri": "/bill/2012/79", "events": [{"progressStage": null, "event": {"chamber": {"showAs": null, "uri": null}, "showAs": "Lapsed", "dates": [{"date": "2016-02-03"}], "uri": "/bill/2012/79/lapsed"}}], "_id": "bill.2012.79", "amendmentLists": [], "sponsors": [{"sponsor": {"as": {"showAs": null, "uri": null}, "by": {"showAs": "Frances Fitzgerald", "uri": "/member/Frances-Fitzgerald.D.1992-12-14"}}}], "method": "Introduction", "shortTitle": "Nuclear Weapons (Prohibition of Investments) Bill 2012", "stages": [{"event": {"progressStage": 1, "chamber": {"showAs": "D\u00e1il", "uri": "/house/dail"}, "showAs": "First Stage", "dates": [{"date": "2012-09-20"}], "uri": "/bill/2012/79/dail/1"}}], "originHouse": {"showAs": "D\u00e1il \u00c9ireann", "uri": "/house/dail"}, "billYear": "2012", "act": null}