{"billNo": "114", "billType": "Public", "versions": [], "longTitle": "Bill entitled An Act to introduce criminal offences concerning vehicle mileage and related matters", "uri": "/bill/2012/114", "events": [{"progressStage": null, "event": {"chamber": {"showAs": "D\u00e1il", "uri": "/house/dail"}, "showAs": "Withdrawn", "dates": [{"date": "2014-04-01"}], "uri": "/bill/2012/114/dail/1/withdrawn"}}], "_id": "bill.2012.114", "amendmentLists": [], "sponsors": [{"sponsor": {"as": {"showAs": null, "uri": null}, "by": {"showAs": "Richard Bruton", "uri": "/member/Richard-Bruton.S.1981-10-08"}}}], "method": "Introduction", "shortTitle": "Road Traffic (Amendment) Bill 2012", "stages": [{"event": {"progressStage": 1, "chamber": {"showAs": "D\u00e1il", "uri": "/house/dail"}, "showAs": "First Stage", "dates": [{"date": "2012-12-11"}], "uri": "/bill/2012/114/dail/1"}}], "originHouse": {"showAs": "D\u00e1il \u00c9ireann", "uri": "/house/dail"}, "billYear": "2012", "act": null}