{"stages": [{"event": {"showAs": "First Stage", "uri": "/bill/2012/58/dail/1", "chamber": {"showAs": "D\u00e1il", "uri": "/house/dail"}, "dates": [{"date": "2012-06-27"}], "progressStage": 1}}, {"event": {"showAs": "Second Stage", "uri": "/bill/2012/58/dail/2", "chamber": {"showAs": "D\u00e1il", "uri": "/house/dail"}, "dates": [{"date": "2012-07-05"}, {"date": "2012-07-11"}, {"date": "2012-07-12"}, {"date": "2012-07-13"}, {"date": "2012-07-18"}], "progressStage": 2}}, {"event": {"showAs": "Fourth Stage", "uri": "/bill/2012/58/dail/4", "chamber": {"showAs": "D\u00e1il", "uri": "/house/dail"}, "dates": [{"date": "2012-11-06"}, {"date": "2012-11-07"}, {"date": "2012-12-19"}], "progressStage": 3}}, {"event": {"showAs": "Fifth Stage", "uri": "/bill/2012/58/dail/5", "chamber": {"showAs": "D\u00e1il", "uri": "/house/dail"}, "dates": [{"date": "2012-11-07"}], "progressStage": 4}}, {"event": {"showAs": "Second Stage", "uri": "/bill/2012/58/seanad/2", "chamber": {"showAs": "Seanad", "uri": "/house/seanad"}, "dates": [{"date": "2012-11-21"}], "progressStage": 5}}, {"event": {"showAs": "Third Stage", "uri": "/bill/2012/58/seanad/3", "chamber": {"showAs": "Seanad", "uri": "/house/seanad"}, "dates": [{"date": "2012-11-29"}, {"date": "2012-11-30"}, {"date": "2012-12-04"}, {"date": "2012-12-05"}], "progressStage": 6}}, {"event": {"showAs": "Fourth Stage", "uri": "/bill/2012/58/seanad/4", "chamber": {"showAs": "Seanad", "uri": "/house/seanad"}, "dates": [{"date": "2012-12-11"}], "progressStage": 7}}, {"event": {"showAs": "Enacted", "uri": "/bill/2012/58/seanad/5", "chamber": null, "dates": [{"date": "2012-12-26"}], "progressStage": 9}}, {"event": {"showAs": "Enacted", "uri": "/bill/2012/58/seanad/5", "chamber": null, "dates": [{"date": "2012-12-26"}], "progressStage": 9}}], "shortTitle": "Personal Insolvency Bill 2012", "longTitle": "Bill entitled An Act to amend the law relating to insolvency, to amend the Bankruptcy Act 1988, to provide for the establishment and functions of a body to be known as Seirbh\u00eds D\u00f3cmhainneachta na h\u00c9ireann or, in the English language, the Insolvency Service of Ireland, and, in particular, in the interests of the common good (including the stability of the financial system in the State) and having regard to the following objectives\u2014\u0000(a)        the need to ameliorate the difficulties experienced by debtors in discharging their indebtedness due to insolvency and thereby lessen the adverse consequences for economic activity in the State, \u0000(b)        the need to enable creditors to recover debts due to them by insolvent debtors to the extent that the means of those debtors reasonably permits, in an orderly and rational manner, and \u0000(c)        the need to enable insolvent debtors to resolve their indebtedness (including by determining that debts stand discharged in certain circumstances)  in an orderly and rational manner without recourse to bankruptcy, and to thereby facilitate the active participation of such persons in economic activity in the State, \u0000to provide for additional mechanisms and arrangements relating to insolvency to facilitate the achievement of those objectives, to provide for the appointment, functions, powers and jurisdiction of new judges of the circuit court to be styled specialist judges of the circuit court and, for that purpose, to amend the Courts (Establishment and Constitution) Act 1961 and the Courts (Supplemental Provisions) Act 1961 and certain other enactments, to provide for the regulation, supervision and discipline of personal insolvency practitioners, and to provide for connected matters", "amendmentLists": [], "billType": "Public", "billNo": "58", "versions": [], "events": [], "billYear": "2012", "originHouse": {"showAs": "D\u00e1il \u00c9ireann", "uri": "/house/dail"}, "uri": "/bill/2012/58", "status": "Enacted", "_id": "bill.2012.58", "sponsors": [{"sponsor": {"as": {"showAs": "Minister for Justice and Equality", "uri": "/office/minister/justice__equality"}, "by": {"showAs": "Alan Shatter", "uri": "/member/Alan-Shatter.D.1981-06-30"}}}], "act": {"dateSigned": "2012-12-26", "shortTitle": "Personal Insolvency Act 2012", "actYear": "2012", "uri": "/act/2012/44", "longTitle": "An Act to amend the law relating to insolvency, to amend the Bankruptcy Act 1988, to provide for the establishment and functions of a body to be known as Seirbh\u00eds D\u00f3cmhainneachta na h\u00c9ireann or, in the English language, the Insolvency Service of Ireland, and, in particular, in the interests of the common good (including the stability of the financial system in the State) and having regard to the following objectives\u2014\u0000(a)        the need to ameliorate the difficulties experienced by debtors in discharging their indebtedness due to insolvency and thereby lessen the adverse consequences for economic activity in the State, \u0000(b)        the need to enable creditors to recover debts due to them by insolvent debtors to the extent that the means of those debtors reasonably permits, in an orderly and rational manner, and \u0000(c)        the need to enable insolvent debtors to resolve their indebtedness (including by determining that debts stand discharged in certain circumstances)  in an orderly and rational manner without recourse to bankruptcy, and to thereby facilitate the active participation of such persons in economic activity in the State, \u0000to provide for additional mechanisms and arrangements relating to insolvency to facilitate the achievement of those objectives, to provide for the appointment, functions, powers and jurisdiction of new judges of the circuit court to be styled specialist judges of the circuit court and, for that purpose, to amend the Courts (Establishment and Constitution) Act 1961 and the Courts (Supplemental Provisions) Act 1961 and certain other enactments, to provide for the regulation, supervision and discipline of personal insolvency practitioners, and to provide for connected matters", "actNo": "44", "statuteBookURI": "http://www.irishstatutebook.ie/eli/2012/act/44"}, "method": "Presentation"}