{"billNo": "72", "billType": "Public", "versions": [], "longTitle": "Bill entitled An Act do mh\u00edni\u00fa Craolach\u00e1n Seirbh\u00edse Poibl\u00ed, do dh\u00e9anamh socr\u00fa chun cead\u00fanais teilif\u00edse a ionad\u00fa, do dh\u00e9anamh socr\u00fa maidir le socruithe athmheasta chun seirbh\u00eds\u00ed craolach\u00e1in in \u00c9irinn a mhaoini\u00fa, do chur craolt\u00f3ir\u00ed ar bhonn n\u00edos cothroime, do chur pr\u00f3iseas neamhsple\u00e1ch breithnithe gear\u00e1n ar f\u00e1il, agus do shol\u00e1thar ceart rochtana ar thaifeadta\u00ed agallaimh nach bhfuil in eagar agus do dh\u00e9anamh socr\u00fa i dtaobh nithe gaolmhara", "uri": "/bill/2012/72", "events": [{"progressStage": null, "event": {"chamber": {"showAs": null, "uri": null}, "showAs": "Lapsed", "dates": [{"date": "2016-02-03"}], "uri": "/bill/2012/72/lapsed"}}], "_id": "bill.2012.72", "amendmentLists": [], "sponsors": [{"sponsor": {"as": {"showAs": null, "uri": null}, "by": {"showAs": "Alan Shatter", "uri": "/member/Alan-Shatter.D.1981-06-30"}}}], "method": "Introduction", "shortTitle": "Broadcasting (Amendment) Bill 2012", "stages": [{"event": {"progressStage": 1, "chamber": {"showAs": "D\u00e1il", "uri": "/house/dail"}, "showAs": "First Stage", "dates": [{"date": "2012-07-19"}], "uri": "/bill/2012/72/dail/1"}}], "originHouse": {"showAs": "D\u00e1il \u00c9ireann", "uri": "/house/dail"}, "billYear": "2012", "act": null}