{"billNo": "82", "billType": "Public", "versions": [], "status": "Rejected", "longTitle": "Bill entitled An Act to provide that, in the interests of transparency, all relevant details of loans, properties, or other assets offered for sale by or with the approval of NAMA or the Irish Bank Resolution Corporation be available to the public by means of publication on a website", "uri": "/bill/2011/82", "events": [{"progressStage": null, "event": {"chamber": {"showAs": "Seanad", "uri": "/house/seanad"}, "showAs": "Second Stage", "dates": [{"date": "2012-06-06"}], "uri": "/bill/2011/82/seanad/2/rejected"}}], "_id": "bill.2011.82", "amendmentLists": [], "sponsors": [{"sponsor": {"as": {"showAs": null, "uri": null}, "by": {"showAs": "Richard Bruton", "uri": "/member/Richard-Bruton.S.1981-10-08"}}}], "method": "Introduction", "shortTitle": "NAMA and Irish Bank Resolution Corporation Transparency Bill 2011", "stages": [{"event": {"progressStage": 1, "chamber": {"showAs": "Seanad", "uri": "/house/seanad"}, "showAs": "First Stage", "dates": [{"date": "2011-12-15"}], "uri": "/bill/2011/82/seanad/1"}}, {"event": {"progressStage": 2, "chamber": {"showAs": "Seanad", "uri": "/house/seanad"}, "showAs": "Second Stage", "dates": [{"date": "2012-06-06"}], "uri": "/bill/2011/82/seanad/2"}}], "originHouse": {"showAs": "Seanad \u00c9ireann", "uri": "/house/seanad"}, "billYear": "2011", "act": null}