{"stages": [{"event": {"showAs": "First Stage", "uri": "/bill/2012/95/dail/1", "chamber": {"showAs": "D\u00e1il", "uri": "/house/dail"}, "dates": [{"date": "2012-11-06"}], "progressStage": 1}}], "shortTitle": "Civil Registration (Amendment) (Domestic Registration of Death Records) Bill 2012", "longTitle": "Bill entitled An Act to provide for the registration in the State\u2019s vital record registration system of resident citizens\u2019 deaths that occur outside the State\u0000", "amendmentLists": [], "billType": "Public", "billNo": "95", "versions": [], "events": [{"event": {"showAs": "Lapsed", "progressStage": null, "chamber": {"showAs": null, "uri": null}, "dates": [{"date": "2016-02-03"}], "uri": "/bill/2012/95/lapsed"}}], "billYear": "2012", "originHouse": {"showAs": "D\u00e1il \u00c9ireann", "uri": "/house/dail"}, "uri": "/bill/2012/95", "status": "Lapsed", "_id": "bill.2012.95", "sponsors": [{"sponsor": {"as": {"showAs": null, "uri": null}, "by": {"showAs": "Leo Varadkar", "uri": "/member/Leo-Varadkar.D.2007-06-14"}}}], "act": null, "method": "Introduction"}