{"billNo": "106", "billType": "Public", "versions": [], "longTitle": "Bill entitled An Act to give powers to an Garda S\u00edoch\u00e1na to deal with the use of motor propelled vehicles in areas designated public spaces by local authorities\u0000", "uri": "/bill/2012/106", "events": [{"progressStage": null, "event": {"chamber": {"showAs": "D\u00e1il", "uri": "/house/dail"}, "showAs": "Second Stage", "dates": [{"date": "2014-03-11"}], "uri": "/bill/2012/106/dail/2/rejected"}}], "_id": "bill.2012.106", "amendmentLists": [], "sponsors": [{"sponsor": {"as": {"showAs": null, "uri": null}, "by": {"showAs": "Joan Burton", "uri": "/member/Joan-Burton.D.1992-12-14"}}}], "method": "Introduction", "shortTitle": "Misuse of Motor Vehicles (Public Spaces) Bill 2012", "stages": [{"event": {"progressStage": 1, "chamber": {"showAs": "D\u00e1il", "uri": "/house/dail"}, "showAs": "First Stage", "dates": [{"date": "2012-12-04"}], "uri": "/bill/2012/106/dail/1"}}, {"event": {"progressStage": 2, "chamber": {"showAs": "D\u00e1il", "uri": "/house/dail"}, "showAs": "Second Stage", "dates": [{"date": "2014-03-07"}], "uri": "/bill/2012/106/dail/2"}}], "originHouse": {"showAs": "D\u00e1il \u00c9ireann", "uri": "/house/dail"}, "billYear": "2012", "act": null}