{"billNo": "63", "billType": "Public", "versions": [], "longTitle": "Bill entitled An Act to amend the Water Services Act 2007; and to provide for related matters", "uri": "/bill/2011/63", "events": [], "_id": "bill.2011.63", "amendmentLists": [], "sponsors": [{"sponsor": {"as": {"showAs": "Minister for the Environment, Community and Local Government", "uri": "/office/minister/environment__community__local_government"}, "by": {"showAs": "Phil Hogan", "uri": "/member/Phil-Hogan.S.1987-04-25"}}}], "method": "Presentation", "shortTitle": "Water Services (Amendment) Bill 2011", "stages": [{"event": {"progressStage": 1, "chamber": {"showAs": "Seanad", "uri": "/house/seanad"}, "showAs": "First Stage", "dates": [{"date": "2011-11-01"}], "uri": "/bill/2011/63/seanad/1"}}, {"event": {"progressStage": 2, "chamber": {"showAs": "Seanad", "uri": "/house/seanad"}, "showAs": "Second Stage", "dates": [{"date": "2011-11-16"}], "uri": "/bill/2011/63/seanad/2"}}, {"event": {"progressStage": 3, "chamber": {"showAs": "Seanad", "uri": "/house/seanad"}, "showAs": "Third Stage", "dates": [{"date": "2011-11-23"}, {"date": "2011-11-24"}], "uri": "/bill/2011/63/seanad/3"}}, {"event": {"progressStage": 4, "chamber": {"showAs": "Seanad", "uri": "/house/seanad"}, "showAs": "Fourth Stage", "dates": [{"date": "2011-11-28"}], "uri": "/bill/2011/63/seanad/4"}}, {"event": {"progressStage": 5, "chamber": {"showAs": "Seanad", "uri": "/house/seanad"}, "showAs": "Fifth Stage", "dates": [{"date": "2011-11-28"}], "uri": "/bill/2011/63/seanad/5"}}, {"event": {"progressStage": 6, "chamber": {"showAs": "D\u00e1il", "uri": "/house/dail"}, "showAs": "Second Stage", "dates": [{"date": "2011-11-30"}], "uri": "/bill/2011/63/dail/2"}}, {"event": {"progressStage": 7, "chamber": {"showAs": "D\u00e1il", "uri": "/house/dail"}, "showAs": "Fourth Stage", "dates": [{"date": "2012-01-25"}, {"date": "2012-01-26"}], "uri": "/bill/2011/63/dail/4"}}, {"event": {"progressStage": 9, "chamber": null, "showAs": "Enacted", "dates": [{"date": "2012-02-02"}], "uri": "/bill/2011/63/dail/5"}}, {"event": {"progressStage": 9, "chamber": null, "showAs": "Enacted", "dates": [{"date": "2012-02-02"}], "uri": "/bill/2011/63/dail/5"}}], "originHouse": {"showAs": "Seanad \u00c9ireann", "uri": "/house/seanad"}, "billYear": "2011", "act": {"dateSigned": "2012-02-02", "uri": "/act/2012/2", "shortTitle": "Water Services (Amendment) Act 2012", "actYear": "2012", "longTitle": "An Act to amend the Water Services Act 2007; and to provide for related matters", "actNo": "2", "statuteBookURI": "http://www.irishstatutebook.ie/eli/2012/act/2"}}