{"stages": [{"event": {"showAs": "First Stage", "uri": "/bill/2012/66/dail/1", "chamber": {"showAs": "D\u00e1il", "uri": "/house/dail"}, "dates": [{"date": "2012-07-16"}], "progressStage": 1}}, {"event": {"showAs": "Second Stage", "uri": "/bill/2012/66/dail/2", "chamber": {"showAs": "D\u00e1il", "uri": "/house/dail"}, "dates": [{"date": "2012-10-09"}, {"date": "2012-10-10"}, {"date": "2012-10-11"}], "progressStage": 2}}, {"event": {"showAs": "Fourth Stage", "uri": "/bill/2012/66/dail/4", "chamber": {"showAs": "D\u00e1il", "uri": "/house/dail"}, "dates": [{"date": "2012-11-06"}, {"date": "2012-11-13"}], "progressStage": 3}}, {"event": {"showAs": "Fifth Stage", "uri": "/bill/2012/66/dail/5", "chamber": {"showAs": "D\u00e1il", "uri": "/house/dail"}, "dates": [{"date": "2012-11-13"}], "progressStage": 4}}, {"event": {"showAs": "Second Stage", "uri": "/bill/2012/66/seanad/2", "chamber": {"showAs": "Seanad", "uri": "/house/seanad"}, "dates": [{"date": "2012-11-14"}], "progressStage": 5}}, {"event": {"showAs": "Third Stage", "uri": "/bill/2012/66/seanad/3", "chamber": {"showAs": "Seanad", "uri": "/house/seanad"}, "dates": [{"date": "2012-11-20"}], "progressStage": 6}}, {"event": {"showAs": "Fourth Stage", "uri": "/bill/2012/66/seanad/4", "chamber": {"showAs": "Seanad", "uri": "/house/seanad"}, "dates": [{"date": "2012-11-20"}], "progressStage": 7}}, {"event": {"showAs": "Enacted", "uri": "/bill/2012/66/seanad/5", "chamber": null, "dates": [{"date": "2012-11-27"}], "progressStage": 9}}, {"event": {"showAs": "Enacted", "uri": "/bill/2012/66/seanad/5", "chamber": null, "dates": [{"date": "2012-11-27"}], "progressStage": 9}}], "shortTitle": "Fiscal Responsibility Bill 2012", "longTitle": "Bill entitled An Act to make provision for securing that the rules in Article 3 of the Treaty on Stability, Coordination and Governance in the Economic and Monetary Union take effect in the law of the State in accordance with paragraph 2 of that Article and that the rule in Article 4 of that Treaty takes effect in the State; to make provision in accordance with Article 3 of that Treaty in relation to a medium-term budgetary objective and a correction mechanism; to establish a body to be known as Comhairle Chomhairleach Bhuis\u00e9adach na h\u00c9ireann or, in the English language, the Irish Fiscal Advisory Council and provide for its functions; and to provide for related matters", "amendmentLists": [], "billType": "Public", "billNo": "66", "versions": [], "events": [], "billYear": "2012", "originHouse": {"showAs": "D\u00e1il \u00c9ireann", "uri": "/house/dail"}, "uri": "/bill/2012/66", "status": "Enacted", "_id": "bill.2012.66", "sponsors": [{"sponsor": {"as": {"showAs": "Minister for Finance", "uri": "/office/minister/finance"}, "by": {"showAs": "Michael Noonan", "uri": "/member/Michael-Noonan.D.1981-06-30"}}}], "act": {"dateSigned": "2012-11-27", "shortTitle": "Fiscal Responsibility Act 2012", "actYear": "2012", "uri": "/act/2012/39", "longTitle": "An Act to make provision for securing that the rules in Article 3 of the Treaty on Stability, Coordination and Governance in the Economic and Monetary Union take effect in the law of the State in accordance with paragraph 2 of that Article and that the rule in Article 4 of that Treaty takes effect in the State; to make provision in accordance with Article 3 of that Treaty in relation to a medium-term budgetary objective and a correction mechanism; to establish a body to be known as Comhairle Chomhairleach Bhuis\u00e9adach na h\u00c9ireann or, in the English language, the Irish Fiscal Advisory Council and provide for its functions; and to provide for related matters", "actNo": "39", "statuteBookURI": "http://www.irishstatutebook.ie/eli/2012/act/39"}, "method": "Presentation"}