{"stages": [{"event": {"showAs": "First Stage", "uri": "/bill/2012/62/dail/1", "chamber": {"showAs": "D\u00e1il", "uri": "/house/dail"}, "dates": [{"date": "2012-07-12"}], "progressStage": 1}}, {"event": {"showAs": "Second Stage", "uri": "/bill/2012/62/dail/2", "chamber": {"showAs": "D\u00e1il", "uri": "/house/dail"}, "dates": [{"date": "2012-10-05"}], "progressStage": 2}}], "shortTitle": "Assaults on Emergency Workers Bill 2012", "longTitle": "Bill entitled An Act to revise the law relating to non-fatal offences against the person by imposing specific terms of imprisonment on persons found guilty of assaulting members of the emergency services whilst on duty", "amendmentLists": [], "billType": "Public", "billNo": "62", "versions": [], "events": [{"event": {"showAs": "Second Stage", "progressStage": null, "chamber": {"showAs": "D\u00e1il", "uri": "/house/dail"}, "dates": [{"date": "2012-10-09"}], "uri": "/bill/2012/62/dail/2/rejected"}}], "billYear": "2012", "originHouse": {"showAs": "D\u00e1il \u00c9ireann", "uri": "/house/dail"}, "uri": "/bill/2012/62", "status": "Rejected", "_id": "bill.2012.62", "sponsors": [{"sponsor": {"as": {"showAs": null, "uri": null}, "by": {"showAs": "Phil Hogan", "uri": "/member/Phil-Hogan.S.1987-04-25"}}}], "act": null, "method": "Introduction"}