{"billNo": "70", "billType": "Public", "versions": [], "status": "Lapsed", "longTitle": "Bill entitled An Act to amend the Constitution", "uri": "/bill/2012/70", "events": [{"progressStage": null, "event": {"chamber": {"showAs": null, "uri": null}, "showAs": "Lapsed", "dates": [{"date": "2016-02-03"}], "uri": "/bill/2012/70/lapsed"}}], "_id": "bill.2012.70", "amendmentLists": [], "sponsors": [{"sponsor": {"as": {"showAs": null, "uri": null}, "by": {"showAs": "Alan Shatter", "uri": "/member/Alan-Shatter.D.1981-06-30"}}}], "method": "Introduction", "shortTitle": "Thirty-First Amendment of the Constitution (Economic, Social and Cultural Rights) Bill 2012", "stages": [{"event": {"progressStage": 1, "chamber": {"showAs": "D\u00e1il", "uri": "/house/dail"}, "showAs": "First Stage", "dates": [{"date": "2012-07-19"}], "uri": "/bill/2012/70/dail/1"}}], "originHouse": {"showAs": "D\u00e1il \u00c9ireann", "uri": "/house/dail"}, "billYear": "2012", "act": null}