{"stages": [{"event": {"showAs": "First Stage", "uri": "/bill/2012/87/dail/1", "chamber": {"showAs": "D\u00e1il", "uri": "/house/dail"}, "dates": [{"date": "2012-10-16"}], "progressStage": 1}}, {"event": {"showAs": "Second Stage", "uri": "/bill/2012/87/dail/2", "chamber": {"showAs": "D\u00e1il", "uri": "/house/dail"}, "dates": [{"date": "2012-11-14"}, {"date": "2012-11-15"}], "progressStage": 2}}, {"event": {"showAs": "Fourth Stage", "uri": "/bill/2012/87/dail/4", "chamber": {"showAs": "D\u00e1il", "uri": "/house/dail"}, "dates": [{"date": "2012-12-04"}], "progressStage": 3}}, {"event": {"showAs": "Fifth Stage", "uri": "/bill/2012/87/dail/5", "chamber": {"showAs": "D\u00e1il", "uri": "/house/dail"}, "dates": [{"date": "2012-12-04"}], "progressStage": 4}}, {"event": {"showAs": "Second Stage", "uri": "/bill/2012/87/seanad/2", "chamber": {"showAs": "Seanad", "uri": "/house/seanad"}, "dates": [{"date": "2012-12-13"}], "progressStage": 5}}, {"event": {"showAs": "Third Stage", "uri": "/bill/2012/87/seanad/3", "chamber": {"showAs": "Seanad", "uri": "/house/seanad"}, "dates": [{"date": "2012-12-19"}], "progressStage": 6}}, {"event": {"showAs": "Fourth Stage", "uri": "/bill/2012/87/seanad/4", "chamber": {"showAs": "Seanad", "uri": "/house/seanad"}, "dates": [{"date": "2012-12-19"}], "progressStage": 7}}, {"event": {"showAs": "Enacted", "uri": "/bill/2012/87/seanad/5", "chamber": null, "dates": [{"date": "2012-12-26"}], "progressStage": 9}}, {"event": {"showAs": "Enacted", "uri": "/bill/2012/87/seanad/5", "chamber": null, "dates": [{"date": "2012-12-26"}], "progressStage": 9}}], "shortTitle": "Health Insurance (Amendment) Bill 2012", "longTitle": "Bill entitled An Act to amend the Health Insurance Act 1994, in particular to ensure that, in the interests of societal and intergenerational solidarity, the burden of the costs of health services be shared by insured persons by providing for a cost subsidy between the more healthy and the less healthy, including between the young and the old; to provide, having regard to the principal objective of the Health Insurance Act 1994, for risk equalisation credits to enable the less healthy, including the old, to have access to health insurance cover; to provide for a means whereby any overcompensation to registered undertakings or former registered undertakings arising from such risk equalisation credits shall be repaid; and to provide for related matters", "amendmentLists": [], "billType": "Public", "billNo": "87", "versions": [], "events": [], "billYear": "2012", "originHouse": {"showAs": "D\u00e1il \u00c9ireann", "uri": "/house/dail"}, "uri": "/bill/2012/87", "status": "Enacted", "_id": "bill.2012.87", "sponsors": [{"sponsor": {"as": {"showAs": "Minister for Health", "uri": "/office/minister/health"}, "by": {"showAs": "James Reilly", "uri": "/member/James-Reilly.D.2007-06-14"}}}], "act": {"dateSigned": "2012-12-26", "shortTitle": "Health Insurance (Amendment) Act 2012", "actYear": "2012", "uri": "/act/2012/45", "longTitle": "An Act to amend the Health Insurance Act 1994, in particular to ensure that, in the interests of societal and intergenerational solidarity, the burden of the costs of health services be shared by insured persons by providing for a cost subsidy between the more healthy and the less healthy, including between the young and the old; to provide, having regard to the principal objective of the Health Insurance Act 1994, for risk equalisation credits to enable the less healthy, including the old, to have access to health insurance cover; to provide for a means whereby any overcompensation to registered undertakings or former registered undertakings arising from such risk equalisation credits shall be repaid; and to provide for related matters", "actNo": "45", "statuteBookURI": "http://www.irishstatutebook.ie/eli/2012/act/45"}, "method": "Presentation"}