{"billNo": "36", "billType": "Public", "versions": [], "status": "Enacted", "longTitle": "Bill entitled An Act to provide that the Protocol, done at Brussels on the 23rd day of June 2010, amending the Protocol on Transitional Provisions annexed to the Treaty on European Union, to the Treaty on the Functioning of the European Union and to the Treaty establishing the European Atomic Energy Community, and the European Council Decision of 25 March 2011 amending Article 136 of the Treaty on the Functioning of the European Union with regard to a stability mechanism for Member States whose currency is the euro shall be part of the domestic law of the State; for those purposes to amend the European Communities Act 1972; and to provide for matters connected therewith", "uri": "/bill/2012/36", "events": [], "_id": "bill.2012.36", "amendmentLists": [], "sponsors": [{"sponsor": {"as": {"showAs": "Minister for Foreign Affairs and Trade", "uri": "/office/minister/foreign_affairs__trade"}, "by": {"showAs": "Eamon Gilmore", "uri": "/member/Eamon-Gilmore.D.1989-06-29"}}}], "method": "Presentation", "shortTitle": "European Communities (Amendment) Bill 2012", "stages": [{"event": {"progressStage": 1, "chamber": {"showAs": "D\u00e1il", "uri": "/house/dail"}, "showAs": "First Stage", "dates": [{"date": "2012-05-04"}], "uri": "/bill/2012/36/dail/1"}}, {"event": {"progressStage": 2, "chamber": {"showAs": "D\u00e1il", "uri": "/house/dail"}, "showAs": "Second Stage", "dates": [{"date": "2012-06-06"}], "uri": "/bill/2012/36/dail/2"}}, {"event": {"progressStage": 3, "chamber": {"showAs": "D\u00e1il", "uri": "/house/dail"}, "showAs": "Fourth Stage", "dates": [{"date": "2012-06-19"}], "uri": "/bill/2012/36/dail/4"}}, {"event": {"progressStage": 4, "chamber": {"showAs": "D\u00e1il", "uri": "/house/dail"}, "showAs": "Fifth Stage", "dates": [{"date": "2012-06-19"}], "uri": "/bill/2012/36/dail/5"}}, {"event": {"progressStage": 5, "chamber": {"showAs": "Seanad", "uri": "/house/seanad"}, "showAs": "Second Stage", "dates": [{"date": "2012-06-26"}], "uri": "/bill/2012/36/seanad/2"}}, {"event": {"progressStage": 6, "chamber": {"showAs": "Seanad", "uri": "/house/seanad"}, "showAs": "Third Stage", "dates": [{"date": "2012-06-27"}], "uri": "/bill/2012/36/seanad/3"}}, {"event": {"progressStage": 7, "chamber": {"showAs": "Seanad", "uri": "/house/seanad"}, "showAs": "Fourth Stage", "dates": [{"date": "2012-06-27"}], "uri": "/bill/2012/36/seanad/4"}}, {"event": {"progressStage": 9, "chamber": null, "showAs": "Enacted", "dates": [{"date": "2012-07-03"}], "uri": "/bill/2012/36/seanad/5"}}, {"event": {"progressStage": 9, "chamber": null, "showAs": "Enacted", "dates": [{"date": "2012-07-03"}], "uri": "/bill/2012/36/seanad/5"}}], "originHouse": {"showAs": "D\u00e1il \u00c9ireann", "uri": "/house/dail"}, "billYear": "2012", "act": {"dateSigned": "2012-07-03", "uri": "/act/2012/21", "shortTitle": "European Communities (Amendment) Act 2012", "actYear": "2012", "longTitle": "An Act to provide that the Protocol, done at Brussels on the 23rd day of June 2010, amending the Protocol on Transitional Provisions annexed to the Treaty on European Union, to the Treaty on the Functioning of the European Union and to the Treaty establishing the European Atomic Energy Community, and the European Council Decision of 25 March 2011 amending Article 136 of the Treaty on the Functioning of the European Union with regard to a stability mechanism for Member States whose currency is the euro shall be part of the domestic law of the State; for those purposes to amend the European Communities Act 1972; and to provide for matters connected therewith", "actNo": "21", "statuteBookURI": "http://www.irishstatutebook.ie/eli/2012/act/21"}}