{"stages": [{"event": {"showAs": "First Stage", "uri": "/bill/2012/96/dail/1", "chamber": {"showAs": "D\u00e1il", "uri": "/house/dail"}, "dates": [{"date": "2012-11-13"}], "progressStage": 1}}, {"event": {"showAs": "Second Stage", "uri": "/bill/2012/96/dail/2", "chamber": {"showAs": "D\u00e1il", "uri": "/house/dail"}, "dates": [{"date": "2013-07-05"}], "progressStage": 2}}], "shortTitle": "Brighter Evenings Bill 2012", "longTitle": "Bill entitled An Act to require the Minister for Justice to prepare and publish a report on the costs and benefits of advancing the clocks by one hour to allow for brighter evenings and to bring Ireland into the Central European Time zone; to also allow the Minister for Justice to advance the clocks by one hour for a three year trial period and then permanently if required; and for connected purposes", "amendmentLists": [], "billType": "Public", "billNo": "96", "versions": [], "events": [{"event": {"showAs": "Lapsed", "progressStage": null, "chamber": {"showAs": null, "uri": null}, "dates": [{"date": "2016-02-03"}], "uri": "/bill/2012/96/lapsed"}}], "billYear": "2012", "originHouse": {"showAs": "D\u00e1il \u00c9ireann", "uri": "/house/dail"}, "uri": "/bill/2012/96", "status": "Lapsed", "_id": "bill.2012.96", "sponsors": [{"sponsor": {"as": {"showAs": null, "uri": null}, "by": {"showAs": "Leo Varadkar", "uri": "/member/Leo-Varadkar.D.2007-06-14"}}}], "act": null, "method": "Introduction"}