{"billNo": "84", "billType": "Public", "versions": [], "status": "Enacted", "longTitle": "Bill entitled An Act to provide for the numbers of members of D\u00e1il \u00c9ireann, for the revision of constituencies and for the number of members to be elected for such constituencies and to provide for related matters", "uri": "/bill/2012/84", "events": [], "_id": "bill.2012.84", "amendmentLists": [], "sponsors": [{"sponsor": {"as": {"showAs": "Minister for the Environment, Community and Local Government", "uri": "/office/minister/environment__community__local_government"}, "by": {"showAs": "Phil Hogan", "uri": "/member/Phil-Hogan.S.1987-04-25"}}}], "method": "Presentation", "shortTitle": "Electoral (Amendment) (D\u00e1il Constituencies) Bill 2012", "stages": [{"event": {"progressStage": 1, "chamber": {"showAs": "D\u00e1il", "uri": "/house/dail"}, "showAs": "First Stage", "dates": [{"date": "2012-10-03"}], "uri": "/bill/2012/84/dail/1"}}, {"event": {"progressStage": 2, "chamber": {"showAs": "D\u00e1il", "uri": "/house/dail"}, "showAs": "Second Stage", "dates": [{"date": "2012-11-20"}, {"date": "2012-11-27"}, {"date": "2012-11-28"}, {"date": "2013-01-17"}, {"date": "2013-01-24"}], "uri": "/bill/2012/84/dail/2"}}, {"event": {"progressStage": 3, "chamber": {"showAs": "D\u00e1il", "uri": "/house/dail"}, "showAs": "Fourth Stage", "dates": [{"date": "2013-02-28"}], "uri": "/bill/2012/84/dail/4"}}, {"event": {"progressStage": 4, "chamber": {"showAs": "D\u00e1il", "uri": "/house/dail"}, "showAs": "Fifth Stage", "dates": [{"date": "2013-02-28"}], "uri": "/bill/2012/84/dail/5"}}, {"event": {"progressStage": 5, "chamber": {"showAs": "Seanad", "uri": "/house/seanad"}, "showAs": "Second Stage", "dates": [{"date": "2013-03-05"}], "uri": "/bill/2012/84/seanad/2"}}, {"event": {"progressStage": 6, "chamber": {"showAs": "Seanad", "uri": "/house/seanad"}, "showAs": "Third Stage", "dates": [{"date": "2013-03-12"}], "uri": "/bill/2012/84/seanad/3"}}, {"event": {"progressStage": 7, "chamber": {"showAs": "Seanad", "uri": "/house/seanad"}, "showAs": "Fourth Stage", "dates": [{"date": "2013-03-12"}], "uri": "/bill/2012/84/seanad/4"}}, {"event": {"progressStage": 9, "chamber": null, "showAs": "Enacted", "dates": [{"date": "2013-03-20"}], "uri": "/bill/2012/84/seanad/5"}}, {"event": {"progressStage": 9, "chamber": null, "showAs": "Enacted", "dates": [{"date": "2013-03-20"}], "uri": "/bill/2012/84/seanad/5"}}], "originHouse": {"showAs": "D\u00e1il \u00c9ireann", "uri": "/house/dail"}, "billYear": "2012", "act": {"dateSigned": "2013-03-20", "uri": "/act/2013/7", "shortTitle": "Electoral (Amendment) (D\u00e1il Constituencies) Act 2013", "actYear": "2013", "longTitle": "An Act to provide for the numbers of members of D\u00e1il \u00c9ireann, for the revision of constituencies and for the number of members to be elected for such constituencies and to provide for related matters", "actNo": "7", "statuteBookURI": "http://www.irishstatutebook.ie/eli/2013/act/7"}}