{"stages": [{"event": {"showAs": "First Stage", "uri": "/bill/2012/119/seanad/1", "chamber": {"showAs": "Seanad", "uri": "/house/seanad"}, "dates": [{"date": "2012-12-19"}], "progressStage": 1}}, {"event": {"showAs": "Second Stage", "uri": "/bill/2012/119/seanad/2", "chamber": {"showAs": "Seanad", "uri": "/house/seanad"}, "dates": [{"date": "2013-02-20"}], "progressStage": 2}}], "shortTitle": "Medical Practitioners (Amendment) Bill 2012", "longTitle": "Bill entitled An Act to provide for mandatory professional indemnity cover for certain medical practitioners; to confer additional functions on the Medical Council; and for that purpose to amend and extend the Medical Practitioners Act 2007 and to provide for related matters", "amendmentLists": [], "billType": "Public", "billNo": "119", "versions": [], "events": [{"event": {"showAs": "Lapsed", "progressStage": null, "chamber": {"showAs": null, "uri": null}, "dates": [{"date": "2016-02-03"}], "uri": "/bill/2012/119/lapsed"}}], "billYear": "2012", "originHouse": {"showAs": "Seanad \u00c9ireann", "uri": "/house/seanad"}, "uri": "/bill/2012/119", "status": "Lapsed", "_id": "bill.2012.119", "sponsors": [{"sponsor": {"as": {"showAs": null, "uri": null}, "by": {"showAs": "Alan Shatter", "uri": "/member/Alan-Shatter.D.1981-06-30"}}}], "act": null, "method": "Presentation"}