{"billNo": "29", "billType": "Public", "versions": [], "status": "Enacted", "longTitle": "Bill entitled An Act to amend the Companies (Miscellaneous Provisions) Act 2009 in order to extend the provisions of sections 1 and 2 of that Act, and to provide for related matters", "uri": "/bill/2012/29", "events": [], "_id": "bill.2012.29", "amendmentLists": [], "sponsors": [{"sponsor": {"as": {"showAs": "Minister for Jobs, Enterprise and Innovation", "uri": "/office/minister/jobs__enterprise__innovation"}, "by": {"showAs": "Richard Bruton", "uri": "/member/Richard-Bruton.S.1981-10-08"}}}], "method": "Presentation", "shortTitle": "Companies (Amendment) Bill 2012", "stages": [{"event": {"progressStage": 1, "chamber": {"showAs": "Seanad", "uri": "/house/seanad"}, "showAs": "First Stage", "dates": [{"date": "2012-04-18"}], "uri": "/bill/2012/29/seanad/1"}}, {"event": {"progressStage": 2, "chamber": {"showAs": "Seanad", "uri": "/house/seanad"}, "showAs": "Second Stage", "dates": [{"date": "2012-05-17"}], "uri": "/bill/2012/29/seanad/2"}}, {"event": {"progressStage": 3, "chamber": {"showAs": "Seanad", "uri": "/house/seanad"}, "showAs": "Third Stage", "dates": [{"date": "2012-05-23"}], "uri": "/bill/2012/29/seanad/3"}}, {"event": {"progressStage": 4, "chamber": {"showAs": "Seanad", "uri": "/house/seanad"}, "showAs": "Fourth Stage", "dates": [{"date": "2012-05-23"}], "uri": "/bill/2012/29/seanad/4"}}, {"event": {"progressStage": 5, "chamber": {"showAs": "Seanad", "uri": "/house/seanad"}, "showAs": "Fifth Stage", "dates": [{"date": "2012-05-23"}], "uri": "/bill/2012/29/seanad/5"}}, {"event": {"progressStage": 6, "chamber": {"showAs": "D\u00e1il", "uri": "/house/dail"}, "showAs": "Second Stage", "dates": [{"date": "2012-06-12"}, {"date": "2012-06-13"}], "uri": "/bill/2012/29/dail/2"}}, {"event": {"progressStage": 7, "chamber": {"showAs": "D\u00e1il", "uri": "/house/dail"}, "showAs": "Fourth Stage", "dates": [{"date": "2012-06-28"}], "uri": "/bill/2012/29/dail/4"}}, {"event": {"progressStage": 9, "chamber": null, "showAs": "Enacted", "dates": [{"date": "2012-07-04"}], "uri": "/bill/2012/29/dail/5"}}, {"event": {"progressStage": 9, "chamber": null, "showAs": "Enacted", "dates": [{"date": "2012-07-04"}], "uri": "/bill/2012/29/dail/5"}}], "originHouse": {"showAs": "Seanad \u00c9ireann", "uri": "/house/seanad"}, "billYear": "2012", "act": {"dateSigned": "2012-07-04", "uri": "/act/2012/22", "shortTitle": "Companies (Amendment) Act 2012", "actYear": "2012", "longTitle": "An Act to amend the Companies (Miscellaneous Provisions) Act 2009 in order to extend the provisions of sections 1 and 2 of that Act, and to provide for related matters", "actNo": "22", "statuteBookURI": "http://www.irishstatutebook.ie/eli/2012/act/22"}}