{"stages": [{"event": {"showAs": "First Stage", "uri": "/bill/2011/41/seanad/1", "chamber": {"showAs": "Seanad", "uri": "/house/seanad"}, "dates": [{"date": "2011-07-21"}], "progressStage": 1}}, {"event": {"showAs": "Second Stage", "uri": "/bill/2011/41/seanad/2", "chamber": {"showAs": "Seanad", "uri": "/house/seanad"}, "dates": [{"date": "2011-09-20"}], "progressStage": 2}}, {"event": {"showAs": "Third Stage", "uri": "/bill/2011/41/seanad/3", "chamber": {"showAs": "Seanad", "uri": "/house/seanad"}, "dates": [{"date": "2012-03-29"}], "progressStage": 3}}, {"event": {"showAs": "Fourth Stage", "uri": "/bill/2011/41/seanad/4", "chamber": {"showAs": "Seanad", "uri": "/house/seanad"}, "dates": [{"date": "2012-05-10"}], "progressStage": 4}}, {"event": {"showAs": "Fifth Stage", "uri": "/bill/2011/41/seanad/5", "chamber": {"showAs": "Seanad", "uri": "/house/seanad"}, "dates": [{"date": "2012-05-10"}], "progressStage": 5}}, {"event": {"showAs": "Second Stage", "uri": "/bill/2011/41/dail/2", "chamber": {"showAs": "D\u00e1il", "uri": "/house/dail"}, "dates": [{"date": "2012-05-22"}, {"date": "2012-05-23"}], "progressStage": 6}}, {"event": {"showAs": "Fourth Stage", "uri": "/bill/2011/41/dail/4", "chamber": {"showAs": "D\u00e1il", "uri": "/house/dail"}, "dates": [{"date": "2012-07-05"}], "progressStage": 7}}, {"event": {"showAs": "Enacted", "uri": "/bill/2011/41/dail/5", "chamber": null, "dates": [{"date": "2012-07-22"}], "progressStage": 9}}, {"event": {"showAs": "Enacted", "uri": "/bill/2011/41/dail/5", "chamber": null, "dates": [{"date": "2012-07-22"}], "progressStage": 9}}], "shortTitle": "Qualifications and Quality Assurance (Education and Training) Bill 2011", "longTitle": "Bill entitled An Act to provide for the establishment of a body known in the Irish language as \u00dadar\u00e1s na h\u00c9ireann um Ch\u00e1il\u00edochta\u00ed agus Dearbh\u00fa C\u00e1il\u00edochta or in the English language the Qualifications and Quality Assurance Authority of Ireland; to define its functions; to provide for the dissolution of the National Qualifications Authority of Ireland, the Higher Education and Training  Awards Council and the Further Education and Training Awards Council; to repeal the Qualifications (Education and Training) Act 1999; to amend the Higher Education Authority Act 1971, the Regional Technical Colleges Act 1992, the Freedom of Information Act 1997, the Universities Act 1997 and certain other Acts; and to provide for matters connected therewith", "amendmentLists": [], "billType": "Public", "billNo": "41", "versions": [], "events": [], "billYear": "2011", "originHouse": {"showAs": "Seanad \u00c9ireann", "uri": "/house/seanad"}, "uri": "/bill/2011/41", "status": "Enacted", "_id": "bill.2011.41", "sponsors": [{"sponsor": {"as": {"showAs": "Minister for Education and Skills", "uri": "/office/minister/education__skills"}, "by": {"showAs": "Ruair\u00ed Quinn", "uri": "/member/Ruair\u00ed-Quinn.S.1976-07-01"}}}], "act": {"dateSigned": "2012-07-22", "shortTitle": "Qualifications and Quality Assurance (Education and Training) Act 2012", "actYear": "2012", "uri": "/act/2012/28", "longTitle": "An Act to provide for the establishment of a body known in the Irish language as \u00dadar\u00e1s na h\u00c9ireann um Ch\u00e1il\u00edochta\u00ed agus Dearbh\u00fa C\u00e1il\u00edochta or in the English language the Qualifications and Quality Assurance Authority of Ireland; to define its functions; to provide for the dissolution of the National Qualifications Authority of Ireland, the Higher Education and Training  Awards Council and the Further Education and Training Awards Council; to repeal the Qualifications (Education and Training) Act 1999; to amend the Higher Education Authority Act 1971, the Regional Technical Colleges Act 1992, the Freedom of Information Act 1997, the Universities Act 1997 and certain other Acts; and to provide for matters connected therewith", "actNo": "28", "statuteBookURI": "http://www.irishstatutebook.ie/eli/2012/act/28"}, "method": "Presentation"}