{"stages": [{"event": {"showAs": "First Stage", "uri": "/bill/2012/89/seanad/1", "chamber": {"showAs": "Seanad", "uri": "/house/seanad"}, "dates": [{"date": "2012-10-18"}], "progressStage": 1}}, {"event": {"showAs": "Second Stage", "uri": "/bill/2012/89/seanad/2", "chamber": {"showAs": "Seanad", "uri": "/house/seanad"}, "dates": [{"date": "2012-11-14"}], "progressStage": 2}}, {"event": {"showAs": "Third Stage", "uri": "/bill/2012/89/seanad/3", "chamber": {"showAs": "Seanad", "uri": "/house/seanad"}, "dates": [{"date": "2012-11-22"}], "progressStage": 3}}, {"event": {"showAs": "Fourth Stage", "uri": "/bill/2012/89/seanad/4", "chamber": {"showAs": "Seanad", "uri": "/house/seanad"}, "dates": [{"date": "2012-11-22"}], "progressStage": 4}}, {"event": {"showAs": "Fifth Stage", "uri": "/bill/2012/89/seanad/5", "chamber": {"showAs": "Seanad", "uri": "/house/seanad"}, "dates": [{"date": "2012-11-22"}], "progressStage": 5}}, {"event": {"showAs": "Second Stage", "uri": "/bill/2012/89/dail/2", "chamber": {"showAs": "D\u00e1il", "uri": "/house/dail"}, "dates": [{"date": "2012-11-29"}], "progressStage": 6}}, {"event": {"showAs": "Fourth Stage", "uri": "/bill/2012/89/dail/4", "chamber": {"showAs": "D\u00e1il", "uri": "/house/dail"}, "dates": [{"date": "2012-12-20"}], "progressStage": 7}}, {"event": {"showAs": "Enacted", "uri": "/bill/2012/89/dail/5", "chamber": null, "dates": [{"date": "2012-12-26"}], "progressStage": 9}}, {"event": {"showAs": "Enacted", "uri": "/bill/2012/89/dail/5", "chamber": null, "dates": [{"date": "2012-12-26"}], "progressStage": 9}}], "shortTitle": "Civil Defence Bill 2012", "longTitle": "Bill entitled An Act to provide for the dissolution of the Civil Defence Board; to transfer certain functions of the Civil Defence Board to the Minister for Defence; to repeal the Civil Defence Act 2002; and to provide for matters connected therewith", "amendmentLists": [], "billType": "Public", "billNo": "89", "versions": [], "events": [], "billYear": "2012", "originHouse": {"showAs": "Seanad \u00c9ireann", "uri": "/house/seanad"}, "uri": "/bill/2012/89", "status": "Enacted", "_id": "bill.2012.89", "sponsors": [{"sponsor": {"as": {"showAs": "Minister for Defence", "uri": "/office/minister/defence"}, "by": {"showAs": "Alan Shatter", "uri": "/member/Alan-Shatter.D.1981-06-30"}}}], "act": {"dateSigned": "2012-12-26", "shortTitle": "Civil Defence Act 2012", "actYear": "2012", "uri": "/act/2012/51", "longTitle": "An Act to provide for the dissolution of the Civil Defence Board; to transfer certain functions of the Civil Defence Board to the Minister for Defence; to repeal the Civil Defence Act 2002; and to provide for matters connected therewith", "actNo": "51", "statuteBookURI": "http://www.irishstatutebook.ie/eli/2012/act/51"}, "method": "Presentation"}