{"stages": [{"event": {"showAs": "First Stage", "uri": "/bill/2012/74/dail/1", "chamber": {"showAs": "D\u00e1il", "uri": "/house/dail"}, "dates": [{"date": "2012-07-24"}], "progressStage": 1}}, {"event": {"showAs": "Second Stage", "uri": "/bill/2012/74/dail/2", "chamber": {"showAs": "D\u00e1il", "uri": "/house/dail"}, "dates": [{"date": "2012-10-04"}, {"date": "2012-10-23"}], "progressStage": 2}}, {"event": {"showAs": "Fourth Stage", "uri": "/bill/2012/74/dail/4", "chamber": {"showAs": "D\u00e1il", "uri": "/house/dail"}, "dates": [{"date": "2012-11-22"}], "progressStage": 3}}, {"event": {"showAs": "Fifth Stage", "uri": "/bill/2012/74/dail/5", "chamber": {"showAs": "D\u00e1il", "uri": "/house/dail"}, "dates": [{"date": "2012-11-22"}], "progressStage": 4}}, {"event": {"showAs": "Second Stage", "uri": "/bill/2012/74/seanad/2", "chamber": {"showAs": "Seanad", "uri": "/house/seanad"}, "dates": [{"date": "2012-11-29"}], "progressStage": 5}}, {"event": {"showAs": "Enacted", "uri": "/bill/2012/74/seanad/3", "chamber": null, "dates": [{"date": "2012-12-26"}], "progressStage": 7}}, {"event": {"showAs": "Enacted", "uri": "/bill/2012/74/seanad/3", "chamber": null, "dates": [{"date": "2012-12-26"}], "progressStage": 7}}], "shortTitle": "Europol Bill 2012", "longTitle": "Bill entitled An Act to give effect to Council Decision 2009/371/JHA of 6 April 2009 establishing the European Police Office (Europol); to repeal the Europol Act 1997 and the Europol (Amendment) Act 2006; to extend the application of the Official Secrets Act 1963 and to provide for related matters", "amendmentLists": [], "billType": "Public", "billNo": "74", "versions": [], "events": [], "billYear": "2012", "originHouse": {"showAs": "D\u00e1il \u00c9ireann", "uri": "/house/dail"}, "uri": "/bill/2012/74", "status": "Enacted", "_id": "bill.2012.74", "sponsors": [{"sponsor": {"as": {"showAs": "Minister for Justice and Equality", "uri": "/office/minister/justice__equality"}, "by": {"showAs": "Alan Shatter", "uri": "/member/Alan-Shatter.D.1981-06-30"}}}], "act": {"dateSigned": "2012-12-26", "shortTitle": "Europol Act 2012", "actYear": "2012", "uri": "/act/2012/53", "longTitle": "An Act to give effect to Council Decision 2009/371/JHA of 6 April 2009 establishing the European Police Office (Europol); to repeal the Europol Act 1997 and the Europol (Amendment) Act 2006; to extend the application of the Official Secrets Act 1963 and to provide for related matters", "actNo": "53", "statuteBookURI": "http://www.irishstatutebook.ie/eli/2012/act/53"}, "method": "Presentation"}