{"stages": [{"event": {"showAs": "First Stage", "uri": "/bill/2012/101/seanad/1", "chamber": {"showAs": "Seanad", "uri": "/house/seanad"}, "dates": [{"date": "2012-11-20"}], "progressStage": 1}}, {"event": {"showAs": "Second Stage", "uri": "/bill/2012/101/seanad/2", "chamber": {"showAs": "Seanad", "uri": "/house/seanad"}, "dates": [{"date": "2012-11-28"}], "progressStage": 2}}], "shortTitle": "Employment Permits (Amendment) Bill 2012", "longTitle": "Bill entitled An Act to protect non-national workers from exploitation by providing a due diligence defence for such workers and also to preclude employers from avoiding liability through reliance upon the illegality of a contract of employment and for that purpose to amend the Employment Permits Act 2003 and to provide for related matters", "amendmentLists": [], "billType": "Public", "billNo": "101", "versions": [], "events": [{"event": {"showAs": "Withdrawn", "progressStage": null, "chamber": {"showAs": "Seanad", "uri": "/house/seanad"}, "dates": [{"date": "2014-11-26"}], "uri": "/bill/2012/101/seanad/2/withdrawn"}}], "billYear": "2012", "originHouse": {"showAs": "Seanad \u00c9ireann", "uri": "/house/seanad"}, "uri": "/bill/2012/101", "status": "Withdrawn", "_id": "bill.2012.101", "sponsors": [{"sponsor": {"as": {"showAs": null, "uri": null}, "by": {"showAs": "Leo Varadkar", "uri": "/member/Leo-Varadkar.D.2007-06-14"}}}, {"sponsor": {"as": {"showAs": null, "uri": null}, "by": {"showAs": "Leo Varadkar", "uri": "/member/Leo-Varadkar.D.2007-06-14"}}}, {"sponsor": {"as": {"showAs": null, "uri": null}, "by": {"showAs": "Leo Varadkar", "uri": "/member/Leo-Varadkar.D.2007-06-14"}}}], "act": null, "method": "Introduction"}