{"billNo": "56", "billType": "Public", "versions": [], "longTitle": "Bill entitled An Act to  provide, for the protection of schools which are the exclusive providers of education for geographical, cultural, religious or non-denominational communities; for the protection of schools which are the providers of education for Gaeltacht areas; for the protection of schools which are the providers of education for offshore islands; for the strengthening of teachers\u2019 and students\u2019 rights with regard to multi-grade teaching arrangements; for the enshrinement in law of the educational rights of the child as set out in the United Nations Convention on the Rights of the Child; for the amendment of sections 7, 10, 12, 24 and 30 of the Education Act 1998; and to provide for  related matters", "uri": "/bill/2012/56", "events": [{"progressStage": null, "event": {"chamber": {"showAs": "D\u00e1il", "uri": "/house/dail"}, "showAs": "Second Stage", "dates": [{"date": "2012-07-04"}], "uri": "/bill/2012/56/dail/2/rejected"}}], "_id": "bill.2012.56", "amendmentLists": [], "sponsors": [{"sponsor": {"as": {"showAs": null, "uri": null}, "by": {"showAs": "Richard Bruton", "uri": "/member/Richard-Bruton.S.1981-10-08"}}}], "method": "Introduction", "shortTitle": "Education (Amendment) (Protection Of Schools) Bill 2012", "stages": [{"event": {"progressStage": 1, "chamber": {"showAs": "D\u00e1il", "uri": "/house/dail"}, "showAs": "First Stage", "dates": [{"date": "2012-06-27"}], "uri": "/bill/2012/56/dail/1"}}, {"event": {"progressStage": 2, "chamber": {"showAs": "D\u00e1il", "uri": "/house/dail"}, "showAs": "Second Stage", "dates": [{"date": "2012-07-03"}, {"date": "2012-07-04"}], "uri": "/bill/2012/56/dail/2"}}], "originHouse": {"showAs": "D\u00e1il \u00c9ireann", "uri": "/house/dail"}, "billYear": "2012", "act": null}