{"billNo": "43", "billType": "Public", "versions": [], "status": "Enacted", "longTitle": "Bill entitled An Act to further provide for the regulation and supervision of financial service providers and financial services; to further provide for the enforcement of financial services legislation; to provide for the protection of persons reporting breaches; for those and other purposes to provide for amendments to, and to further amend and extend, the Central Bank Acts 1942 to 2012 and certain other acts and statutory instruments, and to provide for related matters\u0000", "uri": "/bill/2011/43", "events": [], "_id": "bill.2011.43", "amendmentLists": [], "sponsors": [{"sponsor": {"as": {"showAs": "Minister for Finance", "uri": "/office/minister/finance"}, "by": {"showAs": "Michael Noonan", "uri": "/member/Michael-Noonan.D.1981-06-30"}}}], "method": "Presentation", "shortTitle": "Central Bank (Supervision and Enforcement) Bill 2011", "stages": [{"event": {"progressStage": 1, "chamber": {"showAs": "D\u00e1il", "uri": "/house/dail"}, "showAs": "First Stage", "dates": [{"date": "2011-07-26"}], "uri": "/bill/2011/43/dail/1"}}, {"event": {"progressStage": 2, "chamber": {"showAs": "D\u00e1il", "uri": "/house/dail"}, "showAs": "Second Stage", "dates": [{"date": "2011-10-25"}, {"date": "2011-10-26"}], "uri": "/bill/2011/43/dail/2"}}, {"event": {"progressStage": 3, "chamber": {"showAs": "D\u00e1il", "uri": "/house/dail"}, "showAs": "Fourth Stage", "dates": [{"date": "2013-06-13"}, {"date": "2013-07-04"}], "uri": "/bill/2011/43/dail/4"}}, {"event": {"progressStage": 4, "chamber": {"showAs": "D\u00e1il", "uri": "/house/dail"}, "showAs": "Fifth Stage", "dates": [{"date": "2013-06-13"}], "uri": "/bill/2011/43/dail/5"}}, {"event": {"progressStage": 5, "chamber": {"showAs": "Seanad", "uri": "/house/seanad"}, "showAs": "Second Stage", "dates": [{"date": "2013-06-20"}], "uri": "/bill/2011/43/seanad/2"}}, {"event": {"progressStage": 6, "chamber": {"showAs": "Seanad", "uri": "/house/seanad"}, "showAs": "Third Stage", "dates": [{"date": "2013-06-27"}], "uri": "/bill/2011/43/seanad/3"}}, {"event": {"progressStage": 7, "chamber": {"showAs": "Seanad", "uri": "/house/seanad"}, "showAs": "Fourth Stage", "dates": [{"date": "2013-07-02"}], "uri": "/bill/2011/43/seanad/4"}}, {"event": {"progressStage": 9, "chamber": null, "showAs": "Enacted", "dates": [{"date": "2013-07-11"}], "uri": "/bill/2011/43/seanad/5"}}, {"event": {"progressStage": 9, "chamber": null, "showAs": "Enacted", "dates": [{"date": "2013-07-11"}], "uri": "/bill/2011/43/seanad/5"}}], "originHouse": {"showAs": "D\u00e1il \u00c9ireann", "uri": "/house/dail"}, "billYear": "2011", "act": {"dateSigned": "2013-07-11", "uri": "/act/2013/26", "shortTitle": "Central Bank (Supervision and Enforcement) Act 2013", "actYear": "2013", "longTitle": "An Act to further provide for the regulation and supervision of financial service providers and financial services; to further provide for the enforcement of financial services legislation; to provide for the protection of persons reporting breaches; for those and other purposes to provide for amendments to, and to further amend and extend, the Central Bank Acts 1942 to 2012 and certain other acts and statutory instruments, and to provide for related matters\u0000", "actNo": "26", "statuteBookURI": "http://www.irishstatutebook.ie/eli/2013/act/26"}}