{"stages": [{"event": {"showAs": "First Stage", "uri": "/bill/2012/22/dail/1", "chamber": {"showAs": "D\u00e1il", "uri": "/house/dail"}, "dates": [{"date": "2012-03-29"}], "progressStage": 1}}], "shortTitle": "Financial Emergency Measures in the Public Interest (Reviews of Commercial Rents) Bill 2012", "longTitle": "Bill entitled An Act in the public interest, to provide for the imposition by way of Government Order of a requirement that landlords charge market rents only in respect of commercial premises, and to provide for related matters", "amendmentLists": [], "billType": "Public", "billNo": "22", "versions": [], "events": [{"event": {"showAs": "Lapsed", "progressStage": null, "chamber": {"showAs": null, "uri": null}, "dates": [{"date": "2016-02-03"}], "uri": "/bill/2012/22/lapsed"}}], "billYear": "2012", "originHouse": {"showAs": "D\u00e1il \u00c9ireann", "uri": "/house/dail"}, "uri": "/bill/2012/22", "status": "Lapsed", "_id": "bill.2012.22", "sponsors": [{"sponsor": {"as": {"showAs": null, "uri": null}, "by": {"showAs": "Michael Noonan", "uri": "/member/Michael-Noonan.D.1981-06-30"}}}], "act": null, "method": "Introduction"}