{"stages": [{"event": {"showAs": "First Stage", "uri": "/bill/2012/82/dail/1", "chamber": {"showAs": "D\u00e1il", "uri": "/house/dail"}, "dates": [{"date": "2012-09-26"}], "progressStage": 1}}, {"event": {"showAs": "Second Stage", "uri": "/bill/2012/82/dail/2", "chamber": {"showAs": "D\u00e1il", "uri": "/house/dail"}, "dates": [{"date": "2012-11-08"}, {"date": "2012-11-13"}, {"date": "2012-11-14"}], "progressStage": 2}}, {"event": {"showAs": "Fourth Stage", "uri": "/bill/2012/82/dail/4", "chamber": {"showAs": "D\u00e1il", "uri": "/house/dail"}, "dates": [{"date": "2012-11-28"}, {"date": "2012-12-13"}], "progressStage": 3}}, {"event": {"showAs": "Fifth Stage", "uri": "/bill/2012/82/dail/5", "chamber": {"showAs": "D\u00e1il", "uri": "/house/dail"}, "dates": [{"date": "2012-11-28"}], "progressStage": 4}}, {"event": {"showAs": "Second Stage", "uri": "/bill/2012/82/seanad/2", "chamber": {"showAs": "Seanad", "uri": "/house/seanad"}, "dates": [{"date": "2012-12-04"}], "progressStage": 5}}, {"event": {"showAs": "Third Stage", "uri": "/bill/2012/82/seanad/3", "chamber": {"showAs": "Seanad", "uri": "/house/seanad"}, "dates": [{"date": "2012-12-11"}], "progressStage": 6}}, {"event": {"showAs": "Fourth Stage", "uri": "/bill/2012/82/seanad/4", "chamber": {"showAs": "Seanad", "uri": "/house/seanad"}, "dates": [{"date": "2012-12-12"}], "progressStage": 7}}, {"event": {"showAs": "Enacted", "uri": "/bill/2012/82/seanad/5", "chamber": null, "dates": [{"date": "2012-12-19"}], "progressStage": 9}}, {"event": {"showAs": "Enacted", "uri": "/bill/2012/82/seanad/5", "chamber": null, "dates": [{"date": "2012-12-19"}], "progressStage": 9}}], "shortTitle": "Credit Union and Co-operation with Overseas Regulators Bill 2012", "longTitle": "Bill entitled An Act to amend certain provisions of the Credit Union Acts 1997 and 2001, in particular, to amend the prudential requirements for credit unions, to change the governance requirements for credit unions by removing certain management functions from boards of directors of credit unions and providing for a separate management structure and to improve the oversight and general policy functions of such boards of directors; to provide for the restructuring of credit unions and for stabilisation support to credit unions, to provide for a fund to be known as the Credit Union Fund for the purposes of such restructuring and stabilisation and to provide for levies in respect of that fund; to amend certain provisions of the Central Bank Act 1942, to provide for miscellaneous matters relating to credit unions and to provide for related matters", "amendmentLists": [], "billType": "Public", "billNo": "82", "versions": [], "events": [], "billYear": "2012", "originHouse": {"showAs": "D\u00e1il \u00c9ireann", "uri": "/house/dail"}, "uri": "/bill/2012/82", "status": "Enacted", "_id": "bill.2012.82", "sponsors": [{"sponsor": {"as": {"showAs": "Minister for Finance", "uri": "/office/minister/finance"}, "by": {"showAs": "Michael Noonan", "uri": "/member/Michael-Noonan.D.1981-06-30"}}}], "act": {"dateSigned": "2012-12-19", "shortTitle": "Credit Union and Co-operation with Overseas Regulators Act 2012", "actYear": "2012", "uri": "/act/2012/40", "longTitle": "An Act to amend certain provisions of the Credit Union Acts 1997 and 2001, in particular, to amend the prudential requirements for credit unions, to change the governance requirements for credit unions by removing certain management functions from boards of directors of credit unions and providing for a separate management structure and to improve the oversight and general policy functions of such boards of directors; to provide for the restructuring of credit unions and for stabilisation support to credit unions, to provide for a fund to be known as the Credit Union Fund for the purposes of such restructuring and stabilisation and to provide for levies in respect of that fund; to amend certain provisions of the Central Bank Act 1942, to provide for miscellaneous matters relating to credit unions and to provide for related matters", "actNo": "40", "statuteBookURI": "http://www.irishstatutebook.ie/eli/2012/act/40"}, "method": "Presentation"}