{"billNo": "36", "billType": "Public", "versions": [], "status": "Enacted", "longTitle": "Bill entitled An Act to amend the law on Mental Health in relation to the use of involuntary procedures", "uri": "/bill/2008/36", "events": [], "_id": "bill.2008.36", "amendmentLists": [], "sponsors": [{"sponsor": {"as": {"showAs": null, "uri": null}, "by": {"showAs": "Dermot Ahern", "uri": "/member/Dermot-Ahern.D.1987-03-10"}}}, {"sponsor": {"as": {"showAs": null, "uri": null}, "by": {"showAs": "Dermot Ahern", "uri": "/member/Dermot-Ahern.D.1987-03-10"}}}, {"sponsor": {"as": {"showAs": null, "uri": null}, "by": {"showAs": "Dermot Ahern", "uri": "/member/Dermot-Ahern.D.1987-03-10"}}}], "method": "Introduction", "shortTitle": "Mental Health (Amendment) Bill 2008", "stages": [{"event": {"progressStage": 1, "chamber": {"showAs": "Seanad", "uri": "/house/seanad"}, "showAs": "First Stage", "dates": [{"date": "2008-06-19"}], "uri": "/bill/2008/36/seanad/1"}}, {"event": {"progressStage": 2, "chamber": {"showAs": "Seanad", "uri": "/house/seanad"}, "showAs": "Second Stage", "dates": [{"date": "2008-06-25"}, {"date": "2009-12-02"}], "uri": "/bill/2008/36/seanad/2"}}, {"event": {"progressStage": 3, "chamber": {"showAs": "Seanad", "uri": "/house/seanad"}, "showAs": "Third Stage", "dates": [{"date": "2009-12-02"}, {"date": "2011-03-23"}, {"date": "2011-03-24"}], "uri": "/bill/2008/36/seanad/3"}}, {"event": {"progressStage": 4, "chamber": {"showAs": "Seanad", "uri": "/house/seanad"}, "showAs": "Fourth Stage", "dates": [{"date": "2011-03-24"}], "uri": "/bill/2008/36/seanad/4"}}, {"event": {"progressStage": 5, "chamber": {"showAs": "Seanad", "uri": "/house/seanad"}, "showAs": "Fifth Stage", "dates": [{"date": "2011-03-24"}], "uri": "/bill/2008/36/seanad/5"}}, {"event": {"progressStage": 6, "chamber": {"showAs": "D\u00e1il", "uri": "/house/dail"}, "showAs": "Second Stage", "dates": [{"date": "2015-12-08"}], "uri": "/bill/2008/36/dail/2"}}, {"event": {"progressStage": 7, "chamber": {"showAs": "D\u00e1il", "uri": "/house/dail"}, "showAs": "Third Stage", "dates": [{"date": "2015-12-08"}], "uri": "/bill/2008/36/dail/3"}}, {"event": {"progressStage": 8, "chamber": {"showAs": "D\u00e1il", "uri": "/house/dail"}, "showAs": "Fourth Stage", "dates": [{"date": "2015-12-08"}], "uri": "/bill/2008/36/dail/4"}}, {"event": {"progressStage": 9, "chamber": {"showAs": "D\u00e1il", "uri": "/house/dail"}, "showAs": "Fifth Stage", "dates": [{"date": "2015-12-08"}], "uri": "/bill/2008/36/dail/5"}}], "originHouse": {"showAs": "Seanad \u00c9ireann", "uri": "/house/seanad"}, "billYear": "2008", "act": null}