{"stages": [{"event": {"showAs": "First Stage", "uri": "/bill/2012/30/dail/1", "chamber": {"showAs": "D\u00e1il", "uri": "/house/dail"}, "dates": [{"date": "2012-04-20"}], "progressStage": 1}}, {"event": {"showAs": "Second Stage", "uri": "/bill/2012/30/dail/2", "chamber": {"showAs": "D\u00e1il", "uri": "/house/dail"}, "dates": [{"date": "2012-04-24"}, {"date": "2012-04-25"}], "progressStage": 2}}], "shortTitle": "Motorist Emergency Relief Bill 2012", "longTitle": "Bill entitled An Act to allow for the quarterly review of excise duty on petrol and diesel and the introduction of an immediate reduction of 4 cent per litre on the excise duty on petrol and diesel", "amendmentLists": [], "billType": "Public", "billNo": "30", "versions": [], "events": [{"event": {"showAs": "Second Stage", "progressStage": null, "chamber": {"showAs": "D\u00e1il", "uri": "/house/dail"}, "dates": [{"date": "2012-04-25"}], "uri": "/bill/2012/30/dail/2/rejected"}}], "billYear": "2012", "originHouse": {"showAs": "D\u00e1il \u00c9ireann", "uri": "/house/dail"}, "uri": "/bill/2012/30", "status": "Rejected", "_id": "bill.2012.30", "sponsors": [{"sponsor": {"as": {"showAs": null, "uri": null}, "by": {"showAs": "Richard Bruton", "uri": "/member/Richard-Bruton.S.1981-10-08"}}}], "act": null, "method": "Introduction"}