{"stages": [{"event": {"showAs": "First Stage", "uri": "/bill/2011/63/seanad/1", "chamber": {"showAs": "Seanad", "uri": "/house/seanad"}, "dates": [{"date": "2011-11-01"}], "progressStage": 1}}, {"event": {"showAs": "Second Stage", "uri": "/bill/2011/63/seanad/2", "chamber": {"showAs": "Seanad", "uri": "/house/seanad"}, "dates": [{"date": "2011-11-16"}], "progressStage": 2}}, {"event": {"showAs": "Third Stage", "uri": "/bill/2011/63/seanad/3", "chamber": {"showAs": "Seanad", "uri": "/house/seanad"}, "dates": [{"date": "2011-11-23"}, {"date": "2011-11-24"}], "progressStage": 3}}, {"event": {"showAs": "Fourth Stage", "uri": "/bill/2011/63/seanad/4", "chamber": {"showAs": "Seanad", "uri": "/house/seanad"}, "dates": [{"date": "2011-11-28"}], "progressStage": 4}}, {"event": {"showAs": "Fifth Stage", "uri": "/bill/2011/63/seanad/5", "chamber": {"showAs": "Seanad", "uri": "/house/seanad"}, "dates": [{"date": "2011-11-28"}], "progressStage": 5}}, {"event": {"showAs": "Second Stage", "uri": "/bill/2011/63/dail/2", "chamber": {"showAs": "D\u00e1il", "uri": "/house/dail"}, "dates": [{"date": "2011-11-30"}], "progressStage": 6}}, {"event": {"showAs": "Fourth Stage", "uri": "/bill/2011/63/dail/4", "chamber": {"showAs": "D\u00e1il", "uri": "/house/dail"}, "dates": [{"date": "2012-01-25"}, {"date": "2012-01-26"}], "progressStage": 7}}, {"event": {"showAs": "Enacted", "uri": "/bill/2011/63/dail/5", "chamber": null, "dates": [{"date": "2012-02-02"}], "progressStage": 9}}, {"event": {"showAs": "Enacted", "uri": "/bill/2011/63/dail/5", "chamber": null, "dates": [{"date": "2012-02-02"}], "progressStage": 9}}], "shortTitle": "Water Services (Amendment) Bill 2011", "longTitle": "Bill entitled An Act to amend the Water Services Act 2007; and to provide for related matters", "amendmentLists": [], "billType": "Public", "billNo": "63", "versions": [], "events": [], "billYear": "2011", "originHouse": {"showAs": "Seanad \u00c9ireann", "uri": "/house/seanad"}, "uri": "/bill/2011/63", "status": "Enacted", "_id": "bill.2011.63", "sponsors": [{"sponsor": {"as": {"showAs": "Minister for the Environment, Community and Local Government", "uri": "/office/minister/environment__community__local_government"}, "by": {"showAs": "Phil Hogan", "uri": "/member/Phil-Hogan.S.1987-04-25"}}}], "act": {"dateSigned": "2012-02-02", "shortTitle": "Water Services (Amendment) Act 2012", "actYear": "2012", "uri": "/act/2012/2", "longTitle": "An Act to amend the Water Services Act 2007; and to provide for related matters", "actNo": "2", "statuteBookURI": "http://www.irishstatutebook.ie/eli/2012/act/2"}, "method": "Presentation"}