{"billNo": "96", "billType": "Public", "versions": [], "longTitle": "Bill entitled An Act to require the Minister for Justice to prepare and publish a report on the costs and benefits of advancing the clocks by one hour to allow for brighter evenings and to bring Ireland into the Central European Time zone; to also allow the Minister for Justice to advance the clocks by one hour for a three year trial period and then permanently if required; and for connected purposes", "uri": "/bill/2012/96", "events": [{"progressStage": null, "event": {"chamber": {"showAs": null, "uri": null}, "showAs": "Lapsed", "dates": [{"date": "2016-02-03"}], "uri": "/bill/2012/96/lapsed"}}], "_id": "bill.2012.96", "amendmentLists": [], "sponsors": [{"sponsor": {"as": {"showAs": null, "uri": null}, "by": {"showAs": "Leo Varadkar", "uri": "/member/Leo-Varadkar.D.2007-06-14"}}}], "method": "Introduction", "shortTitle": "Brighter Evenings Bill 2012", "stages": [{"event": {"progressStage": 1, "chamber": {"showAs": "D\u00e1il", "uri": "/house/dail"}, "showAs": "First Stage", "dates": [{"date": "2012-11-13"}], "uri": "/bill/2012/96/dail/1"}}, {"event": {"progressStage": 2, "chamber": {"showAs": "D\u00e1il", "uri": "/house/dail"}, "showAs": "Second Stage", "dates": [{"date": "2013-07-05"}], "uri": "/bill/2012/96/dail/2"}}], "originHouse": {"showAs": "D\u00e1il \u00c9ireann", "uri": "/house/dail"}, "billYear": "2012", "act": null}