{"stages": [{"event": {"showAs": "First Stage", "uri": "/bill/2011/42/dail/1", "chamber": {"showAs": "D\u00e1il", "uri": "/house/dail"}, "dates": [{"date": "2011-07-26"}], "progressStage": 1}}, {"event": {"showAs": "Second Stage", "uri": "/bill/2011/42/dail/2", "chamber": {"showAs": "D\u00e1il", "uri": "/house/dail"}, "dates": [{"date": "2011-09-28"}, {"date": "2011-09-29"}], "progressStage": 2}}, {"event": {"showAs": "Fourth Stage", "uri": "/bill/2011/42/dail/4", "chamber": {"showAs": "D\u00e1il", "uri": "/house/dail"}, "dates": [{"date": "2012-01-19"}], "progressStage": 3}}, {"event": {"showAs": "Fifth Stage", "uri": "/bill/2011/42/dail/5", "chamber": {"showAs": "D\u00e1il", "uri": "/house/dail"}, "dates": [{"date": "2012-01-19"}], "progressStage": 4}}, {"event": {"showAs": "Second Stage", "uri": "/bill/2011/42/seanad/2", "chamber": {"showAs": "Seanad", "uri": "/house/seanad"}, "dates": [{"date": "2012-02-21"}], "progressStage": 5}}, {"event": {"showAs": "Third Stage", "uri": "/bill/2011/42/seanad/3", "chamber": {"showAs": "Seanad", "uri": "/house/seanad"}, "dates": [{"date": "2012-03-13"}], "progressStage": 6}}, {"event": {"showAs": "Fourth Stage", "uri": "/bill/2011/42/seanad/4", "chamber": {"showAs": "Seanad", "uri": "/house/seanad"}, "dates": [{"date": "2012-03-13"}], "progressStage": 7}}, {"event": {"showAs": "Enacted", "uri": "/bill/2011/42/seanad/5", "chamber": null, "dates": [{"date": "2012-07-18"}], "progressStage": 9}}, {"event": {"showAs": "Enacted", "uri": "/bill/2011/42/seanad/5", "chamber": null, "dates": [{"date": "2012-07-18"}], "progressStage": 9}}], "shortTitle": "Veterinary Practice (Amendment) Bill 2011", "longTitle": "Bill entitled An Act to enable persons other than veterinary practitioners and veterinary nurses to carry out certain procedures on or in relation to animals, for those and other purposes to amend the Veterinary Practice Act 2005, and to provide for related matters", "amendmentLists": [], "billType": "Public", "billNo": "42", "versions": [], "events": [], "billYear": "2011", "originHouse": {"showAs": "D\u00e1il \u00c9ireann", "uri": "/house/dail"}, "uri": "/bill/2011/42", "status": "Enacted", "_id": "bill.2011.42", "sponsors": [{"sponsor": {"as": {"showAs": "Minister for Agriculture, Fisheries and Food", "uri": "/office/minister/agriculture__fisheries__food"}, "by": {"showAs": "Simon Coveney", "uri": "/member/Simon-Coveney.D.1998-10-23"}}}], "act": {"dateSigned": "2012-07-18", "shortTitle": "Veterinary Practice (Amendment) Act 2012", "actYear": "2012", "uri": "/act/2012/25", "longTitle": "An Act to enable persons other than veterinary practitioners and veterinary nurses to carry out certain procedures on or in relation to animals, for those and other purposes to amend the Veterinary Practice Act 2005, and to provide for related matters", "actNo": "25", "statuteBookURI": "http://www.irishstatutebook.ie/eli/2012/act/25"}, "method": "Presentation"}