{"billNo": "35", "billType": "Public", "versions": [], "status": "Lapsed", "longTitle": "Bill entitled An Act to allow for local authority tenants who have vacated their local authority house for reasons of personal safety to remain on the local authority housing waiting list", "uri": "/bill/2012/35", "events": [{"progressStage": null, "event": {"chamber": {"showAs": null, "uri": null}, "showAs": "Lapsed", "dates": [{"date": "2016-02-03"}], "uri": "/bill/2012/35/lapsed"}}], "_id": "bill.2012.35", "amendmentLists": [], "sponsors": [{"sponsor": {"as": {"showAs": null, "uri": null}, "by": {"showAs": "Alan Shatter", "uri": "/member/Alan-Shatter.D.1981-06-30"}}}], "method": "Introduction", "shortTitle": "Housing Bill 2012", "stages": [{"event": {"progressStage": 1, "chamber": {"showAs": "D\u00e1il", "uri": "/house/dail"}, "showAs": "First Stage", "dates": [{"date": "2012-05-02"}], "uri": "/bill/2012/35/dail/1"}}], "originHouse": {"showAs": "D\u00e1il \u00c9ireann", "uri": "/house/dail"}, "billYear": "2012", "act": null}