{"stages": [{"event": {"showAs": "First Stage", "uri": "/bill/2012/55/dail/1", "chamber": {"showAs": "D\u00e1il", "uri": "/house/dail"}, "dates": [{"date": "2012-06-20"}], "progressStage": 1}}, {"event": {"showAs": "Second Stage", "uri": "/bill/2012/55/dail/2", "chamber": {"showAs": "D\u00e1il", "uri": "/house/dail"}, "dates": [{"date": "2012-06-27"}, {"date": "2012-06-28"}], "progressStage": 2}}, {"event": {"showAs": "Fourth Stage", "uri": "/bill/2012/55/dail/4", "chamber": {"showAs": "D\u00e1il", "uri": "/house/dail"}, "dates": [{"date": "2012-07-10"}], "progressStage": 3}}, {"event": {"showAs": "Fifth Stage", "uri": "/bill/2012/55/dail/5", "chamber": {"showAs": "D\u00e1il", "uri": "/house/dail"}, "dates": [{"date": "2012-07-10"}], "progressStage": 4}}, {"event": {"showAs": "Second Stage", "uri": "/bill/2012/55/seanad/2", "chamber": {"showAs": "Seanad", "uri": "/house/seanad"}, "dates": [{"date": "2012-07-12"}], "progressStage": 5}}, {"event": {"showAs": "Third Stage", "uri": "/bill/2012/55/seanad/3", "chamber": {"showAs": "Seanad", "uri": "/house/seanad"}, "dates": [{"date": "2012-07-17"}], "progressStage": 6}}, {"event": {"showAs": "Fourth Stage", "uri": "/bill/2012/55/seanad/4", "chamber": {"showAs": "Seanad", "uri": "/house/seanad"}, "dates": [{"date": "2012-07-17"}], "progressStage": 7}}, {"event": {"showAs": "Enacted", "uri": "/bill/2012/55/seanad/5", "chamber": null, "dates": [{"date": "2012-07-24"}], "progressStage": 9}}, {"event": {"showAs": "Enacted", "uri": "/bill/2012/55/seanad/5", "chamber": null, "dates": [{"date": "2012-07-24"}], "progressStage": 9}}], "shortTitle": "Microenterprise Loan Fund Bill 2012", "longTitle": "Bill entitled An Act to facilitate the lending of money to microenterprises; for that purpose to make provision for a fund to be known as the microenterprise loan fund; to provide for the formation of a company to manage that fund; and to provide for matters connected therewith\u0000", "amendmentLists": [], "billType": "Public", "billNo": "55", "versions": [], "events": [], "billYear": "2012", "originHouse": {"showAs": "D\u00e1il \u00c9ireann", "uri": "/house/dail"}, "uri": "/bill/2012/55", "status": "Enacted", "_id": "bill.2012.55", "sponsors": [{"sponsor": {"as": {"showAs": "Minister for Jobs, Enterprise and Innovation", "uri": "/office/minister/jobs__enterprise__innovation"}, "by": {"showAs": "Richard Bruton", "uri": "/member/Richard-Bruton.S.1981-10-08"}}}], "act": {"dateSigned": "2012-07-24", "shortTitle": "Microenterprise Loan Fund Act 2012", "actYear": "2012", "uri": "/act/2012/31", "longTitle": "An Act to facilitate the lending of money to microenterprises; for that purpose to make provision for a fund to be known as the microenterprise loan fund; to provide for the formation of a company to manage that fund; and to provide for matters connected therewith\u0000", "actNo": "31", "statuteBookURI": "http://www.irishstatutebook.ie/eli/2012/act/31"}, "method": "Presentation"}