{"billNo": "80", "billType": "Public", "versions": [], "longTitle": "Bill entitled An Act to give effect to Directive 2008/104/EC of the European Parliament and of the Council of 19 November 2008 on temporary agency work; for that purpose to amend certain enactments; and to provide for matters connected therewith\u0000", "uri": "/bill/2011/80", "events": [], "_id": "bill.2011.80", "amendmentLists": [], "sponsors": [{"sponsor": {"as": {"showAs": "Minister for Jobs, Enterprise and Innovation", "uri": "/office/minister/jobs__enterprise__innovation"}, "by": {"showAs": "Richard Bruton", "uri": "/member/Richard-Bruton.S.1981-10-08"}}}], "method": "Presentation", "shortTitle": "Protection of Employees (Temporary Agency Work) Bill 2011", "stages": [{"event": {"progressStage": 1, "chamber": {"showAs": "D\u00e1il", "uri": "/house/dail"}, "showAs": "First Stage", "dates": [{"date": "2011-12-14"}], "uri": "/bill/2011/80/dail/1"}}, {"event": {"progressStage": 2, "chamber": {"showAs": "D\u00e1il", "uri": "/house/dail"}, "showAs": "Second Stage", "dates": [{"date": "2012-01-11"}, {"date": "2012-01-12"}, {"date": "2012-01-19"}], "uri": "/bill/2011/80/dail/2"}}, {"event": {"progressStage": 3, "chamber": {"showAs": "D\u00e1il", "uri": "/house/dail"}, "showAs": "Fourth Stage", "dates": [{"date": "2012-02-22"}], "uri": "/bill/2011/80/dail/4"}}, {"event": {"progressStage": 4, "chamber": {"showAs": "D\u00e1il", "uri": "/house/dail"}, "showAs": "Fifth Stage", "dates": [{"date": "2012-02-22"}], "uri": "/bill/2011/80/dail/5"}}, {"event": {"progressStage": 5, "chamber": {"showAs": "Seanad", "uri": "/house/seanad"}, "showAs": "Second Stage", "dates": [{"date": "2012-02-28"}], "uri": "/bill/2011/80/seanad/2"}}, {"event": {"progressStage": 6, "chamber": {"showAs": "Seanad", "uri": "/house/seanad"}, "showAs": "Third Stage", "dates": [{"date": "2012-03-01"}], "uri": "/bill/2011/80/seanad/3"}}, {"event": {"progressStage": 7, "chamber": {"showAs": "Seanad", "uri": "/house/seanad"}, "showAs": "Fourth Stage", "dates": [{"date": "2012-04-27"}], "uri": "/bill/2011/80/seanad/4"}}, {"event": {"progressStage": 9, "chamber": null, "showAs": "Enacted", "dates": [{"date": "2012-05-16"}], "uri": "/bill/2011/80/seanad/5"}}, {"event": {"progressStage": 9, "chamber": null, "showAs": "Enacted", "dates": [{"date": "2012-05-16"}], "uri": "/bill/2011/80/seanad/5"}}], "originHouse": {"showAs": "D\u00e1il \u00c9ireann", "uri": "/house/dail"}, "billYear": "2011", "act": {"dateSigned": "2012-05-16", "uri": "/act/2012/13", "shortTitle": "Protection of Employees (Temporary Agency Work) Act 2012", "actYear": "2012", "longTitle": "An Act to give effect to Directive 2008/104/EC of the European Parliament and of the Council of 19 November 2008 on temporary agency work; for that purpose to amend certain enactments; and to provide for matters connected therewith\u0000", "actNo": "13", "statuteBookURI": "http://www.irishstatutebook.ie/eli/2012/act/13"}}