{"billNo": "21", "billType": "Public", "versions": [], "longTitle": "Bill entitled An Act to regulate payments under construction contracts and to provide for related matters\u0000", "uri": "/bill/2010/21", "events": [], "_id": "bill.2010.21", "amendmentLists": [], "sponsors": [{"sponsor": {"as": {"showAs": null, "uri": null}, "by": {"showAs": "Dermot Ahern", "uri": "/member/Dermot-Ahern.D.1987-03-10"}}}], "method": "Presentation", "shortTitle": "Construction Contracts Bill 2010", "stages": [{"event": {"progressStage": 1, "chamber": {"showAs": "Seanad", "uri": "/house/seanad"}, "showAs": "First Stage", "dates": [{"date": "2010-05-12"}], "uri": "/bill/2010/21/seanad/1"}}, {"event": {"progressStage": 2, "chamber": {"showAs": "Seanad", "uri": "/house/seanad"}, "showAs": "Second Stage", "dates": [{"date": "2010-05-19"}], "uri": "/bill/2010/21/seanad/2"}}, {"event": {"progressStage": 3, "chamber": {"showAs": "Seanad", "uri": "/house/seanad"}, "showAs": "Third Stage", "dates": [{"date": "2011-03-08"}], "uri": "/bill/2010/21/seanad/3"}}, {"event": {"progressStage": 4, "chamber": {"showAs": "Seanad", "uri": "/house/seanad"}, "showAs": "Fourth Stage", "dates": [{"date": "2011-03-08"}], "uri": "/bill/2010/21/seanad/4"}}, {"event": {"progressStage": 5, "chamber": {"showAs": "Seanad", "uri": "/house/seanad"}, "showAs": "Fifth Stage", "dates": [{"date": "2011-03-08"}], "uri": "/bill/2010/21/seanad/5"}}, {"event": {"progressStage": 6, "chamber": {"showAs": "D\u00e1il", "uri": "/house/dail"}, "showAs": "Second Stage", "dates": [{"date": "2012-05-03"}, {"date": "2012-05-10"}, {"date": "2012-06-19"}, {"date": "2012-06-20"}], "uri": "/bill/2010/21/dail/2"}}, {"event": {"progressStage": 7, "chamber": {"showAs": "D\u00e1il", "uri": "/house/dail"}, "showAs": "Fourth Stage", "dates": [{"date": "2013-07-16"}], "uri": "/bill/2010/21/dail/4"}}, {"event": {"progressStage": 9, "chamber": null, "showAs": "Enacted", "dates": [{"date": "2013-07-29"}], "uri": "/bill/2010/21/dail/5"}}, {"event": {"progressStage": 9, "chamber": null, "showAs": "Enacted", "dates": [{"date": "2013-07-29"}], "uri": "/bill/2010/21/dail/5"}}], "originHouse": {"showAs": "Seanad \u00c9ireann", "uri": "/house/seanad"}, "billYear": "2010", "act": {"dateSigned": "2013-07-29", "uri": "/act/2013/34", "shortTitle": "Construction Contracts Act 2013", "actYear": "2013", "longTitle": "An Act to regulate payments under construction contracts and to provide for related matters\u0000", "actNo": "34", "statuteBookURI": "http://www.irishstatutebook.ie/eli/2013/act/34"}}