{"billNo": "60", "billType": "Public", "versions": [], "longTitle": "Bill entitled An Act to ensure the provision by the Health Service Executive of all prescribed medicinal products necessary for the treatment of cancer in line with best practice and upon approval of the European Medicines Agency.", "uri": "/bill/2012/60", "events": [{"progressStage": null, "event": {"chamber": {"showAs": "Seanad", "uri": "/house/seanad"}, "showAs": "Second Stage", "dates": [{"date": "2012-07-11"}], "uri": "/bill/2012/60/seanad/2/rejected"}}], "_id": "bill.2012.60", "amendmentLists": [], "sponsors": [{"sponsor": {"as": {"showAs": null, "uri": null}, "by": {"showAs": "Phil Hogan", "uri": "/member/Phil-Hogan.S.1987-04-25"}}}, {"sponsor": {"as": {"showAs": null, "uri": null}, "by": {"showAs": "Phil Hogan", "uri": "/member/Phil-Hogan.S.1987-04-25"}}}], "method": "Introduction", "shortTitle": "Access to Cancer Treatment Bill 2012", "stages": [{"event": {"progressStage": 1, "chamber": {"showAs": "Seanad", "uri": "/house/seanad"}, "showAs": "First Stage", "dates": [{"date": "2012-07-04"}], "uri": "/bill/2012/60/seanad/1"}}, {"event": {"progressStage": 2, "chamber": {"showAs": "Seanad", "uri": "/house/seanad"}, "showAs": "Second Stage", "dates": [{"date": "2012-07-11"}], "uri": "/bill/2012/60/seanad/2"}}], "originHouse": {"showAs": "Seanad \u00c9ireann", "uri": "/house/seanad"}, "billYear": "2012", "act": null}