{"billNo": "69", "billType": "Public", "versions": [], "longTitle": "Bill entitled An Act to compel local authorities to provide members of the public and public representatives with substantive replies to written communications within a prescribed period of time", "uri": "/bill/2011/69", "events": [{"progressStage": null, "event": {"chamber": {"showAs": "D\u00e1il", "uri": "/house/dail"}, "showAs": "Second Stage", "dates": [{"date": "2012-01-17"}], "uri": "/bill/2011/69/dail/2/rejected"}}], "_id": "bill.2011.69", "amendmentLists": [], "sponsors": [{"sponsor": {"as": {"showAs": null, "uri": null}, "by": {"showAs": "Leo Varadkar", "uri": "/member/Leo-Varadkar.D.2007-06-14"}}}], "method": "Introduction", "shortTitle": "Local Authority Public Administration Bill 2011", "stages": [{"event": {"progressStage": 1, "chamber": {"showAs": "D\u00e1il", "uri": "/house/dail"}, "showAs": "First Stage", "dates": [{"date": "2011-09-21"}], "uri": "/bill/2011/69/dail/1"}}, {"event": {"progressStage": 2, "chamber": {"showAs": "D\u00e1il", "uri": "/house/dail"}, "showAs": "Second Stage", "dates": [{"date": "2012-01-13"}, {"date": "2012-01-17"}], "uri": "/bill/2011/69/dail/2"}}], "originHouse": {"showAs": "D\u00e1il \u00c9ireann", "uri": "/house/dail"}, "billYear": "2011", "act": null}