{"stages": [{"event": {"showAs": "First Stage", "uri": "/bill/2012/1/seanad/1", "chamber": {"showAs": "Seanad", "uri": "/house/seanad"}, "dates": [{"date": "2012-01-05"}], "progressStage": 1}}, {"event": {"showAs": "Second Stage", "uri": "/bill/2012/1/seanad/2", "chamber": {"showAs": "Seanad", "uri": "/house/seanad"}, "dates": [{"date": "2012-01-25"}], "progressStage": 2}}, {"event": {"showAs": "Third Stage", "uri": "/bill/2012/1/seanad/3", "chamber": {"showAs": "Seanad", "uri": "/house/seanad"}, "dates": [{"date": "2012-01-31"}], "progressStage": 3}}, {"event": {"showAs": "Fourth Stage", "uri": "/bill/2012/1/seanad/4", "chamber": {"showAs": "Seanad", "uri": "/house/seanad"}, "dates": [{"date": "2012-02-07"}], "progressStage": 4}}, {"event": {"showAs": "Fifth Stage", "uri": "/bill/2012/1/seanad/5", "chamber": {"showAs": "Seanad", "uri": "/house/seanad"}, "dates": [{"date": "2012-02-07"}], "progressStage": 5}}, {"event": {"showAs": "Second Stage", "uri": "/bill/2012/1/dail/2", "chamber": {"showAs": "D\u00e1il", "uri": "/house/dail"}, "dates": [{"date": "2012-02-29"}, {"date": "2012-03-01"}], "progressStage": 6}}, {"event": {"showAs": "Fourth Stage", "uri": "/bill/2012/1/dail/4", "chamber": {"showAs": "D\u00e1il", "uri": "/house/dail"}, "dates": [{"date": "2012-05-02"}], "progressStage": 7}}, {"event": {"showAs": "Enacted", "uri": "/bill/2012/1/dail/5", "chamber": null, "dates": [{"date": "2012-05-23"}], "progressStage": 9}}, {"event": {"showAs": "Enacted", "uri": "/bill/2012/1/dail/5", "chamber": null, "dates": [{"date": "2012-05-23"}], "progressStage": 9}}], "shortTitle": "Education (Amendment) Bill 2012", "longTitle": "Bill entitled An Act to amend the Education Act 1998; to amend the Teaching Council Act 2001; to repeal the Scientific and Technological Education (Investment) Fund Act 1997 and the Scientific and Technological Education (Investment) Fund (Amendment) Act 1998; and to provide for related matters", "amendmentLists": [], "billType": "Public", "billNo": "1", "versions": [], "events": [], "billYear": "2012", "originHouse": {"showAs": "Seanad \u00c9ireann", "uri": "/house/seanad"}, "uri": "/bill/2012/1", "status": "Enacted", "_id": "bill.2012.1", "sponsors": [{"sponsor": {"as": {"showAs": "Minister for Education and Skills", "uri": "/office/minister/education__skills"}, "by": {"showAs": "Ruair\u00ed Quinn", "uri": "/member/Ruair\u00ed-Quinn.S.1976-07-01"}}}], "act": {"dateSigned": "2012-05-23", "shortTitle": "Education (Amendment) Act 2012", "actYear": "2012", "uri": "/act/2012/14", "longTitle": "An Act to amend the Education Act 1998; to amend the Teaching Council Act 2001; to repeal the Scientific and Technological Education (Investment) Fund Act 1997 and the Scientific and Technological Education (Investment) Fund (Amendment) Act 1998; and to provide for related matters", "actNo": "14", "statuteBookURI": "http://www.irishstatutebook.ie/eli/2012/act/14"}, "method": "Presentation"}