{"stages": [{"event": {"showAs": "First Stage", "uri": "/bill/2012/5/dail/1", "chamber": {"showAs": "D\u00e1il", "uri": "/house/dail"}, "dates": [{"date": "2012-02-08"}], "progressStage": 1}}, {"event": {"showAs": "Second Stage", "uri": "/bill/2012/5/dail/2", "chamber": {"showAs": "D\u00e1il", "uri": "/house/dail"}, "dates": [{"date": "2012-02-14"}, {"date": "2012-02-15"}, {"date": "2012-02-16"}], "progressStage": 2}}, {"event": {"showAs": "Fourth Stage", "uri": "/bill/2012/5/dail/4", "chamber": {"showAs": "D\u00e1il", "uri": "/house/dail"}, "dates": [{"date": "2012-03-13"}], "progressStage": 3}}, {"event": {"showAs": "Fifth Stage", "uri": "/bill/2012/5/dail/5", "chamber": {"showAs": "D\u00e1il", "uri": "/house/dail"}, "dates": [{"date": "2012-03-13"}], "progressStage": 4}}, {"event": {"showAs": "Second Stage", "uri": "/bill/2012/5/seanad/2", "chamber": {"showAs": "Seanad", "uri": "/house/seanad"}, "dates": [{"date": "2012-03-21"}], "progressStage": 5}}, {"event": {"showAs": "Third Stage", "uri": "/bill/2012/5/seanad/3", "chamber": {"showAs": "Seanad", "uri": "/house/seanad"}, "dates": [{"date": "2012-03-22"}], "progressStage": 6}}, {"event": {"showAs": "Fourth Stage", "uri": "/bill/2012/5/seanad/4", "chamber": {"showAs": "Seanad", "uri": "/house/seanad"}, "dates": [{"date": "2012-03-22"}], "progressStage": 7}}, {"event": {"showAs": "Enacted", "uri": "/bill/2012/5/seanad/5", "chamber": null, "dates": [{"date": "2012-03-31"}], "progressStage": 9}}, {"event": {"showAs": "Enacted", "uri": "/bill/2012/5/seanad/5", "chamber": null, "dates": [{"date": "2012-03-31"}], "progressStage": 9}}], "shortTitle": "Finance Bill 2012", "longTitle": "Bill entitled An Act \u0000to provide for the imposition, repeal, remission, alteration and regulation of taxation, of stamp duties and of duties relating to excise and otherwise to make further provision in connection with finance including the regulation of customs", "amendmentLists": [], "billType": "Public", "billNo": "5", "versions": [], "events": [], "billYear": "2012", "originHouse": {"showAs": "D\u00e1il \u00c9ireann", "uri": "/house/dail"}, "uri": "/bill/2012/5", "status": "Enacted", "_id": "bill.2012.5", "sponsors": [{"sponsor": {"as": {"showAs": "Minister for Finance", "uri": "/office/minister/finance"}, "by": {"showAs": "Michael Noonan", "uri": "/member/Michael-Noonan.D.1981-06-30"}}}], "act": {"dateSigned": "2012-03-31", "shortTitle": "Finance Act 2012", "actYear": "2012", "uri": "/act/2012/9", "longTitle": "An Act \u0000to provide for the imposition, repeal, remission, alteration and regulation of taxation, of stamp duties and of duties relating to excise and otherwise to make further provision in connection with finance including the regulation of customs", "actNo": "9", "statuteBookURI": "http://www.irishstatutebook.ie/eli/2012/act/9"}, "method": "Presentation"}