{"stages": [{"event": {"showAs": "First Stage", "uri": "/bill/2012/65/seanad/1", "chamber": {"showAs": "Seanad", "uri": "/house/seanad"}, "dates": [{"date": "2012-07-16"}], "progressStage": 1}}, {"event": {"showAs": "Second Stage", "uri": "/bill/2012/65/seanad/2", "chamber": {"showAs": "Seanad", "uri": "/house/seanad"}, "dates": [{"date": "2012-09-26"}], "progressStage": 2}}, {"event": {"showAs": "Third Stage", "uri": "/bill/2012/65/seanad/3", "chamber": {"showAs": "Seanad", "uri": "/house/seanad"}, "dates": [{"date": "2012-10-10"}], "progressStage": 3}}, {"event": {"showAs": "Fourth Stage", "uri": "/bill/2012/65/seanad/4", "chamber": {"showAs": "Seanad", "uri": "/house/seanad"}, "dates": [{"date": "2012-10-24"}], "progressStage": 4}}, {"event": {"showAs": "Fifth Stage", "uri": "/bill/2012/65/seanad/5", "chamber": {"showAs": "Seanad", "uri": "/house/seanad"}, "dates": [{"date": "2012-10-24"}], "progressStage": 5}}, {"event": {"showAs": "Second Stage", "uri": "/bill/2012/65/dail/2", "chamber": {"showAs": "D\u00e1il", "uri": "/house/dail"}, "dates": [{"date": "2013-01-30"}, {"date": "2013-01-31"}, {"date": "2013-03-06"}], "progressStage": 6}}, {"event": {"showAs": "Fourth Stage", "uri": "/bill/2012/65/dail/4", "chamber": {"showAs": "D\u00e1il", "uri": "/house/dail"}, "dates": [{"date": "2013-06-12"}], "progressStage": 7}}, {"event": {"showAs": "Enacted", "uri": "/bill/2012/65/dail/5", "chamber": null, "dates": [{"date": "2013-07-03"}], "progressStage": 9}}, {"event": {"showAs": "Enacted", "uri": "/bill/2012/65/dail/5", "chamber": null, "dates": [{"date": "2013-07-03"}], "progressStage": 9}}], "shortTitle": "Health Service Executive (Governance) Bill 2012", "longTitle": "Bill entitled An Act to amend the Health Act 2004 and to provide for related matters", "amendmentLists": [], "billType": "Public", "billNo": "65", "versions": [], "events": [], "billYear": "2012", "originHouse": {"showAs": "Seanad \u00c9ireann", "uri": "/house/seanad"}, "uri": "/bill/2012/65", "status": "Enacted", "_id": "bill.2012.65", "sponsors": [{"sponsor": {"as": {"showAs": "Minister for Health", "uri": "/office/minister/health"}, "by": {"showAs": "James Reilly", "uri": "/member/James-Reilly.D.2007-06-14"}}}], "act": {"dateSigned": "2013-07-03", "shortTitle": "Health Service Executive (Governance) Act 2013", "actYear": "2013", "uri": "/act/2013/23", "longTitle": "An Act to amend the Health Act 2004 and to provide for related matters", "actNo": "23", "statuteBookURI": "http://www.irishstatutebook.ie/eli/2013/act/23"}, "method": "Presentation"}