{"stages": [{"event": {"showAs": "First Stage", "uri": "/bill/2012/45/dail/1", "chamber": {"showAs": "D\u00e1il", "uri": "/house/dail"}, "dates": [{"date": "2012-05-18"}], "progressStage": 1}}, {"event": {"showAs": "Second Stage", "uri": "/bill/2012/45/dail/2", "chamber": {"showAs": "D\u00e1il", "uri": "/house/dail"}, "dates": [{"date": "2013-02-08"}, {"date": "2013-02-12"}], "progressStage": 2}}], "shortTitle": "Energy Security and Climate Change Bill 2012", "longTitle": "Bill entitled An Act to make provision for the adoption of a national policy and the making of plans by the Government in order for the State to reduce energy demand, dependence on non-renewable energy sources, greenhouse gas emissions and to provide for adaptation to the effects of climate change; to make provision for the setting and achievement of national energy demand and greenhouse gas emission reduction targets; to further transition to an energy efficient, low carbon, climate resilient and environmentally sustainable society; and to provide for related matters", "amendmentLists": [], "billType": "Public", "billNo": "45", "versions": [], "events": [{"event": {"showAs": "Second Stage", "progressStage": null, "chamber": {"showAs": "D\u00e1il", "uri": "/house/dail"}, "dates": [{"date": "2013-02-12"}], "uri": "/bill/2012/45/dail/2/rejected"}}], "billYear": "2012", "originHouse": {"showAs": "D\u00e1il \u00c9ireann", "uri": "/house/dail"}, "uri": "/bill/2012/45", "status": "Rejected", "_id": "bill.2012.45", "sponsors": [{"sponsor": {"as": {"showAs": null, "uri": null}, "by": {"showAs": "Pat Rabbitte", "uri": "/member/Pat-Rabbitte.D.1989-06-29"}}}], "act": null, "method": "Introduction"}