{"stages": [{"event": {"showAs": "First Stage", "uri": "/bill/2008/40/dail/1", "chamber": {"showAs": "D\u00e1il", "uri": "/house/dail"}, "dates": [{"date": "2008-07-07"}], "progressStage": 1}}, {"event": {"showAs": "Second Stage", "uri": "/bill/2008/40/dail/2", "chamber": {"showAs": "D\u00e1il", "uri": "/house/dail"}, "dates": [{"date": "2008-12-02"}], "progressStage": 2}}, {"event": {"showAs": "Third Stage", "uri": "/bill/2008/40/dail/3", "chamber": {"showAs": "D\u00e1il", "uri": "/house/dail"}, "dates": [{"date": "2009-03-25"}], "progressStage": 3}}, {"event": {"showAs": "Fourth Stage", "uri": "/bill/2008/40/dail/4", "chamber": {"showAs": "D\u00e1il", "uri": "/house/dail"}, "dates": [{"date": "2010-06-22"}], "progressStage": 4}}, {"event": {"showAs": "Fifth Stage", "uri": "/bill/2008/40/dail/5", "chamber": {"showAs": "D\u00e1il", "uri": "/house/dail"}, "dates": [{"date": "2010-06-22"}], "progressStage": 5}}, {"event": {"showAs": "Third Stage", "uri": "/bill/2008/40/seanad/3", "chamber": {"showAs": "Seanad", "uri": "/house/seanad"}, "dates": [{"date": "2012-10-04"}, {"date": "2012-10-17"}], "progressStage": 6}}, {"event": {"showAs": "Fourth Stage", "uri": "/bill/2008/40/seanad/4", "chamber": {"showAs": "Seanad", "uri": "/house/seanad"}, "dates": [{"date": "2012-10-17"}], "progressStage": 7}}, {"event": {"showAs": "Enacted", "uri": "/bill/2008/40/seanad/5", "chamber": null, "dates": [{"date": "2012-10-31"}], "progressStage": 9}}, {"event": {"showAs": "Enacted", "uri": "/bill/2008/40/seanad/5", "chamber": null, "dates": [{"date": "2012-10-31"}], "progressStage": 9}}], "shortTitle": "Ombudsman (Amendment) Bill 2008", "longTitle": null, "amendmentLists": [], "billType": "Public", "billNo": "40", "versions": [], "events": [{"event": {"showAs": "Lapsed", "progressStage": null, "chamber": {"showAs": null, "uri": null}, "dates": [{"date": "2011-04-25"}], "uri": "/bill/2008/40/lapsed"}}, {"event": {"showAs": "Restored to the Order Paper", "progressStage": null, "chamber": {"showAs": null, "uri": null}, "dates": [{"date": "2011-06-01"}], "uri": "/bill/2008/40/restored"}}], "billYear": "2008", "originHouse": {"showAs": "D\u00e1il \u00c9ireann", "uri": "/house/dail"}, "uri": "/bill/2008/40", "status": "Enacted", "_id": "bill.2008.40", "sponsors": [{"sponsor": {"as": {"showAs": "Minister for Finance", "uri": "/office/minister/finance"}, "by": {"showAs": "Brian Lenihan", "uri": "/member/Brian-Lenihan.D.1996-04-02"}}}], "act": {"dateSigned": "2012-10-31", "shortTitle": "Ombudsman (Amendment) Act 2012", "actYear": "2012", "uri": "/act/2012/38", "longTitle": null, "actNo": "38", "statuteBookURI": "http://www.irishstatutebook.ie/eli/2012/act/38"}, "method": "Presentation"}