{"billNo": "52", "billType": "Public", "versions": [], "longTitle": "Bill entitled An Act to prohibit the use of sunbeds or tanning devices by or on children under the age of 18 years and related matters\u0000", "uri": "/bill/2012/52", "events": [{"progressStage": null, "event": {"chamber": {"showAs": null, "uri": null}, "showAs": "Lapsed", "dates": [{"date": "2016-02-03"}], "uri": "/bill/2012/52/lapsed"}}], "_id": "bill.2012.52", "amendmentLists": [], "sponsors": [{"sponsor": {"as": {"showAs": null, "uri": null}, "by": {"showAs": "Alan Shatter", "uri": "/member/Alan-Shatter.D.1981-06-30"}}}], "method": "Introduction", "shortTitle": "Prohibition on use by Children of Sunbeds and Tanning Devices Bill 2012", "stages": [{"event": {"progressStage": 1, "chamber": {"showAs": "D\u00e1il", "uri": "/house/dail"}, "showAs": "First Stage", "dates": [{"date": "2012-06-06"}], "uri": "/bill/2012/52/dail/1"}}], "originHouse": {"showAs": "D\u00e1il \u00c9ireann", "uri": "/house/dail"}, "billYear": "2012", "act": null}