{"stages": [{"event": {"showAs": "First Stage", "uri": "/bill/2012/31/seanad/1", "chamber": {"showAs": "Seanad", "uri": "/house/seanad"}, "dates": [{"date": "2012-04-23"}], "progressStage": 1}}, {"event": {"showAs": "Second Stage", "uri": "/bill/2012/31/seanad/2", "chamber": {"showAs": "Seanad", "uri": "/house/seanad"}, "dates": [{"date": "2012-05-03"}], "progressStage": 2}}, {"event": {"showAs": "Third Stage", "uri": "/bill/2012/31/seanad/3", "chamber": {"showAs": "Seanad", "uri": "/house/seanad"}, "dates": [{"date": "2012-05-22"}, {"date": "2012-05-23"}, {"date": "2012-06-20"}, {"date": "2012-07-11"}], "progressStage": 3}}, {"event": {"showAs": "Fourth Stage", "uri": "/bill/2012/31/seanad/4", "chamber": {"showAs": "Seanad", "uri": "/house/seanad"}, "dates": [{"date": "2012-07-18"}], "progressStage": 4}}, {"event": {"showAs": "Fifth Stage", "uri": "/bill/2012/31/seanad/5", "chamber": {"showAs": "Seanad", "uri": "/house/seanad"}, "dates": [{"date": "2012-07-18"}], "progressStage": 5}}, {"event": {"showAs": "Second Stage", "uri": "/bill/2012/31/dail/2", "chamber": {"showAs": "D\u00e1il", "uri": "/house/dail"}, "dates": [{"date": "2012-09-19"}, {"date": "2012-09-20"}], "progressStage": 6}}, {"event": {"showAs": "Fourth Stage", "uri": "/bill/2012/31/dail/4", "chamber": {"showAs": "D\u00e1il", "uri": "/house/dail"}, "dates": [{"date": "2013-03-27"}, {"date": "2013-03-28"}], "progressStage": 7}}, {"event": {"showAs": "Enacted", "uri": "/bill/2012/31/dail/5", "chamber": null, "dates": [{"date": "2013-05-29"}], "progressStage": 9}}, {"event": {"showAs": "Enacted", "uri": "/bill/2012/31/dail/5", "chamber": null, "dates": [{"date": "2013-05-29"}], "progressStage": 9}}], "shortTitle": "Animal Health and Welfare Bill 2012", "longTitle": "Bill entitled An Act to revise the law relating to the health and welfare of animals and their protection and identification; to provide for the regulation of certain activities relating to animals; to prevent cruelty to animals; to make provision for the licensing of animal marts and for levies for the purposes of animal health and the control of animal diseases; to repeal various enactments relating to animals; to amend the Animal Remedies Act 1993 and to provide for related matters", "amendmentLists": [], "billType": "Public", "billNo": "31", "versions": [], "events": [], "billYear": "2012", "originHouse": {"showAs": "Seanad \u00c9ireann", "uri": "/house/seanad"}, "uri": "/bill/2012/31", "status": "Enacted", "_id": "bill.2012.31", "sponsors": [{"sponsor": {"as": {"showAs": "Minister for Agriculture, Food and the Marine", "uri": "/office/minister/agriculture__food__marine"}, "by": {"showAs": "Simon Coveney", "uri": "/member/Simon-Coveney.D.1998-10-23"}}}], "act": {"dateSigned": "2013-05-29", "shortTitle": "Animal Health and Welfare Act 2013", "actYear": "2013", "uri": "/act/2013/15", "longTitle": "An Act to revise the law relating to the health and welfare of animals and their protection and identification; to provide for the regulation of certain activities relating to animals; to prevent cruelty to animals; to make provision for the licensing of animal marts and for levies for the purposes of animal health and the control of animal diseases; to repeal various enactments relating to animals; to amend the Animal Remedies Act 1993 and to provide for related matters", "actNo": "15", "statuteBookURI": "http://www.irishstatutebook.ie/eli/2013/act/15"}, "method": "Presentation"}