{"stages": [{"event": {"showAs": "First Stage", "uri": "/bill/2012/77/seanad/1", "chamber": {"showAs": "Seanad", "uri": "/house/seanad"}, "dates": [{"date": "2012-07-14"}], "progressStage": 1}}, {"event": {"showAs": "Second Stage", "uri": "/bill/2012/77/seanad/2", "chamber": {"showAs": "Seanad", "uri": "/house/seanad"}, "dates": [{"date": "2012-10-10"}], "progressStage": 2}}, {"event": {"showAs": "Third Stage", "uri": "/bill/2012/77/seanad/3", "chamber": {"showAs": "Seanad", "uri": "/house/seanad"}, "dates": [{"date": "2012-10-16"}], "progressStage": 3}}, {"event": {"showAs": "Fourth Stage", "uri": "/bill/2012/77/seanad/4", "chamber": {"showAs": "Seanad", "uri": "/house/seanad"}, "dates": [{"date": "2012-10-16"}], "progressStage": 4}}, {"event": {"showAs": "Fifth Stage", "uri": "/bill/2012/77/seanad/5", "chamber": {"showAs": "Seanad", "uri": "/house/seanad"}, "dates": [{"date": "2012-10-16"}], "progressStage": 5}}, {"event": {"showAs": "Second Stage", "uri": "/bill/2012/77/dail/2", "chamber": {"showAs": "D\u00e1il", "uri": "/house/dail"}, "dates": [{"date": "2012-11-21"}], "progressStage": 6}}, {"event": {"showAs": "Fourth Stage", "uri": "/bill/2012/77/dail/4", "chamber": {"showAs": "D\u00e1il", "uri": "/house/dail"}, "dates": [{"date": "2013-01-31"}], "progressStage": 7}}, {"event": {"showAs": "Enacted", "uri": "/bill/2012/77/dail/5", "chamber": null, "dates": [{"date": "2013-02-26"}], "progressStage": 9}}, {"event": {"showAs": "Enacted", "uri": "/bill/2012/77/dail/5", "chamber": null, "dates": [{"date": "2013-02-26"}], "progressStage": 9}}], "shortTitle": "Houses of the Oireachtas Commission (Amendment) Bill 2012", "longTitle": "Bill entitled An Act to amend the Houses of the Oireachtas Commission Act 2003 to confer additional functions on the Houses of the Oireachtas Commission; and to provide for related matters", "amendmentLists": [], "billType": "Public", "billNo": "77", "versions": [], "events": [], "billYear": "2012", "originHouse": {"showAs": "Seanad \u00c9ireann", "uri": "/house/seanad"}, "uri": "/bill/2012/77", "status": "Enacted", "_id": "bill.2012.77", "sponsors": [{"sponsor": {"as": {"showAs": "Minister for Arts, Heritage and the Gaeltacht", "uri": "/office/minister/arts__heritage__gaeltacht"}, "by": {"showAs": "Jimmy Deenihan", "uri": "/member/Jimmy-Deenihan.S.1983-02-23"}}}], "act": {"dateSigned": "2013-02-26", "shortTitle": "Houses of the Oireachtas Commission (Amendment) Act 2013", "actYear": "2013", "uri": "/act/2013/3", "longTitle": "An Act to amend the Houses of the Oireachtas Commission Act 2003 to confer additional functions on the Houses of the Oireachtas Commission; and to provide for related matters", "actNo": "3", "statuteBookURI": "http://www.irishstatutebook.ie/eli/2013/act/3"}, "method": "Presentation"}