{"stages": [{"event": {"showAs": "First Stage", "uri": "/bill/2012/19/seanad/1", "chamber": {"showAs": "Seanad", "uri": "/house/seanad"}, "dates": [{"date": "2012-03-22"}], "progressStage": 1}}, {"event": {"showAs": "Second Stage", "uri": "/bill/2012/19/seanad/2", "chamber": {"showAs": "Seanad", "uri": "/house/seanad"}, "dates": [{"date": "2012-03-28"}], "progressStage": 2}}], "shortTitle": "Privacy Bill 2012", "longTitle": "Bill entitled An Act to provide for a Tort of Violation of Privacy; and to provide for matters connected therewith", "amendmentLists": [], "billType": "Public", "billNo": "19", "versions": [], "events": [{"event": {"showAs": "Lapsed", "progressStage": null, "chamber": {"showAs": null, "uri": null}, "dates": [{"date": "2016-02-03"}], "uri": "/bill/2012/19/lapsed"}}], "billYear": "2012", "originHouse": {"showAs": "Seanad \u00c9ireann", "uri": "/house/seanad"}, "uri": "/bill/2012/19", "status": "Lapsed", "_id": "bill.2012.19", "sponsors": [{"sponsor": {"as": {"showAs": null, "uri": null}, "by": {"showAs": "Michael Noonan", "uri": "/member/Michael-Noonan.D.1981-06-30"}}}, {"sponsor": {"as": {"showAs": null, "uri": null}, "by": {"showAs": "Michael Noonan", "uri": "/member/Michael-Noonan.D.1981-06-30"}}}, {"sponsor": {"as": {"showAs": null, "uri": null}, "by": {"showAs": "Michael Noonan", "uri": "/member/Michael-Noonan.D.1981-06-30"}}}], "act": null, "method": "Introduction"}