{"billNo": "41", "billType": "Public", "versions": [], "status": "Enacted", "longTitle": "Bill entitled An Act to provide for the establishment of a body known in the Irish language as \u00dadar\u00e1s na h\u00c9ireann um Ch\u00e1il\u00edochta\u00ed agus Dearbh\u00fa C\u00e1il\u00edochta or in the English language the Qualifications and Quality Assurance Authority of Ireland; to define its functions; to provide for the dissolution of the National Qualifications Authority of Ireland, the Higher Education and Training  Awards Council and the Further Education and Training Awards Council; to repeal the Qualifications (Education and Training) Act 1999; to amend the Higher Education Authority Act 1971, the Regional Technical Colleges Act 1992, the Freedom of Information Act 1997, the Universities Act 1997 and certain other Acts; and to provide for matters connected therewith", "uri": "/bill/2011/41", "events": [], "_id": "bill.2011.41", "amendmentLists": [], "sponsors": [{"sponsor": {"as": {"showAs": "Minister for Education and Skills", "uri": "/office/minister/education__skills"}, "by": {"showAs": "Ruair\u00ed Quinn", "uri": "/member/Ruair\u00ed-Quinn.S.1976-07-01"}}}], "method": "Presentation", "shortTitle": "Qualifications and Quality Assurance (Education and Training) Bill 2011", "stages": [{"event": {"progressStage": 1, "chamber": {"showAs": "Seanad", "uri": "/house/seanad"}, "showAs": "First Stage", "dates": [{"date": "2011-07-21"}], "uri": "/bill/2011/41/seanad/1"}}, {"event": {"progressStage": 2, "chamber": {"showAs": "Seanad", "uri": "/house/seanad"}, "showAs": "Second Stage", "dates": [{"date": "2011-09-20"}], "uri": "/bill/2011/41/seanad/2"}}, {"event": {"progressStage": 3, "chamber": {"showAs": "Seanad", "uri": "/house/seanad"}, "showAs": "Third Stage", "dates": [{"date": "2012-03-29"}], "uri": "/bill/2011/41/seanad/3"}}, {"event": {"progressStage": 4, "chamber": {"showAs": "Seanad", "uri": "/house/seanad"}, "showAs": "Fourth Stage", "dates": [{"date": "2012-05-10"}], "uri": "/bill/2011/41/seanad/4"}}, {"event": {"progressStage": 5, "chamber": {"showAs": "Seanad", "uri": "/house/seanad"}, "showAs": "Fifth Stage", "dates": [{"date": "2012-05-10"}], "uri": "/bill/2011/41/seanad/5"}}, {"event": {"progressStage": 6, "chamber": {"showAs": "D\u00e1il", "uri": "/house/dail"}, "showAs": "Second Stage", "dates": [{"date": "2012-05-22"}, {"date": "2012-05-23"}], "uri": "/bill/2011/41/dail/2"}}, {"event": {"progressStage": 7, "chamber": {"showAs": "D\u00e1il", "uri": "/house/dail"}, "showAs": "Fourth Stage", "dates": [{"date": "2012-07-05"}], "uri": "/bill/2011/41/dail/4"}}, {"event": {"progressStage": 9, "chamber": null, "showAs": "Enacted", "dates": [{"date": "2012-07-22"}], "uri": "/bill/2011/41/dail/5"}}, {"event": {"progressStage": 9, "chamber": null, "showAs": "Enacted", "dates": [{"date": "2012-07-22"}], "uri": "/bill/2011/41/dail/5"}}], "originHouse": {"showAs": "Seanad \u00c9ireann", "uri": "/house/seanad"}, "billYear": "2011", "act": {"dateSigned": "2012-07-22", "uri": "/act/2012/28", "shortTitle": "Qualifications and Quality Assurance (Education and Training) Act 2012", "actYear": "2012", "longTitle": "An Act to provide for the establishment of a body known in the Irish language as \u00dadar\u00e1s na h\u00c9ireann um Ch\u00e1il\u00edochta\u00ed agus Dearbh\u00fa C\u00e1il\u00edochta or in the English language the Qualifications and Quality Assurance Authority of Ireland; to define its functions; to provide for the dissolution of the National Qualifications Authority of Ireland, the Higher Education and Training  Awards Council and the Further Education and Training Awards Council; to repeal the Qualifications (Education and Training) Act 1999; to amend the Higher Education Authority Act 1971, the Regional Technical Colleges Act 1992, the Freedom of Information Act 1997, the Universities Act 1997 and certain other Acts; and to provide for matters connected therewith", "actNo": "28", "statuteBookURI": "http://www.irishstatutebook.ie/eli/2012/act/28"}}