{"stages": [{"event": {"showAs": "First Stage", "uri": "/bill/2011/55/dail/1", "chamber": {"showAs": "D\u00e1il", "uri": "/house/dail"}, "dates": [{"date": "2011-09-26"}], "progressStage": 1}}, {"event": {"showAs": "Second Stage", "uri": "/bill/2011/55/dail/2", "chamber": {"showAs": "D\u00e1il", "uri": "/house/dail"}, "dates": [{"date": "2011-11-08"}, {"date": "2011-11-09"}], "progressStage": 2}}, {"event": {"showAs": "Fourth Stage", "uri": "/bill/2011/55/dail/4", "chamber": {"showAs": "D\u00e1il", "uri": "/house/dail"}, "dates": [{"date": "2012-02-08"}], "progressStage": 3}}, {"event": {"showAs": "Fifth Stage", "uri": "/bill/2011/55/dail/5", "chamber": {"showAs": "D\u00e1il", "uri": "/house/dail"}, "dates": [{"date": "2012-02-08"}], "progressStage": 4}}, {"event": {"showAs": "Second Stage", "uri": "/bill/2011/55/seanad/2", "chamber": {"showAs": "Seanad", "uri": "/house/seanad"}, "dates": [{"date": "2012-03-08"}], "progressStage": 5}}, {"event": {"showAs": "Third Stage", "uri": "/bill/2011/55/seanad/3", "chamber": {"showAs": "Seanad", "uri": "/house/seanad"}, "dates": [{"date": "2012-04-25"}], "progressStage": 6}}, {"event": {"showAs": "Fourth Stage", "uri": "/bill/2011/55/seanad/4", "chamber": {"showAs": "Seanad", "uri": "/house/seanad"}, "dates": [{"date": "2012-06-14"}], "progressStage": 7}}, {"event": {"showAs": "Enacted", "uri": "/bill/2011/55/seanad/5", "chamber": null, "dates": [{"date": "2012-06-20"}], "progressStage": 9}}, {"event": {"showAs": "Enacted", "uri": "/bill/2011/55/seanad/5", "chamber": null, "dates": [{"date": "2012-06-20"}], "progressStage": 9}}], "shortTitle": "Competition (Amendment) Bill 2011", "longTitle": "Bill entitled An Act o amend the Competition Act 2002; to amend the Companies Act 1990; and to provide for matters connected therewith", "amendmentLists": [], "billType": "Public", "billNo": "55", "versions": [], "events": [], "billYear": "2011", "originHouse": {"showAs": "D\u00e1il \u00c9ireann", "uri": "/house/dail"}, "uri": "/bill/2011/55", "status": "Enacted", "_id": "bill.2011.55", "sponsors": [{"sponsor": {"as": {"showAs": "Minister for Jobs, Enterprise and Innovation", "uri": "/office/minister/jobs__enterprise__innovation"}, "by": {"showAs": "Richard Bruton", "uri": "/member/Richard-Bruton.S.1981-10-08"}}}], "act": {"dateSigned": "2012-06-20", "shortTitle": "Competition (Amendment) Act 2012", "actYear": "2012", "uri": "/act/2012/18", "longTitle": "An Act o amend the Competition Act 2002; to amend the Companies Act 1990; and to provide for matters connected therewith", "actNo": "18", "statuteBookURI": "http://www.irishstatutebook.ie/eli/2012/act/18"}, "method": "Presentation"}