{"billNo": "119", "billType": "Public", "versions": [], "longTitle": "Bill entitled An Act to provide for mandatory professional indemnity cover for certain medical practitioners; to confer additional functions on the Medical Council; and for that purpose to amend and extend the Medical Practitioners Act 2007 and to provide for related matters", "uri": "/bill/2012/119", "events": [{"progressStage": null, "event": {"chamber": {"showAs": null, "uri": null}, "showAs": "Lapsed", "dates": [{"date": "2016-02-03"}], "uri": "/bill/2012/119/lapsed"}}], "_id": "bill.2012.119", "amendmentLists": [], "sponsors": [{"sponsor": {"as": {"showAs": null, "uri": null}, "by": {"showAs": "Alan Shatter", "uri": "/member/Alan-Shatter.D.1981-06-30"}}}], "method": "Presentation", "shortTitle": "Medical Practitioners (Amendment) Bill 2012", "stages": [{"event": {"progressStage": 1, "chamber": {"showAs": "Seanad", "uri": "/house/seanad"}, "showAs": "First Stage", "dates": [{"date": "2012-12-19"}], "uri": "/bill/2012/119/seanad/1"}}, {"event": {"progressStage": 2, "chamber": {"showAs": "Seanad", "uri": "/house/seanad"}, "showAs": "Second Stage", "dates": [{"date": "2013-02-20"}], "uri": "/bill/2012/119/seanad/2"}}], "originHouse": {"showAs": "Seanad \u00c9ireann", "uri": "/house/seanad"}, "billYear": "2012", "act": null}