{"stages": [{"event": {"showAs": "First Stage", "uri": "/bill/2012/12/dail/1", "chamber": {"showAs": "D\u00e1il", "uri": "/house/dail"}, "dates": [{"date": "2012-02-29"}], "progressStage": 1}}, {"event": {"showAs": "Second Stage", "uri": "/bill/2012/12/dail/2", "chamber": {"showAs": "D\u00e1il", "uri": "/house/dail"}, "dates": [{"date": "2012-03-06"}], "progressStage": 2}}, {"event": {"showAs": "Third Stage", "uri": "/bill/2012/12/dail/3", "chamber": {"showAs": "D\u00e1il", "uri": "/house/dail"}, "dates": [{"date": "2012-03-07"}], "progressStage": 3}}, {"event": {"showAs": "Fourth Stage", "uri": "/bill/2012/12/dail/4", "chamber": {"showAs": "D\u00e1il", "uri": "/house/dail"}, "dates": [{"date": "2012-03-07"}], "progressStage": 4}}, {"event": {"showAs": "Fifth Stage", "uri": "/bill/2012/12/dail/5", "chamber": {"showAs": "D\u00e1il", "uri": "/house/dail"}, "dates": [{"date": "2012-03-07"}], "progressStage": 5}}, {"event": {"showAs": "Second Stage", "uri": "/bill/2012/12/seanad/2", "chamber": {"showAs": "Seanad", "uri": "/house/seanad"}, "dates": [{"date": "2012-03-08"}], "progressStage": 6}}, {"event": {"showAs": "Third Stage", "uri": "/bill/2012/12/seanad/3", "chamber": {"showAs": "Seanad", "uri": "/house/seanad"}, "dates": [{"date": "2012-03-08"}], "progressStage": 7}}, {"event": {"showAs": "Fourth Stage", "uri": "/bill/2012/12/seanad/4", "chamber": {"showAs": "Seanad", "uri": "/house/seanad"}, "dates": [{"date": "2012-03-08"}], "progressStage": 8}}, {"event": {"showAs": "Enacted", "uri": "/bill/2012/12/seanad/5", "chamber": null, "dates": [{"date": "2012-03-09"}], "progressStage": 10}}, {"event": {"showAs": "Enacted", "uri": "/bill/2012/12/seanad/5", "chamber": null, "dates": [{"date": "2012-03-09"}], "progressStage": 10}}], "shortTitle": "Euro Area Loan Facility (Amendment) Bill 2012", "longTitle": "Bill entitled An Act to further facilitate, in the public interest, the financial stability of the European Union and the safeguarding of the financial stability of the Euro Area as a whole and for those purposes\u2014\u0000(a) to enable effect to be given, in so far as it relates to the State, to the amendment to the EUR 80 000 000 000 loan facility agreement done in Brussels on 27 February 2012 and in Athens on 24 February 2012,\u0000(b) to amend the Euro Area Loan Facility Act 2010 and the European Financial Stability Facility and Euro Area Loan Facility (Amendment) Act 2011, and\u0000(c) to provide for related matters\u0000", "amendmentLists": [], "billType": "Public", "billNo": "12", "versions": [], "events": [], "billYear": "2012", "originHouse": {"showAs": "D\u00e1il \u00c9ireann", "uri": "/house/dail"}, "uri": "/bill/2012/12", "status": "Enacted", "_id": "bill.2012.12", "sponsors": [{"sponsor": {"as": {"showAs": "Minister for Finance", "uri": "/office/minister/finance"}, "by": {"showAs": "Michael Noonan", "uri": "/member/Michael-Noonan.D.1981-06-30"}}}], "act": {"dateSigned": "2012-03-09", "shortTitle": "Euro Area Loan Facility (Amendment) Act 2012", "actYear": "2012", "uri": "/act/2012/6", "longTitle": "An Act to further facilitate, in the public interest, the financial stability of the European Union and the safeguarding of the financial stability of the Euro Area as a whole and for those purposes\u2014\u0000(a) to enable effect to be given, in so far as it relates to the State, to the amendment to the EUR 80 000 000 000 loan facility agreement done in Brussels on 27 February 2012 and in Athens on 24 February 2012,\u0000(b) to amend the Euro Area Loan Facility Act 2010 and the European Financial Stability Facility and Euro Area Loan Facility (Amendment) Act 2011, and\u0000(c) to provide for related matters\u0000", "actNo": "6", "statuteBookURI": "http://www.irishstatutebook.ie/eli/2012/act/6"}, "method": "Presentation"}