{"billNo": "28", "billType": "Public", "versions": [], "longTitle": "Bill entitled An Act to provide for the establishment of a body to support the needs of former residents to be known as Bord an Chiste Reacht\u00fail Foras C\u00f3naithe or in the English language, the Residential Institutions Statutory Fund Board, and to define its functions; to provide for the making of contributions by certain persons; to amend the Residential Institutions Redress Act 2002; to amend the Commission to Inquire into Child Abuse (Amendment) Act 2005; and to provide for related matters", "uri": "/bill/2012/28", "events": [], "_id": "bill.2012.28", "amendmentLists": [], "sponsors": [{"sponsor": {"as": {"showAs": "Minister for Education and Skills", "uri": "/office/minister/education__skills"}, "by": {"showAs": "Ruair\u00ed Quinn", "uri": "/member/Ruair\u00ed-Quinn.S.1976-07-01"}}}], "method": "Presentation", "shortTitle": "Residential Institutions Statutory Fund Bill 2012", "stages": [{"event": {"progressStage": 1, "chamber": {"showAs": "D\u00e1il", "uri": "/house/dail"}, "showAs": "First Stage", "dates": [{"date": "2012-04-13"}], "uri": "/bill/2012/28/dail/1"}}, {"event": {"progressStage": 2, "chamber": {"showAs": "D\u00e1il", "uri": "/house/dail"}, "showAs": "Second Stage", "dates": [{"date": "2012-05-08"}, {"date": "2012-06-13"}, {"date": "2012-06-14"}], "uri": "/bill/2012/28/dail/2"}}, {"event": {"progressStage": 3, "chamber": {"showAs": "D\u00e1il", "uri": "/house/dail"}, "showAs": "Fourth Stage", "dates": [{"date": "2012-07-17"}], "uri": "/bill/2012/28/dail/4"}}, {"event": {"progressStage": 4, "chamber": {"showAs": "D\u00e1il", "uri": "/house/dail"}, "showAs": "Fifth Stage", "dates": [{"date": "2012-07-17"}], "uri": "/bill/2012/28/dail/5"}}, {"event": {"progressStage": 5, "chamber": {"showAs": "Seanad", "uri": "/house/seanad"}, "showAs": "Second Stage", "dates": [{"date": "2012-07-19"}], "uri": "/bill/2012/28/seanad/2"}}, {"event": {"progressStage": 6, "chamber": {"showAs": "Seanad", "uri": "/house/seanad"}, "showAs": "Third Stage", "dates": [{"date": "2012-07-20"}], "uri": "/bill/2012/28/seanad/3"}}, {"event": {"progressStage": 7, "chamber": {"showAs": "Seanad", "uri": "/house/seanad"}, "showAs": "Fourth Stage", "dates": [{"date": "2012-07-20"}], "uri": "/bill/2012/28/seanad/4"}}, {"event": {"progressStage": 9, "chamber": null, "showAs": "Enacted", "dates": [{"date": "2012-07-25"}], "uri": "/bill/2012/28/seanad/5"}}, {"event": {"progressStage": 9, "chamber": null, "showAs": "Enacted", "dates": [{"date": "2012-07-25"}], "uri": "/bill/2012/28/seanad/5"}}], "originHouse": {"showAs": "D\u00e1il \u00c9ireann", "uri": "/house/dail"}, "billYear": "2012", "act": {"dateSigned": "2012-07-25", "uri": "/act/2012/35", "shortTitle": "Residential Institutions Statutory Fund Act 2012", "actYear": "2012", "longTitle": "An Act to provide for the establishment of a body to support the needs of former residents to be known as Bord an Chiste Reacht\u00fail Foras C\u00f3naithe or in the English language, the Residential Institutions Statutory Fund Board, and to define its functions; to provide for the making of contributions by certain persons; to amend the Residential Institutions Redress Act 2002; to amend the Commission to Inquire into Child Abuse (Amendment) Act 2005; and to provide for related matters", "actNo": "35", "statuteBookURI": "http://www.irishstatutebook.ie/eli/2012/act/35"}}