{"stages": [{"event": {"showAs": "First Stage", "uri": "/bill/2012/37/dail/1", "chamber": {"showAs": "D\u00e1il", "uri": "/house/dail"}, "dates": [{"date": "2012-05-03"}], "progressStage": 1}}, {"event": {"showAs": "Second Stage", "uri": "/bill/2012/37/dail/2", "chamber": {"showAs": "D\u00e1il", "uri": "/house/dail"}, "dates": [{"date": "2012-06-07"}], "progressStage": 2}}, {"event": {"showAs": "Fourth Stage", "uri": "/bill/2012/37/dail/4", "chamber": {"showAs": "D\u00e1il", "uri": "/house/dail"}, "dates": [{"date": "2012-06-20"}], "progressStage": 3}}, {"event": {"showAs": "Fifth Stage", "uri": "/bill/2012/37/dail/5", "chamber": {"showAs": "D\u00e1il", "uri": "/house/dail"}, "dates": [{"date": "2012-06-20"}], "progressStage": 4}}, {"event": {"showAs": "Second Stage", "uri": "/bill/2012/37/seanad/2", "chamber": {"showAs": "Seanad", "uri": "/house/seanad"}, "dates": [{"date": "2012-06-26"}], "progressStage": 5}}, {"event": {"showAs": "Third Stage", "uri": "/bill/2012/37/seanad/3", "chamber": {"showAs": "Seanad", "uri": "/house/seanad"}, "dates": [{"date": "2012-06-27"}], "progressStage": 6}}, {"event": {"showAs": "Fourth Stage", "uri": "/bill/2012/37/seanad/4", "chamber": {"showAs": "Seanad", "uri": "/house/seanad"}, "dates": [{"date": "2012-06-27"}], "progressStage": 7}}, {"event": {"showAs": "Enacted", "uri": "/bill/2012/37/seanad/5", "chamber": null, "dates": [{"date": "2012-07-03"}], "progressStage": 9}}, {"event": {"showAs": "Enacted", "uri": "/bill/2012/37/seanad/5", "chamber": null, "dates": [{"date": "2012-07-03"}], "progressStage": 9}}], "shortTitle": "European Stability Mechanism Bill 2012", "longTitle": "Bill entitled An Act to further facilitate, in the public interest, the financial stability of the European Union by establishing a permanent stability mechanism to assume the tasks of the European Financial Stability Facility and the European Financial Stabilisation Mechanism in providing, where needed, financial assistance to euro area member states and for that purpose\u2014 \u0000(A) to make permanent provision to provide for matters relating to the participation by the State in the European Stability Mechanism pursuant to the treaty establishing the European Stability Mechanism done at Brussels on 2 February 2012 between the euro area Member States, \u0000(B) to provide for matters relating to the State\u2019s subscription to the authorised capital stock of the European Stability Mechanism in accordance with that Treaty, \u0000(C) to provide for payments to be made out of the central fund or the growing produce of that fund so as to enable the State to give effect to that Treaty, \u0000(D) to provide for all dividends or other moneys received by the state under that treaty to be paid into the exchequer, and \u0000(E) to provide for related matters", "amendmentLists": [], "billType": "Public", "billNo": "37", "versions": [], "events": [], "billYear": "2012", "originHouse": {"showAs": "D\u00e1il \u00c9ireann", "uri": "/house/dail"}, "uri": "/bill/2012/37", "status": "Enacted", "_id": "bill.2012.37", "sponsors": [{"sponsor": {"as": {"showAs": "Minister for Finance", "uri": "/office/minister/finance"}, "by": {"showAs": "Michael Noonan", "uri": "/member/Michael-Noonan.D.1981-06-30"}}}], "act": {"dateSigned": "2012-07-03", "shortTitle": "European Stability Mechanism Act 2012", "actYear": "2012", "uri": "/act/2012/20", "longTitle": "An Act to further facilitate, in the public interest, the financial stability of the European Union by establishing a permanent stability mechanism to assume the tasks of the European Financial Stability Facility and the European Financial Stabilisation Mechanism in providing, where needed, financial assistance to euro area member states and for that purpose\u2014 \u0000(A) to make permanent provision to provide for matters relating to the participation by the State in the European Stability Mechanism pursuant to the treaty establishing the European Stability Mechanism done at Brussels on 2 February 2012 between the euro area Member States, \u0000(B) to provide for matters relating to the State\u2019s subscription to the authorised capital stock of the European Stability Mechanism in accordance with that Treaty, \u0000(C) to provide for payments to be made out of the central fund or the growing produce of that fund so as to enable the State to give effect to that Treaty, \u0000(D) to provide for all dividends or other moneys received by the state under that treaty to be paid into the exchequer, and \u0000(E) to provide for related matters", "actNo": "20", "statuteBookURI": "http://www.irishstatutebook.ie/eli/2012/act/20"}, "method": "Presentation"}