{"stages": [{"event": {"showAs": "First Stage", "uri": "/bill/2012/111/seanad/1", "chamber": {"showAs": "Seanad", "uri": "/house/seanad"}, "dates": [{"date": "2012-12-07"}], "progressStage": 1}}, {"event": {"showAs": "Second Stage", "uri": "/bill/2012/111/seanad/2", "chamber": {"showAs": "Seanad", "uri": "/house/seanad"}, "dates": [{"date": "2012-12-13"}], "progressStage": 2}}, {"event": {"showAs": "Third Stage", "uri": "/bill/2012/111/seanad/3", "chamber": {"showAs": "Seanad", "uri": "/house/seanad"}, "dates": [{"date": "2012-12-13"}], "progressStage": 3}}, {"event": {"showAs": "Fourth Stage", "uri": "/bill/2012/111/seanad/4", "chamber": {"showAs": "Seanad", "uri": "/house/seanad"}, "dates": [{"date": "2012-12-13"}], "progressStage": 4}}, {"event": {"showAs": "Fifth Stage", "uri": "/bill/2012/111/seanad/5", "chamber": {"showAs": "Seanad", "uri": "/house/seanad"}, "dates": [{"date": "2012-12-13"}], "progressStage": 5}}, {"event": {"showAs": "Second Stage", "uri": "/bill/2012/111/dail/2", "chamber": {"showAs": "D\u00e1il", "uri": "/house/dail"}, "dates": [{"date": "2012-12-20"}], "progressStage": 6}}, {"event": {"showAs": "Third Stage", "uri": "/bill/2012/111/dail/3", "chamber": {"showAs": "D\u00e1il", "uri": "/house/dail"}, "dates": [{"date": "2012-12-20"}], "progressStage": 7}}, {"event": {"showAs": "Fourth Stage", "uri": "/bill/2012/111/dail/4", "chamber": {"showAs": "D\u00e1il", "uri": "/house/dail"}, "dates": [{"date": "2012-12-20"}], "progressStage": 8}}, {"event": {"showAs": "Enacted", "uri": "/bill/2012/111/dail/5", "chamber": null, "dates": [{"date": "2012-12-26"}], "progressStage": 10}}, {"event": {"showAs": "Enacted", "uri": "/bill/2012/111/dail/5", "chamber": null, "dates": [{"date": "2012-12-26"}], "progressStage": 10}}], "shortTitle": "Houses of the Oireachtas Commission (Amendment) (No. 2) Bill 2012", "longTitle": "Bill entitled An Act to amend the Houses of the Oireachtas Commission Act 2003 and to provide for related matters", "amendmentLists": [], "billType": "Public", "billNo": "111", "versions": [], "events": [], "billYear": "2012", "originHouse": {"showAs": "Seanad \u00c9ireann", "uri": "/house/seanad"}, "uri": "/bill/2012/111", "status": "Enacted", "_id": "bill.2012.111", "sponsors": [{"sponsor": {"as": {"showAs": "Minister for Public Expenditure and Reform", "uri": "/office/minister/public_expenditure__reform"}, "by": {"showAs": "Brendan Howlin", "uri": "/member/Brendan-Howlin.S.1983-02-23"}}}], "act": {"dateSigned": "2012-12-26", "shortTitle": "Houses of the Oireachtas Commission (Amendment) (No. 2) Act 2012", "actYear": "2012", "uri": "/act/2012/50", "longTitle": "An Act to amend the Houses of the Oireachtas Commission Act 2003 and to provide for related matters", "actNo": "50", "statuteBookURI": "http://www.irishstatutebook.ie/eli/2012/act/50"}, "method": "Presentation"}