{"stages": [{"event": {"showAs": "First Stage", "uri": "/bill/2012/59/seanad/1", "chamber": {"showAs": "Seanad", "uri": "/house/seanad"}, "dates": [{"date": "2012-06-27"}], "progressStage": 1}}, {"event": {"showAs": "Second Stage", "uri": "/bill/2012/59/seanad/2", "chamber": {"showAs": "Seanad", "uri": "/house/seanad"}, "dates": [{"date": "2012-07-04"}], "progressStage": 2}}, {"event": {"showAs": "Third Stage", "uri": "/bill/2012/59/seanad/3", "chamber": {"showAs": "Seanad", "uri": "/house/seanad"}, "dates": [{"date": "2012-07-04"}], "progressStage": 3}}, {"event": {"showAs": "Fourth Stage", "uri": "/bill/2012/59/seanad/4", "chamber": {"showAs": "Seanad", "uri": "/house/seanad"}, "dates": [{"date": "2012-07-04"}], "progressStage": 4}}, {"event": {"showAs": "Fifth Stage", "uri": "/bill/2012/59/seanad/5", "chamber": {"showAs": "Seanad", "uri": "/house/seanad"}, "dates": [{"date": "2012-07-04"}], "progressStage": 5}}, {"event": {"showAs": "Second Stage", "uri": "/bill/2012/59/dail/2", "chamber": {"showAs": "D\u00e1il", "uri": "/house/dail"}, "dates": [{"date": "2012-07-18"}], "progressStage": 6}}, {"event": {"showAs": "Third Stage", "uri": "/bill/2012/59/dail/3", "chamber": {"showAs": "D\u00e1il", "uri": "/house/dail"}, "dates": [{"date": "2012-07-18"}], "progressStage": 7}}, {"event": {"showAs": "Fourth Stage", "uri": "/bill/2012/59/dail/4", "chamber": {"showAs": "D\u00e1il", "uri": "/house/dail"}, "dates": [{"date": "2012-07-18"}], "progressStage": 8}}, {"event": {"showAs": "Enacted", "uri": "/bill/2012/59/dail/5", "chamber": null, "dates": [{"date": "2012-07-24"}], "progressStage": 10}}, {"event": {"showAs": "Enacted", "uri": "/bill/2012/59/dail/5", "chamber": null, "dates": [{"date": "2012-07-24"}], "progressStage": 10}}], "shortTitle": "Wildlife (Amendment) Bill 2012", "longTitle": "Bill entitled An Act to amend the Wildlife Act 1976 and to provide for related matters", "amendmentLists": [], "billType": "Public", "billNo": "59", "versions": [], "events": [], "billYear": "2012", "originHouse": {"showAs": "Seanad \u00c9ireann", "uri": "/house/seanad"}, "uri": "/bill/2012/59", "status": "Enacted", "_id": "bill.2012.59", "sponsors": [{"sponsor": {"as": {"showAs": "Minister for Arts, Heritage and the Gaeltacht", "uri": "/office/minister/arts__heritage__gaeltacht"}, "by": {"showAs": "Jimmy Deenihan", "uri": "/member/Jimmy-Deenihan.S.1983-02-23"}}}], "act": {"dateSigned": "2012-07-24", "shortTitle": "Wildlife (Amendment) Act 2012", "actYear": "2012", "uri": "/act/2012/29", "longTitle": "An Act to amend the Wildlife Act 1976 and to provide for related matters", "actNo": "29", "statuteBookURI": "http://www.irishstatutebook.ie/eli/2012/act/29"}, "method": "Presentation"}