{"billNo": "39", "billType": "Public", "versions": [], "longTitle": "Bill entitled An Act to promote the revision of statue law by repealing all statutes that were enacted before 6 December 1922 other than the statutes not repealed by this Act, or the statutes not repealed by the Statute Law Revision Act 2007 or the Statute Law Revision Act 2009 and that were not subsequently repealed before the passing of this Act, and for that purpose to repeal certain statutes of a specified series that were enacted on or after 1 January 1751 and before 6 December 1922 and certain other statutes of another specified series that were enacted on or after 1 January 1851 and before 6 December 1922 and which have ceased to have effect or have become unnecessary, to identify the statutes of those series that are not being repealed by this Act, to assign short titles to certain statutes in order to facilitate their citation and to amend certain statutes in so far as they relate to short titles, to amend the Adaptation of Enactments Act 1922 and to provide for related matters", "uri": "/bill/2012/39", "events": [], "_id": "bill.2012.39", "amendmentLists": [], "sponsors": [{"sponsor": {"as": {"showAs": "Minister for Public Expenditure and Reform", "uri": "/office/minister/public_expenditure__reform"}, "by": {"showAs": "Brendan Howlin", "uri": "/member/Brendan-Howlin.S.1983-02-23"}}}], "method": "Presentation", "shortTitle": "Statute Law Revision Bill 2012", "stages": [{"event": {"progressStage": 1, "chamber": {"showAs": "Seanad", "uri": "/house/seanad"}, "showAs": "First Stage", "dates": [{"date": "2012-04-30"}], "uri": "/bill/2012/39/seanad/1"}}, {"event": {"progressStage": 2, "chamber": {"showAs": "Seanad", "uri": "/house/seanad"}, "showAs": "Second Stage", "dates": [{"date": "2012-05-16"}], "uri": "/bill/2012/39/seanad/2"}}, {"event": {"progressStage": 3, "chamber": {"showAs": "Seanad", "uri": "/house/seanad"}, "showAs": "Third Stage", "dates": [{"date": "2012-05-23"}], "uri": "/bill/2012/39/seanad/3"}}, {"event": {"progressStage": 4, "chamber": {"showAs": "Seanad", "uri": "/house/seanad"}, "showAs": "Fourth Stage", "dates": [{"date": "2012-05-23"}], "uri": "/bill/2012/39/seanad/4"}}, {"event": {"progressStage": 5, "chamber": {"showAs": "Seanad", "uri": "/house/seanad"}, "showAs": "Fifth Stage", "dates": [{"date": "2012-05-23"}], "uri": "/bill/2012/39/seanad/5"}}, {"event": {"progressStage": 6, "chamber": {"showAs": "D\u00e1il", "uri": "/house/dail"}, "showAs": "Second Stage", "dates": [{"date": "2012-06-21"}], "uri": "/bill/2012/39/dail/2"}}, {"event": {"progressStage": 7, "chamber": {"showAs": "D\u00e1il", "uri": "/house/dail"}, "showAs": "Third Stage", "dates": [{"date": "2012-06-21"}], "uri": "/bill/2012/39/dail/3"}}, {"event": {"progressStage": 8, "chamber": {"showAs": "D\u00e1il", "uri": "/house/dail"}, "showAs": "Fourth Stage", "dates": [{"date": "2012-06-21"}], "uri": "/bill/2012/39/dail/4"}}, {"event": {"progressStage": 10, "chamber": null, "showAs": "Enacted", "dates": [{"date": "2012-07-02"}], "uri": "/bill/2012/39/dail/5"}}, {"event": {"progressStage": 10, "chamber": null, "showAs": "Enacted", "dates": [{"date": "2012-07-02"}], "uri": "/bill/2012/39/dail/5"}}], "originHouse": {"showAs": "Seanad \u00c9ireann", "uri": "/house/seanad"}, "billYear": "2012", "act": {"dateSigned": "2012-07-02", "uri": "/act/2012/19", "shortTitle": "Statute Law Revision Act 2012", "actYear": "2012", "longTitle": "An Act to promote the revision of statue law by repealing all statutes that were enacted before 6 December 1922 other than the statutes not repealed by this Act, or the statutes not repealed by the Statute Law Revision Act 2007 or the Statute Law Revision Act 2009 and that were not subsequently repealed before the passing of this Act, and for that purpose to repeal certain statutes of a specified series that were enacted on or after 1 January 1751 and before 6 December 1922 and certain other statutes of another specified series that were enacted on or after 1 January 1851 and before 6 December 1922 and which have ceased to have effect or have become unnecessary, to identify the statutes of those series that are not being repealed by this Act, to assign short titles to certain statutes in order to facilitate their citation and to amend certain statutes in so far as they relate to short titles, to amend the Adaptation of Enactments Act 1922 and to provide for related matters", "actNo": "19", "statuteBookURI": "http://www.irishstatutebook.ie/eli/2012/act/19"}}