{"billNo": "65", "billType": "Public", "versions": [], "longTitle": "Bill entitled An Act to amend the Health Act 2004 and to provide for related matters", "uri": "/bill/2012/65", "events": [], "_id": "bill.2012.65", "amendmentLists": [], "sponsors": [{"sponsor": {"as": {"showAs": "Minister for Health", "uri": "/office/minister/health"}, "by": {"showAs": "James Reilly", "uri": "/member/James-Reilly.D.2007-06-14"}}}], "method": "Presentation", "shortTitle": "Health Service Executive (Governance) Bill 2012", "stages": [{"event": {"progressStage": 1, "chamber": {"showAs": "Seanad", "uri": "/house/seanad"}, "showAs": "First Stage", "dates": [{"date": "2012-07-16"}], "uri": "/bill/2012/65/seanad/1"}}, {"event": {"progressStage": 2, "chamber": {"showAs": "Seanad", "uri": "/house/seanad"}, "showAs": "Second Stage", "dates": [{"date": "2012-09-26"}], "uri": "/bill/2012/65/seanad/2"}}, {"event": {"progressStage": 3, "chamber": {"showAs": "Seanad", "uri": "/house/seanad"}, "showAs": "Third Stage", "dates": [{"date": "2012-10-10"}], "uri": "/bill/2012/65/seanad/3"}}, {"event": {"progressStage": 4, "chamber": {"showAs": "Seanad", "uri": "/house/seanad"}, "showAs": "Fourth Stage", "dates": [{"date": "2012-10-24"}], "uri": "/bill/2012/65/seanad/4"}}, {"event": {"progressStage": 5, "chamber": {"showAs": "Seanad", "uri": "/house/seanad"}, "showAs": "Fifth Stage", "dates": [{"date": "2012-10-24"}], "uri": "/bill/2012/65/seanad/5"}}, {"event": {"progressStage": 6, "chamber": {"showAs": "D\u00e1il", "uri": "/house/dail"}, "showAs": "Second Stage", "dates": [{"date": "2013-01-30"}, {"date": "2013-01-31"}, {"date": "2013-03-06"}], "uri": "/bill/2012/65/dail/2"}}, {"event": {"progressStage": 7, "chamber": {"showAs": "D\u00e1il", "uri": "/house/dail"}, "showAs": "Fourth Stage", "dates": [{"date": "2013-06-12"}], "uri": "/bill/2012/65/dail/4"}}, {"event": {"progressStage": 9, "chamber": null, "showAs": "Enacted", "dates": [{"date": "2013-07-03"}], "uri": "/bill/2012/65/dail/5"}}, {"event": {"progressStage": 9, "chamber": null, "showAs": "Enacted", "dates": [{"date": "2013-07-03"}], "uri": "/bill/2012/65/dail/5"}}], "originHouse": {"showAs": "Seanad \u00c9ireann", "uri": "/house/seanad"}, "billYear": "2012", "act": {"dateSigned": "2013-07-03", "uri": "/act/2013/23", "shortTitle": "Health Service Executive (Governance) Act 2013", "actYear": "2013", "longTitle": "An Act to amend the Health Act 2004 and to provide for related matters", "actNo": "23", "statuteBookURI": "http://www.irishstatutebook.ie/eli/2013/act/23"}}