{"billNo": "92", "billType": "Public", "versions": [], "status": "Rejected", "longTitle": "Bill entitled An Act to make provision whereby the Minister for Education and Skills shall publish an annual education impact study on the effects his or her decision to reduce the annual resource allocation in schools will have on schools, such study to include details of the names of schools affected, the impact such changes will have on those schools, and to provide for a mechanism whereby the Principal of each affected school may appeal the decision to reduce his or her resource allocation, setting out the reasons for the appeal and to provide for related matters", "uri": "/bill/2012/92", "events": [{"progressStage": null, "event": {"chamber": {"showAs": "D\u00e1il", "uri": "/house/dail"}, "showAs": "Second Stage", "dates": [{"date": "2013-01-22"}], "uri": "/bill/2012/92/dail/2/rejected"}}], "_id": "bill.2012.92", "amendmentLists": [], "sponsors": [{"sponsor": {"as": {"showAs": null, "uri": null}, "by": {"showAs": "Leo Varadkar", "uri": "/member/Leo-Varadkar.D.2007-06-14"}}}], "method": "Introduction", "shortTitle": "Education (Resource Allocation) Bill 2012", "stages": [{"event": {"progressStage": 1, "chamber": {"showAs": "D\u00e1il", "uri": "/house/dail"}, "showAs": "First Stage", "dates": [{"date": "2012-10-24"}], "uri": "/bill/2012/92/dail/1"}}, {"event": {"progressStage": 2, "chamber": {"showAs": "D\u00e1il", "uri": "/house/dail"}, "showAs": "Second Stage", "dates": [{"date": "2013-01-18"}, {"date": "2013-01-22"}], "uri": "/bill/2012/92/dail/2"}}], "originHouse": {"showAs": "D\u00e1il \u00c9ireann", "uri": "/house/dail"}, "billYear": "2012", "act": null}