{"billNo": "86", "billType": "Public", "versions": [], "longTitle": "Bill entitled An Act to create and regulate a mortgage-credit loans and bonds system, for the purposes of the orderly operation of the market for mortgages, such that economic activity is encouraged and property is improved via a system of mortgage-credit loans and mortgage-credit bonds", "uri": "/bill/2012/86", "events": [{"progressStage": null, "event": {"chamber": {"showAs": null, "uri": null}, "showAs": "Lapsed", "dates": [{"date": "2016-02-03"}], "uri": "/bill/2012/86/lapsed"}}], "_id": "bill.2012.86", "amendmentLists": [], "sponsors": [{"sponsor": {"as": {"showAs": null, "uri": null}, "by": {"showAs": "Ruair\u00ed Quinn", "uri": "/member/Ruair\u00ed-Quinn.S.1976-07-01"}}}], "method": "Presentation", "shortTitle": "Mortgage Credit (Loans and Bonds) Bill 2012", "stages": [{"event": {"progressStage": 1, "chamber": {"showAs": "Seanad", "uri": "/house/seanad"}, "showAs": "First Stage", "dates": [{"date": "2012-10-11"}], "uri": "/bill/2012/86/seanad/1"}}, {"event": {"progressStage": 2, "chamber": {"showAs": "Seanad", "uri": "/house/seanad"}, "showAs": "Second Stage", "dates": [{"date": "2012-10-17"}], "uri": "/bill/2012/86/seanad/2"}}], "originHouse": {"showAs": "Seanad \u00c9ireann", "uri": "/house/seanad"}, "billYear": "2012", "act": null}