{"stages": [{"event": {"showAs": "First Stage", "uri": "/bill/2012/93/seanad/1", "chamber": {"showAs": "Seanad", "uri": "/house/seanad"}, "dates": [{"date": "2012-10-24"}], "progressStage": 1}}, {"event": {"showAs": "Second Stage", "uri": "/bill/2012/93/seanad/2", "chamber": {"showAs": "Seanad", "uri": "/house/seanad"}, "dates": [{"date": "2012-11-21"}], "progressStage": 2}}, {"event": {"showAs": "Third Stage", "uri": "/bill/2012/93/seanad/3", "chamber": {"showAs": "Seanad", "uri": "/house/seanad"}, "dates": [{"date": "2012-11-28"}], "progressStage": 3}}, {"event": {"showAs": "Fourth Stage", "uri": "/bill/2012/93/seanad/4", "chamber": {"showAs": "Seanad", "uri": "/house/seanad"}, "dates": [{"date": "2012-11-28"}], "progressStage": 4}}, {"event": {"showAs": "Fifth Stage", "uri": "/bill/2012/93/seanad/5", "chamber": {"showAs": "Seanad", "uri": "/house/seanad"}, "dates": [{"date": "2012-11-28"}], "progressStage": 5}}, {"event": {"showAs": "Second Stage", "uri": "/bill/2012/93/dail/2", "chamber": {"showAs": "D\u00e1il", "uri": "/house/dail"}, "dates": [{"date": "2012-12-07"}], "progressStage": 6}}, {"event": {"showAs": "Fourth Stage", "uri": "/bill/2012/93/dail/4", "chamber": {"showAs": "D\u00e1il", "uri": "/house/dail"}, "dates": [{"date": "2012-12-20"}], "progressStage": 7}}, {"event": {"showAs": "Enacted", "uri": "/bill/2012/93/dail/5", "chamber": null, "dates": [{"date": "2012-12-26"}], "progressStage": 9}}, {"event": {"showAs": "Enacted", "uri": "/bill/2012/93/dail/5", "chamber": null, "dates": [{"date": "2012-12-26"}], "progressStage": 9}}], "shortTitle": "Transport (C\u00f3ras Iompair \u00c9ireann and Subsidiary Companies Borrowings) Bill 2012", "longTitle": "Bill entitled An Act to amend the provisions of the Transport Act 1950, the Transport (Re-organisation of C\u00f3ras Iompair \u00c9ireann) Act 1986 and the Transport Act 1987 in so far as they relate to the borrowing powers of C\u00f3ras Iompair \u00c9ireann, Iarnr\u00f3d \u00c9ireann - Irish Rail, Bus \u00c9ireann - Irish Bus and Bus \u00c1tha Cliath - Dublin Bus, to amend Schedule 2 to the Ministers and Secretaries (Amendment) Act 2011 and to provide for connected matters", "amendmentLists": [], "billType": "Public", "billNo": "93", "versions": [], "events": [], "billYear": "2012", "originHouse": {"showAs": "Seanad \u00c9ireann", "uri": "/house/seanad"}, "uri": "/bill/2012/93", "status": "Enacted", "_id": "bill.2012.93", "sponsors": [{"sponsor": {"as": {"showAs": "Minister for Transport, Tourism and Sport", "uri": "/office/minister/transport__tourism__sport"}, "by": {"showAs": "Leo Varadkar", "uri": "/member/Leo-Varadkar.D.2007-06-14"}}}], "act": {"dateSigned": "2012-12-26", "shortTitle": "Transport (C\u00f3ras Iompair \u00c9ireann and Subsidiary Companies Borrowings) Act 2012", "actYear": "2012", "uri": "/act/2012/49", "longTitle": "An Act to amend the provisions of the Transport Act 1950, the Transport (Re-organisation of C\u00f3ras Iompair \u00c9ireann) Act 1986 and the Transport Act 1987 in so far as they relate to the borrowing powers of C\u00f3ras Iompair \u00c9ireann, Iarnr\u00f3d \u00c9ireann - Irish Rail, Bus \u00c9ireann - Irish Bus and Bus \u00c1tha Cliath - Dublin Bus, to amend Schedule 2 to the Ministers and Secretaries (Amendment) Act 2011 and to provide for connected matters", "actNo": "49", "statuteBookURI": "http://www.irishstatutebook.ie/eli/2012/act/49"}, "method": "Presentation"}