{"billNo": "102", "billType": "Public", "versions": [], "longTitle": "Bill entitled An Act to provide for the provision of data by television broadcasting service providers for the purpose of assisting in the recovery of television licence fees; and to provide for connected matters", "uri": "/bill/2012/102", "events": [{"progressStage": null, "event": {"chamber": {"showAs": null, "uri": null}, "showAs": "Lapsed", "dates": [{"date": "2016-02-03"}], "uri": "/bill/2012/102/lapsed"}}], "_id": "bill.2012.102", "amendmentLists": [], "sponsors": [{"sponsor": {"as": {"showAs": null, "uri": null}, "by": {"showAs": "Leo Varadkar", "uri": "/member/Leo-Varadkar.D.2007-06-14"}}}], "method": "Introduction", "shortTitle": "Broadcasting (Television Licence Fees Recovery) Bill 2012", "stages": [{"event": {"progressStage": 1, "chamber": {"showAs": "D\u00e1il", "uri": "/house/dail"}, "showAs": "First Stage", "dates": [{"date": "2012-11-20"}], "uri": "/bill/2012/102/dail/1"}}], "originHouse": {"showAs": "D\u00e1il \u00c9ireann", "uri": "/house/dail"}, "billYear": "2012", "act": null}