{"stages": [{"event": {"showAs": "First Stage", "uri": "/bill/2011/69/dail/1", "chamber": {"showAs": "D\u00e1il", "uri": "/house/dail"}, "dates": [{"date": "2011-09-21"}], "progressStage": 1}}, {"event": {"showAs": "Second Stage", "uri": "/bill/2011/69/dail/2", "chamber": {"showAs": "D\u00e1il", "uri": "/house/dail"}, "dates": [{"date": "2012-01-13"}, {"date": "2012-01-17"}], "progressStage": 2}}], "shortTitle": "Local Authority Public Administration Bill 2011", "longTitle": "Bill entitled An Act to compel local authorities to provide members of the public and public representatives with substantive replies to written communications within a prescribed period of time", "amendmentLists": [], "billType": "Public", "billNo": "69", "versions": [], "events": [{"event": {"showAs": "Second Stage", "progressStage": null, "chamber": {"showAs": "D\u00e1il", "uri": "/house/dail"}, "dates": [{"date": "2012-01-17"}], "uri": "/bill/2011/69/dail/2/rejected"}}], "billYear": "2011", "originHouse": {"showAs": "D\u00e1il \u00c9ireann", "uri": "/house/dail"}, "uri": "/bill/2011/69", "status": "Rejected", "_id": "bill.2011.69", "sponsors": [{"sponsor": {"as": {"showAs": null, "uri": null}, "by": {"showAs": "Leo Varadkar", "uri": "/member/Leo-Varadkar.D.2007-06-14"}}}], "act": null, "method": "Introduction"}