{"billNo": "66", "billType": "Public", "versions": [], "status": "Withdrawn", "longTitle": "Bill entitled An Act to enable the Court to have regard to various, cited matters when determining whether to grant or refuse an application for possession of a family home", "uri": "/bill/2011/66", "events": [{"progressStage": null, "event": {"chamber": {"showAs": "D\u00e1il", "uri": "/house/dail"}, "showAs": "Withdrawn", "dates": [{"date": "2012-02-03"}], "uri": "/bill/2011/66/dail/2/withdrawn"}}], "_id": "bill.2011.66", "amendmentLists": [], "sponsors": [{"sponsor": {"as": {"showAs": null, "uri": null}, "by": {"showAs": "Phil Hogan", "uri": "/member/Phil-Hogan.S.1987-04-25"}}}], "method": "Introduction", "shortTitle": "Family Home Protection (Miscellaneous Provisions) Bill 2011", "stages": [{"event": {"progressStage": 1, "chamber": {"showAs": "D\u00e1il", "uri": "/house/dail"}, "showAs": "First Stage", "dates": [{"date": "2011-11-02"}], "uri": "/bill/2011/66/dail/1"}}, {"event": {"progressStage": 2, "chamber": {"showAs": "D\u00e1il", "uri": "/house/dail"}, "showAs": "Second Stage", "dates": [{"date": "2012-02-03"}], "uri": "/bill/2011/66/dail/2"}}], "originHouse": {"showAs": "D\u00e1il \u00c9ireann", "uri": "/house/dail"}, "billYear": "2011", "act": null}