{"billNo": "63", "billType": "Public", "versions": [], "longTitle": "Bill entitled An Act to establish a list of groups of interchangeable medicinal products which may be substituted for each other in order to enable savings to be made for patients or the Health Service Executive, or both, where the lower priced medicinal products are supplied, to establish a list of drugs, medicines and medical and surgical appliances which may be supplied under section 59 of the Health Act 1970, to establish mechanisms to set the prices of such drugs, medicines and medical and surgical appliances where they are so supplied, to rename the Irish Medicines Board, to provide for the consequential amendment of other enactments; and for related matters", "uri": "/bill/2012/63", "events": [], "_id": "bill.2012.63", "amendmentLists": [], "sponsors": [{"sponsor": {"as": {"showAs": "Minister for Health", "uri": "/office/minister/health"}, "by": {"showAs": "James Reilly", "uri": "/member/James-Reilly.D.2007-06-14"}}}], "method": "Presentation", "shortTitle": "Health (Pricing and Supply of Medical Goods) Bill 2012", "stages": [{"event": {"progressStage": 1, "chamber": {"showAs": "Seanad", "uri": "/house/seanad"}, "showAs": "First Stage", "dates": [{"date": "2012-07-11"}], "uri": "/bill/2012/63/seanad/1"}}, {"event": {"progressStage": 2, "chamber": {"showAs": "Seanad", "uri": "/house/seanad"}, "showAs": "Second Stage", "dates": [{"date": "2012-07-19"}], "uri": "/bill/2012/63/seanad/2"}}, {"event": {"progressStage": 3, "chamber": {"showAs": "Seanad", "uri": "/house/seanad"}, "showAs": "Third Stage", "dates": [{"date": "2012-09-19"}], "uri": "/bill/2012/63/seanad/3"}}, {"event": {"progressStage": 4, "chamber": {"showAs": "Seanad", "uri": "/house/seanad"}, "showAs": "Fourth Stage", "dates": [{"date": "2012-09-19"}], "uri": "/bill/2012/63/seanad/4"}}, {"event": {"progressStage": 5, "chamber": {"showAs": "Seanad", "uri": "/house/seanad"}, "showAs": "Fifth Stage", "dates": [{"date": "2012-09-19"}], "uri": "/bill/2012/63/seanad/5"}}, {"event": {"progressStage": 6, "chamber": {"showAs": "D\u00e1il", "uri": "/house/dail"}, "showAs": "Second Stage", "dates": [{"date": "2012-10-17"}, {"date": "2012-10-18"}, {"date": "2012-12-17"}], "uri": "/bill/2012/63/dail/2"}}, {"event": {"progressStage": 7, "chamber": {"showAs": "D\u00e1il", "uri": "/house/dail"}, "showAs": "Fourth Stage", "dates": [{"date": "2013-04-24"}, {"date": "2013-05-09"}], "uri": "/bill/2012/63/dail/4"}}, {"event": {"progressStage": 9, "chamber": null, "showAs": "Enacted", "dates": [{"date": "2013-05-28"}], "uri": "/bill/2012/63/dail/5"}}, {"event": {"progressStage": 9, "chamber": null, "showAs": "Enacted", "dates": [{"date": "2013-05-28"}], "uri": "/bill/2012/63/dail/5"}}], "originHouse": {"showAs": "Seanad \u00c9ireann", "uri": "/house/seanad"}, "billYear": "2012", "act": {"dateSigned": "2013-05-28", "uri": "/act/2013/14", "shortTitle": "Health (Pricing and Supply of Medical Goods) Act 2013", "actYear": "2013", "longTitle": "An Act to establish a list of groups of interchangeable medicinal products which may be substituted for each other in order to enable savings to be made for patients or the Health Service Executive, or both, where the lower priced medicinal products are supplied, to establish a list of drugs, medicines and medical and surgical appliances which may be supplied under section 59 of the Health Act 1970, to establish mechanisms to set the prices of such drugs, medicines and medical and surgical appliances where they are so supplied, to rename the Irish Medicines Board, to provide for the consequential amendment of other enactments; and for related matters", "actNo": "14", "statuteBookURI": "http://www.irishstatutebook.ie/eli/2013/act/14"}}