{"stages": [{"event": {"showAs": "First Stage", "uri": "/bill/2012/70/dail/1", "chamber": {"showAs": "D\u00e1il", "uri": "/house/dail"}, "dates": [{"date": "2012-07-19"}], "progressStage": 1}}], "shortTitle": "Thirty-First Amendment of the Constitution (Economic, Social and Cultural Rights) Bill 2012", "longTitle": "Bill entitled An Act to amend the Constitution", "amendmentLists": [], "billType": "Public", "billNo": "70", "versions": [], "events": [{"event": {"showAs": "Lapsed", "progressStage": null, "chamber": {"showAs": null, "uri": null}, "dates": [{"date": "2016-02-03"}], "uri": "/bill/2012/70/lapsed"}}], "billYear": "2012", "originHouse": {"showAs": "D\u00e1il \u00c9ireann", "uri": "/house/dail"}, "uri": "/bill/2012/70", "status": "Lapsed", "_id": "bill.2012.70", "sponsors": [{"sponsor": {"as": {"showAs": null, "uri": null}, "by": {"showAs": "Alan Shatter", "uri": "/member/Alan-Shatter.D.1981-06-30"}}}], "act": null, "method": "Introduction"}