{"stages": [{"event": {"showAs": "First Stage", "uri": "/bill/2011/80/dail/1", "chamber": {"showAs": "D\u00e1il", "uri": "/house/dail"}, "dates": [{"date": "2011-12-14"}], "progressStage": 1}}, {"event": {"showAs": "Second Stage", "uri": "/bill/2011/80/dail/2", "chamber": {"showAs": "D\u00e1il", "uri": "/house/dail"}, "dates": [{"date": "2012-01-11"}, {"date": "2012-01-12"}, {"date": "2012-01-19"}], "progressStage": 2}}, {"event": {"showAs": "Fourth Stage", "uri": "/bill/2011/80/dail/4", "chamber": {"showAs": "D\u00e1il", "uri": "/house/dail"}, "dates": [{"date": "2012-02-22"}], "progressStage": 3}}, {"event": {"showAs": "Fifth Stage", "uri": "/bill/2011/80/dail/5", "chamber": {"showAs": "D\u00e1il", "uri": "/house/dail"}, "dates": [{"date": "2012-02-22"}], "progressStage": 4}}, {"event": {"showAs": "Second Stage", "uri": "/bill/2011/80/seanad/2", "chamber": {"showAs": "Seanad", "uri": "/house/seanad"}, "dates": [{"date": "2012-02-28"}], "progressStage": 5}}, {"event": {"showAs": "Third Stage", "uri": "/bill/2011/80/seanad/3", "chamber": {"showAs": "Seanad", "uri": "/house/seanad"}, "dates": [{"date": "2012-03-01"}], "progressStage": 6}}, {"event": {"showAs": "Fourth Stage", "uri": "/bill/2011/80/seanad/4", "chamber": {"showAs": "Seanad", "uri": "/house/seanad"}, "dates": [{"date": "2012-04-27"}], "progressStage": 7}}, {"event": {"showAs": "Enacted", "uri": "/bill/2011/80/seanad/5", "chamber": null, "dates": [{"date": "2012-05-16"}], "progressStage": 9}}, {"event": {"showAs": "Enacted", "uri": "/bill/2011/80/seanad/5", "chamber": null, "dates": [{"date": "2012-05-16"}], "progressStage": 9}}], "shortTitle": "Protection of Employees (Temporary Agency Work) Bill 2011", "longTitle": "Bill entitled An Act to give effect to Directive 2008/104/EC of the European Parliament and of the Council of 19 November 2008 on temporary agency work; for that purpose to amend certain enactments; and to provide for matters connected therewith\u0000", "amendmentLists": [], "billType": "Public", "billNo": "80", "versions": [], "events": [], "billYear": "2011", "originHouse": {"showAs": "D\u00e1il \u00c9ireann", "uri": "/house/dail"}, "uri": "/bill/2011/80", "status": "Enacted", "_id": "bill.2011.80", "sponsors": [{"sponsor": {"as": {"showAs": "Minister for Jobs, Enterprise and Innovation", "uri": "/office/minister/jobs__enterprise__innovation"}, "by": {"showAs": "Richard Bruton", "uri": "/member/Richard-Bruton.S.1981-10-08"}}}], "act": {"dateSigned": "2012-05-16", "shortTitle": "Protection of Employees (Temporary Agency Work) Act 2012", "actYear": "2012", "uri": "/act/2012/13", "longTitle": "An Act to give effect to Directive 2008/104/EC of the European Parliament and of the Council of 19 November 2008 on temporary agency work; for that purpose to amend certain enactments; and to provide for matters connected therewith\u0000", "actNo": "13", "statuteBookURI": "http://www.irishstatutebook.ie/eli/2012/act/13"}, "method": "Presentation"}