{"billNo": "23", "billType": "Public", "versions": [], "longTitle": "Bill entitled An Act to amend the constitution.\u0000", "uri": "/bill/2012/23", "events": [], "_id": "bill.2012.23", "amendmentLists": [], "sponsors": [{"sponsor": {"as": {"showAs": "Minister for Foreign Affairs and Trade", "uri": "/office/minister/foreign_affairs__trade"}, "by": {"showAs": "Eamon Gilmore", "uri": "/member/Eamon-Gilmore.D.1989-06-29"}}}], "method": "Presentation", "shortTitle": "Thirtieth Amendment of the Constitution (Treaty on Stability, Coordination and Governance in the Economic and Monetary Union) Bill 2012", "stages": [{"event": {"progressStage": 1, "chamber": {"showAs": "D\u00e1il", "uri": "/house/dail"}, "showAs": "First Stage", "dates": [{"date": "2012-03-28"}], "uri": "/bill/2012/23/dail/1"}}, {"event": {"progressStage": 2, "chamber": {"showAs": "D\u00e1il", "uri": "/house/dail"}, "showAs": "Second Stage", "dates": [{"date": "2012-04-18"}, {"date": "2012-04-19"}, {"date": "2012-04-20"}], "uri": "/bill/2012/23/dail/2"}}, {"event": {"progressStage": 3, "chamber": {"showAs": "D\u00e1il", "uri": "/house/dail"}, "showAs": "Third Stage", "dates": [{"date": "2012-04-20"}], "uri": "/bill/2012/23/dail/3"}}, {"event": {"progressStage": 4, "chamber": {"showAs": "D\u00e1il", "uri": "/house/dail"}, "showAs": "Fourth Stage", "dates": [{"date": "2012-04-20"}], "uri": "/bill/2012/23/dail/4"}}, {"event": {"progressStage": 5, "chamber": {"showAs": "D\u00e1il", "uri": "/house/dail"}, "showAs": "Fifth Stage", "dates": [{"date": "2012-04-20"}], "uri": "/bill/2012/23/dail/5"}}, {"event": {"progressStage": 6, "chamber": {"showAs": "Seanad", "uri": "/house/seanad"}, "showAs": "Second Stage", "dates": [{"date": "2012-04-23"}], "uri": "/bill/2012/23/seanad/2"}}, {"event": {"progressStage": 7, "chamber": {"showAs": "Seanad", "uri": "/house/seanad"}, "showAs": "Third Stage", "dates": [{"date": "2012-04-24"}], "uri": "/bill/2012/23/seanad/3"}}, {"event": {"progressStage": 8, "chamber": {"showAs": "Seanad", "uri": "/house/seanad"}, "showAs": "Fourth Stage", "dates": [{"date": "2012-04-24"}], "uri": "/bill/2012/23/seanad/4"}}, {"event": {"progressStage": 9, "chamber": {"showAs": "Seanad", "uri": "/house/seanad"}, "showAs": "Fifth Stage", "dates": [{"date": "2012-04-24"}], "uri": "/bill/2012/23/seanad/5"}}], "originHouse": {"showAs": "D\u00e1il \u00c9ireann", "uri": "/house/dail"}, "billYear": "2012", "act": null}