{"stages": [{"event": {"showAs": "First Stage", "uri": "/bill/2012/15/dail/1", "chamber": {"showAs": "D\u00e1il", "uri": "/house/dail"}, "dates": [{"date": "2012-03-14"}], "progressStage": 1}}], "shortTitle": "Freedom of Information (Amendment) Bill 2012", "longTitle": "Bill entitled An Act to amend the Freedom of Information Act 1997 and the Freedom of Information (Amendment) Act 2003\u0000", "amendmentLists": [], "billType": "Public", "billNo": "15", "versions": [], "events": [{"event": {"showAs": "Lapsed", "progressStage": null, "chamber": {"showAs": null, "uri": null}, "dates": [{"date": "2016-02-03"}], "uri": "/bill/2012/15/lapsed"}}], "billYear": "2012", "originHouse": {"showAs": "D\u00e1il \u00c9ireann", "uri": "/house/dail"}, "uri": "/bill/2012/15", "status": "Lapsed", "_id": "bill.2012.15", "sponsors": [{"sponsor": {"as": {"showAs": null, "uri": null}, "by": {"showAs": "Michael Noonan", "uri": "/member/Michael-Noonan.D.1981-06-30"}}}], "act": null, "method": "Introduction"}