{"stages": [{"event": {"showAs": "First Stage", "uri": "/bill/2012/35/dail/1", "chamber": {"showAs": "D\u00e1il", "uri": "/house/dail"}, "dates": [{"date": "2012-05-02"}], "progressStage": 1}}], "shortTitle": "Housing Bill 2012", "longTitle": "Bill entitled An Act to allow for local authority tenants who have vacated their local authority house for reasons of personal safety to remain on the local authority housing waiting list", "amendmentLists": [], "billType": "Public", "billNo": "35", "versions": [], "events": [{"event": {"showAs": "Lapsed", "progressStage": null, "chamber": {"showAs": null, "uri": null}, "dates": [{"date": "2016-02-03"}], "uri": "/bill/2012/35/lapsed"}}], "billYear": "2012", "originHouse": {"showAs": "D\u00e1il \u00c9ireann", "uri": "/house/dail"}, "uri": "/bill/2012/35", "status": "Lapsed", "_id": "bill.2012.35", "sponsors": [{"sponsor": {"as": {"showAs": null, "uri": null}, "by": {"showAs": "Alan Shatter", "uri": "/member/Alan-Shatter.D.1981-06-30"}}}], "act": null, "method": "Introduction"}