{"stages": [{"event": {"showAs": "First Stage", "uri": "/bill/2012/80/dail/1", "chamber": {"showAs": "D\u00e1il", "uri": "/house/dail"}, "dates": [{"date": "2012-09-26"}], "progressStage": 1}}, {"event": {"showAs": "Second Stage", "uri": "/bill/2012/80/dail/2", "chamber": {"showAs": "D\u00e1il", "uri": "/house/dail"}, "dates": [{"date": "2013-03-28"}, {"date": "2013-04-18"}], "progressStage": 2}}, {"event": {"showAs": "Third Stage", "uri": "/bill/2012/80/dail/3", "chamber": {"showAs": "D\u00e1il", "uri": "/house/dail"}, "dates": [{"date": "2013-12-03"}], "progressStage": 3}}, {"event": {"showAs": "Fourth Stage", "uri": "/bill/2012/80/dail/4", "chamber": {"showAs": "D\u00e1il", "uri": "/house/dail"}, "dates": [{"date": "2013-12-03"}], "progressStage": 4}}, {"event": {"showAs": "Fifth Stage", "uri": "/bill/2012/80/dail/5", "chamber": {"showAs": "D\u00e1il", "uri": "/house/dail"}, "dates": [{"date": "2013-12-03"}], "progressStage": 5}}, {"event": {"showAs": "Second Stage", "uri": "/bill/2012/80/seanad/2", "chamber": {"showAs": "Seanad", "uri": "/house/seanad"}, "dates": [{"date": "2013-12-11"}], "progressStage": 6}}, {"event": {"showAs": "Third Stage", "uri": "/bill/2012/80/seanad/3", "chamber": {"showAs": "Seanad", "uri": "/house/seanad"}, "dates": [{"date": "2013-12-17"}], "progressStage": 7}}, {"event": {"showAs": "Fourth Stage", "uri": "/bill/2012/80/seanad/4", "chamber": {"showAs": "Seanad", "uri": "/house/seanad"}, "dates": [{"date": "2013-12-17"}], "progressStage": 8}}, {"event": {"showAs": "Enacted", "uri": "/bill/2012/80/seanad/5", "chamber": null, "dates": [{"date": "2013-12-23"}], "progressStage": 10}}, {"event": {"showAs": "Enacted", "uri": "/bill/2012/80/seanad/5", "chamber": null, "dates": [{"date": "2013-12-23"}], "progressStage": 10}}], "shortTitle": "Credit Reporting Bill 2012", "longTitle": "Bill entitled An Act to make provision for the establishment, maintenance and operation of a Central Credit Register for the holding of information about credit applications and credit agreements and parties to them; to make provision about the information to be provided for entry on the Register; to make provision for access to the information held on the Register for the assessment of creditworthiness and other purposes; to impose duties on parties to credit agreements; and to make provision for related matters\u0000", "amendmentLists": [], "billType": "Public", "billNo": "80", "versions": [], "events": [], "billYear": "2012", "originHouse": {"showAs": "D\u00e1il \u00c9ireann", "uri": "/house/dail"}, "uri": "/bill/2012/80", "status": "Enacted", "_id": "bill.2012.80", "sponsors": [{"sponsor": {"as": {"showAs": "Minister for Finance", "uri": "/office/minister/finance"}, "by": {"showAs": "Michael Noonan", "uri": "/member/Michael-Noonan.D.1981-06-30"}}}], "act": {"dateSigned": "2013-12-23", "shortTitle": "Credit Reporting Act 2013", "actYear": "2013", "uri": "/act/2013/45", "longTitle": "An Act to make provision for the establishment, maintenance and operation of a Central Credit Register for the holding of information about credit applications and credit agreements and parties to them; to make provision about the information to be provided for entry on the Register; to make provision for access to the information held on the Register for the assessment of creditworthiness and other purposes; to impose duties on parties to credit agreements; and to make provision for related matters\u0000", "actNo": "45", "statuteBookURI": "http://www.irishstatutebook.ie/eli/2013/act/45"}, "method": "Presentation"}