{"stages": [{"event": {"showAs": "First Stage", "uri": "/bill/2011/17/dail/1", "chamber": {"showAs": "D\u00e1il", "uri": "/house/dail"}, "dates": [{"date": "2011-05-12"}], "progressStage": 1}}, {"event": {"showAs": "Second Stage", "uri": "/bill/2011/17/dail/2", "chamber": {"showAs": "D\u00e1il", "uri": "/house/dail"}, "dates": [{"date": "2011-10-06"}], "progressStage": 2}}, {"event": {"showAs": "Fourth Stage", "uri": "/bill/2011/17/dail/4", "chamber": {"showAs": "D\u00e1il", "uri": "/house/dail"}, "dates": [{"date": "2012-01-12"}], "progressStage": 3}}, {"event": {"showAs": "Fifth Stage", "uri": "/bill/2011/17/dail/5", "chamber": {"showAs": "D\u00e1il", "uri": "/house/dail"}, "dates": [{"date": "2012-01-12"}], "progressStage": 4}}, {"event": {"showAs": "Second Stage", "uri": "/bill/2011/17/seanad/2", "chamber": {"showAs": "Seanad", "uri": "/house/seanad"}, "dates": [{"date": "2012-01-18"}], "progressStage": 5}}, {"event": {"showAs": "Third Stage", "uri": "/bill/2011/17/seanad/3", "chamber": {"showAs": "Seanad", "uri": "/house/seanad"}, "dates": [{"date": "2012-01-25"}], "progressStage": 6}}, {"event": {"showAs": "Fourth Stage", "uri": "/bill/2011/17/seanad/4", "chamber": {"showAs": "Seanad", "uri": "/house/seanad"}, "dates": [{"date": "2012-01-25"}], "progressStage": 7}}, {"event": {"showAs": "Enacted", "uri": "/bill/2011/17/seanad/5", "chamber": null, "dates": [{"date": "2012-02-01"}], "progressStage": 9}}, {"event": {"showAs": "Enacted", "uri": "/bill/2011/17/seanad/5", "chamber": null, "dates": [{"date": "2012-02-01"}], "progressStage": 9}}], "shortTitle": "Patents (Amendment) Bill 2011", "longTitle": "Bill entitled An Act to give effect to Article 1 of the Agreement on the Application of Article 65 of the Convention on the Grant of European Patents, done at London on 17 October 2000; to amend the Patents Act 1992; and to provide for related matters", "amendmentLists": [], "billType": "Public", "billNo": "17", "versions": [], "events": [], "billYear": "2011", "originHouse": {"showAs": "D\u00e1il \u00c9ireann", "uri": "/house/dail"}, "uri": "/bill/2011/17", "status": "Enacted", "_id": "bill.2011.17", "sponsors": [{"sponsor": {"as": {"showAs": "Minister for Jobs, Enterprise and Innovation", "uri": "/office/minister/jobs__enterprise__innovation"}, "by": {"showAs": "Richard Bruton", "uri": "/member/Richard-Bruton.S.1981-10-08"}}}], "act": {"dateSigned": "2012-02-01", "shortTitle": "Patents (Amendment) Act 2012", "actYear": "2012", "uri": "/act/2012/1", "longTitle": "An Act to give effect to Article 1 of the Agreement on the Application of Article 65 of the Convention on the Grant of European Patents, done at London on 17 October 2000; to amend the Patents Act 1992; and to provide for related matters", "actNo": "1", "statuteBookURI": "http://www.irishstatutebook.ie/eli/2012/act/1"}, "method": "Presentation"}