{"stages": [{"event": {"showAs": "First Stage", "uri": "/bill/2012/34/seanad/1", "chamber": {"showAs": "Seanad", "uri": "/house/seanad"}, "dates": [{"date": "2012-05-02"}], "progressStage": 1}}, {"event": {"showAs": "Second Stage", "uri": "/bill/2012/34/seanad/2", "chamber": {"showAs": "Seanad", "uri": "/house/seanad"}, "dates": [{"date": "2012-06-13"}], "progressStage": 2}}, {"event": {"showAs": "Third Stage", "uri": "/bill/2012/34/seanad/3", "chamber": {"showAs": "Seanad", "uri": "/house/seanad"}, "dates": [{"date": "2013-01-30"}], "progressStage": 3}}, {"event": {"showAs": "Fourth Stage", "uri": "/bill/2012/34/seanad/4", "chamber": {"showAs": "Seanad", "uri": "/house/seanad"}, "dates": [{"date": "2013-02-05"}, {"date": "2016-02-03"}], "progressStage": 4}}, {"event": {"showAs": "Fifth Stage", "uri": "/bill/2012/34/seanad/5", "chamber": {"showAs": "Seanad", "uri": "/house/seanad"}, "dates": [{"date": "2013-02-05"}, {"date": "2016-02-03"}], "progressStage": 5}}, {"event": {"showAs": "Second Stage", "uri": "/bill/2012/34/dail/2", "chamber": {"showAs": "D\u00e1il", "uri": "/house/dail"}, "dates": [{"date": "2013-03-07"}, {"date": "2013-03-12"}, {"date": "2013-03-14"}], "progressStage": 6}}, {"event": {"showAs": "Fourth Stage", "uri": "/bill/2012/34/dail/4", "chamber": {"showAs": "D\u00e1il", "uri": "/house/dail"}, "dates": [{"date": "2016-01-27"}], "progressStage": 7}}, {"event": {"showAs": "Fifth Stage", "uri": "/bill/2012/34/dail/5", "chamber": {"showAs": "D\u00e1il", "uri": "/house/dail"}, "dates": [{"date": "2016-01-27"}], "progressStage": 8}}], "shortTitle": "Criminal Justice (Spent Convictions and Certain Disclosures) Bill 2012", "longTitle": "Bill entitled An Act to make provision for the limitation of the effect of certain criminal convictions in certain circumstances and after certain periods of time; to amend the National Vetting Bureau (Children and Vulnerable Persons) Act 2012 and the Garda S\u00edoch\u00e1na Act 2005; and to provide for related matters", "amendmentLists": [], "billType": "Public", "billNo": "34", "versions": [], "events": [{"event": {"showAs": null, "progressStage": null, "chamber": {"showAs": null, "uri": null}, "dates": [{"date": "2016-02-11"}], "uri": "/bill/2012/34/signature"}}], "billYear": "2012", "originHouse": {"showAs": "Seanad \u00c9ireann", "uri": "/house/seanad"}, "uri": "/bill/2012/34", "status": "Enacted", "_id": "bill.2012.34", "sponsors": [{"sponsor": {"as": {"showAs": "Minister for Justice and Equality", "uri": "/office/minister/justice__equality"}, "by": {"showAs": "Alan Shatter", "uri": "/member/Alan-Shatter.D.1981-06-30"}}}], "act": null, "method": "Presentation"}