{"stages": [{"event": {"showAs": "First Stage", "uri": "/bill/2012/43/dail/1", "chamber": {"showAs": "D\u00e1il", "uri": "/house/dail"}, "dates": [{"date": "2012-05-17"}], "progressStage": 1}}, {"event": {"showAs": "Second Stage", "uri": "/bill/2012/43/dail/2", "chamber": {"showAs": "D\u00e1il", "uri": "/house/dail"}, "dates": [{"date": "2014-03-07"}], "progressStage": 2}}], "shortTitle": "Criminal Law (Incest) (Amendment) Bill 2012", "longTitle": "Bill entitled An Act to amend the Punishment of Incest Act 1908 so as to increase the penalty for offences committed under section 2.\u0000", "amendmentLists": [], "billType": "Public", "billNo": "43", "versions": [], "events": [{"event": {"showAs": "Lapsed", "progressStage": null, "chamber": {"showAs": null, "uri": null}, "dates": [{"date": "2016-02-03"}], "uri": "/bill/2012/43/lapsed"}}], "billYear": "2012", "originHouse": {"showAs": "D\u00e1il \u00c9ireann", "uri": "/house/dail"}, "uri": "/bill/2012/43", "status": "Lapsed", "_id": "bill.2012.43", "sponsors": [{"sponsor": {"as": {"showAs": null, "uri": null}, "by": {"showAs": "Pat Rabbitte", "uri": "/member/Pat-Rabbitte.D.1989-06-29"}}}], "act": null, "method": "Introduction"}