{"stages": [{"event": {"showAs": "First Stage", "uri": "/bill/2011/67/dail/1", "chamber": {"showAs": "D\u00e1il", "uri": "/house/dail"}, "dates": [{"date": "2011-11-02"}], "progressStage": 1}}, {"event": {"showAs": "Second Stage", "uri": "/bill/2011/67/dail/2", "chamber": {"showAs": "D\u00e1il", "uri": "/house/dail"}, "dates": [{"date": "2012-03-27"}, {"date": "2012-03-28"}], "progressStage": 2}}], "shortTitle": "Central Bank and Financial Services Authority of Ireland (Amendment) Bill 2011", "longTitle": "Bill entitled An Act to make provision to empower the Financial Services Ombudsman to report on investigations and adjudications of regulated financial service providers arising from consumer complaints made about the conduct of regulated financial service providers\u0000", "amendmentLists": [], "billType": "Public", "billNo": "67", "versions": [], "events": [{"event": {"showAs": "Lapsed", "progressStage": null, "chamber": {"showAs": null, "uri": null}, "dates": [{"date": "2016-02-03"}], "uri": "/bill/2011/67/lapsed"}}], "billYear": "2011", "originHouse": {"showAs": "D\u00e1il \u00c9ireann", "uri": "/house/dail"}, "uri": "/bill/2011/67", "status": "Lapsed", "_id": "bill.2011.67", "sponsors": [{"sponsor": {"as": {"showAs": null, "uri": null}, "by": {"showAs": "Phil Hogan", "uri": "/member/Phil-Hogan.S.1987-04-25"}}}], "act": null, "method": "Introduction"}