{"stages": [{"event": {"showAs": "First Stage", "uri": "/bill/2012/98/dail/1", "chamber": {"showAs": "D\u00e1il", "uri": "/house/dail"}, "dates": [{"date": "2012-11-13"}], "progressStage": 1}}], "shortTitle": "Environment and Public Health (Wind Turbines) Bill 2012", "longTitle": "Bill entitled An Act to protect the health of persons who may be affected by noise and shadow flicker from wind turbines; to give further effect to the Convention on Access to Information, Public Participation in Decision-Making and Access to Justice in Environmental Matters done at Aarhus, Denmark on 25 June 1998; and to provide for related matters", "amendmentLists": [], "billType": "Public", "billNo": "98", "versions": [], "events": [{"event": {"showAs": "Lapsed", "progressStage": null, "chamber": {"showAs": null, "uri": null}, "dates": [{"date": "2016-02-03"}], "uri": "/bill/2012/98/lapsed"}}], "billYear": "2012", "originHouse": {"showAs": "D\u00e1il \u00c9ireann", "uri": "/house/dail"}, "uri": "/bill/2012/98", "status": "Lapsed", "_id": "bill.2012.98", "sponsors": [{"sponsor": {"as": {"showAs": null, "uri": null}, "by": {"showAs": "Leo Varadkar", "uri": "/member/Leo-Varadkar.D.2007-06-14"}}}], "act": null, "method": "Introduction"}