{"stages": [{"event": {"showAs": "First Stage", "uri": "/bill/2012/23/dail/1", "chamber": {"showAs": "D\u00e1il", "uri": "/house/dail"}, "dates": [{"date": "2012-03-28"}], "progressStage": 1}}, {"event": {"showAs": "Second Stage", "uri": "/bill/2012/23/dail/2", "chamber": {"showAs": "D\u00e1il", "uri": "/house/dail"}, "dates": [{"date": "2012-04-18"}, {"date": "2012-04-19"}, {"date": "2012-04-20"}], "progressStage": 2}}, {"event": {"showAs": "Third Stage", "uri": "/bill/2012/23/dail/3", "chamber": {"showAs": "D\u00e1il", "uri": "/house/dail"}, "dates": [{"date": "2012-04-20"}], "progressStage": 3}}, {"event": {"showAs": "Fourth Stage", "uri": "/bill/2012/23/dail/4", "chamber": {"showAs": "D\u00e1il", "uri": "/house/dail"}, "dates": [{"date": "2012-04-20"}], "progressStage": 4}}, {"event": {"showAs": "Fifth Stage", "uri": "/bill/2012/23/dail/5", "chamber": {"showAs": "D\u00e1il", "uri": "/house/dail"}, "dates": [{"date": "2012-04-20"}], "progressStage": 5}}, {"event": {"showAs": "Second Stage", "uri": "/bill/2012/23/seanad/2", "chamber": {"showAs": "Seanad", "uri": "/house/seanad"}, "dates": [{"date": "2012-04-23"}], "progressStage": 6}}, {"event": {"showAs": "Third Stage", "uri": "/bill/2012/23/seanad/3", "chamber": {"showAs": "Seanad", "uri": "/house/seanad"}, "dates": [{"date": "2012-04-24"}], "progressStage": 7}}, {"event": {"showAs": "Fourth Stage", "uri": "/bill/2012/23/seanad/4", "chamber": {"showAs": "Seanad", "uri": "/house/seanad"}, "dates": [{"date": "2012-04-24"}], "progressStage": 8}}, {"event": {"showAs": "Fifth Stage", "uri": "/bill/2012/23/seanad/5", "chamber": {"showAs": "Seanad", "uri": "/house/seanad"}, "dates": [{"date": "2012-04-24"}], "progressStage": 9}}], "shortTitle": "Thirtieth Amendment of the Constitution (Treaty on Stability, Coordination and Governance in the Economic and Monetary Union) Bill 2012", "longTitle": "Bill entitled An Act to amend the constitution.\u0000", "amendmentLists": [], "billType": "Public", "billNo": "23", "versions": [], "events": [], "billYear": "2012", "originHouse": {"showAs": "D\u00e1il \u00c9ireann", "uri": "/house/dail"}, "uri": "/bill/2012/23", "status": "Enacted", "_id": "bill.2012.23", "sponsors": [{"sponsor": {"as": {"showAs": "Minister for Foreign Affairs and Trade", "uri": "/office/minister/foreign_affairs__trade"}, "by": {"showAs": "Eamon Gilmore", "uri": "/member/Eamon-Gilmore.D.1989-06-29"}}}], "act": null, "method": "Presentation"}