{"billNo": "39", "billType": "Public", "versions": [], "longTitle": "Bill entitled An Act to give effect to certain provisions of directive 2011/36/EU of the European Parliament and of the Council of 5 April 2011 on preventing and combating trafficking in human beings and protecting its victims, and replacing council framework decision 2002/629/JHA; for those and other purposes to amend and extend the Criminal Law (Human Trafficking) Act 2008 and the Child Trafficking and Pornography Act 1998; and to provide for related matters\u0000", "uri": "/bill/2013/39", "events": [], "_id": "bill.2013.39", "amendmentLists": [], "sponsors": [{"sponsor": {"as": {"showAs": "Minister for Justice and Equality", "uri": "/office/minister/justice__equality"}, "by": {"showAs": "Alan Shatter", "uri": "/member/Alan-Shatter.D.1981-06-30"}}}], "method": "Presentation", "shortTitle": "Criminal Law (Human Trafficking) (Amendment) Bill 2013", "stages": [{"event": {"progressStage": 1, "chamber": {"showAs": "Seanad", "uri": "/house/seanad"}, "showAs": "Fifth Stage", "dates": [{"date": "2012-05-28"}], "uri": "/bill/2013/39/seanad/5"}}, {"event": {"progressStage": 2, "chamber": {"showAs": "Seanad", "uri": "/house/seanad"}, "showAs": "First Stage", "dates": [{"date": "2013-04-12"}], "uri": "/bill/2013/39/seanad/1"}}, {"event": {"progressStage": 3, "chamber": {"showAs": "Seanad", "uri": "/house/seanad"}, "showAs": "Second Stage", "dates": [{"date": "2013-04-24"}], "uri": "/bill/2013/39/seanad/2"}}, {"event": {"progressStage": 4, "chamber": {"showAs": "Seanad", "uri": "/house/seanad"}, "showAs": "Third Stage", "dates": [{"date": "2013-05-23"}], "uri": "/bill/2013/39/seanad/3"}}, {"event": {"progressStage": 5, "chamber": {"showAs": "Seanad", "uri": "/house/seanad"}, "showAs": "Fourth Stage", "dates": [{"date": "2013-05-28"}, {"date": "2013-07-02"}], "uri": "/bill/2013/39/seanad/4"}}, {"event": {"progressStage": 6, "chamber": {"showAs": "D\u00e1il", "uri": "/house/dail"}, "showAs": "Second Stage", "dates": [{"date": "2013-06-28"}], "uri": "/bill/2013/39/dail/2"}}, {"event": {"progressStage": 7, "chamber": {"showAs": "D\u00e1il", "uri": "/house/dail"}, "showAs": "Third Stage", "dates": [{"date": "2013-06-28"}], "uri": "/bill/2013/39/dail/3"}}, {"event": {"progressStage": 8, "chamber": {"showAs": "D\u00e1il", "uri": "/house/dail"}, "showAs": "Fourth Stage", "dates": [{"date": "2013-06-28"}], "uri": "/bill/2013/39/dail/4"}}, {"event": {"progressStage": 10, "chamber": null, "showAs": "Enacted", "dates": [{"date": "2013-07-09"}], "uri": "/bill/2013/39/dail/5"}}, {"event": {"progressStage": 10, "chamber": null, "showAs": "Enacted", "dates": [{"date": "2013-07-09"}], "uri": "/bill/2013/39/dail/5"}}], "originHouse": {"showAs": "Seanad \u00c9ireann", "uri": "/house/seanad"}, "billYear": "2013", "act": {"dateSigned": "2013-07-09", "uri": "/act/2013/24", "shortTitle": "Criminal Law (Human Trafficking) (Amendment) Act 2013", "actYear": "2013", "longTitle": "An Act to give effect to certain provisions of directive 2011/36/EU of the European Parliament and of the Council of 5 April 2011 on preventing and combating trafficking in human beings and protecting its victims, and replacing council framework decision 2002/629/JHA; for those and other purposes to amend and extend the Criminal Law (Human Trafficking) Act 2008 and the Child Trafficking and Pornography Act 1998; and to provide for related matters\u0000", "actNo": "24", "statuteBookURI": "http://www.irishstatutebook.ie/eli/2013/act/24"}}