{"billNo": "14", "billType": "Public", "versions": [], "status": "Lapsed", "longTitle": "Bill entitled An Act to make further provision for the promotion of equality between employed persons by prohibiting the compulsory retirement of persons at the age of 65 years of age except in limited circumstances", "uri": "/bill/2012/14", "events": [{"progressStage": null, "event": {"chamber": {"showAs": null, "uri": null}, "showAs": "Lapsed", "dates": [{"date": "2016-02-03"}], "uri": "/bill/2012/14/lapsed"}}], "_id": "bill.2012.14", "amendmentLists": [], "sponsors": [{"sponsor": {"as": {"showAs": null, "uri": null}, "by": {"showAs": "Michael Noonan", "uri": "/member/Michael-Noonan.D.1981-06-30"}}}], "method": "Introduction", "shortTitle": "Employment Equality (Amendment) (No. 2) Bill 2012", "stages": [{"event": {"progressStage": 1, "chamber": {"showAs": "Seanad", "uri": "/house/seanad"}, "showAs": "First Stage", "dates": [{"date": "2012-03-06"}], "uri": "/bill/2012/14/seanad/1"}}, {"event": {"progressStage": 2, "chamber": {"showAs": "Seanad", "uri": "/house/seanad"}, "showAs": "Second Stage", "dates": [{"date": "2012-11-21"}], "uri": "/bill/2012/14/seanad/2"}}], "originHouse": {"showAs": "Seanad \u00c9ireann", "uri": "/house/seanad"}, "billYear": "2012", "act": null}