{"billNo": "74", "billType": "Public", "versions": [], "status": "Enacted", "longTitle": "Bill entitled An Act to give effect to Council Decision 2009/371/JHA of 6 April 2009 establishing the European Police Office (Europol); to repeal the Europol Act 1997 and the Europol (Amendment) Act 2006; to extend the application of the Official Secrets Act 1963 and to provide for related matters", "uri": "/bill/2012/74", "events": [], "_id": "bill.2012.74", "amendmentLists": [], "sponsors": [{"sponsor": {"as": {"showAs": "Minister for Justice and Equality", "uri": "/office/minister/justice__equality"}, "by": {"showAs": "Alan Shatter", "uri": "/member/Alan-Shatter.D.1981-06-30"}}}], "method": "Presentation", "shortTitle": "Europol Bill 2012", "stages": [{"event": {"progressStage": 1, "chamber": {"showAs": "D\u00e1il", "uri": "/house/dail"}, "showAs": "First Stage", "dates": [{"date": "2012-07-24"}], "uri": "/bill/2012/74/dail/1"}}, {"event": {"progressStage": 2, "chamber": {"showAs": "D\u00e1il", "uri": "/house/dail"}, "showAs": "Second Stage", "dates": [{"date": "2012-10-04"}, {"date": "2012-10-23"}], "uri": "/bill/2012/74/dail/2"}}, {"event": {"progressStage": 3, "chamber": {"showAs": "D\u00e1il", "uri": "/house/dail"}, "showAs": "Fourth Stage", "dates": [{"date": "2012-11-22"}], "uri": "/bill/2012/74/dail/4"}}, {"event": {"progressStage": 4, "chamber": {"showAs": "D\u00e1il", "uri": "/house/dail"}, "showAs": "Fifth Stage", "dates": [{"date": "2012-11-22"}], "uri": "/bill/2012/74/dail/5"}}, {"event": {"progressStage": 5, "chamber": {"showAs": "Seanad", "uri": "/house/seanad"}, "showAs": "Second Stage", "dates": [{"date": "2012-11-29"}], "uri": "/bill/2012/74/seanad/2"}}, {"event": {"progressStage": 7, "chamber": null, "showAs": "Enacted", "dates": [{"date": "2012-12-26"}], "uri": "/bill/2012/74/seanad/3"}}, {"event": {"progressStage": 7, "chamber": null, "showAs": "Enacted", "dates": [{"date": "2012-12-26"}], "uri": "/bill/2012/74/seanad/3"}}], "originHouse": {"showAs": "D\u00e1il \u00c9ireann", "uri": "/house/dail"}, "billYear": "2012", "act": {"dateSigned": "2012-12-26", "uri": "/act/2012/53", "shortTitle": "Europol Act 2012", "actYear": "2012", "longTitle": "An Act to give effect to Council Decision 2009/371/JHA of 6 April 2009 establishing the European Police Office (Europol); to repeal the Europol Act 1997 and the Europol (Amendment) Act 2006; to extend the application of the Official Secrets Act 1963 and to provide for related matters", "actNo": "53", "statuteBookURI": "http://www.irishstatutebook.ie/eli/2012/act/53"}}