{"stages": [{"event": {"showAs": "First Stage", "uri": "/bill/2012/32/seanad/1", "chamber": {"showAs": "Seanad", "uri": "/house/seanad"}, "dates": [{"date": "2012-04-23"}], "progressStage": 1}}, {"event": {"showAs": "Second Stage", "uri": "/bill/2012/32/seanad/2", "chamber": {"showAs": "Seanad", "uri": "/house/seanad"}, "dates": [{"date": "2012-05-10"}], "progressStage": 2}}, {"event": {"showAs": "Third Stage", "uri": "/bill/2012/32/seanad/3", "chamber": {"showAs": "Seanad", "uri": "/house/seanad"}, "dates": [{"date": "2012-06-12"}], "progressStage": 3}}, {"event": {"showAs": "Fourth Stage", "uri": "/bill/2012/32/seanad/4", "chamber": {"showAs": "Seanad", "uri": "/house/seanad"}, "dates": [{"date": "2012-06-21"}], "progressStage": 4}}, {"event": {"showAs": "Fifth Stage", "uri": "/bill/2012/32/seanad/5", "chamber": {"showAs": "Seanad", "uri": "/house/seanad"}, "dates": [{"date": "2012-06-21"}], "progressStage": 5}}, {"event": {"showAs": "Second Stage", "uri": "/bill/2012/32/dail/2", "chamber": {"showAs": "D\u00e1il", "uri": "/house/dail"}, "dates": [{"date": "2012-06-26"}, {"date": "2012-06-27"}, {"date": "2012-06-28"}], "progressStage": 6}}, {"event": {"showAs": "Fourth Stage", "uri": "/bill/2012/32/dail/4", "chamber": {"showAs": "D\u00e1il", "uri": "/house/dail"}, "dates": [{"date": "2012-07-12"}], "progressStage": 7}}, {"event": {"showAs": "Enacted", "uri": "/bill/2012/32/dail/5", "chamber": null, "dates": [{"date": "2012-07-18"}], "progressStage": 9}}, {"event": {"showAs": "Enacted", "uri": "/bill/2012/32/dail/5", "chamber": null, "dates": [{"date": "2012-07-18"}], "progressStage": 9}}], "shortTitle": "Criminal Justice (Withholding of Information on Offences Against Children and Vulnerable Persons) Bill 2012", "longTitle": "Bill entitled An Act to provide, in connection with the protection of children and certain vulnerable adults, for offences of withholding information relating to the commission of certain arrestable offences (including certain sexual offences) against children, or some such offences against such adults, in certain circumstances; to provide for the amendment of section 9 of the Offences Against the State (Amendment) Act 1998; and to provide for related matters.", "amendmentLists": [], "billType": "Public", "billNo": "32", "versions": [], "events": [], "billYear": "2012", "originHouse": {"showAs": "Seanad \u00c9ireann", "uri": "/house/seanad"}, "uri": "/bill/2012/32", "status": "Enacted", "_id": "bill.2012.32", "sponsors": [{"sponsor": {"as": {"showAs": "Minister for Justice and Equality", "uri": "/office/minister/justice__equality"}, "by": {"showAs": "Alan Shatter", "uri": "/member/Alan-Shatter.D.1981-06-30"}}}], "act": {"dateSigned": "2012-07-18", "shortTitle": "Criminal Justice (Withholding of Information on Offences Against Children and Vulnerable Persons) Act 2012", "actYear": "2012", "uri": "/act/2012/24", "longTitle": "An Act to provide, in connection with the protection of children and certain vulnerable adults, for offences of withholding information relating to the commission of certain arrestable offences (including certain sexual offences) against children, or some such offences against such adults, in certain circumstances; to provide for the amendment of section 9 of the Offences Against the State (Amendment) Act 1998; and to provide for related matters.", "actNo": "24", "statuteBookURI": "http://www.irishstatutebook.ie/eli/2012/act/24"}, "method": "Presentation"}