{"stages": [{"event": {"showAs": "First Stage", "uri": "/bill/2012/51/dail/1", "chamber": {"showAs": "D\u00e1il", "uri": "/house/dail"}, "dates": [{"date": "2012-06-12"}], "progressStage": 1}}, {"event": {"showAs": "Second Stage", "uri": "/bill/2012/51/dail/2", "chamber": {"showAs": "D\u00e1il", "uri": "/house/dail"}, "dates": [{"date": "2012-07-06"}], "progressStage": 2}}, {"event": {"showAs": "Third Stage", "uri": "/bill/2012/51/dail/3", "chamber": {"showAs": "D\u00e1il", "uri": "/house/dail"}, "dates": [{"date": "2012-07-06"}], "progressStage": 3}}], "shortTitle": "Freedom of Information (Amendment) (No.2) Bill 2012", "longTitle": "Bill entitled An Act to amend the provisions of the Freedom of Information Act 1997 as amended by the Freedom of Information (Amendment) Act 2003 to provide for related matters", "amendmentLists": [], "billType": "Public", "billNo": "51", "versions": [], "events": [{"event": {"showAs": "Lapsed", "progressStage": null, "chamber": {"showAs": null, "uri": null}, "dates": [{"date": "2016-02-03"}], "uri": "/bill/2012/51/lapsed"}}], "billYear": "2012", "originHouse": {"showAs": "D\u00e1il \u00c9ireann", "uri": "/house/dail"}, "uri": "/bill/2012/51", "status": "Lapsed", "_id": "bill.2012.51", "sponsors": [{"sponsor": {"as": {"showAs": null, "uri": null}, "by": {"showAs": "Alan Shatter", "uri": "/member/Alan-Shatter.D.1981-06-30"}}}], "act": null, "method": "Introduction"}