{"billNo": "17", "billType": "Public", "versions": [], "longTitle": "Bill entitled An Act to give effect to Article 1 of the Agreement on the Application of Article 65 of the Convention on the Grant of European Patents, done at London on 17 October 2000; to amend the Patents Act 1992; and to provide for related matters", "uri": "/bill/2011/17", "events": [], "_id": "bill.2011.17", "amendmentLists": [], "sponsors": [{"sponsor": {"as": {"showAs": "Minister for Jobs, Enterprise and Innovation", "uri": "/office/minister/jobs__enterprise__innovation"}, "by": {"showAs": "Richard Bruton", "uri": "/member/Richard-Bruton.S.1981-10-08"}}}], "method": "Presentation", "shortTitle": "Patents (Amendment) Bill 2011", "stages": [{"event": {"progressStage": 1, "chamber": {"showAs": "D\u00e1il", "uri": "/house/dail"}, "showAs": "First Stage", "dates": [{"date": "2011-05-12"}], "uri": "/bill/2011/17/dail/1"}}, {"event": {"progressStage": 2, "chamber": {"showAs": "D\u00e1il", "uri": "/house/dail"}, "showAs": "Second Stage", "dates": [{"date": "2011-10-06"}], "uri": "/bill/2011/17/dail/2"}}, {"event": {"progressStage": 3, "chamber": {"showAs": "D\u00e1il", "uri": "/house/dail"}, "showAs": "Fourth Stage", "dates": [{"date": "2012-01-12"}], "uri": "/bill/2011/17/dail/4"}}, {"event": {"progressStage": 4, "chamber": {"showAs": "D\u00e1il", "uri": "/house/dail"}, "showAs": "Fifth Stage", "dates": [{"date": "2012-01-12"}], "uri": "/bill/2011/17/dail/5"}}, {"event": {"progressStage": 5, "chamber": {"showAs": "Seanad", "uri": "/house/seanad"}, "showAs": "Second Stage", "dates": [{"date": "2012-01-18"}], "uri": "/bill/2011/17/seanad/2"}}, {"event": {"progressStage": 6, "chamber": {"showAs": "Seanad", "uri": "/house/seanad"}, "showAs": "Third Stage", "dates": [{"date": "2012-01-25"}], "uri": "/bill/2011/17/seanad/3"}}, {"event": {"progressStage": 7, "chamber": {"showAs": "Seanad", "uri": "/house/seanad"}, "showAs": "Fourth Stage", "dates": [{"date": "2012-01-25"}], "uri": "/bill/2011/17/seanad/4"}}, {"event": {"progressStage": 9, "chamber": null, "showAs": "Enacted", "dates": [{"date": "2012-02-01"}], "uri": "/bill/2011/17/seanad/5"}}, {"event": {"progressStage": 9, "chamber": null, "showAs": "Enacted", "dates": [{"date": "2012-02-01"}], "uri": "/bill/2011/17/seanad/5"}}], "originHouse": {"showAs": "D\u00e1il \u00c9ireann", "uri": "/house/dail"}, "billYear": "2011", "act": {"dateSigned": "2012-02-01", "uri": "/act/2012/1", "shortTitle": "Patents (Amendment) Act 2012", "actYear": "2012", "longTitle": "An Act to give effect to Article 1 of the Agreement on the Application of Article 65 of the Convention on the Grant of European Patents, done at London on 17 October 2000; to amend the Patents Act 1992; and to provide for related matters", "actNo": "1", "statuteBookURI": "http://www.irishstatutebook.ie/eli/2012/act/1"}}