{"stages": [{"event": {"showAs": "First Stage", "uri": "/bill/2011/45/dail/1", "chamber": {"showAs": "D\u00e1il", "uri": "/house/dail"}, "dates": [{"date": "2011-08-08"}], "progressStage": 1}}, {"event": {"showAs": "Second Stage", "uri": "/bill/2011/45/dail/2", "chamber": {"showAs": "D\u00e1il", "uri": "/house/dail"}, "dates": [{"date": "2012-05-15"}, {"date": "2012-06-14"}], "progressStage": 2}}, {"event": {"showAs": "Fourth Stage", "uri": "/bill/2011/45/dail/4", "chamber": {"showAs": "D\u00e1il", "uri": "/house/dail"}, "dates": [{"date": "2012-07-05"}], "progressStage": 3}}, {"event": {"showAs": "Fifth Stage", "uri": "/bill/2011/45/dail/5", "chamber": {"showAs": "D\u00e1il", "uri": "/house/dail"}, "dates": [{"date": "2012-07-05"}], "progressStage": 4}}, {"event": {"showAs": "Second Stage", "uri": "/bill/2011/45/seanad/2", "chamber": {"showAs": "Seanad", "uri": "/house/seanad"}, "dates": [{"date": "2012-07-10"}], "progressStage": 5}}, {"event": {"showAs": "Third Stage", "uri": "/bill/2011/45/seanad/3", "chamber": {"showAs": "Seanad", "uri": "/house/seanad"}, "dates": [{"date": "2012-07-18"}], "progressStage": 6}}, {"event": {"showAs": "Fourth Stage", "uri": "/bill/2011/45/seanad/4", "chamber": {"showAs": "Seanad", "uri": "/house/seanad"}, "dates": [{"date": "2012-07-18"}], "progressStage": 7}}, {"event": {"showAs": "Enacted", "uri": "/bill/2011/45/seanad/5", "chamber": null, "dates": [{"date": "2012-07-24"}], "progressStage": 9}}, {"event": {"showAs": "Enacted", "uri": "/bill/2011/45/seanad/5", "chamber": null, "dates": [{"date": "2012-07-24"}], "progressStage": 9}}], "shortTitle": "European Arrest Warrant (Application to Third Countries and Amendment) and Extradition (Amendment) Bill 2011", "longTitle": "Bill entitled An Act to provide for the application of provisions of the European Arrest Warrant Act 2003 to states other than Member States in certain circumstances; to amend the European Arrest Warrant Act 2003; to amend the Extradition Act 1965, the Extradition (Amendment) Act 1987 and the Extradition (Amendment) Act 1994; to give effect to Article 2 of Council\u0000Framework Decision 2009/299/JHA of 26 February 2009 amending Framework Decisions 2002/584/JHA, 2005/214/JHA, 2006/783/JHA, 2008/909/JHA and 2008/947/JHA, thereby enhancing the procedural rights of persons and fostering the application of the principle of mutual recognition to decisions rendered in the absence of the person concerned at the trial; and to provide for matters connected therewith", "amendmentLists": [], "billType": "Public", "billNo": "45", "versions": [], "events": [], "billYear": "2011", "originHouse": {"showAs": "D\u00e1il \u00c9ireann", "uri": "/house/dail"}, "uri": "/bill/2011/45", "status": "Enacted", "_id": "bill.2011.45", "sponsors": [{"sponsor": {"as": {"showAs": "Minister for Justice and Equality", "uri": "/office/minister/justice__equality"}, "by": {"showAs": "Alan Shatter", "uri": "/member/Alan-Shatter.D.1981-06-30"}}}], "act": {"dateSigned": "2012-07-24", "shortTitle": "European Arrest Warrant (Application to Third Countries and Amendment) and Extradition (Amendment) Act 2012", "actYear": "2012", "uri": "/act/2012/30", "longTitle": "An Act to provide for the application of provisions of the European Arrest Warrant Act 2003 to states other than Member States in certain circumstances; to amend the European Arrest Warrant Act 2003; to amend the Extradition Act 1965, the Extradition (Amendment) Act 1987 and the Extradition (Amendment) Act 1994; to give effect to Article 2 of Council\u0000Framework Decision 2009/299/JHA of 26 February 2009 amending Framework Decisions 2002/584/JHA, 2005/214/JHA, 2006/783/JHA, 2008/909/JHA and 2008/947/JHA, thereby enhancing the procedural rights of persons and fostering the application of the principle of mutual recognition to decisions rendered in the absence of the person concerned at the trial; and to provide for matters connected therewith", "actNo": "30", "statuteBookURI": "http://www.irishstatutebook.ie/eli/2012/act/30"}, "method": "Presentation"}