{"stages": [{"event": {"showAs": "First Stage", "uri": "/bill/2012/100/dail/1", "chamber": {"showAs": "D\u00e1il", "uri": "/house/dail"}, "dates": [{"date": "2012-11-15"}], "progressStage": 1}}], "shortTitle": "Electoral Commission Bill 2012", "longTitle": "Bill entitled An Act to create an Electoral Commission; to provide for a national register of electors; and to provide for connected matters", "amendmentLists": [], "billType": "Public", "billNo": "100", "versions": [], "events": [{"event": {"showAs": "Lapsed", "progressStage": null, "chamber": {"showAs": null, "uri": null}, "dates": [{"date": "2016-02-03"}], "uri": "/bill/2012/100/lapsed"}}], "billYear": "2012", "originHouse": {"showAs": "D\u00e1il \u00c9ireann", "uri": "/house/dail"}, "uri": "/bill/2012/100", "status": "Lapsed", "_id": "bill.2012.100", "sponsors": [{"sponsor": {"as": {"showAs": null, "uri": null}, "by": {"showAs": "Leo Varadkar", "uri": "/member/Leo-Varadkar.D.2007-06-14"}}}], "act": null, "method": "Introduction"}