{"billNo": "77", "billType": "Public", "versions": [], "status": "Enacted", "longTitle": "Bill entitled An Act to amend the Houses of the Oireachtas Commission Act 2003 to confer additional functions on the Houses of the Oireachtas Commission; and to provide for related matters", "uri": "/bill/2012/77", "events": [], "_id": "bill.2012.77", "amendmentLists": [], "sponsors": [{"sponsor": {"as": {"showAs": "Minister for Arts, Heritage and the Gaeltacht", "uri": "/office/minister/arts__heritage__gaeltacht"}, "by": {"showAs": "Jimmy Deenihan", "uri": "/member/Jimmy-Deenihan.S.1983-02-23"}}}], "method": "Presentation", "shortTitle": "Houses of the Oireachtas Commission (Amendment) Bill 2012", "stages": [{"event": {"progressStage": 1, "chamber": {"showAs": "Seanad", "uri": "/house/seanad"}, "showAs": "First Stage", "dates": [{"date": "2012-07-14"}], "uri": "/bill/2012/77/seanad/1"}}, {"event": {"progressStage": 2, "chamber": {"showAs": "Seanad", "uri": "/house/seanad"}, "showAs": "Second Stage", "dates": [{"date": "2012-10-10"}], "uri": "/bill/2012/77/seanad/2"}}, {"event": {"progressStage": 3, "chamber": {"showAs": "Seanad", "uri": "/house/seanad"}, "showAs": "Third Stage", "dates": [{"date": "2012-10-16"}], "uri": "/bill/2012/77/seanad/3"}}, {"event": {"progressStage": 4, "chamber": {"showAs": "Seanad", "uri": "/house/seanad"}, "showAs": "Fourth Stage", "dates": [{"date": "2012-10-16"}], "uri": "/bill/2012/77/seanad/4"}}, {"event": {"progressStage": 5, "chamber": {"showAs": "Seanad", "uri": "/house/seanad"}, "showAs": "Fifth Stage", "dates": [{"date": "2012-10-16"}], "uri": "/bill/2012/77/seanad/5"}}, {"event": {"progressStage": 6, "chamber": {"showAs": "D\u00e1il", "uri": "/house/dail"}, "showAs": "Second Stage", "dates": [{"date": "2012-11-21"}], "uri": "/bill/2012/77/dail/2"}}, {"event": {"progressStage": 7, "chamber": {"showAs": "D\u00e1il", "uri": "/house/dail"}, "showAs": "Fourth Stage", "dates": [{"date": "2013-01-31"}], "uri": "/bill/2012/77/dail/4"}}, {"event": {"progressStage": 9, "chamber": null, "showAs": "Enacted", "dates": [{"date": "2013-02-26"}], "uri": "/bill/2012/77/dail/5"}}, {"event": {"progressStage": 9, "chamber": null, "showAs": "Enacted", "dates": [{"date": "2013-02-26"}], "uri": "/bill/2012/77/dail/5"}}], "originHouse": {"showAs": "Seanad \u00c9ireann", "uri": "/house/seanad"}, "billYear": "2012", "act": {"dateSigned": "2013-02-26", "uri": "/act/2013/3", "shortTitle": "Houses of the Oireachtas Commission (Amendment) Act 2013", "actYear": "2013", "longTitle": "An Act to amend the Houses of the Oireachtas Commission Act 2003 to confer additional functions on the Houses of the Oireachtas Commission; and to provide for related matters", "actNo": "3", "statuteBookURI": "http://www.irishstatutebook.ie/eli/2013/act/3"}}