{"billNo": "79", "billType": "Public", "versions": [], "status": "Enacted", "longTitle": "Bill entitled An Act to establish a register of corporate donors; to provide for reductions in donation and donation declaration limits; to provide for disclosure of accounts by political parties; to amend the law relating to state funding of political parties; for these and other purposes to amend the Electoral Act 1992, the Electoral Act 1997 and the Local Elections (Disclosure of Donations and Expenditure) Act 1999; and to provide for related matters", "uri": "/bill/2011/79", "events": [], "_id": "bill.2011.79", "amendmentLists": [], "sponsors": [{"sponsor": {"as": {"showAs": "Minister for the Environment, Community and Local Government", "uri": "/office/minister/environment__community__local_government"}, "by": {"showAs": "Phil Hogan", "uri": "/member/Phil-Hogan.S.1987-04-25"}}}], "method": "Presentation", "shortTitle": "Electoral (Amendment) (Political Funding) Bill 2011", "stages": [{"event": {"progressStage": 1, "chamber": {"showAs": "Seanad", "uri": "/house/seanad"}, "showAs": "First Stage", "dates": [{"date": "2011-12-12"}], "uri": "/bill/2011/79/seanad/1"}}, {"event": {"progressStage": 2, "chamber": {"showAs": "Seanad", "uri": "/house/seanad"}, "showAs": "Second Stage", "dates": [{"date": "2012-02-02"}, {"date": "2012-02-07"}], "uri": "/bill/2011/79/seanad/2"}}, {"event": {"progressStage": 3, "chamber": {"showAs": "Seanad", "uri": "/house/seanad"}, "showAs": "Third Stage", "dates": [{"date": "2012-02-15"}, {"date": "2012-02-21"}, {"date": "2012-02-29"}], "uri": "/bill/2011/79/seanad/3"}}, {"event": {"progressStage": 4, "chamber": {"showAs": "Seanad", "uri": "/house/seanad"}, "showAs": "Fourth Stage", "dates": [{"date": "2012-03-15"}], "uri": "/bill/2011/79/seanad/4"}}, {"event": {"progressStage": 5, "chamber": {"showAs": "Seanad", "uri": "/house/seanad"}, "showAs": "Fifth Stage", "dates": [{"date": "2012-03-15"}], "uri": "/bill/2011/79/seanad/5"}}, {"event": {"progressStage": 6, "chamber": {"showAs": "D\u00e1il", "uri": "/house/dail"}, "showAs": "Second Stage", "dates": [{"date": "2012-03-21"}, {"date": "2012-03-22"}, {"date": "2012-05-09"}, {"date": "2012-06-06"}, {"date": "2012-06-19"}], "uri": "/bill/2011/79/dail/2"}}, {"event": {"progressStage": 7, "chamber": {"showAs": "D\u00e1il", "uri": "/house/dail"}, "showAs": "Fourth Stage", "dates": [{"date": "2012-07-19"}], "uri": "/bill/2011/79/dail/4"}}, {"event": {"progressStage": 9, "chamber": null, "showAs": "Enacted", "dates": [{"date": "2012-07-28"}], "uri": "/bill/2011/79/dail/5"}}, {"event": {"progressStage": 9, "chamber": null, "showAs": "Enacted", "dates": [{"date": "2012-07-28"}], "uri": "/bill/2011/79/dail/5"}}], "originHouse": {"showAs": "Seanad \u00c9ireann", "uri": "/house/seanad"}, "billYear": "2011", "act": {"dateSigned": "2012-07-28", "uri": "/act/2012/36", "shortTitle": "Electoral (Amendment) (Political Funding) Act 2012", "actYear": "2012", "longTitle": "An Act to establish a register of corporate donors; to provide for reductions in donation and donation declaration limits; to provide for disclosure of accounts by political parties; to amend the law relating to state funding of political parties; for these and other purposes to amend the Electoral Act 1992, the Electoral Act 1997 and the Local Elections (Disclosure of Donations and Expenditure) Act 1999; and to provide for related matters", "actNo": "36", "statuteBookURI": "http://www.irishstatutebook.ie/eli/2012/act/36"}}