{"billNo": "55", "billType": "Public", "versions": [], "longTitle": "Bill entitled An Act to facilitate the lending of money to microenterprises; for that purpose to make provision for a fund to be known as the microenterprise loan fund; to provide for the formation of a company to manage that fund; and to provide for matters connected therewith\u0000", "uri": "/bill/2012/55", "events": [], "_id": "bill.2012.55", "amendmentLists": [], "sponsors": [{"sponsor": {"as": {"showAs": "Minister for Jobs, Enterprise and Innovation", "uri": "/office/minister/jobs__enterprise__innovation"}, "by": {"showAs": "Richard Bruton", "uri": "/member/Richard-Bruton.S.1981-10-08"}}}], "method": "Presentation", "shortTitle": "Microenterprise Loan Fund Bill 2012", "stages": [{"event": {"progressStage": 1, "chamber": {"showAs": "D\u00e1il", "uri": "/house/dail"}, "showAs": "First Stage", "dates": [{"date": "2012-06-20"}], "uri": "/bill/2012/55/dail/1"}}, {"event": {"progressStage": 2, "chamber": {"showAs": "D\u00e1il", "uri": "/house/dail"}, "showAs": "Second Stage", "dates": [{"date": "2012-06-27"}, {"date": "2012-06-28"}], "uri": "/bill/2012/55/dail/2"}}, {"event": {"progressStage": 3, "chamber": {"showAs": "D\u00e1il", "uri": "/house/dail"}, "showAs": "Fourth Stage", "dates": [{"date": "2012-07-10"}], "uri": "/bill/2012/55/dail/4"}}, {"event": {"progressStage": 4, "chamber": {"showAs": "D\u00e1il", "uri": "/house/dail"}, "showAs": "Fifth Stage", "dates": [{"date": "2012-07-10"}], "uri": "/bill/2012/55/dail/5"}}, {"event": {"progressStage": 5, "chamber": {"showAs": "Seanad", "uri": "/house/seanad"}, "showAs": "Second Stage", "dates": [{"date": "2012-07-12"}], "uri": "/bill/2012/55/seanad/2"}}, {"event": {"progressStage": 6, "chamber": {"showAs": "Seanad", "uri": "/house/seanad"}, "showAs": "Third Stage", "dates": [{"date": "2012-07-17"}], "uri": "/bill/2012/55/seanad/3"}}, {"event": {"progressStage": 7, "chamber": {"showAs": "Seanad", "uri": "/house/seanad"}, "showAs": "Fourth Stage", "dates": [{"date": "2012-07-17"}], "uri": "/bill/2012/55/seanad/4"}}, {"event": {"progressStage": 9, "chamber": null, "showAs": "Enacted", "dates": [{"date": "2012-07-24"}], "uri": "/bill/2012/55/seanad/5"}}, {"event": {"progressStage": 9, "chamber": null, "showAs": "Enacted", "dates": [{"date": "2012-07-24"}], "uri": "/bill/2012/55/seanad/5"}}], "originHouse": {"showAs": "D\u00e1il \u00c9ireann", "uri": "/house/dail"}, "billYear": "2012", "act": {"dateSigned": "2012-07-24", "uri": "/act/2012/31", "shortTitle": "Microenterprise Loan Fund Act 2012", "actYear": "2012", "longTitle": "An Act to facilitate the lending of money to microenterprises; for that purpose to make provision for a fund to be known as the microenterprise loan fund; to provide for the formation of a company to manage that fund; and to provide for matters connected therewith\u0000", "actNo": "31", "statuteBookURI": "http://www.irishstatutebook.ie/eli/2012/act/31"}}