{"billNo": "54", "billType": "Public", "versions": [], "status": "Enacted", "longTitle": "Bill entitled An Act to provide for the pension entitlements of employees of Bord G\u00e1is \u00c9ireann who transfer to Gaslink and of employees of the Electricity Supply Board who transfer to Eirgrid Plc and ESB Networks Ltd., to amend the Energy (Miscellaneous Provisions) Act 1995 and the Electricity Regulation Act 1999, to provide for the promotion of energy efficiency, to repeal certain provisions of Acts relating to gas or electricity and to provide for related matters", "uri": "/bill/2011/54", "events": [], "_id": "bill.2011.54", "amendmentLists": [], "sponsors": [{"sponsor": {"as": {"showAs": "Minister for Communications, Energy and Natural Resources", "uri": "/office/minister/communications__energy__natural_resources"}, "by": {"showAs": "Pat Rabbitte", "uri": "/member/Pat-Rabbitte.D.1989-06-29"}}}], "method": "Presentation", "shortTitle": "Energy (Miscellaneous Provisions) Bill 2011", "stages": [{"event": {"progressStage": 1, "chamber": {"showAs": "D\u00e1il", "uri": "/house/dail"}, "showAs": "First Stage", "dates": [{"date": "2011-09-23"}], "uri": "/bill/2011/54/dail/1"}}, {"event": {"progressStage": 2, "chamber": {"showAs": "D\u00e1il", "uri": "/house/dail"}, "showAs": "Second Stage", "dates": [{"date": "2011-10-19"}, {"date": "2011-11-09"}, {"date": "2011-11-10"}], "uri": "/bill/2011/54/dail/2"}}, {"event": {"progressStage": 3, "chamber": {"showAs": "D\u00e1il", "uri": "/house/dail"}, "showAs": "Fourth Stage", "dates": [{"date": "2012-01-18"}], "uri": "/bill/2011/54/dail/4"}}, {"event": {"progressStage": 4, "chamber": {"showAs": "D\u00e1il", "uri": "/house/dail"}, "showAs": "Fifth Stage", "dates": [{"date": "2012-01-18"}], "uri": "/bill/2011/54/dail/5"}}, {"event": {"progressStage": 5, "chamber": {"showAs": "Seanad", "uri": "/house/seanad"}, "showAs": "Second Stage", "dates": [{"date": "2012-02-08"}], "uri": "/bill/2011/54/seanad/2"}}, {"event": {"progressStage": 6, "chamber": {"showAs": "Seanad", "uri": "/house/seanad"}, "showAs": "Third Stage", "dates": [{"date": "2012-02-16"}], "uri": "/bill/2011/54/seanad/3"}}, {"event": {"progressStage": 7, "chamber": {"showAs": "Seanad", "uri": "/house/seanad"}, "showAs": "Fourth Stage", "dates": [{"date": "2012-02-16"}], "uri": "/bill/2011/54/seanad/4"}}, {"event": {"progressStage": 9, "chamber": null, "showAs": "Enacted", "dates": [{"date": "2012-02-25"}], "uri": "/bill/2011/54/seanad/5"}}, {"event": {"progressStage": 9, "chamber": null, "showAs": "Enacted", "dates": [{"date": "2012-02-25"}], "uri": "/bill/2011/54/seanad/5"}}], "originHouse": {"showAs": "D\u00e1il \u00c9ireann", "uri": "/house/dail"}, "billYear": "2011", "act": {"dateSigned": "2012-02-25", "uri": "/act/2012/3", "shortTitle": "Energy (Miscellaneous Provisions) Act 2012", "actYear": "2012", "longTitle": "An Act to provide for the pension entitlements of employees of Bord G\u00e1is \u00c9ireann who transfer to Gaslink and of employees of the Electricity Supply Board who transfer to Eirgrid Plc and ESB Networks Ltd., to amend the Energy (Miscellaneous Provisions) Act 1995 and the Electricity Regulation Act 1999, to provide for the promotion of energy efficiency, to repeal certain provisions of Acts relating to gas or electricity and to provide for related matters", "actNo": "3", "statuteBookURI": "http://www.irishstatutebook.ie/eli/2012/act/3"}}