{"billNo": "57", "billType": "Public", "versions": [], "longTitle": "Bill entitled An Act to provide for the holding of polls on a Saturday or a Sunday, to amend the Electoral Act 1992; to amend the Presidential Elections Act 1993, to amend the Local Government Act 1994, to amend the Referendum Act 1994, to amend the European Parliament Elections Act 1997, and to provide for related matters\u0000", "uri": "/bill/2012/57", "events": [{"progressStage": null, "event": {"chamber": {"showAs": null, "uri": null}, "showAs": "Lapsed", "dates": [{"date": "2016-02-03"}], "uri": "/bill/2012/57/lapsed"}}], "_id": "bill.2012.57", "amendmentLists": [], "sponsors": [{"sponsor": {"as": {"showAs": null, "uri": null}, "by": {"showAs": "Richard Bruton", "uri": "/member/Richard-Bruton.S.1981-10-08"}}}], "method": "Introduction", "shortTitle": "Electoral (Amendment) Bill 2012", "stages": [{"event": {"progressStage": 1, "chamber": {"showAs": "D\u00e1il", "uri": "/house/dail"}, "showAs": "First Stage", "dates": [{"date": "2012-06-27"}], "uri": "/bill/2012/57/dail/1"}}], "originHouse": {"showAs": "D\u00e1il \u00c9ireann", "uri": "/house/dail"}, "billYear": "2012", "act": null}