{"billNo": "1", "billType": "Public", "versions": [], "longTitle": "Bill entitled An Act to amend the Education Act 1998; to amend the Teaching Council Act 2001; to repeal the Scientific and Technological Education (Investment) Fund Act 1997 and the Scientific and Technological Education (Investment) Fund (Amendment) Act 1998; and to provide for related matters", "uri": "/bill/2012/1", "events": [], "_id": "bill.2012.1", "amendmentLists": [], "sponsors": [{"sponsor": {"as": {"showAs": "Minister for Education and Skills", "uri": "/office/minister/education__skills"}, "by": {"showAs": "Ruair\u00ed Quinn", "uri": "/member/Ruair\u00ed-Quinn.S.1976-07-01"}}}], "method": "Presentation", "shortTitle": "Education (Amendment) Bill 2012", "stages": [{"event": {"progressStage": 1, "chamber": {"showAs": "Seanad", "uri": "/house/seanad"}, "showAs": "First Stage", "dates": [{"date": "2012-01-05"}], "uri": "/bill/2012/1/seanad/1"}}, {"event": {"progressStage": 2, "chamber": {"showAs": "Seanad", "uri": "/house/seanad"}, "showAs": "Second Stage", "dates": [{"date": "2012-01-25"}], "uri": "/bill/2012/1/seanad/2"}}, {"event": {"progressStage": 3, "chamber": {"showAs": "Seanad", "uri": "/house/seanad"}, "showAs": "Third Stage", "dates": [{"date": "2012-01-31"}], "uri": "/bill/2012/1/seanad/3"}}, {"event": {"progressStage": 4, "chamber": {"showAs": "Seanad", "uri": "/house/seanad"}, "showAs": "Fourth Stage", "dates": [{"date": "2012-02-07"}], "uri": "/bill/2012/1/seanad/4"}}, {"event": {"progressStage": 5, "chamber": {"showAs": "Seanad", "uri": "/house/seanad"}, "showAs": "Fifth Stage", "dates": [{"date": "2012-02-07"}], "uri": "/bill/2012/1/seanad/5"}}, {"event": {"progressStage": 6, "chamber": {"showAs": "D\u00e1il", "uri": "/house/dail"}, "showAs": "Second Stage", "dates": [{"date": "2012-02-29"}, {"date": "2012-03-01"}], "uri": "/bill/2012/1/dail/2"}}, {"event": {"progressStage": 7, "chamber": {"showAs": "D\u00e1il", "uri": "/house/dail"}, "showAs": "Fourth Stage", "dates": [{"date": "2012-05-02"}], "uri": "/bill/2012/1/dail/4"}}, {"event": {"progressStage": 9, "chamber": null, "showAs": "Enacted", "dates": [{"date": "2012-05-23"}], "uri": "/bill/2012/1/dail/5"}}, {"event": {"progressStage": 9, "chamber": null, "showAs": "Enacted", "dates": [{"date": "2012-05-23"}], "uri": "/bill/2012/1/dail/5"}}], "originHouse": {"showAs": "Seanad \u00c9ireann", "uri": "/house/seanad"}, "billYear": "2012", "act": {"dateSigned": "2012-05-23", "uri": "/act/2012/14", "shortTitle": "Education (Amendment) Act 2012", "actYear": "2012", "longTitle": "An Act to amend the Education Act 1998; to amend the Teaching Council Act 2001; to repeal the Scientific and Technological Education (Investment) Fund Act 1997 and the Scientific and Technological Education (Investment) Fund (Amendment) Act 1998; and to provide for related matters", "actNo": "14", "statuteBookURI": "http://www.irishstatutebook.ie/eli/2012/act/14"}}