{"billNo": "68", "billType": "Public", "versions": [], "status": "Withdrawn", "longTitle": "Bill entitled An Act to make provision in relation to the licensing of bookmaking activities and, in particular, in relation to the conduct of bookmaking and bookmaking related operations by electronic means; for that and other purposes to amend the Betting Act 1931; to amend the Finance Act 2002; and to provide for matters connected therewith\u0000", "uri": "/bill/2012/68", "events": [{"progressStage": null, "event": {"chamber": {"showAs": "D\u00e1il", "uri": "/house/dail"}, "showAs": "Withdrawn", "dates": [{"date": "2013-11-05"}], "uri": "/bill/2012/68/dail/1/withdrawn"}}], "_id": "bill.2012.68", "amendmentLists": [], "sponsors": [{"sponsor": {"as": {"showAs": "Minister for Finance", "uri": "/office/minister/finance"}, "by": {"showAs": "Michael Noonan", "uri": "/member/Michael-Noonan.D.1981-06-30"}}}], "method": "Presentation", "shortTitle": "Betting (Amendment) Bill 2012", "stages": [{"event": {"progressStage": 1, "chamber": {"showAs": "D\u00e1il", "uri": "/house/dail"}, "showAs": "First Stage", "dates": [{"date": "2012-07-17"}], "uri": "/bill/2012/68/dail/1"}}], "originHouse": {"showAs": "D\u00e1il \u00c9ireann", "uri": "/house/dail"}, "billYear": "2012", "act": null}