{"billNo": "101", "billType": "Public", "versions": [], "status": "Withdrawn", "longTitle": "Bill entitled An Act to protect non-national workers from exploitation by providing a due diligence defence for such workers and also to preclude employers from avoiding liability through reliance upon the illegality of a contract of employment and for that purpose to amend the Employment Permits Act 2003 and to provide for related matters", "uri": "/bill/2012/101", "events": [{"progressStage": null, "event": {"chamber": {"showAs": "Seanad", "uri": "/house/seanad"}, "showAs": "Withdrawn", "dates": [{"date": "2014-11-26"}], "uri": "/bill/2012/101/seanad/2/withdrawn"}}], "_id": "bill.2012.101", "amendmentLists": [], "sponsors": [{"sponsor": {"as": {"showAs": null, "uri": null}, "by": {"showAs": "Leo Varadkar", "uri": "/member/Leo-Varadkar.D.2007-06-14"}}}, {"sponsor": {"as": {"showAs": null, "uri": null}, "by": {"showAs": "Leo Varadkar", "uri": "/member/Leo-Varadkar.D.2007-06-14"}}}, {"sponsor": {"as": {"showAs": null, "uri": null}, "by": {"showAs": "Leo Varadkar", "uri": "/member/Leo-Varadkar.D.2007-06-14"}}}], "method": "Introduction", "shortTitle": "Employment Permits (Amendment) Bill 2012", "stages": [{"event": {"progressStage": 1, "chamber": {"showAs": "Seanad", "uri": "/house/seanad"}, "showAs": "First Stage", "dates": [{"date": "2012-11-20"}], "uri": "/bill/2012/101/seanad/1"}}, {"event": {"progressStage": 2, "chamber": {"showAs": "Seanad", "uri": "/house/seanad"}, "showAs": "Second Stage", "dates": [{"date": "2012-11-28"}], "uri": "/bill/2012/101/seanad/2"}}], "originHouse": {"showAs": "Seanad \u00c9ireann", "uri": "/house/seanad"}, "billYear": "2012", "act": null}