{"stages": [{"event": {"showAs": "First Stage", "uri": "/bill/2012/73/dail/1", "chamber": {"showAs": "D\u00e1il", "uri": "/house/dail"}, "dates": [{"date": "2012-07-19"}], "progressStage": 1}}, {"event": {"showAs": "Second Stage", "uri": "/bill/2012/73/dail/2", "chamber": {"showAs": "D\u00e1il", "uri": "/house/dail"}, "dates": [{"date": "2013-10-11"}], "progressStage": 2}}], "shortTitle": "Child Sex Offenders (Information and Monitoring) Bill 2012", "longTitle": "Bill entitled An Act to provide for the establishment of a scheme to allow the parents or guardians of a child or vulnerable adult to make an enquiry to the Garda S\u00edoch\u00e1na for the purpose of ascertaining whether a person with whom their child is in contact has been convicted of a sexual offence or is otherwise likely to pose a serious danger to children; to allow schools or clubs to make enquires to safeguard children in their care; to modernise the monitoring of sex offenders; to amend the Sex Offenders Act 2001; and to provide for related matters", "amendmentLists": [], "billType": "Public", "billNo": "73", "versions": [], "events": [{"event": {"showAs": "Lapsed", "progressStage": null, "chamber": {"showAs": null, "uri": null}, "dates": [{"date": "2016-02-03"}], "uri": "/bill/2012/73/lapsed"}}], "billYear": "2012", "originHouse": {"showAs": "D\u00e1il \u00c9ireann", "uri": "/house/dail"}, "uri": "/bill/2012/73", "status": "Lapsed", "_id": "bill.2012.73", "sponsors": [{"sponsor": {"as": {"showAs": null, "uri": null}, "by": {"showAs": "Alan Shatter", "uri": "/member/Alan-Shatter.D.1981-06-30"}}}], "act": null, "method": "Introduction"}