{"stages": [{"event": {"showAs": "First Stage", "uri": "/bill/2012/60/seanad/1", "chamber": {"showAs": "Seanad", "uri": "/house/seanad"}, "dates": [{"date": "2012-07-04"}], "progressStage": 1}}, {"event": {"showAs": "Second Stage", "uri": "/bill/2012/60/seanad/2", "chamber": {"showAs": "Seanad", "uri": "/house/seanad"}, "dates": [{"date": "2012-07-11"}], "progressStage": 2}}], "shortTitle": "Access to Cancer Treatment Bill 2012", "longTitle": "Bill entitled An Act to ensure the provision by the Health Service Executive of all prescribed medicinal products necessary for the treatment of cancer in line with best practice and upon approval of the European Medicines Agency.", "amendmentLists": [], "billType": "Public", "billNo": "60", "versions": [], "events": [{"event": {"showAs": "Second Stage", "progressStage": null, "chamber": {"showAs": "Seanad", "uri": "/house/seanad"}, "dates": [{"date": "2012-07-11"}], "uri": "/bill/2012/60/seanad/2/rejected"}}], "billYear": "2012", "originHouse": {"showAs": "Seanad \u00c9ireann", "uri": "/house/seanad"}, "uri": "/bill/2012/60", "status": "Rejected", "_id": "bill.2012.60", "sponsors": [{"sponsor": {"as": {"showAs": null, "uri": null}, "by": {"showAs": "Phil Hogan", "uri": "/member/Phil-Hogan.S.1987-04-25"}}}, {"sponsor": {"as": {"showAs": null, "uri": null}, "by": {"showAs": "Phil Hogan", "uri": "/member/Phil-Hogan.S.1987-04-25"}}}], "act": null, "method": "Introduction"}