{"stages": [{"event": {"showAs": "First Stage", "uri": "/bill/2012/49/dail/1", "chamber": {"showAs": "D\u00e1il", "uri": "/house/dail"}, "dates": [{"date": "2012-06-07"}], "progressStage": 1}}], "shortTitle": "Financial Emergency Measures in the Public Interest (Amendment) Bill 2012", "longTitle": "Bill entitled An Act in the public interest, to provide for the amendments to the Financial Emergency Measures in the Public Interest (Amendment) Act 2011 in order to provide for the reduction of the remuneration of judges, military judges, certain other office holders, Members of the Houses of the Oireachtas, public servants; amendments to the Superannuation and Pensions Act 1963 in order to provide for the withdrawal of special pension provisions for all current and future Secretaries General", "amendmentLists": [], "billType": "Public", "billNo": "49", "versions": [], "events": [{"event": {"showAs": "Lapsed", "progressStage": null, "chamber": {"showAs": null, "uri": null}, "dates": [{"date": "2016-02-03"}], "uri": "/bill/2012/49/lapsed"}}], "billYear": "2012", "originHouse": {"showAs": "D\u00e1il \u00c9ireann", "uri": "/house/dail"}, "uri": "/bill/2012/49", "status": "Lapsed", "_id": "bill.2012.49", "sponsors": [{"sponsor": {"as": {"showAs": null, "uri": null}, "by": {"showAs": "Alan Shatter", "uri": "/member/Alan-Shatter.D.1981-06-30"}}}], "act": null, "method": "Introduction"}