{"stages": [{"event": {"showAs": "Second Stage", "uri": "/bill/2012/103/dail/2", "chamber": {"showAs": "D\u00e1il", "uri": "/house/dail"}, "dates": [{"date": "2012-11-27"}, {"date": "2012-11-28"}], "progressStage": 1}}, {"event": {"showAs": "First Stage", "uri": "/bill/2012/103/dail/1", "chamber": {"showAs": "D\u00e1il", "uri": "/house/dail"}, "dates": [{"date": "2012-12-21"}], "progressStage": 2}}], "shortTitle": "Medical Treatment (Termination of Pregnancy in Case of Risk to Life of Pregnant Woman) (No. 2) Bill 2012", "longTitle": "Bill entitled An Act to provide an interim legislative arrangement, as required by the Council of Europe, for termination of pregnancy where as a matter of probability a real and substantial risk to the life of the pregnant woman exists; to make provision for the prevention of any curtailment, hindrance or preclusion of such treatment that may arise as a result of the pregnancy of the woman; and to provide for related matters", "amendmentLists": [], "billType": "Public", "billNo": "103", "versions": [], "events": [{"event": {"showAs": "Second Stage", "progressStage": null, "chamber": {"showAs": "D\u00e1il", "uri": "/house/dail"}, "dates": [{"date": "2012-11-28"}], "uri": "/bill/2012/103/dail/2/rejected"}}], "billYear": "2012", "originHouse": {"showAs": "D\u00e1il \u00c9ireann", "uri": "/house/dail"}, "uri": "/bill/2012/103", "status": "Rejected", "_id": "bill.2012.103", "sponsors": [{"sponsor": {"as": {"showAs": null, "uri": null}, "by": {"showAs": "Leo Varadkar", "uri": "/member/Leo-Varadkar.D.2007-06-14"}}}], "act": null, "method": "Introduction"}