{"billNo": "118", "billType": "Public", "versions": [], "status": "Enacted", "longTitle": "Bill entitled An Act to provide for the granting of an amnesty, and, as appropriate, an immunity from prosecution, to those members of the Defence Forces who served with forces (including the armed forces of a country) fighting on the Allied side during the Second World War and were subsequently found guilty by a military tribunal of, or who were or who still are liable to be prosecuted for, desertion or being absent without leave, or who were dismissed from the Defence Forces pursuant to the provisions of the Emergency Powers (No. 362) Order 1945 (S. R. & O. 1945. No. 198); and to provide for related matters", "uri": "/bill/2012/118", "events": [], "_id": "bill.2012.118", "amendmentLists": [], "sponsors": [{"sponsor": {"as": {"showAs": "Minister for Defence", "uri": "/office/minister/defence"}, "by": {"showAs": "Alan Shatter", "uri": "/member/Alan-Shatter.D.1981-06-30"}}}], "method": "Presentation", "shortTitle": "Defence Forces (Second World War Amnesty and Immunity) Bill 2012", "stages": [{"event": {"progressStage": 1, "chamber": {"showAs": "Seanad", "uri": "/house/seanad"}, "showAs": "First Stage", "dates": [{"date": "2012-12-19"}], "uri": "/bill/2012/118/seanad/1"}}, {"event": {"progressStage": 2, "chamber": {"showAs": "Seanad", "uri": "/house/seanad"}, "showAs": "Second Stage", "dates": [{"date": "2013-02-06"}], "uri": "/bill/2012/118/seanad/2"}}, {"event": {"progressStage": 3, "chamber": {"showAs": "Seanad", "uri": "/house/seanad"}, "showAs": "Third Stage", "dates": [{"date": "2013-02-14"}], "uri": "/bill/2012/118/seanad/3"}}, {"event": {"progressStage": 4, "chamber": {"showAs": "Seanad", "uri": "/house/seanad"}, "showAs": "Fourth Stage", "dates": [{"date": "2013-02-14"}], "uri": "/bill/2012/118/seanad/4"}}, {"event": {"progressStage": 5, "chamber": {"showAs": "Seanad", "uri": "/house/seanad"}, "showAs": "Fifth Stage", "dates": [{"date": "2013-02-14"}], "uri": "/bill/2012/118/seanad/5"}}, {"event": {"progressStage": 6, "chamber": {"showAs": "D\u00e1il", "uri": "/house/dail"}, "showAs": "Second Stage", "dates": [{"date": "2013-03-06"}, {"date": "2013-04-16"}], "uri": "/bill/2012/118/dail/2"}}, {"event": {"progressStage": 7, "chamber": {"showAs": "D\u00e1il", "uri": "/house/dail"}, "showAs": "Fourth Stage", "dates": [{"date": "2013-05-07"}], "uri": "/bill/2012/118/dail/4"}}, {"event": {"progressStage": 9, "chamber": null, "showAs": "Enacted", "dates": [{"date": "2013-05-14"}], "uri": "/bill/2012/118/dail/5"}}, {"event": {"progressStage": 9, "chamber": null, "showAs": "Enacted", "dates": [{"date": "2013-05-14"}], "uri": "/bill/2012/118/dail/5"}}], "originHouse": {"showAs": "Seanad \u00c9ireann", "uri": "/house/seanad"}, "billYear": "2012", "act": {"dateSigned": "2013-05-14", "uri": "/act/2013/12", "shortTitle": "Defence Forces (Second World War Amnesty and Immunity) Act 2013", "actYear": "2013", "longTitle": "An Act to provide for the granting of an amnesty, and, as appropriate, an immunity from prosecution, to those members of the Defence Forces who served with forces (including the armed forces of a country) fighting on the Allied side during the Second World War and were subsequently found guilty by a military tribunal of, or who were or who still are liable to be prosecuted for, desertion or being absent without leave, or who were dismissed from the Defence Forces pursuant to the provisions of the Emergency Powers (No. 362) Order 1945 (S. R. & O. 1945. No. 198); and to provide for related matters", "actNo": "12", "statuteBookURI": "http://www.irishstatutebook.ie/eli/2013/act/12"}}