{"billNo": "64", "billType": "Public", "versions": [], "longTitle": "Bill entitled An Act to amend the law as it relates to the purchasing, selling, trading, consignment selling, or otherwise transferring for value, more than three times per year, second-hand property that is a precious or scrap metal", "uri": "/bill/2011/64", "events": [{"progressStage": null, "event": {"chamber": {"showAs": "D\u00e1il", "uri": "/house/dail"}, "showAs": "Second Stage", "dates": [{"date": "2012-03-06"}], "uri": "/bill/2011/64/dail/2/rejected"}}], "_id": "bill.2011.64", "amendmentLists": [], "sponsors": [{"sponsor": {"as": {"showAs": null, "uri": null}, "by": {"showAs": "Phil Hogan", "uri": "/member/Phil-Hogan.S.1987-04-25"}}}], "method": "Introduction", "shortTitle": "Scrap and Precious Metal Dealers Bill 2011", "stages": [{"event": {"progressStage": 1, "chamber": {"showAs": "D\u00e1il", "uri": "/house/dail"}, "showAs": "First Stage", "dates": [{"date": "2011-11-02"}], "uri": "/bill/2011/64/dail/1"}}, {"event": {"progressStage": 2, "chamber": {"showAs": "D\u00e1il", "uri": "/house/dail"}, "showAs": "Second Stage", "dates": [{"date": "2012-03-02"}, {"date": "2012-03-06"}], "uri": "/bill/2011/64/dail/2"}}], "originHouse": {"showAs": "D\u00e1il \u00c9ireann", "uri": "/house/dail"}, "billYear": "2011", "act": null}