{"stages": [{"event": {"showAs": "First Stage", "uri": "/bill/2012/48/seanad/1", "chamber": {"showAs": "Seanad", "uri": "/house/seanad"}, "dates": [{"date": "2012-06-07"}], "progressStage": 1}}, {"event": {"showAs": "Second Stage", "uri": "/bill/2012/48/seanad/2", "chamber": {"showAs": "Seanad", "uri": "/house/seanad"}, "dates": [{"date": "2012-06-13"}], "progressStage": 2}}], "shortTitle": "Business Undertakings (Disclosure Of Overpayments) Bill 2012", "longTitle": "Bill entitled An Act to require undertakings in receipt of overpayments to inform the payer of the occurrence of the overpayment and to facilitate the repayment of the overpayment; to permit the investigation of complaints concerning the non-disclosure or non-return of such overpayments; to create certain offences and to provide for related matters\u0000", "amendmentLists": [], "billType": "Public", "billNo": "48", "versions": [], "events": [{"event": {"showAs": "Second Stage", "progressStage": null, "chamber": {"showAs": "Seanad", "uri": "/house/seanad"}, "dates": [{"date": "2012-06-13"}], "uri": "/bill/2012/48/seanad/2/rejected"}}], "billYear": "2012", "originHouse": {"showAs": "Seanad \u00c9ireann", "uri": "/house/seanad"}, "uri": "/bill/2012/48", "status": "Rejected", "_id": "bill.2012.48", "sponsors": [{"sponsor": {"as": {"showAs": null, "uri": null}, "by": {"showAs": "Alan Shatter", "uri": "/member/Alan-Shatter.D.1981-06-30"}}}], "act": null, "method": "Presentation"}