{"billNo": "30", "billType": "Public", "versions": [], "status": "Rejected", "longTitle": "Bill entitled An Act to amend the Statistics Act 1993, in relation to the first census of population of Ireland taken since the establishment of the State; to afford that census a special heritage status and to have such released to the public for genealogical, historical and other research", "uri": "/bill/2011/30", "events": [{"progressStage": null, "event": {"chamber": {"showAs": "Seanad", "uri": "/house/seanad"}, "showAs": "Second Stage", "dates": [{"date": "2013-10-16"}], "uri": "/bill/2011/30/seanad/2/rejected"}}], "_id": "bill.2011.30", "amendmentLists": [], "sponsors": [{"sponsor": {"as": {"showAs": null, "uri": null}, "by": {"showAs": "Alan Shatter", "uri": "/member/Alan-Shatter.D.1981-06-30"}}}], "method": "Presentation", "shortTitle": "Statistics (Heritage Amendment) Bill 2011", "stages": [{"event": {"progressStage": 1, "chamber": {"showAs": "Seanad", "uri": "/house/seanad"}, "showAs": "First Stage", "dates": [{"date": "2011-06-23"}], "uri": "/bill/2011/30/seanad/1"}}, {"event": {"progressStage": 2, "chamber": {"showAs": "Seanad", "uri": "/house/seanad"}, "showAs": "Second Stage", "dates": [{"date": "2013-10-16"}], "uri": "/bill/2011/30/seanad/2"}}], "originHouse": {"showAs": "Seanad \u00c9ireann", "uri": "/house/seanad"}, "billYear": "2011", "act": null}