{"stages": [{"event": {"showAs": "First Stage", "uri": "/bill/2012/27/dail/1", "chamber": {"showAs": "D\u00e1il", "uri": "/house/dail"}, "dates": [{"date": "2012-04-04"}], "progressStage": 1}}, {"event": {"showAs": "Second Stage", "uri": "/bill/2012/27/dail/2", "chamber": {"showAs": "D\u00e1il", "uri": "/house/dail"}, "dates": [{"date": "2012-05-16"}, {"date": "2012-05-17"}, {"date": "2012-05-22"}], "progressStage": 2}}, {"event": {"showAs": "Fourth Stage", "uri": "/bill/2012/27/dail/4", "chamber": {"showAs": "D\u00e1il", "uri": "/house/dail"}, "dates": [{"date": "2012-06-20"}], "progressStage": 3}}, {"event": {"showAs": "Fifth Stage", "uri": "/bill/2012/27/dail/5", "chamber": {"showAs": "D\u00e1il", "uri": "/house/dail"}, "dates": [{"date": "2012-06-20"}], "progressStage": 4}}, {"event": {"showAs": "Second Stage", "uri": "/bill/2012/27/seanad/2", "chamber": {"showAs": "Seanad", "uri": "/house/seanad"}, "dates": [{"date": "2012-06-21"}], "progressStage": 5}}, {"event": {"showAs": "Third Stage", "uri": "/bill/2012/27/seanad/3", "chamber": {"showAs": "Seanad", "uri": "/house/seanad"}, "dates": [{"date": "2012-06-28"}], "progressStage": 6}}, {"event": {"showAs": "Fourth Stage", "uri": "/bill/2012/27/seanad/4", "chamber": {"showAs": "Seanad", "uri": "/house/seanad"}, "dates": [{"date": "2012-07-04"}], "progressStage": 7}}, {"event": {"showAs": "Enacted", "uri": "/bill/2012/27/seanad/5", "chamber": null, "dates": [{"date": "2012-07-18"}], "progressStage": 9}}, {"event": {"showAs": "Enacted", "uri": "/bill/2012/27/seanad/5", "chamber": null, "dates": [{"date": "2012-07-18"}], "progressStage": 9}}], "shortTitle": "Credit Guarantee Bill 2012", "longTitle": "Bill entitled An Act to enable the Minister for Jobs, Enterprise and Innovation to give guarantees to lenders of a certain class in respect of loans made by such lenders to enterprises of a certain class; for that purpose to provide for the making of a scheme or schemes by that Minister of the Government in relation to the giving of such guarantees; and to provide for matters connected therewith", "amendmentLists": [], "billType": "Public", "billNo": "27", "versions": [], "events": [], "billYear": "2012", "originHouse": {"showAs": "D\u00e1il \u00c9ireann", "uri": "/house/dail"}, "uri": "/bill/2012/27", "status": "Enacted", "_id": "bill.2012.27", "sponsors": [{"sponsor": {"as": {"showAs": "Minister for Jobs, Enterprise and Innovation", "uri": "/office/minister/jobs__enterprise__innovation"}, "by": {"showAs": "Richard Bruton", "uri": "/member/Richard-Bruton.S.1981-10-08"}}}], "act": {"dateSigned": "2012-07-18", "shortTitle": "Credit Guarantee Act 2012", "actYear": "2012", "uri": "/act/2012/26", "longTitle": "An Act to enable the Minister for Jobs, Enterprise and Innovation to give guarantees to lenders of a certain class in respect of loans made by such lenders to enterprises of a certain class; for that purpose to provide for the making of a scheme or schemes by that Minister of the Government in relation to the giving of such guarantees; and to provide for matters connected therewith", "actNo": "26", "statuteBookURI": "http://www.irishstatutebook.ie/eli/2012/act/26"}, "method": "Presentation"}