{"stages": [{"event": {"showAs": "First Stage", "uri": "/bill/2010/21/seanad/1", "chamber": {"showAs": "Seanad", "uri": "/house/seanad"}, "dates": [{"date": "2010-05-12"}], "progressStage": 1}}, {"event": {"showAs": "Second Stage", "uri": "/bill/2010/21/seanad/2", "chamber": {"showAs": "Seanad", "uri": "/house/seanad"}, "dates": [{"date": "2010-05-19"}], "progressStage": 2}}, {"event": {"showAs": "Third Stage", "uri": "/bill/2010/21/seanad/3", "chamber": {"showAs": "Seanad", "uri": "/house/seanad"}, "dates": [{"date": "2011-03-08"}], "progressStage": 3}}, {"event": {"showAs": "Fourth Stage", "uri": "/bill/2010/21/seanad/4", "chamber": {"showAs": "Seanad", "uri": "/house/seanad"}, "dates": [{"date": "2011-03-08"}], "progressStage": 4}}, {"event": {"showAs": "Fifth Stage", "uri": "/bill/2010/21/seanad/5", "chamber": {"showAs": "Seanad", "uri": "/house/seanad"}, "dates": [{"date": "2011-03-08"}], "progressStage": 5}}, {"event": {"showAs": "Second Stage", "uri": "/bill/2010/21/dail/2", "chamber": {"showAs": "D\u00e1il", "uri": "/house/dail"}, "dates": [{"date": "2012-05-03"}, {"date": "2012-05-10"}, {"date": "2012-06-19"}, {"date": "2012-06-20"}], "progressStage": 6}}, {"event": {"showAs": "Fourth Stage", "uri": "/bill/2010/21/dail/4", "chamber": {"showAs": "D\u00e1il", "uri": "/house/dail"}, "dates": [{"date": "2013-07-16"}], "progressStage": 7}}, {"event": {"showAs": "Enacted", "uri": "/bill/2010/21/dail/5", "chamber": null, "dates": [{"date": "2013-07-29"}], "progressStage": 9}}, {"event": {"showAs": "Enacted", "uri": "/bill/2010/21/dail/5", "chamber": null, "dates": [{"date": "2013-07-29"}], "progressStage": 9}}], "shortTitle": "Construction Contracts Bill 2010", "longTitle": "Bill entitled An Act to regulate payments under construction contracts and to provide for related matters\u0000", "amendmentLists": [], "billType": "Public", "billNo": "21", "versions": [], "events": [], "billYear": "2010", "originHouse": {"showAs": "Seanad \u00c9ireann", "uri": "/house/seanad"}, "uri": "/bill/2010/21", "status": "Enacted", "_id": "bill.2010.21", "sponsors": [{"sponsor": {"as": {"showAs": null, "uri": null}, "by": {"showAs": "Dermot Ahern", "uri": "/member/Dermot-Ahern.D.1987-03-10"}}}], "act": {"dateSigned": "2013-07-29", "shortTitle": "Construction Contracts Act 2013", "actYear": "2013", "uri": "/act/2013/34", "longTitle": "An Act to regulate payments under construction contracts and to provide for related matters\u0000", "actNo": "34", "statuteBookURI": "http://www.irishstatutebook.ie/eli/2013/act/34"}, "method": "Presentation"}