{"billNo": "107", "billType": "Public", "versions": [], "longTitle": "Bill entitled An Act to provide for the revision of the regulation of the small public service vehicle industry and for those purposes to provide for mandatory disqualification for drivers of small public service vehicles convicted of certain offences and a demerit scheme relating to drivers of small public service vehicles, to repeal the Taxi Regulation Act 2003 and section 84 of the Road Traffic Act 1961, to amend section 2 of the Metrology Act 1996, the Dublin Transport Authority Act 2008 and the Road Traffic Act 2010, and to provide for related matters", "uri": "/bill/2012/107", "events": [], "_id": "bill.2012.107", "amendmentLists": [], "sponsors": [{"sponsor": {"as": {"showAs": "Minister for Transport, Tourism and Sport", "uri": "/office/minister/transport__tourism__sport"}, "by": {"showAs": "Leo Varadkar", "uri": "/member/Leo-Varadkar.D.2007-06-14"}}}], "method": "Presentation", "shortTitle": "Taxi Regulation Bill 2012", "stages": [{"event": {"progressStage": 1, "chamber": {"showAs": "Seanad", "uri": "/house/seanad"}, "showAs": "First Stage", "dates": [{"date": "2012-12-04"}], "uri": "/bill/2012/107/seanad/1"}}, {"event": {"progressStage": 2, "chamber": {"showAs": "Seanad", "uri": "/house/seanad"}, "showAs": "Second Stage", "dates": [{"date": "2013-01-23"}], "uri": "/bill/2012/107/seanad/2"}}, {"event": {"progressStage": 3, "chamber": {"showAs": "Seanad", "uri": "/house/seanad"}, "showAs": "Third Stage", "dates": [{"date": "2013-02-12"}, {"date": "2013-02-19"}, {"date": "2013-02-27"}], "uri": "/bill/2012/107/seanad/3"}}, {"event": {"progressStage": 4, "chamber": {"showAs": "Seanad", "uri": "/house/seanad"}, "showAs": "Fourth Stage", "dates": [{"date": "2013-04-17"}, {"date": "2013-05-14"}], "uri": "/bill/2012/107/seanad/4"}}, {"event": {"progressStage": 5, "chamber": {"showAs": "Seanad", "uri": "/house/seanad"}, "showAs": "Fifth Stage", "dates": [{"date": "2013-05-14"}], "uri": "/bill/2012/107/seanad/5"}}, {"event": {"progressStage": 6, "chamber": {"showAs": "D\u00e1il", "uri": "/house/dail"}, "showAs": "Second Stage", "dates": [{"date": "2013-05-16"}, {"date": "2013-07-03"}], "uri": "/bill/2012/107/dail/2"}}, {"event": {"progressStage": 7, "chamber": {"showAs": "D\u00e1il", "uri": "/house/dail"}, "showAs": "Fourth Stage", "dates": [{"date": "2013-10-02"}], "uri": "/bill/2012/107/dail/4"}}, {"event": {"progressStage": 9, "chamber": null, "showAs": "Enacted", "dates": [{"date": "2013-10-23"}], "uri": "/bill/2012/107/dail/5"}}, {"event": {"progressStage": 9, "chamber": null, "showAs": "Enacted", "dates": [{"date": "2013-10-23"}], "uri": "/bill/2012/107/dail/5"}}], "originHouse": {"showAs": "Seanad \u00c9ireann", "uri": "/house/seanad"}, "billYear": "2012", "act": {"dateSigned": "2013-10-23", "uri": "/act/2013/37", "shortTitle": "Taxi Regulation Act 2013", "actYear": "2013", "longTitle": "An Act to provide for the revision of the regulation of the small public service vehicle industry and for those purposes to provide for mandatory disqualification for drivers of small public service vehicles convicted of certain offences and a demerit scheme relating to drivers of small public service vehicles, to repeal the Taxi Regulation Act 2003 and section 84 of the Road Traffic Act 1961, to amend section 2 of the Metrology Act 1996, the Dublin Transport Authority Act 2008 and the Road Traffic Act 2010, and to provide for related matters", "actNo": "37", "statuteBookURI": "http://www.irishstatutebook.ie/eli/2013/act/37"}}