{"stages": [{"event": {"showAs": "First Stage", "uri": "/bill/2012/64/dail/1", "chamber": {"showAs": "D\u00e1il", "uri": "/house/dail"}, "dates": [{"date": "2012-07-12"}], "progressStage": 1}}, {"event": {"showAs": "Second Stage", "uri": "/bill/2012/64/dail/2", "chamber": {"showAs": "D\u00e1il", "uri": "/house/dail"}, "dates": [{"date": "2012-07-17"}, {"date": "2012-07-18"}], "progressStage": 2}}], "shortTitle": "Consumer Credit (Amendment) Bill 2012", "longTitle": "Bill entitled An Act to amend the Consumer Credit Act 1995\u0000", "amendmentLists": [], "billType": "Public", "billNo": "64", "versions": [], "events": [{"event": {"showAs": "Second Stage", "progressStage": null, "chamber": {"showAs": "D\u00e1il", "uri": "/house/dail"}, "dates": [{"date": "2012-07-18"}], "uri": "/bill/2012/64/dail/2/rejected"}}], "billYear": "2012", "originHouse": {"showAs": "D\u00e1il \u00c9ireann", "uri": "/house/dail"}, "uri": "/bill/2012/64", "status": "Rejected", "_id": "bill.2012.64", "sponsors": [{"sponsor": {"as": {"showAs": null, "uri": null}, "by": {"showAs": "James Reilly", "uri": "/member/James-Reilly.D.2007-06-14"}}}], "act": null, "method": "Introduction"}