{"billNo": "41", "billType": "Public", "versions": [], "longTitle": "Bill entitled An Act to amend the Planning and Development Act 2000 and the Multi-Unit Developments Act 2011 and to provide for related matters", "uri": "/bill/2012/41", "events": [{"progressStage": null, "event": {"chamber": {"showAs": null, "uri": null}, "showAs": "Lapsed", "dates": [{"date": "2016-02-03"}], "uri": "/bill/2012/41/lapsed"}}], "_id": "bill.2012.41", "amendmentLists": [], "sponsors": [{"sponsor": {"as": {"showAs": null, "uri": null}, "by": {"showAs": "Phil Hogan", "uri": "/member/Phil-Hogan.S.1987-04-25"}}}], "method": "Introduction", "shortTitle": "Planning and Development (Taking in Charge of Estates) Bill 2012", "stages": [{"event": {"progressStage": 1, "chamber": {"showAs": "D\u00e1il", "uri": "/house/dail"}, "showAs": "First Stage", "dates": [{"date": "2012-05-17"}], "uri": "/bill/2012/41/dail/1"}}], "originHouse": {"showAs": "D\u00e1il \u00c9ireann", "uri": "/house/dail"}, "billYear": "2012", "act": null}