{"billNo": "88", "billType": "Public", "versions": [], "longTitle": "Bill entitled An Act to introduce a temporary amnesty with respect to social welfare overpayments", "uri": "/bill/2012/88", "events": [{"progressStage": null, "event": {"chamber": {"showAs": "D\u00e1il", "uri": "/house/dail"}, "showAs": "Second Stage", "dates": [{"date": "2013-01-22"}], "uri": "/bill/2012/88/dail/2/rejected"}}], "_id": "bill.2012.88", "amendmentLists": [], "sponsors": [{"sponsor": {"as": {"showAs": null, "uri": null}, "by": {"showAs": "James Reilly", "uri": "/member/James-Reilly.D.2007-06-14"}}}], "method": "Introduction", "shortTitle": "Social Welfare (Amnesty) Bill 2012", "stages": [{"event": {"progressStage": 1, "chamber": {"showAs": "D\u00e1il", "uri": "/house/dail"}, "showAs": "First Stage", "dates": [{"date": "2012-10-18"}], "uri": "/bill/2012/88/dail/1"}}, {"event": {"progressStage": 2, "chamber": {"showAs": "D\u00e1il", "uri": "/house/dail"}, "showAs": "Second Stage", "dates": [{"date": "2013-01-18"}, {"date": "2013-01-22"}], "uri": "/bill/2012/88/dail/2"}}], "originHouse": {"showAs": "D\u00e1il \u00c9ireann", "uri": "/house/dail"}, "billYear": "2012", "act": null}