{"stages": [{"event": {"showAs": "First Stage", "uri": "/bill/2012/109/dail/1", "chamber": {"showAs": "D\u00e1il", "uri": "/house/dail"}, "dates": [{"date": "2012-12-06"}], "progressStage": 1}}, {"event": {"showAs": "Second Stage", "uri": "/bill/2012/109/dail/2", "chamber": {"showAs": "D\u00e1il", "uri": "/house/dail"}, "dates": [{"date": "2012-12-11"}, {"date": "2012-12-12"}], "progressStage": 2}}, {"event": {"showAs": "Third Stage", "uri": "/bill/2012/109/dail/3", "chamber": {"showAs": "D\u00e1il", "uri": "/house/dail"}, "dates": [{"date": "2012-12-12"}, {"date": "2012-12-13"}], "progressStage": 3}}, {"event": {"showAs": "Fourth Stage", "uri": "/bill/2012/109/dail/4", "chamber": {"showAs": "D\u00e1il", "uri": "/house/dail"}, "dates": [{"date": "2012-12-13"}], "progressStage": 4}}, {"event": {"showAs": "Fifth Stage", "uri": "/bill/2012/109/dail/5", "chamber": {"showAs": "D\u00e1il", "uri": "/house/dail"}, "dates": [{"date": "2012-12-13"}], "progressStage": 5}}, {"event": {"showAs": "Second Stage", "uri": "/bill/2012/109/seanad/2", "chamber": {"showAs": "Seanad", "uri": "/house/seanad"}, "dates": [{"date": "2012-12-18"}], "progressStage": 6}}, {"event": {"showAs": "Third Stage", "uri": "/bill/2012/109/seanad/3", "chamber": {"showAs": "Seanad", "uri": "/house/seanad"}, "dates": [{"date": "2012-12-19"}], "progressStage": 7}}, {"event": {"showAs": "Fourth Stage", "uri": "/bill/2012/109/seanad/4", "chamber": {"showAs": "Seanad", "uri": "/house/seanad"}, "dates": [{"date": "2012-12-20"}], "progressStage": 8}}, {"event": {"showAs": "Enacted", "uri": "/bill/2012/109/seanad/5", "chamber": null, "dates": [{"date": "2012-12-21"}], "progressStage": 10}}, {"event": {"showAs": "Enacted", "uri": "/bill/2012/109/seanad/5", "chamber": null, "dates": [{"date": "2012-12-21"}], "progressStage": 10}}], "shortTitle": "Social Welfare Bill 2012", "longTitle": "Bill entitled An Act to amend and extend the Social Welfare Acts and to amend the Redundancy Payments Act 1967", "amendmentLists": [], "billType": "Public", "billNo": "109", "versions": [], "events": [], "billYear": "2012", "originHouse": {"showAs": "D\u00e1il \u00c9ireann", "uri": "/house/dail"}, "uri": "/bill/2012/109", "status": "Enacted", "_id": "bill.2012.109", "sponsors": [{"sponsor": {"as": {"showAs": "Minister for Social Protection", "uri": "/office/minister/social_protection"}, "by": {"showAs": "Joan Burton", "uri": "/member/Joan-Burton.D.1992-12-14"}}}], "act": {"dateSigned": "2012-12-21", "shortTitle": "Social Welfare Act 2012", "actYear": "2012", "uri": "/act/2012/43", "longTitle": "An Act to amend and extend the Social Welfare Acts and to amend the Redundancy Payments Act 1967", "actNo": "43", "statuteBookURI": "http://www.irishstatutebook.ie/eli/2012/act/43"}, "method": "Presentation"}