{"stages": [{"event": {"showAs": "First Stage", "uri": "/bill/2012/40/dail/1", "chamber": {"showAs": "D\u00e1il", "uri": "/house/dail"}, "dates": [{"date": "2012-05-04"}], "progressStage": 1}}, {"event": {"showAs": "Second Stage", "uri": "/bill/2012/40/dail/2", "chamber": {"showAs": "D\u00e1il", "uri": "/house/dail"}, "dates": [{"date": "2012-05-23"}], "progressStage": 2}}, {"event": {"showAs": "Third Stage", "uri": "/bill/2012/40/dail/3", "chamber": {"showAs": "D\u00e1il", "uri": "/house/dail"}, "dates": [{"date": "2012-05-24"}], "progressStage": 3}}, {"event": {"showAs": "Fourth Stage", "uri": "/bill/2012/40/dail/4", "chamber": {"showAs": "D\u00e1il", "uri": "/house/dail"}, "dates": [{"date": "2012-05-24"}], "progressStage": 4}}, {"event": {"showAs": "Fifth Stage", "uri": "/bill/2012/40/dail/5", "chamber": {"showAs": "D\u00e1il", "uri": "/house/dail"}, "dates": [{"date": "2012-05-24"}], "progressStage": 5}}, {"event": {"showAs": "Second Stage", "uri": "/bill/2012/40/seanad/2", "chamber": {"showAs": "Seanad", "uri": "/house/seanad"}, "dates": [{"date": "2012-06-06"}], "progressStage": 6}}, {"event": {"showAs": "Third Stage", "uri": "/bill/2012/40/seanad/3", "chamber": {"showAs": "Seanad", "uri": "/house/seanad"}, "dates": [{"date": "2012-06-07"}], "progressStage": 7}}, {"event": {"showAs": "Fourth Stage", "uri": "/bill/2012/40/seanad/4", "chamber": {"showAs": "Seanad", "uri": "/house/seanad"}, "dates": [{"date": "2012-06-07"}], "progressStage": 8}}, {"event": {"showAs": "Enacted", "uri": "/bill/2012/40/seanad/5", "chamber": null, "dates": [{"date": "2012-06-08"}], "progressStage": 10}}, {"event": {"showAs": "Enacted", "uri": "/bill/2012/40/seanad/5", "chamber": null, "dates": [{"date": "2012-06-08"}], "progressStage": 10}}], "shortTitle": "Local Government (Miscellaneous Provisions) Bill 2012", "longTitle": "Bill entitled An Act to amend the Local Government Services (Corporate Bodies) Act 1971; to dissolve certain bodies established pursuant to that Act; to revoke certain Orders made pursuant to that Act; to dissolve An Chomhairle Leabharlanna; and to provide for related matters", "amendmentLists": [], "billType": "Public", "billNo": "40", "versions": [], "events": [], "billYear": "2012", "originHouse": {"showAs": "D\u00e1il \u00c9ireann", "uri": "/house/dail"}, "uri": "/bill/2012/40", "status": "Enacted", "_id": "bill.2012.40", "sponsors": [{"sponsor": {"as": {"showAs": "Minister for the Environment, Community and Local Government", "uri": "/office/minister/environment__community__local_government"}, "by": {"showAs": "Phil Hogan", "uri": "/member/Phil-Hogan.S.1987-04-25"}}}], "act": {"dateSigned": "2012-06-08", "shortTitle": "Local Government (Miscellaneous Provisions) Act 2012", "actYear": "2012", "uri": "/act/2012/17", "longTitle": "An Act to amend the Local Government Services (Corporate Bodies) Act 1971; to dissolve certain bodies established pursuant to that Act; to revoke certain Orders made pursuant to that Act; to dissolve An Chomhairle Leabharlanna; and to provide for related matters", "actNo": "17", "statuteBookURI": "http://www.irishstatutebook.ie/eli/2012/act/17"}, "method": "Presentation"}