{"billNo": "95", "billType": "Public", "versions": [], "longTitle": "Bill entitled An Act to provide for the registration in the State\u2019s vital record registration system of resident citizens\u2019 deaths that occur outside the State\u0000", "uri": "/bill/2012/95", "events": [{"progressStage": null, "event": {"chamber": {"showAs": null, "uri": null}, "showAs": "Lapsed", "dates": [{"date": "2016-02-03"}], "uri": "/bill/2012/95/lapsed"}}], "_id": "bill.2012.95", "amendmentLists": [], "sponsors": [{"sponsor": {"as": {"showAs": null, "uri": null}, "by": {"showAs": "Leo Varadkar", "uri": "/member/Leo-Varadkar.D.2007-06-14"}}}], "method": "Introduction", "shortTitle": "Civil Registration (Amendment) (Domestic Registration of Death Records) Bill 2012", "stages": [{"event": {"progressStage": 1, "chamber": {"showAs": "D\u00e1il", "uri": "/house/dail"}, "showAs": "First Stage", "dates": [{"date": "2012-11-06"}], "uri": "/bill/2012/95/dail/1"}}], "originHouse": {"showAs": "D\u00e1il \u00c9ireann", "uri": "/house/dail"}, "billYear": "2012", "act": null}