{"stages": [{"event": {"showAs": "First Stage", "uri": "/bill/2012/86/seanad/1", "chamber": {"showAs": "Seanad", "uri": "/house/seanad"}, "dates": [{"date": "2012-10-11"}], "progressStage": 1}}, {"event": {"showAs": "Second Stage", "uri": "/bill/2012/86/seanad/2", "chamber": {"showAs": "Seanad", "uri": "/house/seanad"}, "dates": [{"date": "2012-10-17"}], "progressStage": 2}}], "shortTitle": "Mortgage Credit (Loans and Bonds) Bill 2012", "longTitle": "Bill entitled An Act to create and regulate a mortgage-credit loans and bonds system, for the purposes of the orderly operation of the market for mortgages, such that economic activity is encouraged and property is improved via a system of mortgage-credit loans and mortgage-credit bonds", "amendmentLists": [], "billType": "Public", "billNo": "86", "versions": [], "events": [{"event": {"showAs": "Lapsed", "progressStage": null, "chamber": {"showAs": null, "uri": null}, "dates": [{"date": "2016-02-03"}], "uri": "/bill/2012/86/lapsed"}}], "billYear": "2012", "originHouse": {"showAs": "Seanad \u00c9ireann", "uri": "/house/seanad"}, "uri": "/bill/2012/86", "status": "Lapsed", "_id": "bill.2012.86", "sponsors": [{"sponsor": {"as": {"showAs": null, "uri": null}, "by": {"showAs": "Ruair\u00ed Quinn", "uri": "/member/Ruair\u00ed-Quinn.S.1976-07-01"}}}], "act": null, "method": "Presentation"}