{"stages": [{"event": {"showAs": "First Stage", "uri": "/bill/2012/116/dail/1", "chamber": {"showAs": "D\u00e1il", "uri": "/house/dail"}, "dates": [{"date": "2012-12-13"}], "progressStage": 1}}, {"event": {"showAs": "Second Stage", "uri": "/bill/2012/116/dail/2", "chamber": {"showAs": "D\u00e1il", "uri": "/house/dail"}, "dates": [{"date": "2013-04-23"}, {"date": "2013-04-25"}], "progressStage": 2}}, {"event": {"showAs": "Fourth Stage", "uri": "/bill/2012/116/dail/4", "chamber": {"showAs": "D\u00e1il", "uri": "/house/dail"}, "dates": [{"date": "2014-03-25"}], "progressStage": 3}}, {"event": {"showAs": "Fifth Stage", "uri": "/bill/2012/116/dail/5", "chamber": {"showAs": "D\u00e1il", "uri": "/house/dail"}, "dates": [{"date": "2014-04-02"}, {"date": "2014-12-10"}], "progressStage": 4}}, {"event": {"showAs": "Second Stage", "uri": "/bill/2012/116/seanad/2", "chamber": {"showAs": "Seanad", "uri": "/house/seanad"}, "dates": [{"date": "2014-06-10"}], "progressStage": 5}}, {"event": {"showAs": "Third Stage", "uri": "/bill/2012/116/seanad/3", "chamber": {"showAs": "Seanad", "uri": "/house/seanad"}, "dates": [{"date": "2014-06-17"}], "progressStage": 6}}, {"event": {"showAs": "Fourth Stage", "uri": "/bill/2012/116/seanad/4", "chamber": {"showAs": "Seanad", "uri": "/house/seanad"}, "dates": [{"date": "2014-09-30"}], "progressStage": 7}}, {"event": {"showAs": "Enacted", "uri": "/bill/2012/116/seanad/5", "chamber": null, "dates": [{"date": "2014-12-23"}], "progressStage": 9}}, {"event": {"showAs": "Enacted", "uri": "/bill/2012/116/seanad/5", "chamber": null, "dates": [{"date": "2014-12-23"}], "progressStage": 9}}], "shortTitle": "Companies Bill 2012", "longTitle": "Bill entitled An Act to consolidate, with amendments, certain enactments relating to companies and to provide for related matters\u0000", "amendmentLists": [], "billType": "Public", "billNo": "116", "versions": [], "events": [], "billYear": "2012", "originHouse": {"showAs": "D\u00e1il \u00c9ireann", "uri": "/house/dail"}, "uri": "/bill/2012/116", "status": "Enacted", "_id": "bill.2012.116", "sponsors": [{"sponsor": {"as": {"showAs": "Minister for Jobs, Enterprise and Innovation", "uri": "/office/minister/jobs__enterprise__innovation"}, "by": {"showAs": "Richard Bruton", "uri": "/member/Richard-Bruton.S.1981-10-08"}}}], "act": {"dateSigned": "2014-12-23", "shortTitle": "Companies Act 2014", "actYear": "2014", "uri": "/act/2014/38", "longTitle": "An Act to consolidate, with amendments, certain enactments relating to companies and to provide for related matters\u0000", "actNo": "38", "statuteBookURI": "http://www.irishstatutebook.ie/eli/2014/act/38"}, "method": "Presentation"}