{"stages": [{"event": {"showAs": "First Stage", "uri": "/bill/2012/9/seanad/1", "chamber": {"showAs": "Seanad", "uri": "/house/seanad"}, "dates": [{"date": "2012-02-16"}], "progressStage": 1}}, {"event": {"showAs": "Second Stage", "uri": "/bill/2012/9/seanad/2", "chamber": {"showAs": "Seanad", "uri": "/house/seanad"}, "dates": [{"date": "2012-02-22"}], "progressStage": 2}}], "shortTitle": "Wind Turbines Bill 2012", "longTitle": "Bill entitled An Act to make provision for a minimum distance between wind turbines and residential premises according to the size of the wind turbine; and for connected purposes", "amendmentLists": [], "billType": "Public", "billNo": "9", "versions": [], "events": [{"event": {"showAs": "Lapsed", "progressStage": null, "chamber": {"showAs": null, "uri": null}, "dates": [{"date": "2016-02-03"}], "uri": "/bill/2012/9/lapsed"}}], "billYear": "2012", "originHouse": {"showAs": "Seanad \u00c9ireann", "uri": "/house/seanad"}, "uri": "/bill/2012/9", "status": "Lapsed", "_id": "bill.2012.9", "sponsors": [{"sponsor": {"as": {"showAs": null, "uri": null}, "by": {"showAs": "Phil Hogan", "uri": "/member/Phil-Hogan.S.1987-04-25"}}}], "act": null, "method": "Presentation"}