{"stages": [{"event": {"showAs": "First Stage", "uri": "/bill/2008/36/seanad/1", "chamber": {"showAs": "Seanad", "uri": "/house/seanad"}, "dates": [{"date": "2008-06-19"}], "progressStage": 1}}, {"event": {"showAs": "Second Stage", "uri": "/bill/2008/36/seanad/2", "chamber": {"showAs": "Seanad", "uri": "/house/seanad"}, "dates": [{"date": "2008-06-25"}, {"date": "2009-12-02"}], "progressStage": 2}}, {"event": {"showAs": "Third Stage", "uri": "/bill/2008/36/seanad/3", "chamber": {"showAs": "Seanad", "uri": "/house/seanad"}, "dates": [{"date": "2009-12-02"}, {"date": "2011-03-23"}, {"date": "2011-03-24"}], "progressStage": 3}}, {"event": {"showAs": "Fourth Stage", "uri": "/bill/2008/36/seanad/4", "chamber": {"showAs": "Seanad", "uri": "/house/seanad"}, "dates": [{"date": "2011-03-24"}], "progressStage": 4}}, {"event": {"showAs": "Fifth Stage", "uri": "/bill/2008/36/seanad/5", "chamber": {"showAs": "Seanad", "uri": "/house/seanad"}, "dates": [{"date": "2011-03-24"}], "progressStage": 5}}, {"event": {"showAs": "Second Stage", "uri": "/bill/2008/36/dail/2", "chamber": {"showAs": "D\u00e1il", "uri": "/house/dail"}, "dates": [{"date": "2015-12-08"}], "progressStage": 6}}, {"event": {"showAs": "Third Stage", "uri": "/bill/2008/36/dail/3", "chamber": {"showAs": "D\u00e1il", "uri": "/house/dail"}, "dates": [{"date": "2015-12-08"}], "progressStage": 7}}, {"event": {"showAs": "Fourth Stage", "uri": "/bill/2008/36/dail/4", "chamber": {"showAs": "D\u00e1il", "uri": "/house/dail"}, "dates": [{"date": "2015-12-08"}], "progressStage": 8}}, {"event": {"showAs": "Fifth Stage", "uri": "/bill/2008/36/dail/5", "chamber": {"showAs": "D\u00e1il", "uri": "/house/dail"}, "dates": [{"date": "2015-12-08"}], "progressStage": 9}}], "shortTitle": "Mental Health (Amendment) Bill 2008", "longTitle": "Bill entitled An Act to amend the law on Mental Health in relation to the use of involuntary procedures", "amendmentLists": [], "billType": "Public", "billNo": "36", "versions": [], "events": [], "billYear": "2008", "originHouse": {"showAs": "Seanad \u00c9ireann", "uri": "/house/seanad"}, "uri": "/bill/2008/36", "status": "Enacted", "_id": "bill.2008.36", "sponsors": [{"sponsor": {"as": {"showAs": null, "uri": null}, "by": {"showAs": "Dermot Ahern", "uri": "/member/Dermot-Ahern.D.1987-03-10"}}}, {"sponsor": {"as": {"showAs": null, "uri": null}, "by": {"showAs": "Dermot Ahern", "uri": "/member/Dermot-Ahern.D.1987-03-10"}}}, {"sponsor": {"as": {"showAs": null, "uri": null}, "by": {"showAs": "Dermot Ahern", "uri": "/member/Dermot-Ahern.D.1987-03-10"}}}], "act": null, "method": "Introduction"}