{
  "dateOfBirth": null,
  "dateOfDeath": null,
  "firstName": "Peter",
  "fullName": "Peter Mathews",
  "gender": null,
  "image": "http://www.oireachtas.ie//MembersImages/2287k.jpg",
  "lastName": "Mathews",
  "memberships": [
    {
      "membership": {
        "dateRange": {
          "end": "2016-03-09",
          "start": "2011-03-09"
        },
        "house": {
          "showAs": "31st D\u00e1il",
          "uri": "http://oireachtas.ie/ie/oireachtas/house/dail/31"
        },
        "offices": [],
        "parties": [
          {
            "party": {
              "dateRange": {
                "end": "2013-07-02",
                "start": "2011-02-25"
              },
              "showAs": "Fine Gael",
              "uri": "http://oireachtas.ie/ie/oireachtas/party/dail/31/Fine_Gael"
            }
          },
          {
            "party": {
              "dateRange": {
                "end": "2016-03-09",
                "start": "2013-07-02"
              },
              "showAs": "Independent",
              "uri": "http://oireachtas.ie/ie/oireachtas/party/dail/31/Independent"
            }
          }
        ],
        "represents": [
          {
            "represent": {
              "showAs": "Dublin South",
              "uri": "http://oireachtas.ie/ie/oireachtas/house/dail/31/constituency/Dublin-South"
            }
          }
        ],
        "uri": "http://oireachtas.ie/ie/oireachtas/member/Peter-Mathews.D.2011-03-09/dail/31"
      }
    }
  ],
  "profession": null,
  "showAs": "Mr. Peter Mathews",
  "uri": "http://oireachtas.ie/ie/oireachtas/member/Peter-Mathews.D.2011-03-09"
}