{
  "dateOfBirth": "1891-06-20",
  "dateOfDeath": "1976-01-05",
  "firstName": "John Aloysius",
  "fullName": "John Aloysius Costello",
  "gender": null,
  "image": "http://www.oireachtas.ie//MembersImages/241f.jpg",
  "lastName": "Costello",
  "memberships": [
    {
      "membership": {
        "dateRange": {
          "end": "1937-06-14",
          "start": "1933-02-08"
        },
        "house": {
          "showAs": "8th D\u00e1il",
          "uri": "http://oireachtas.ie/ie/oireachtas/house/dail/8"
        },
        "offices": [],
        "parties": [
          {
            "party": {
              "dateRange": {
                "end": "1937-06-14",
                "start": "1933-01-24"
              },
              "showAs": "Cumann na nGaedheal",
              "uri": "http://oireachtas.ie/ie/oireachtas/party/dail/8/Cumann_na_nGaedheal"
            }
          }
        ],
        "represents": [
          {
            "represent": {
              "showAs": "Dublin County",
              "uri": "http://oireachtas.ie/ie/oireachtas/house/dail/8/constituency/Dublin-County"
            }
          }
        ],
        "uri": "http://oireachtas.ie/ie/oireachtas/member/John-Aloysius-Costello.D.1933-02-08/dail/8"
      }
    },
    {
      "membership": {
        "dateRange": {
          "end": "1938-05-27",
          "start": "1937-07-21"
        },
        "house": {
          "showAs": "9th D\u00e1il",
          "uri": "http://oireachtas.ie/ie/oireachtas/house/dail/9"
        },
        "offices": [],
        "parties": [
          {
            "party": {
              "dateRange": {
                "end": "1938-05-27",
                "start": "1937-07-01"
              },
              "showAs": "Fine Gael",
              "uri": "http://oireachtas.ie/ie/oireachtas/party/dail/9/Fine_Gael"
            }
          }
        ],
        "represents": [
          {
            "represent": {
              "showAs": "Dublin Townships",
              "uri": "http://oireachtas.ie/ie/oireachtas/house/dail/9/constituency/Dublin-Townships"
            }
          }
        ],
        "uri": "http://oireachtas.ie/ie/oireachtas/member/John-Aloysius-Costello.D.1933-02-08/dail/9"
      }
    },
    {
      "membership": {
        "dateRange": {
          "end": "1943-05-31",
          "start": "1938-06-30"
        },
        "house": {
          "showAs": "10th D\u00e1il",
          "uri": "http://oireachtas.ie/ie/oireachtas/house/dail/10"
        },
        "offices": [],
        "parties": [
          {
            "party": {
              "dateRange": {
                "end": "1943-05-31",
                "start": "1938-06-17"
              },
              "showAs": "Fine Gael",
              "uri": "http://oireachtas.ie/ie/oireachtas/party/dail/10/Fine_Gael"
            }
          }
        ],
        "represents": [
          {
            "represent": {
              "showAs": "Dublin Townships",
              "uri": "http://oireachtas.ie/ie/oireachtas/house/dail/10/constituency/Dublin-Townships"
            }
          }
        ],
        "uri": "http://oireachtas.ie/ie/oireachtas/member/John-Aloysius-Costello.D.1933-02-08/dail/10"
      }
    },
    {
      "membership": {
        "dateRange": {
          "end": "1948-01-12",
          "start": "1944-06-09"
        },
        "house": {
          "showAs": "12th D\u00e1il",
          "uri": "http://oireachtas.ie/ie/oireachtas/house/dail/12"
        },
        "offices": [],
        "parties": [
          {
            "party": {
              "dateRange": {
                "end": "1948-01-12",
                "start": "1944-05-30"
              },
              "showAs": "Fine Gael",
              "uri": "http://oireachtas.ie/ie/oireachtas/party/dail/12/Fine_Gael"
            }
          }
        ],
        "represents": [
          {
            "represent": {
              "showAs": "Dublin Townships",
              "uri": "http://oireachtas.ie/ie/oireachtas/house/dail/12/constituency/Dublin-Townships"
            }
          }
        ],
        "uri": "http://oireachtas.ie/ie/oireachtas/member/John-Aloysius-Costello.D.1933-02-08/dail/12"
      }
    },
    {
      "membership": {
        "dateRange": {
          "end": "1951-05-07",
          "start": "1948-02-18"
        },
        "house": {
          "showAs": "13th D\u00e1il",
          "uri": "http://oireachtas.ie/ie/oireachtas/house/dail/13"
        },
        "offices": [
          {
            "office": {
              "cabinet": {
                "showAs": "Government of the 13th D\u00e1il",
                "uri": "http://oireachtas.ie/ie/oireachtas/cabinet/dail/13"
              },
              "dateRange": {
                "end": "1951-06-13",
                "start": "1948-02-18"
              },
              "officeName": {
                "showAs": "Taoiseach",
                "uri": "http://oireachtas.ie/ie/oireachtas/office/taoiseach"
              }
            }
          },
          {
            "office": {
              "cabinet": {
                "showAs": "Government of the 13th D\u00e1il",
                "uri": "http://oireachtas.ie/ie/oireachtas/cabinet/dail/13"
              },
              "dateRange": {
                "end": "1951-06-13",
                "start": "1951-04-12"
              },
              "officeName": {
                "showAs": "Minister for Health",
                "uri": "http://oireachtas.ie/ie/oireachtas/office/minister/health"
              }
            }
          }
        ],
        "parties": [
          {
            "party": {
              "dateRange": {
                "end": "1951-05-07",
                "start": "1948-02-04"
              },
              "showAs": "Fine Gael",
              "uri": "http://oireachtas.ie/ie/oireachtas/party/dail/13/Fine_Gael"
            }
          }
        ],
        "represents": [
          {
            "represent": {
              "showAs": "Dublin South\u2013East",
              "uri": "http://oireachtas.ie/ie/oireachtas/house/dail/13/constituency/Dublin-South\u2013East"
            }
          }
        ],
        "uri": "http://oireachtas.ie/ie/oireachtas/member/John-Aloysius-Costello.D.1933-02-08/dail/13"
      }
    },
    {
      "membership": {
        "dateRange": {
          "end": "1954-04-24",
          "start": "1951-06-13"
        },
        "house": {
          "showAs": "14th D\u00e1il",
          "uri": "http://oireachtas.ie/ie/oireachtas/house/dail/14"
        },
        "offices": [],
        "parties": [
          {
            "party": {
              "dateRange": {
                "end": "1954-04-24",
                "start": "1951-05-30"
              },
              "showAs": "Fine Gael",
              "uri": "http://oireachtas.ie/ie/oireachtas/party/dail/14/Fine_Gael"
            }
          }
        ],
        "represents": [
          {
            "represent": {
              "showAs": "Dublin South\u2013East",
              "uri": "http://oireachtas.ie/ie/oireachtas/house/dail/14/constituency/Dublin-South\u2013East"
            }
          }
        ],
        "uri": "http://oireachtas.ie/ie/oireachtas/member/John-Aloysius-Costello.D.1933-02-08/dail/14"
      }
    },
    {
      "membership": {
        "dateRange": {
          "end": "1957-02-12",
          "start": "1954-06-02"
        },
        "house": {
          "showAs": "15th D\u00e1il",
          "uri": "http://oireachtas.ie/ie/oireachtas/house/dail/15"
        },
        "offices": [
          {
            "office": {
              "cabinet": {
                "showAs": "Government of the 15th D\u00e1il",
                "uri": "http://oireachtas.ie/ie/oireachtas/cabinet/dail/15"
              },
              "dateRange": {
                "end": "1957-03-20",
                "start": "1954-06-02"
              },
              "officeName": {
                "showAs": "Taoiseach",
                "uri": "http://oireachtas.ie/ie/oireachtas/office/taoiseach"
              }
            }
          }
        ],
        "parties": [
          {
            "party": {
              "dateRange": {
                "end": "1957-02-12",
                "start": "1954-05-18"
              },
              "showAs": "Fine Gael",
              "uri": "http://oireachtas.ie/ie/oireachtas/party/dail/15/Fine_Gael"
            }
          }
        ],
        "represents": [
          {
            "represent": {
              "showAs": "Dublin South\u2013East",
              "uri": "http://oireachtas.ie/ie/oireachtas/house/dail/15/constituency/Dublin-South\u2013East"
            }
          }
        ],
        "uri": "http://oireachtas.ie/ie/oireachtas/member/John-Aloysius-Costello.D.1933-02-08/dail/15"
      }
    },
    {
      "membership": {
        "dateRange": {
          "end": "1961-09-15",
          "start": "1957-03-20"
        },
        "house": {
          "showAs": "16th D\u00e1il",
          "uri": "http://oireachtas.ie/ie/oireachtas/house/dail/16"
        },
        "offices": [],
        "parties": [
          {
            "party": {
              "dateRange": {
                "end": "1961-09-15",
                "start": "1957-03-05"
              },
              "showAs": "Fine Gael",
              "uri": "http://oireachtas.ie/ie/oireachtas/party/dail/16/Fine_Gael"
            }
          }
        ],
        "represents": [
          {
            "represent": {
              "showAs": "Dublin South\u2013East",
              "uri": "http://oireachtas.ie/ie/oireachtas/house/dail/16/constituency/Dublin-South\u2013East"
            }
          }
        ],
        "uri": "http://oireachtas.ie/ie/oireachtas/member/John-Aloysius-Costello.D.1933-02-08/dail/16"
      }
    },
    {
      "membership": {
        "dateRange": {
          "end": "1965-03-18",
          "start": "1961-10-11"
        },
        "house": {
          "showAs": "17th D\u00e1il",
          "uri": "http://oireachtas.ie/ie/oireachtas/house/dail/17"
        },
        "offices": [],
        "parties": [
          {
            "party": {
              "dateRange": {
                "end": "1965-03-18",
                "start": "1961-10-04"
              },
              "showAs": "Fine Gael",
              "uri": "http://oireachtas.ie/ie/oireachtas/party/dail/17/Fine_Gael"
            }
          }
        ],
        "represents": [
          {
            "represent": {
              "showAs": "Dublin South\u2013East",
              "uri": "http://oireachtas.ie/ie/oireachtas/house/dail/17/constituency/Dublin-South\u2013East"
            }
          }
        ],
        "uri": "http://oireachtas.ie/ie/oireachtas/member/John-Aloysius-Costello.D.1933-02-08/dail/17"
      }
    },
    {
      "membership": {
        "dateRange": {
          "end": "1969-05-22",
          "start": "1965-04-21"
        },
        "house": {
          "showAs": "18th D\u00e1il",
          "uri": "http://oireachtas.ie/ie/oireachtas/house/dail/18"
        },
        "offices": [],
        "parties": [
          {
            "party": {
              "dateRange": {
                "end": "1969-05-22",
                "start": "1965-04-07"
              },
              "showAs": "Fine Gael",
              "uri": "http://oireachtas.ie/ie/oireachtas/party/dail/18/Fine_Gael"
            }
          }
        ],
        "represents": [
          {
            "represent": {
              "showAs": "Dublin South\u2013East",
              "uri": "http://oireachtas.ie/ie/oireachtas/house/dail/18/constituency/Dublin-South\u2013East"
            }
          }
        ],
        "uri": "http://oireachtas.ie/ie/oireachtas/member/John-Aloysius-Costello.D.1933-02-08/dail/18"
      }
    }
  ],
  "profession": "Senior Counsel",
  "showAs": "Mr. John Aloysius Costello",
  "uri": "http://oireachtas.ie/ie/oireachtas/member/John-Aloysius-Costello.D.1933-02-08"
}