{
  "dateOfBirth": "1886-12-08",
  "dateOfDeath": "1951-03-26",
  "firstName": "James",
  "fullName": "James Geoghehan",
  "gender": null,
  "image": "http://www.oireachtas.ie//MembersImages/452.jpg",
  "lastName": "Geoghehan",
  "memberships": [
    {
      "membership": {
        "dateRange": {
          "end": "1932-01-29",
          "start": "1930-06-13"
        },
        "house": {
          "showAs": "6th D\u00e1il",
          "uri": "http://oireachtas.ie/ie/oireachtas/house/dail/6"
        },
        "offices": [],
        "parties": [],
        "represents": [
          {
            "represent": {
              "showAs": "Longford\u2013Westmeath",
              "uri": "http://oireachtas.ie/ie/oireachtas/house/dail/6/constituency/Longford\u2013Westmeath"
            }
          }
        ],
        "uri": "http://oireachtas.ie/ie/oireachtas/member/James-Geoghehan.D.1930-06-13/dail/6"
      }
    },
    {
      "membership": {
        "dateRange": {
          "end": "1933-01-02",
          "start": "1932-03-09"
        },
        "house": {
          "showAs": "7th D\u00e1il",
          "uri": "http://oireachtas.ie/ie/oireachtas/house/dail/7"
        },
        "offices": [
          {
            "office": {
              "cabinet": {
                "showAs": "Government of the 7th D\u00e1il",
                "uri": "http://oireachtas.ie/ie/oireachtas/cabinet/dail/7"
              },
              "dateRange": {
                "end": "1933-02-08",
                "start": "1932-03-09"
              },
              "officeName": {
                "showAs": "Minister for Justice",
                "uri": "http://oireachtas.ie/ie/oireachtas/office/minister/justice"
              }
            }
          }
        ],
        "parties": [
          {
            "party": {
              "dateRange": {
                "end": "1933-01-02",
                "start": "1932-02-16"
              },
              "showAs": "Fianna F\u00e1il",
              "uri": "http://oireachtas.ie/ie/oireachtas/party/dail/7/Fianna_F\u00e1il"
            }
          }
        ],
        "represents": [
          {
            "represent": {
              "showAs": "Longford\u2013Westmeath",
              "uri": "http://oireachtas.ie/ie/oireachtas/house/dail/7/constituency/Longford\u2013Westmeath"
            }
          }
        ],
        "uri": "http://oireachtas.ie/ie/oireachtas/member/James-Geoghehan.D.1930-06-13/dail/7"
      }
    },
    {
      "membership": {
        "dateRange": {
          "end": "1937-06-14",
          "start": "1933-02-08"
        },
        "house": {
          "showAs": "8th D\u00e1il",
          "uri": "http://oireachtas.ie/ie/oireachtas/house/dail/8"
        },
        "offices": [],
        "parties": [
          {
            "party": {
              "dateRange": {
                "end": "1937-06-14",
                "start": "1933-01-24"
              },
              "showAs": "Fianna F\u00e1il",
              "uri": "http://oireachtas.ie/ie/oireachtas/party/dail/8/Fianna_F\u00e1il"
            }
          }
        ],
        "represents": [
          {
            "represent": {
              "showAs": "Longford\u2013Westmeath",
              "uri": "http://oireachtas.ie/ie/oireachtas/house/dail/8/constituency/Longford\u2013Westmeath"
            }
          }
        ],
        "uri": "http://oireachtas.ie/ie/oireachtas/member/James-Geoghehan.D.1930-06-13/dail/8"
      }
    }
  ],
  "profession": "Senior Counsel; Supreme Court Judge",
  "showAs": "Mr. James Geoghegan",
  "uri": "http://oireachtas.ie/ie/oireachtas/member/James-Geoghehan.D.1930-06-13"
}