{
  "dateOfBirth": null,
  "dateOfDeath": null,
  "firstName": "Mick",
  "fullName": "Mick Wallace",
  "gender": null,
  "image": "http://www.oireachtas.ie//MembersImages/2310u.jpg",
  "lastName": "Wallace",
  "memberships": [
    {
      "membership": {
        "dateRange": {
          "end": "2016-03-09",
          "start": "2011-03-09"
        },
        "house": {
          "showAs": "31st D\u00e1il",
          "uri": "http://oireachtas.ie/ie/oireachtas/house/dail/31"
        },
        "offices": [],
        "parties": [
          {
            "party": {
              "dateRange": {
                "end": "2016-03-09",
                "start": "2011-02-25"
              },
              "showAs": "Independent",
              "uri": "http://oireachtas.ie/ie/oireachtas/party/dail/31/Independent"
            }
          }
        ],
        "represents": [
          {
            "represent": {
              "showAs": "Wexford",
              "uri": "http://oireachtas.ie/ie/oireachtas/house/dail/31/constituency/Wexford"
            }
          }
        ],
        "uri": "http://oireachtas.ie/ie/oireachtas/member/Mick-Wallace.D.2011-03-09/dail/31"
      }
    }
  ],
  "profession": null,
  "showAs": "Mr. Mick Wallace",
  "uri": "http://oireachtas.ie/ie/oireachtas/member/Mick-Wallace.D.2011-03-09"
}