{
  "dateOfBirth": null,
  "dateOfDeath": null,
  "firstName": "William John",
  "fullName": "William John Molloy",
  "gender": null,
  "image": null,
  "lastName": "Molloy",
  "memberships": [
    {
      "membership": {
        "dateRange": {
          "end": "1925-12-05",
          "start": "1922-12-06"
        },
        "house": {
          "showAs": "1922 Seanad",
          "uri": "http://oireachtas.ie/ie/oireachtas/house/seanad/1922"
        },
        "offices": [],
        "parties": [],
        "represents": [
          {
            "represent": {
              "showAs": "1922",
              "uri": "http://oireachtas.ie/ie/oireachtas/house/seanad/1922/panel/1922"
            }
          }
        ],
        "uri": "http://oireachtas.ie/ie/oireachtas/member/William-John-Molloy.S.1922-06-12/seanad/1922"
      }
    },
    {
      "membership": {
        "dateRange": {
          "end": "1928-12-05",
          "start": "1925-12-06"
        },
        "house": {
          "showAs": "1925 Seanad",
          "uri": "http://oireachtas.ie/ie/oireachtas/house/seanad/1925"
        },
        "offices": [],
        "parties": [],
        "represents": [
          {
            "represent": {
              "showAs": "1925",
              "uri": "http://oireachtas.ie/ie/oireachtas/house/seanad/1925/panel/1925"
            }
          }
        ],
        "uri": "http://oireachtas.ie/ie/oireachtas/member/William-John-Molloy.S.1922-06-12/seanad/1925"
      }
    },
    {
      "membership": {
        "dateRange": {
          "end": "1931-12-05",
          "start": "1928-12-06"
        },
        "house": {
          "showAs": "1928 Seanad",
          "uri": "http://oireachtas.ie/ie/oireachtas/house/seanad/1928"
        },
        "offices": [],
        "parties": [],
        "represents": [
          {
            "represent": {
              "showAs": "1928",
              "uri": "http://oireachtas.ie/ie/oireachtas/house/seanad/1928/panel/1928"
            }
          }
        ],
        "uri": "http://oireachtas.ie/ie/oireachtas/member/William-John-Molloy.S.1922-06-12/seanad/1928"
      }
    }
  ],
  "profession": "Farmer",
  "showAs": "Mr. William John Molloy",
  "uri": "http://oireachtas.ie/ie/oireachtas/member/William-John-Molloy.S.1922-06-12"
}