{
  "dateOfBirth": null,
  "dateOfDeath": null,
  "firstName": "Matthew",
  "fullName": "Matthew Davis",
  "gender": null,
  "image": null,
  "lastName": "Davis",
  "memberships": [
    {
      "membership": {
        "dateRange": {
          "end": "1938-05-27",
          "start": "1937-07-21"
        },
        "house": {
          "showAs": "9th D\u00e1il",
          "uri": "http://oireachtas.ie/ie/oireachtas/house/dail/9"
        },
        "offices": [],
        "parties": [
          {
            "party": {
              "dateRange": {
                "end": "1938-05-27",
                "start": "1937-07-01"
              },
              "showAs": "Fianna F\u00e1il",
              "uri": "http://oireachtas.ie/ie/oireachtas/party/dail/9/Fianna_F\u00e1il"
            }
          }
        ],
        "represents": [
          {
            "represent": {
              "showAs": "Athlone\u2013Longford",
              "uri": "http://oireachtas.ie/ie/oireachtas/house/dail/9/constituency/Athlone\u2013Longford"
            }
          }
        ],
        "uri": "http://oireachtas.ie/ie/oireachtas/member/Matthew-Davis.D.1937-07-21/dail/9"
      }
    }
  ],
  "profession": null,
  "showAs": "Mr. Matt Davis",
  "uri": "http://oireachtas.ie/ie/oireachtas/member/Matthew-Davis.D.1937-07-21"
}