{
  "dateOfBirth": null,
  "dateOfDeath": null,
  "firstName": "Paudie",
  "fullName": "Paudie Coffey",
  "gender": null,
  "image": "http://www.oireachtas.ie//MembersImages/2237n.jpg",
  "lastName": "Coffey",
  "memberships": [
    {
      "membership": {
        "dateRange": {
          "end": "2011-04-25",
          "start": "2007-07-23"
        },
        "house": {
          "showAs": "23rd Seanad",
          "uri": "http://oireachtas.ie/ie/oireachtas/house/seanad/23"
        },
        "offices": [],
        "parties": [],
        "represents": [
          {
            "represent": {
              "showAs": "Industrial and Commercial",
              "uri": "http://oireachtas.ie/ie/oireachtas/house/seanad/23/panel/Industrial-and-Commercial"
            }
          }
        ],
        "uri": "http://oireachtas.ie/ie/oireachtas/member/Paudie-Coffey.S.2007-07-23/seanad/23"
      }
    },
    {
      "membership": {
        "dateRange": {
          "end": "2016-03-09",
          "start": "2011-03-09"
        },
        "house": {
          "showAs": "31st D\u00e1il",
          "uri": "http://oireachtas.ie/ie/oireachtas/house/dail/31"
        },
        "offices": [],
        "parties": [
          {
            "party": {
              "dateRange": {
                "end": "2016-03-09",
                "start": "2011-02-25"
              },
              "showAs": "Fine Gael",
              "uri": "http://oireachtas.ie/ie/oireachtas/party/dail/31/Fine_Gael"
            }
          }
        ],
        "represents": [
          {
            "represent": {
              "showAs": "Waterford",
              "uri": "http://oireachtas.ie/ie/oireachtas/house/dail/31/constituency/Waterford"
            }
          }
        ],
        "uri": "http://oireachtas.ie/ie/oireachtas/member/Paudie-Coffey.S.2007-07-23/dail/31"
      }
    }
  ],
  "profession": "Public Representative, Engineering Officer.",
  "showAs": "Mr. Paudie Coffey",
  "uri": "http://oireachtas.ie/ie/oireachtas/member/Paudie-Coffey.S.2007-07-23"
}