{
  "dateOfBirth": "1945-05-23",
  "dateOfDeath": null,
  "firstName": "James",
  "fullName": "James Breen",
  "gender": null,
  "image": "http://www.oireachtas.ie//MembersImages/33.jpg",
  "lastName": "Breen",
  "memberships": [
    {
      "membership": {
        "dateRange": {
          "end": "2007-04-30",
          "start": "2002-06-06"
        },
        "house": {
          "showAs": "29th D\u00e1il",
          "uri": "http://oireachtas.ie/ie/oireachtas/house/dail/29"
        },
        "offices": [],
        "parties": [
          {
            "party": {
              "dateRange": {
                "end": "2007-04-30",
                "start": "2002-05-17"
              },
              "showAs": "Independent",
              "uri": "http://oireachtas.ie/ie/oireachtas/party/dail/29/Independent"
            }
          }
        ],
        "represents": [
          {
            "represent": {
              "showAs": "Clare",
              "uri": "http://oireachtas.ie/ie/oireachtas/house/dail/29/constituency/Clare"
            }
          }
        ],
        "uri": "http://oireachtas.ie/ie/oireachtas/member/James-Breen.D.2002-06-06/dail/29"
      }
    }
  ],
  "profession": "Public Representative, Farmer",
  "showAs": "Mr. James Breen",
  "uri": "http://oireachtas.ie/ie/oireachtas/member/James-Breen.D.2002-06-06"
}