{
  "dateOfBirth": null,
  "dateOfDeath": "1980-11-25",
  "firstName": "Joseph Aloysius",
  "fullName": "Joseph Aloysius Sweeney",
  "gender": null,
  "image": null,
  "lastName": "Sweeney",
  "memberships": [
    {
      "membership": {
        "dateRange": {
          "end": "1921-05-10",
          "start": "1919-01-21"
        },
        "house": {
          "showAs": "1st D\u00e1il",
          "uri": "http://oireachtas.ie/ie/oireachtas/house/dail/1"
        },
        "offices": [],
        "parties": [],
        "represents": [
          {
            "represent": {
              "showAs": "Donegal West",
              "uri": "http://oireachtas.ie/ie/oireachtas/house/dail/1/constituency/Donegal-West"
            }
          }
        ],
        "uri": "http://oireachtas.ie/ie/oireachtas/member/Joseph-Aloysius-Sweeney.D.1919-01-21/dail/1"
      }
    },
    {
      "membership": {
        "dateRange": {
          "end": "1922-06-16",
          "start": "1921-08-16"
        },
        "house": {
          "showAs": "2nd D\u00e1il",
          "uri": "http://oireachtas.ie/ie/oireachtas/house/dail/2"
        },
        "offices": [],
        "parties": [
          {
            "party": {
              "dateRange": {
                "end": "1922-06-16",
                "start": "1921-05-24"
              },
              "showAs": "Sinn F\u00e9in",
              "uri": "http://oireachtas.ie/ie/oireachtas/party/dail/2/Sinn_F\u00e9in"
            }
          }
        ],
        "represents": [
          {
            "represent": {
              "showAs": "Donegal",
              "uri": "http://oireachtas.ie/ie/oireachtas/house/dail/2/constituency/Donegal"
            }
          }
        ],
        "uri": "http://oireachtas.ie/ie/oireachtas/member/Joseph-Aloysius-Sweeney.D.1919-01-21/dail/2"
      }
    },
    {
      "membership": {
        "dateRange": {
          "end": "1923-08-09",
          "start": "1922-09-09"
        },
        "house": {
          "showAs": "3rd D\u00e1il",
          "uri": "http://oireachtas.ie/ie/oireachtas/house/dail/3"
        },
        "offices": [],
        "parties": [
          {
            "party": {
              "dateRange": {
                "end": "1923-08-09",
                "start": "1922-06-16"
              },
              "showAs": "Sinn F\u00e9in",
              "uri": "http://oireachtas.ie/ie/oireachtas/party/dail/3/Sinn_F\u00e9in"
            }
          }
        ],
        "represents": [
          {
            "represent": {
              "showAs": "Donegal",
              "uri": "http://oireachtas.ie/ie/oireachtas/house/dail/3/constituency/Donegal"
            }
          }
        ],
        "uri": "http://oireachtas.ie/ie/oireachtas/member/Joseph-Aloysius-Sweeney.D.1919-01-21/dail/3"
      }
    }
  ],
  "profession": null,
  "showAs": "Mr. Joseph Sweeney",
  "uri": "http://oireachtas.ie/ie/oireachtas/member/Joseph-Aloysius-Sweeney.D.1919-01-21"
}