{
  "dateOfBirth": null,
  "dateOfDeath": "1970-07-24",
  "firstName": "Patrick",
  "fullName": "Patrick Browne",
  "gender": null,
  "image": null,
  "lastName": "Browne",
  "memberships": [
    {
      "membership": {
        "dateRange": {
          "end": "1938-05-27",
          "start": "1937-07-21"
        },
        "house": {
          "showAs": "9th D\u00e1il",
          "uri": "http://oireachtas.ie/ie/oireachtas/house/dail/9"
        },
        "offices": [],
        "parties": [
          {
            "party": {
              "dateRange": {
                "end": "1938-05-27",
                "start": "1937-07-01"
              },
              "showAs": "Fine Gael",
              "uri": "http://oireachtas.ie/ie/oireachtas/party/dail/9/Fine_Gael"
            }
          }
        ],
        "represents": [
          {
            "represent": {
              "showAs": "Mayo North",
              "uri": "http://oireachtas.ie/ie/oireachtas/house/dail/9/constituency/Mayo-North"
            }
          }
        ],
        "uri": "http://oireachtas.ie/ie/oireachtas/member/Patrick-Browne.D.1937-07-21/dail/9"
      }
    },
    {
      "membership": {
        "dateRange": {
          "end": "1943-05-31",
          "start": "1938-06-30"
        },
        "house": {
          "showAs": "10th D\u00e1il",
          "uri": "http://oireachtas.ie/ie/oireachtas/house/dail/10"
        },
        "offices": [],
        "parties": [
          {
            "party": {
              "dateRange": {
                "end": "1943-05-31",
                "start": "1938-06-17"
              },
              "showAs": "Fine Gael",
              "uri": "http://oireachtas.ie/ie/oireachtas/party/dail/10/Fine_Gael"
            }
          }
        ],
        "represents": [
          {
            "represent": {
              "showAs": "Mayo North",
              "uri": "http://oireachtas.ie/ie/oireachtas/house/dail/10/constituency/Mayo-North"
            }
          }
        ],
        "uri": "http://oireachtas.ie/ie/oireachtas/member/Patrick-Browne.D.1937-07-21/dail/10"
      }
    },
    {
      "membership": {
        "dateRange": {
          "end": "1944-05-10",
          "start": "1943-07-01"
        },
        "house": {
          "showAs": "11th D\u00e1il",
          "uri": "http://oireachtas.ie/ie/oireachtas/house/dail/11"
        },
        "offices": [],
        "parties": [
          {
            "party": {
              "dateRange": {
                "end": "1944-05-10",
                "start": "1943-06-23"
              },
              "showAs": "Fine Gael",
              "uri": "http://oireachtas.ie/ie/oireachtas/party/dail/11/Fine_Gael"
            }
          }
        ],
        "represents": [
          {
            "represent": {
              "showAs": "Mayo North",
              "uri": "http://oireachtas.ie/ie/oireachtas/house/dail/11/constituency/Mayo-North"
            }
          }
        ],
        "uri": "http://oireachtas.ie/ie/oireachtas/member/Patrick-Browne.D.1937-07-21/dail/11"
      }
    },
    {
      "membership": {
        "dateRange": {
          "end": "1948-01-12",
          "start": "1944-06-09"
        },
        "house": {
          "showAs": "12th D\u00e1il",
          "uri": "http://oireachtas.ie/ie/oireachtas/house/dail/12"
        },
        "offices": [],
        "parties": [
          {
            "party": {
              "dateRange": {
                "end": "1948-01-12",
                "start": "1944-05-30"
              },
              "showAs": "Fine Gael",
              "uri": "http://oireachtas.ie/ie/oireachtas/party/dail/12/Fine_Gael"
            }
          }
        ],
        "represents": [
          {
            "represent": {
              "showAs": "Mayo North",
              "uri": "http://oireachtas.ie/ie/oireachtas/house/dail/12/constituency/Mayo-North"
            }
          }
        ],
        "uri": "http://oireachtas.ie/ie/oireachtas/member/Patrick-Browne.D.1937-07-21/dail/12"
      }
    },
    {
      "membership": {
        "dateRange": {
          "end": "1951-05-07",
          "start": "1948-02-18"
        },
        "house": {
          "showAs": "13th D\u00e1il",
          "uri": "http://oireachtas.ie/ie/oireachtas/house/dail/13"
        },
        "offices": [],
        "parties": [
          {
            "party": {
              "dateRange": {
                "end": "1951-05-07",
                "start": "1948-02-04"
              },
              "showAs": "Fine Gael",
              "uri": "http://oireachtas.ie/ie/oireachtas/party/dail/13/Fine_Gael"
            }
          }
        ],
        "represents": [
          {
            "represent": {
              "showAs": "Mayo North",
              "uri": "http://oireachtas.ie/ie/oireachtas/house/dail/13/constituency/Mayo-North"
            }
          }
        ],
        "uri": "http://oireachtas.ie/ie/oireachtas/member/Patrick-Browne.D.1937-07-21/dail/13"
      }
    },
    {
      "membership": {
        "dateRange": {
          "end": "1954-04-24",
          "start": "1951-06-13"
        },
        "house": {
          "showAs": "14th D\u00e1il",
          "uri": "http://oireachtas.ie/ie/oireachtas/house/dail/14"
        },
        "offices": [],
        "parties": [
          {
            "party": {
              "dateRange": {
                "end": "1954-04-24",
                "start": "1951-05-30"
              },
              "showAs": "Fine Gael",
              "uri": "http://oireachtas.ie/ie/oireachtas/party/dail/14/Fine_Gael"
            }
          }
        ],
        "represents": [
          {
            "represent": {
              "showAs": "Mayo North",
              "uri": "http://oireachtas.ie/ie/oireachtas/house/dail/14/constituency/Mayo-North"
            }
          }
        ],
        "uri": "http://oireachtas.ie/ie/oireachtas/member/Patrick-Browne.D.1937-07-21/dail/14"
      }
    }
  ],
  "profession": "Farmer and Merchant",
  "showAs": "Mr. Patrick Browne",
  "uri": "http://oireachtas.ie/ie/oireachtas/member/Patrick-Browne.D.1937-07-21"
}