{
  "dateOfBirth": "1903-10-23",
  "dateOfDeath": "1962-05-09",
  "firstName": "Peadar",
  "fullName": "Peadar Cowan",
  "gender": null,
  "image": null,
  "lastName": "Cowan",
  "memberships": [
    {
      "membership": {
        "dateRange": {
          "end": "1951-05-07",
          "start": "1948-02-18"
        },
        "house": {
          "showAs": "13th D\u00e1il",
          "uri": "http://oireachtas.ie/ie/oireachtas/house/dail/13"
        },
        "offices": [],
        "parties": [
          {
            "party": {
              "dateRange": {
                "end": "1951-05-07",
                "start": "1948-02-04"
              },
              "showAs": "Clann na Poblachta",
              "uri": "http://oireachtas.ie/ie/oireachtas/party/dail/13/Clann_na_Poblachta"
            }
          }
        ],
        "represents": [
          {
            "represent": {
              "showAs": "Dublin North\u2013East",
              "uri": "http://oireachtas.ie/ie/oireachtas/house/dail/13/constituency/Dublin-North\u2013East"
            }
          }
        ],
        "uri": "http://oireachtas.ie/ie/oireachtas/member/Peadar-Cowan.D.1948-02-18/dail/13"
      }
    },
    {
      "membership": {
        "dateRange": {
          "end": "1954-04-24",
          "start": "1951-06-13"
        },
        "house": {
          "showAs": "14th D\u00e1il",
          "uri": "http://oireachtas.ie/ie/oireachtas/house/dail/14"
        },
        "offices": [],
        "parties": [
          {
            "party": {
              "dateRange": {
                "end": "1954-04-24",
                "start": "1951-05-30"
              },
              "showAs": "Independent",
              "uri": "http://oireachtas.ie/ie/oireachtas/party/dail/14/Independent"
            }
          }
        ],
        "represents": [
          {
            "represent": {
              "showAs": "Dublin North\u2013East",
              "uri": "http://oireachtas.ie/ie/oireachtas/house/dail/14/constituency/Dublin-North\u2013East"
            }
          }
        ],
        "uri": "http://oireachtas.ie/ie/oireachtas/member/Peadar-Cowan.D.1948-02-18/dail/14"
      }
    }
  ],
  "profession": "Solicitor",
  "showAs": "Mr. Peadar Cowan",
  "uri": "http://oireachtas.ie/ie/oireachtas/member/Peadar-Cowan.D.1948-02-18"
}