{
  "dateOfBirth": null,
  "dateOfDeath": null,
  "firstName": "Charlie",
  "fullName": "Charlie McConalogue",
  "gender": null,
  "image": "http://www.oireachtas.ie//MembersImages/2319h.jpg",
  "lastName": "McConalogue",
  "memberships": [
    {
      "membership": {
        "dateRange": {
          "end": "2016-03-09",
          "start": "2011-03-09"
        },
        "house": {
          "showAs": "31st D\u00e1il",
          "uri": "http://oireachtas.ie/ie/oireachtas/house/dail/31"
        },
        "offices": [],
        "parties": [
          {
            "party": {
              "dateRange": {
                "end": "2016-03-09",
                "start": "2011-02-25"
              },
              "showAs": "Fianna F\u00e1il",
              "uri": "http://oireachtas.ie/ie/oireachtas/party/dail/31/Fianna_F\u00e1il"
            }
          }
        ],
        "represents": [
          {
            "represent": {
              "showAs": "Donegal North\u2013East",
              "uri": "http://oireachtas.ie/ie/oireachtas/house/dail/31/constituency/Donegal-North\u2013East"
            }
          }
        ],
        "uri": "http://oireachtas.ie/ie/oireachtas/member/Charlie-McConalogue.D.2011-03-09/dail/31"
      }
    }
  ],
  "profession": null,
  "showAs": "Mr. Charlie McConalogue",
  "uri": "http://oireachtas.ie/ie/oireachtas/member/Charlie-McConalogue.D.2011-03-09"
}