{
  "dateOfBirth": null,
  "dateOfDeath": null,
  "firstName": "John",
  "fullName": "John Rooney",
  "gender": null,
  "image": null,
  "lastName": "Rooney",
  "memberships": [
    {
      "membership": {
        "dateRange": {
          "end": "1923-08-09",
          "start": "1922-09-09"
        },
        "house": {
          "showAs": "3rd D\u00e1il",
          "uri": "http://oireachtas.ie/ie/oireachtas/house/dail/3"
        },
        "offices": [],
        "parties": [
          {
            "party": {
              "dateRange": {
                "end": "1923-08-09",
                "start": "1922-06-16"
              },
              "showAs": "Farmers Party",
              "uri": "http://oireachtas.ie/ie/oireachtas/party/dail/3/Farmers_Party"
            }
          }
        ],
        "represents": [
          {
            "represent": {
              "showAs": "Dublin County",
              "uri": "http://oireachtas.ie/ie/oireachtas/house/dail/3/constituency/Dublin-County"
            }
          }
        ],
        "uri": "http://oireachtas.ie/ie/oireachtas/member/John-Rooney.D.1922-09-09/dail/3"
      }
    }
  ],
  "profession": null,
  "showAs": "Mr. John Rooney",
  "uri": "http://oireachtas.ie/ie/oireachtas/member/John-Rooney.D.1922-09-09"
}