{
  "dateOfBirth": null,
  "dateOfDeath": null,
  "firstName": "Andrew",
  "fullName": "Andrew Lavin",
  "gender": null,
  "image": null,
  "lastName": "Lavin",
  "memberships": [
    {
      "membership": {
        "dateRange": {
          "end": "1922-06-16",
          "start": "1921-08-16"
        },
        "house": {
          "showAs": "2nd D\u00e1il",
          "uri": "http://oireachtas.ie/ie/oireachtas/house/dail/2"
        },
        "offices": [],
        "parties": [
          {
            "party": {
              "dateRange": {
                "end": "1922-06-16",
                "start": "1921-05-24"
              },
              "showAs": "Sinn F\u00e9in",
              "uri": "http://oireachtas.ie/ie/oireachtas/party/dail/2/Sinn_F\u00e9in"
            }
          }
        ],
        "represents": [
          {
            "represent": {
              "showAs": "Leitrim\u2013Roscommon North",
              "uri": "http://oireachtas.ie/ie/oireachtas/house/dail/2/constituency/Leitrim\u2013Roscommon-North"
            }
          }
        ],
        "uri": "http://oireachtas.ie/ie/oireachtas/member/Andrew-Lavin.D.1921-08-16/dail/2"
      }
    },
    {
      "membership": {
        "dateRange": {
          "end": "1923-08-09",
          "start": "1922-09-09"
        },
        "house": {
          "showAs": "3rd D\u00e1il",
          "uri": "http://oireachtas.ie/ie/oireachtas/house/dail/3"
        },
        "offices": [],
        "parties": [
          {
            "party": {
              "dateRange": {
                "end": "1923-08-09",
                "start": "1922-06-16"
              },
              "showAs": "Sinn F\u00e9in",
              "uri": "http://oireachtas.ie/ie/oireachtas/party/dail/3/Sinn_F\u00e9in"
            }
          }
        ],
        "represents": [
          {
            "represent": {
              "showAs": "Leitrim\u2013Roscommon North",
              "uri": "http://oireachtas.ie/ie/oireachtas/house/dail/3/constituency/Leitrim\u2013Roscommon-North"
            }
          }
        ],
        "uri": "http://oireachtas.ie/ie/oireachtas/member/Andrew-Lavin.D.1921-08-16/dail/3"
      }
    },
    {
      "membership": {
        "dateRange": {
          "end": "1927-05-23",
          "start": "1923-09-19"
        },
        "house": {
          "showAs": "4th D\u00e1il",
          "uri": "http://oireachtas.ie/ie/oireachtas/house/dail/4"
        },
        "offices": [],
        "parties": [
          {
            "party": {
              "dateRange": {
                "end": "1927-05-23",
                "start": "1923-08-27"
              },
              "showAs": "Cumann na nGaedheal",
              "uri": "http://oireachtas.ie/ie/oireachtas/party/dail/4/Cumann_na_nGaedheal"
            }
          }
        ],
        "represents": [
          {
            "represent": {
              "showAs": "Roscommon",
              "uri": "http://oireachtas.ie/ie/oireachtas/house/dail/4/constituency/Roscommon"
            }
          }
        ],
        "uri": "http://oireachtas.ie/ie/oireachtas/member/Andrew-Lavin.D.1921-08-16/dail/4"
      }
    }
  ],
  "profession": "Farmer",
  "showAs": "Mr. Andrew Lavin",
  "uri": "http://oireachtas.ie/ie/oireachtas/member/Andrew-Lavin.D.1921-08-16"
}