{
  "dateOfBirth": null,
  "dateOfDeath": "1953-01-22",
  "firstName": "Thomas",
  "fullName": "Thomas Brennan",
  "gender": null,
  "image": null,
  "lastName": "Brennan",
  "memberships": [
    {
      "membership": {
        "dateRange": {
          "end": "1948-01-12",
          "start": "1944-06-09"
        },
        "house": {
          "showAs": "12th D\u00e1il",
          "uri": "http://oireachtas.ie/ie/oireachtas/house/dail/12"
        },
        "offices": [],
        "parties": [
          {
            "party": {
              "dateRange": {
                "end": "1948-01-12",
                "start": "1944-05-30"
              },
              "showAs": "Fianna F\u00e1il",
              "uri": "http://oireachtas.ie/ie/oireachtas/party/dail/12/Fianna_F\u00e1il"
            }
          }
        ],
        "represents": [
          {
            "represent": {
              "showAs": "Wicklow",
              "uri": "http://oireachtas.ie/ie/oireachtas/house/dail/12/constituency/Wicklow"
            }
          }
        ],
        "uri": "http://oireachtas.ie/ie/oireachtas/member/Thomas-Brennan.D.1944-06-09/dail/12"
      }
    },
    {
      "membership": {
        "dateRange": {
          "end": "1951-05-07",
          "start": "1948-02-18"
        },
        "house": {
          "showAs": "13th D\u00e1il",
          "uri": "http://oireachtas.ie/ie/oireachtas/house/dail/13"
        },
        "offices": [],
        "parties": [
          {
            "party": {
              "dateRange": {
                "end": "1951-05-07",
                "start": "1948-02-04"
              },
              "showAs": "Fianna F\u00e1il",
              "uri": "http://oireachtas.ie/ie/oireachtas/party/dail/13/Fianna_F\u00e1il"
            }
          }
        ],
        "represents": [
          {
            "represent": {
              "showAs": "Wicklow",
              "uri": "http://oireachtas.ie/ie/oireachtas/house/dail/13/constituency/Wicklow"
            }
          }
        ],
        "uri": "http://oireachtas.ie/ie/oireachtas/member/Thomas-Brennan.D.1944-06-09/dail/13"
      }
    },
    {
      "membership": {
        "dateRange": {
          "end": "1953-01-22",
          "start": "1951-06-13"
        },
        "house": {
          "showAs": "14th D\u00e1il",
          "uri": "http://oireachtas.ie/ie/oireachtas/house/dail/14"
        },
        "offices": [],
        "parties": [
          {
            "party": {
              "dateRange": {
                "end": "1953-01-22",
                "start": "1951-05-30"
              },
              "showAs": "Fianna F\u00e1il",
              "uri": "http://oireachtas.ie/ie/oireachtas/party/dail/14/Fianna_F\u00e1il"
            }
          }
        ],
        "represents": [
          {
            "represent": {
              "showAs": "Wicklow",
              "uri": "http://oireachtas.ie/ie/oireachtas/house/dail/14/constituency/Wicklow"
            }
          }
        ],
        "uri": "http://oireachtas.ie/ie/oireachtas/member/Thomas-Brennan.D.1944-06-09/dail/14"
      }
    }
  ],
  "profession": "Building Contractor",
  "showAs": "Mr. Thomas Brennan",
  "uri": "http://oireachtas.ie/ie/oireachtas/member/Thomas-Brennan.D.1944-06-09"
}