{
  "dateOfBirth": null,
  "dateOfDeath": null,
  "firstName": "Michelle",
  "fullName": "Michelle Mulherin",
  "gender": null,
  "image": "http://www.oireachtas.ie//MembersImages/2309g.jpg",
  "lastName": "Mulherin",
  "memberships": [
    {
      "membership": {
        "dateRange": {
          "end": "2016-03-09",
          "start": "2011-03-09"
        },
        "house": {
          "showAs": "31st D\u00e1il",
          "uri": "http://oireachtas.ie/ie/oireachtas/house/dail/31"
        },
        "offices": [],
        "parties": [
          {
            "party": {
              "dateRange": {
                "end": "2016-03-09",
                "start": "2011-02-25"
              },
              "showAs": "Fine Gael",
              "uri": "http://oireachtas.ie/ie/oireachtas/party/dail/31/Fine_Gael"
            }
          }
        ],
        "represents": [
          {
            "represent": {
              "showAs": "Mayo",
              "uri": "http://oireachtas.ie/ie/oireachtas/house/dail/31/constituency/Mayo"
            }
          }
        ],
        "uri": "http://oireachtas.ie/ie/oireachtas/member/Michelle-Mulherin.D.2011-03-09/dail/31"
      }
    }
  ],
  "profession": null,
  "showAs": "Ms. Michelle Mulherin",
  "uri": "http://oireachtas.ie/ie/oireachtas/member/Michelle-Mulherin.D.2011-03-09"
}