{
  "dateOfBirth": "1953-08-19",
  "dateOfDeath": null,
  "firstName": "Tom",
  "fullName": "Tom Parlon",
  "gender": null,
  "image": "http://www.oireachtas.ie//MembersImages/136.jpg",
  "lastName": "Parlon",
  "memberships": [
    {
      "membership": {
        "dateRange": {
          "end": "2007-04-30",
          "start": "2002-06-06"
        },
        "house": {
          "showAs": "29th D\u00e1il",
          "uri": "http://oireachtas.ie/ie/oireachtas/house/dail/29"
        },
        "offices": [],
        "parties": [
          {
            "party": {
              "dateRange": {
                "end": "2007-04-30",
                "start": "2002-05-17"
              },
              "showAs": "Progressive Democrats",
              "uri": "http://oireachtas.ie/ie/oireachtas/party/dail/29/Progressive_Democrats"
            }
          }
        ],
        "represents": [
          {
            "represent": {
              "showAs": "Laois\u2013Offaly",
              "uri": "http://oireachtas.ie/ie/oireachtas/house/dail/29/constituency/Laois\u2013Offaly"
            }
          }
        ],
        "uri": "http://oireachtas.ie/ie/oireachtas/member/Tom-Parlon.D.2002-06-06/dail/29"
      }
    }
  ],
  "profession": "Farmer",
  "showAs": "Mr. Tom Parlon",
  "uri": "http://oireachtas.ie/ie/oireachtas/member/Tom-Parlon.D.2002-06-06"
}