{
  "dateOfBirth": "1973-03-30",
  "dateOfDeath": null,
  "firstName": "Niall",
  "fullName": "Niall Collins",
  "gender": null,
  "image": "http://www.oireachtas.ie//MembersImages/2205b.jpg",
  "lastName": "Collins",
  "memberships": [
    {
      "membership": {
        "dateRange": {
          "end": "2011-02-01",
          "start": "2007-06-14"
        },
        "house": {
          "showAs": "30th D\u00e1il",
          "uri": "http://oireachtas.ie/ie/oireachtas/house/dail/30"
        },
        "offices": [],
        "parties": [
          {
            "party": {
              "dateRange": {
                "end": "2011-02-01",
                "start": "2007-05-24"
              },
              "showAs": "Fianna F\u00e1il",
              "uri": "http://oireachtas.ie/ie/oireachtas/party/dail/30/Fianna_F\u00e1il"
            }
          }
        ],
        "represents": [
          {
            "represent": {
              "showAs": "Limerick West",
              "uri": "http://oireachtas.ie/ie/oireachtas/house/dail/30/constituency/Limerick-West"
            }
          }
        ],
        "uri": "http://oireachtas.ie/ie/oireachtas/member/Niall-Collins.D.2007-06-14/dail/30"
      }
    },
    {
      "membership": {
        "dateRange": {
          "end": "2016-03-09",
          "start": "2011-03-09"
        },
        "house": {
          "showAs": "31st D\u00e1il",
          "uri": "http://oireachtas.ie/ie/oireachtas/house/dail/31"
        },
        "offices": [],
        "parties": [
          {
            "party": {
              "dateRange": {
                "end": "2016-03-09",
                "start": "2011-02-25"
              },
              "showAs": "Fianna F\u00e1il",
              "uri": "http://oireachtas.ie/ie/oireachtas/party/dail/31/Fianna_F\u00e1il"
            }
          }
        ],
        "represents": [
          {
            "represent": {
              "showAs": "Limerick",
              "uri": "http://oireachtas.ie/ie/oireachtas/house/dail/31/constituency/Limerick"
            }
          }
        ],
        "uri": "http://oireachtas.ie/ie/oireachtas/member/Niall-Collins.D.2007-06-14/dail/31"
      }
    }
  ],
  "profession": "Public Representative, Accountant",
  "showAs": "Mr. Niall Collins",
  "uri": "http://oireachtas.ie/ie/oireachtas/member/Niall-Collins.D.2007-06-14"
}