{
  "dateOfBirth": "1910-07-26",
  "dateOfDeath": "1995-01-03",
  "firstName": "Philip",
  "fullName": "Philip Burton",
  "gender": null,
  "image": null,
  "lastName": "Burton",
  "memberships": [
    {
      "membership": {
        "dateRange": {
          "end": "1965-03-18",
          "start": "1961-10-11"
        },
        "house": {
          "showAs": "17th D\u00e1il",
          "uri": "http://oireachtas.ie/ie/oireachtas/house/dail/17"
        },
        "offices": [],
        "parties": [
          {
            "party": {
              "dateRange": {
                "end": "1965-03-18",
                "start": "1961-10-04"
              },
              "showAs": "Fine Gael",
              "uri": "http://oireachtas.ie/ie/oireachtas/party/dail/17/Fine_Gael"
            }
          }
        ],
        "represents": [
          {
            "represent": {
              "showAs": "Cork North\u2013East",
              "uri": "http://oireachtas.ie/ie/oireachtas/house/dail/17/constituency/Cork-North\u2013East"
            }
          }
        ],
        "uri": "http://oireachtas.ie/ie/oireachtas/member/Philip-Burton.D.1961-10-11/dail/17"
      }
    },
    {
      "membership": {
        "dateRange": {
          "end": "1969-05-22",
          "start": "1965-04-21"
        },
        "house": {
          "showAs": "18th D\u00e1il",
          "uri": "http://oireachtas.ie/ie/oireachtas/house/dail/18"
        },
        "offices": [],
        "parties": [
          {
            "party": {
              "dateRange": {
                "end": "1969-05-22",
                "start": "1965-04-07"
              },
              "showAs": "Fine Gael",
              "uri": "http://oireachtas.ie/ie/oireachtas/party/dail/18/Fine_Gael"
            }
          }
        ],
        "represents": [
          {
            "represent": {
              "showAs": "Cork North\u2013East",
              "uri": "http://oireachtas.ie/ie/oireachtas/house/dail/18/constituency/Cork-North\u2013East"
            }
          }
        ],
        "uri": "http://oireachtas.ie/ie/oireachtas/member/Philip-Burton.D.1961-10-11/dail/18"
      }
    },
    {
      "membership": {
        "dateRange": {
          "end": "1973-02-05",
          "start": "1969-07-02"
        },
        "house": {
          "showAs": "19th D\u00e1il",
          "uri": "http://oireachtas.ie/ie/oireachtas/house/dail/19"
        },
        "offices": [],
        "parties": [
          {
            "party": {
              "dateRange": {
                "end": "1973-02-05",
                "start": "1969-06-18"
              },
              "showAs": "Fine Gael",
              "uri": "http://oireachtas.ie/ie/oireachtas/party/dail/19/Fine_Gael"
            }
          }
        ],
        "represents": [
          {
            "represent": {
              "showAs": "Cork Mid",
              "uri": "http://oireachtas.ie/ie/oireachtas/house/dail/19/constituency/Cork-Mid"
            }
          }
        ],
        "uri": "http://oireachtas.ie/ie/oireachtas/member/Philip-Burton.D.1961-10-11/dail/19"
      }
    },
    {
      "membership": {
        "dateRange": {
          "end": "1977-05-26",
          "start": "1973-06-01"
        },
        "house": {
          "showAs": "13th Seanad",
          "uri": "http://oireachtas.ie/ie/oireachtas/house/seanad/13"
        },
        "offices": [],
        "parties": [],
        "represents": [
          {
            "represent": {
              "showAs": "Administrative Panel",
              "uri": "http://oireachtas.ie/ie/oireachtas/house/seanad/13/panel/Administrative-Panel"
            }
          }
        ],
        "uri": "http://oireachtas.ie/ie/oireachtas/member/Philip-Burton.D.1961-10-11/seanad/13"
      }
    }
  ],
  "profession": "Farmer and Auctioneer",
  "showAs": "Mr. Philip Burton",
  "uri": "http://oireachtas.ie/ie/oireachtas/member/Philip-Burton.D.1961-10-11"
}