{
  "dateOfBirth": "1953-09-01",
  "dateOfDeath": null,
  "firstName": "Catherine",
  "fullName": "Catherine Murphy",
  "gender": null,
  "image": "http://www.oireachtas.ie//MembersImages/2138.jpg",
  "lastName": "Murphy",
  "memberships": [
    {
      "membership": {
        "dateRange": {
          "end": "2007-04-30",
          "start": "2005-03-11"
        },
        "house": {
          "showAs": "29th D\u00e1il",
          "uri": "http://oireachtas.ie/ie/oireachtas/house/dail/29"
        },
        "offices": [],
        "parties": [],
        "represents": [
          {
            "represent": {
              "showAs": "Kildare North",
              "uri": "http://oireachtas.ie/ie/oireachtas/house/dail/29/constituency/Kildare-North"
            }
          }
        ],
        "uri": "http://oireachtas.ie/ie/oireachtas/member/Catherine-Murphy.D.2005-03-11/dail/29"
      }
    },
    {
      "membership": {
        "dateRange": {
          "end": "2016-03-09",
          "start": "2011-03-09"
        },
        "house": {
          "showAs": "31st D\u00e1il",
          "uri": "http://oireachtas.ie/ie/oireachtas/house/dail/31"
        },
        "offices": [],
        "parties": [
          {
            "party": {
              "dateRange": {
                "end": "2015-07-15",
                "start": "2011-02-25"
              },
              "showAs": "Independent",
              "uri": "http://oireachtas.ie/ie/oireachtas/party/dail/31/Independent"
            }
          },
          {
            "party": {
              "dateRange": {
                "end": "2016-03-09",
                "start": "2015-07-15"
              },
              "showAs": "Social Democrats",
              "uri": "http://oireachtas.ie/ie/oireachtas/party/dail/31/Social_Democrats"
            }
          }
        ],
        "represents": [
          {
            "represent": {
              "showAs": "Kildare North",
              "uri": "http://oireachtas.ie/ie/oireachtas/house/dail/31/constituency/Kildare-North"
            }
          }
        ],
        "uri": "http://oireachtas.ie/ie/oireachtas/member/Catherine-Murphy.D.2005-03-11/dail/31"
      }
    }
  ],
  "profession": null,
  "showAs": "Ms. Catherine Murphy",
  "uri": "http://oireachtas.ie/ie/oireachtas/member/Catherine-Murphy.D.2005-03-11"
}