{
  "dateOfBirth": "1917-10-15",
  "dateOfDeath": "2006-01-30",
  "firstName": "Ruair\u00ed",
  "fullName": "Ruair\u00ed Brugha",
  "gender": null,
  "image": null,
  "lastName": "Brugha",
  "memberships": [
    {
      "membership": {
        "dateRange": {
          "end": "1973-03-30",
          "start": "1969-11-05"
        },
        "house": {
          "showAs": "12th Seanad",
          "uri": "http://oireachtas.ie/ie/oireachtas/house/seanad/12"
        },
        "offices": [],
        "parties": [],
        "represents": [
          {
            "represent": {
              "showAs": "Industrial and Commercial Panel",
              "uri": "http://oireachtas.ie/ie/oireachtas/house/seanad/12/panel/Industrial-and-Commercial-Panel"
            }
          }
        ],
        "uri": "http://oireachtas.ie/ie/oireachtas/member/Ruair\u00ed-Brugha.S.1969-11-05/seanad/12"
      }
    },
    {
      "membership": {
        "dateRange": {
          "end": "1977-05-25",
          "start": "1973-03-14"
        },
        "house": {
          "showAs": "20th D\u00e1il",
          "uri": "http://oireachtas.ie/ie/oireachtas/house/dail/20"
        },
        "offices": [],
        "parties": [
          {
            "party": {
              "dateRange": {
                "end": "1977-05-25",
                "start": "1973-02-28"
              },
              "showAs": "Fianna F\u00e1il",
              "uri": "http://oireachtas.ie/ie/oireachtas/party/dail/20/Fianna_F\u00e1il"
            }
          }
        ],
        "represents": [
          {
            "represent": {
              "showAs": "Dublin County South",
              "uri": "http://oireachtas.ie/ie/oireachtas/house/dail/20/constituency/Dublin-County-South"
            }
          }
        ],
        "uri": "http://oireachtas.ie/ie/oireachtas/member/Ruair\u00ed-Brugha.S.1969-11-05/dail/20"
      }
    },
    {
      "membership": {
        "dateRange": {
          "end": "1981-07-16",
          "start": "1977-10-27"
        },
        "house": {
          "showAs": "14th Seanad",
          "uri": "http://oireachtas.ie/ie/oireachtas/house/seanad/14"
        },
        "offices": [],
        "parties": [],
        "represents": [
          {
            "represent": {
              "showAs": "Industrial and Commercial Panel",
              "uri": "http://oireachtas.ie/ie/oireachtas/house/seanad/14/panel/Industrial-and-Commercial-Panel"
            }
          }
        ],
        "uri": "http://oireachtas.ie/ie/oireachtas/member/Ruair\u00ed-Brugha.S.1969-11-05/seanad/14"
      }
    }
  ],
  "profession": "Company Director",
  "showAs": "Mr. Ruair\u00ed Brugha",
  "uri": "http://oireachtas.ie/ie/oireachtas/member/Ruair\u00ed-Brugha.S.1969-11-05"
}