{
  "dateOfBirth": "1960-09-27",
  "dateOfDeath": null,
  "firstName": "John Gerard",
  "fullName": "John Gerard Hanafin",
  "gender": null,
  "image": "/MembersImages/2001w.jpg",
  "lastName": "Hanafin",
  "memberships": [
    {
      "membership": {
        "dateRange": {
          "end": "2007-07-22",
          "start": "2002-09-12"
        },
        "house": {
          "showAs": "22nd Seanad",
          "uri": "http://oireachtas.ie/ie/oireachtas/house/seanad/22"
        },
        "offices": [],
        "parties": [],
        "represents": [
          {
            "represent": {
              "showAs": "Labour Panel",
              "uri": "http://oireachtas.ie/ie/oireachtas/house/seanad/22/panel/Labour-Panel"
            }
          }
        ],
        "uri": "http://oireachtas.ie/ie/oireachtas/member/John-Gerard-Hanafin.S.2002-09-12/seanad/22"
      }
    },
    {
      "membership": {
        "dateRange": {
          "end": "2011-04-25",
          "start": "2007-07-23"
        },
        "house": {
          "showAs": "23rd Seanad",
          "uri": "http://oireachtas.ie/ie/oireachtas/house/seanad/23"
        },
        "offices": [],
        "parties": [],
        "represents": [
          {
            "represent": {
              "showAs": "Labour Panel",
              "uri": "http://oireachtas.ie/ie/oireachtas/house/seanad/23/panel/Labour-Panel"
            }
          }
        ],
        "uri": "http://oireachtas.ie/ie/oireachtas/member/John-Gerard-Hanafin.S.2002-09-12/seanad/23"
      }
    }
  ],
  "profession": "Valuer and Auctioneer, Senator.",
  "showAs": "Mr. John Gerard Hanafin",
  "uri": "http://oireachtas.ie/ie/oireachtas/member/John-Gerard-Hanafin.S.2002-09-12"
}