{
  "dateOfBirth": null,
  "dateOfDeath": null,
  "firstName": "Noel",
  "fullName": "Noel Harrington",
  "gender": null,
  "image": "http://www.oireachtas.ie//MembersImages/2329e.jpg",
  "lastName": "Harrington",
  "memberships": [
    {
      "membership": {
        "dateRange": {
          "end": "2016-03-09",
          "start": "2011-03-09"
        },
        "house": {
          "showAs": "31st D\u00e1il",
          "uri": "http://oireachtas.ie/ie/oireachtas/house/dail/31"
        },
        "offices": [],
        "parties": [
          {
            "party": {
              "dateRange": {
                "end": "2016-03-09",
                "start": "2011-02-25"
              },
              "showAs": "Fine Gael",
              "uri": "http://oireachtas.ie/ie/oireachtas/party/dail/31/Fine_Gael"
            }
          }
        ],
        "represents": [
          {
            "represent": {
              "showAs": "Cork South\u2013West",
              "uri": "http://oireachtas.ie/ie/oireachtas/house/dail/31/constituency/Cork-South\u2013West"
            }
          }
        ],
        "uri": "http://oireachtas.ie/ie/oireachtas/member/Noel-Harrington.D.2011-03-09/dail/31"
      }
    }
  ],
  "profession": null,
  "showAs": "Mr. Noel Harrington",
  "uri": "http://oireachtas.ie/ie/oireachtas/member/Noel-Harrington.D.2011-03-09"
}