{
  "dateOfBirth": null,
  "dateOfDeath": null,
  "firstName": "Edward",
  "fullName": "Edward Browne",
  "gender": null,
  "image": null,
  "lastName": "Browne",
  "memberships": [
    {
      "membership": {
        "dateRange": {
          "end": "1961-09-01",
          "start": "1960-11-01"
        },
        "house": {
          "showAs": "9th Seanad",
          "uri": "http://oireachtas.ie/ie/oireachtas/house/seanad/9"
        },
        "offices": [],
        "parties": [],
        "represents": [
          {
            "represent": {
              "showAs": "Labour Panel",
              "uri": "http://oireachtas.ie/ie/oireachtas/house/seanad/9/panel/Labour-Panel"
            }
          }
        ],
        "uri": "http://oireachtas.ie/ie/oireachtas/member/Edward-Browne.S.1960-11-01/seanad/9"
      }
    }
  ],
  "profession": "Trade Union Official",
  "showAs": "Mr. Edward Browne",
  "uri": "http://oireachtas.ie/ie/oireachtas/member/Edward-Browne.S.1960-11-01"
}