{
  "dateOfBirth": "1940-05-30",
  "dateOfDeath": null,
  "firstName": "Ciaran P.",
  "fullName": "Ciaran P. Murphy",
  "gender": null,
  "image": null,
  "lastName": "Murphy",
  "memberships": [
    {
      "membership": {
        "dateRange": {
          "end": "1977-05-25",
          "start": "1973-03-14"
        },
        "house": {
          "showAs": "20th D\u00e1il",
          "uri": "http://oireachtas.ie/ie/oireachtas/house/dail/20"
        },
        "offices": [],
        "parties": [
          {
            "party": {
              "dateRange": {
                "end": "1977-05-25",
                "start": "1973-02-28"
              },
              "showAs": "Fianna F\u00e1il",
              "uri": "http://oireachtas.ie/ie/oireachtas/party/dail/20/Fianna_F\u00e1il"
            }
          }
        ],
        "represents": [
          {
            "represent": {
              "showAs": "Wicklow",
              "uri": "http://oireachtas.ie/ie/oireachtas/house/dail/20/constituency/Wicklow"
            }
          }
        ],
        "uri": "http://oireachtas.ie/ie/oireachtas/member/Ciaran-P-Murphy.D.1973-03-14/dail/20"
      }
    },
    {
      "membership": {
        "dateRange": {
          "end": "1981-05-21",
          "start": "1977-07-05"
        },
        "house": {
          "showAs": "21st D\u00e1il",
          "uri": "http://oireachtas.ie/ie/oireachtas/house/dail/21"
        },
        "offices": [],
        "parties": [
          {
            "party": {
              "dateRange": {
                "end": "1981-05-21",
                "start": "1977-06-16"
              },
              "showAs": "Fianna F\u00e1il",
              "uri": "http://oireachtas.ie/ie/oireachtas/party/dail/21/Fianna_F\u00e1il"
            }
          }
        ],
        "represents": [
          {
            "represent": {
              "showAs": "Wicklow",
              "uri": "http://oireachtas.ie/ie/oireachtas/house/dail/21/constituency/Wicklow"
            }
          }
        ],
        "uri": "http://oireachtas.ie/ie/oireachtas/member/Ciaran-P-Murphy.D.1973-03-14/dail/21"
      }
    },
    {
      "membership": {
        "dateRange": {
          "end": "1982-02-27",
          "start": "1981-06-30"
        },
        "house": {
          "showAs": "22nd D\u00e1il",
          "uri": "http://oireachtas.ie/ie/oireachtas/house/dail/22"
        },
        "offices": [],
        "parties": [
          {
            "party": {
              "dateRange": {
                "end": "1982-02-27",
                "start": "1981-06-11"
              },
              "showAs": "Fianna F\u00e1il",
              "uri": "http://oireachtas.ie/ie/oireachtas/party/dail/22/Fianna_F\u00e1il"
            }
          }
        ],
        "represents": [
          {
            "represent": {
              "showAs": "Wicklow",
              "uri": "http://oireachtas.ie/ie/oireachtas/house/dail/22/constituency/Wicklow"
            }
          }
        ],
        "uri": "http://oireachtas.ie/ie/oireachtas/member/Ciaran-P-Murphy.D.1973-03-14/dail/22"
      }
    },
    {
      "membership": {
        "dateRange": {
          "end": "1982-11-04",
          "start": "1982-03-09"
        },
        "house": {
          "showAs": "23rd D\u00e1il",
          "uri": "http://oireachtas.ie/ie/oireachtas/house/dail/23"
        },
        "offices": [],
        "parties": [
          {
            "party": {
              "dateRange": {
                "end": "1982-11-04",
                "start": "1982-02-18"
              },
              "showAs": "Fianna F\u00e1il",
              "uri": "http://oireachtas.ie/ie/oireachtas/party/dail/23/Fianna_F\u00e1il"
            }
          }
        ],
        "represents": [
          {
            "represent": {
              "showAs": "Wicklow",
              "uri": "http://oireachtas.ie/ie/oireachtas/house/dail/23/constituency/Wicklow"
            }
          }
        ],
        "uri": "http://oireachtas.ie/ie/oireachtas/member/Ciaran-P-Murphy.D.1973-03-14/dail/23"
      }
    }
  ],
  "profession": "Secondary School Teacher",
  "showAs": "Mr. Ciar\u00e1n Murphy",
  "uri": "http://oireachtas.ie/ie/oireachtas/member/Ciaran-P-Murphy.D.1973-03-14"
}