{
  "dateOfBirth": "1944-08-17",
  "dateOfDeath": null,
  "firstName": "Peter",
  "fullName": "Peter Kelly",
  "gender": null,
  "image": "http://www.oireachtas.ie//MembersImages/150.jpg",
  "lastName": "Kelly",
  "memberships": [
    {
      "membership": {
        "dateRange": {
          "end": "2007-04-30",
          "start": "2002-06-06"
        },
        "house": {
          "showAs": "29th D\u00e1il",
          "uri": "http://oireachtas.ie/ie/oireachtas/house/dail/29"
        },
        "offices": [],
        "parties": [
          {
            "party": {
              "dateRange": {
                "end": "2007-04-30",
                "start": "2002-05-17"
              },
              "showAs": "Fianna F\u00e1il",
              "uri": "http://oireachtas.ie/ie/oireachtas/party/dail/29/Fianna_F\u00e1il"
            }
          }
        ],
        "represents": [
          {
            "represent": {
              "showAs": "Longford\u2013Roscommon",
              "uri": "http://oireachtas.ie/ie/oireachtas/house/dail/29/constituency/Longford\u2013Roscommon"
            }
          }
        ],
        "uri": "http://oireachtas.ie/ie/oireachtas/member/Peter-Kelly.D.2002-06-06/dail/29"
      }
    },
    {
      "membership": {
        "dateRange": {
          "end": "2011-02-01",
          "start": "2007-06-14"
        },
        "house": {
          "showAs": "30th D\u00e1il",
          "uri": "http://oireachtas.ie/ie/oireachtas/house/dail/30"
        },
        "offices": [],
        "parties": [
          {
            "party": {
              "dateRange": {
                "end": "2011-02-01",
                "start": "2007-05-24"
              },
              "showAs": "Fianna F\u00e1il",
              "uri": "http://oireachtas.ie/ie/oireachtas/party/dail/30/Fianna_F\u00e1il"
            }
          }
        ],
        "represents": [
          {
            "represent": {
              "showAs": "Longford\u2013Westmeath",
              "uri": "http://oireachtas.ie/ie/oireachtas/house/dail/30/constituency/Longford\u2013Westmeath"
            }
          }
        ],
        "uri": "http://oireachtas.ie/ie/oireachtas/member/Peter-Kelly.D.2002-06-06/dail/30"
      }
    }
  ],
  "profession": "Formerly a Funeral Director and a Publican.",
  "showAs": "Mr. Peter Kelly",
  "uri": "http://oireachtas.ie/ie/oireachtas/member/Peter-Kelly.D.2002-06-06"
}