{
  "dateOfBirth": "1889-04-10",
  "dateOfDeath": "1957-06-10",
  "firstName": "John",
  "fullName": "John Lynch",
  "gender": null,
  "image": null,
  "lastName": "Lynch",
  "memberships": [
    {
      "membership": {
        "dateRange": {
          "end": "1954-04-24",
          "start": "1951-06-13"
        },
        "house": {
          "showAs": "14th D\u00e1il",
          "uri": "http://oireachtas.ie/ie/oireachtas/house/dail/14"
        },
        "offices": [],
        "parties": [
          {
            "party": {
              "dateRange": {
                "end": "1954-04-24",
                "start": "1951-05-30"
              },
              "showAs": "Fine Gael",
              "uri": "http://oireachtas.ie/ie/oireachtas/party/dail/14/Fine_Gael"
            }
          }
        ],
        "represents": [
          {
            "represent": {
              "showAs": "Kerry North",
              "uri": "http://oireachtas.ie/ie/oireachtas/house/dail/14/constituency/Kerry-North"
            }
          }
        ],
        "uri": "http://oireachtas.ie/ie/oireachtas/member/John-Lynch.D.1951-06-13/dail/14"
      }
    },
    {
      "membership": {
        "dateRange": {
          "end": "1957-03-28",
          "start": "1954-07-22"
        },
        "house": {
          "showAs": "8th Seanad",
          "uri": "http://oireachtas.ie/ie/oireachtas/house/seanad/8"
        },
        "offices": [],
        "parties": [],
        "represents": [
          {
            "represent": {
              "showAs": "Industrial and Commercial Panel",
              "uri": "http://oireachtas.ie/ie/oireachtas/house/seanad/8/panel/Industrial-and-Commercial-Panel"
            }
          }
        ],
        "uri": "http://oireachtas.ie/ie/oireachtas/member/John-Lynch.D.1951-06-13/seanad/8"
      }
    }
  ],
  "profession": "Baker and Merchant",
  "showAs": "Mr. John Lynch",
  "uri": "http://oireachtas.ie/ie/oireachtas/member/John-Lynch.D.1951-06-13"
}