{
  "dateOfBirth": "1941-10-10",
  "dateOfDeath": null,
  "firstName": "Liam",
  "fullName": "Liam Skelly",
  "gender": null,
  "image": null,
  "lastName": "Skelly",
  "memberships": [
    {
      "membership": {
        "dateRange": {
          "end": "1982-11-04",
          "start": "1982-05-25"
        },
        "house": {
          "showAs": "23rd D\u00e1il",
          "uri": "http://oireachtas.ie/ie/oireachtas/house/dail/23"
        },
        "offices": [],
        "parties": [],
        "represents": [
          {
            "represent": {
              "showAs": "Dublin West",
              "uri": "http://oireachtas.ie/ie/oireachtas/house/dail/23/constituency/Dublin-West"
            }
          }
        ],
        "uri": "http://oireachtas.ie/ie/oireachtas/member/Liam-Skelly.D.1982-05-25/dail/23"
      }
    },
    {
      "membership": {
        "dateRange": {
          "end": "1987-01-21",
          "start": "1982-12-14"
        },
        "house": {
          "showAs": "24th D\u00e1il",
          "uri": "http://oireachtas.ie/ie/oireachtas/house/dail/24"
        },
        "offices": [],
        "parties": [
          {
            "party": {
              "dateRange": {
                "end": "1987-01-21",
                "start": "1982-11-24"
              },
              "showAs": "Fine Gael",
              "uri": "http://oireachtas.ie/ie/oireachtas/party/dail/24/Fine_Gael"
            }
          }
        ],
        "represents": [
          {
            "represent": {
              "showAs": "Dublin West",
              "uri": "http://oireachtas.ie/ie/oireachtas/house/dail/24/constituency/Dublin-West"
            }
          }
        ],
        "uri": "http://oireachtas.ie/ie/oireachtas/member/Liam-Skelly.D.1982-05-25/dail/24"
      }
    }
  ],
  "profession": "Barrister-at-Law",
  "showAs": "Mr. Liam Skelly",
  "uri": "http://oireachtas.ie/ie/oireachtas/member/Liam-Skelly.D.1982-05-25"
}