{
  "dateOfBirth": null,
  "dateOfDeath": null,
  "firstName": "Ned",
  "fullName": "Ned O'Sullivan",
  "gender": null,
  "image": "/MembersImages/2233u.jpg",
  "lastName": "O'Sullivan",
  "memberships": [
    {
      "membership": {
        "dateRange": {
          "end": "2011-04-25",
          "start": "2007-07-23"
        },
        "house": {
          "showAs": "23rd Seanad",
          "uri": "http://oireachtas.ie/ie/oireachtas/house/seanad/23"
        },
        "offices": [],
        "parties": [],
        "represents": [
          {
            "represent": {
              "showAs": "Labour Panel",
              "uri": "http://oireachtas.ie/ie/oireachtas/house/seanad/23/panel/Labour-Panel"
            }
          }
        ],
        "uri": "http://oireachtas.ie/ie/oireachtas/member/Ned-O'Sullivan.S.2007-07-23/seanad/23"
      }
    },
    {
      "membership": {
        "dateRange": {
          "end": "2016-06-07",
          "start": "2011-05-25"
        },
        "house": {
          "showAs": "24th Seanad",
          "uri": "http://oireachtas.ie/ie/oireachtas/house/seanad/24"
        },
        "offices": [],
        "parties": [],
        "represents": [
          {
            "represent": {
              "showAs": "Labour Panel",
              "uri": "http://oireachtas.ie/ie/oireachtas/house/seanad/24/panel/Labour-Panel"
            }
          }
        ],
        "uri": "http://oireachtas.ie/ie/oireachtas/member/Ned-O'Sullivan.S.2007-07-23/seanad/24"
      }
    }
  ],
  "profession": "Draper, County Councillor",
  "showAs": "Mr. Ned O'Sullivan",
  "uri": "http://oireachtas.ie/ie/oireachtas/member/Ned-O'Sullivan.S.2007-07-23"
}