{
  "dateOfBirth": "1910-01-01",
  "dateOfDeath": "1984-12-30",
  "firstName": "William Bedell",
  "fullName": "William Bedell Stanford",
  "gender": null,
  "image": null,
  "lastName": "Stanford",
  "memberships": [
    {
      "membership": {
        "dateRange": {
          "end": "1951-07-25",
          "start": "1948-04-21"
        },
        "house": {
          "showAs": "6th Seanad",
          "uri": "http://oireachtas.ie/ie/oireachtas/house/seanad/6"
        },
        "offices": [],
        "parties": [],
        "represents": [
          {
            "represent": {
              "showAs": "University of Dublin",
              "uri": "http://oireachtas.ie/ie/oireachtas/house/seanad/6/panel/University-of-Dublin"
            }
          }
        ],
        "uri": "http://oireachtas.ie/ie/oireachtas/member/William-Bedell-Stanford.S.1948-04-21/seanad/6"
      }
    },
    {
      "membership": {
        "dateRange": {
          "end": "1954-07-07",
          "start": "1951-08-14"
        },
        "house": {
          "showAs": "7th Seanad",
          "uri": "http://oireachtas.ie/ie/oireachtas/house/seanad/7"
        },
        "offices": [],
        "parties": [],
        "represents": [
          {
            "represent": {
              "showAs": "University of Dublin",
              "uri": "http://oireachtas.ie/ie/oireachtas/house/seanad/7/panel/University-of-Dublin"
            }
          }
        ],
        "uri": "http://oireachtas.ie/ie/oireachtas/member/William-Bedell-Stanford.S.1948-04-21/seanad/7"
      }
    },
    {
      "membership": {
        "dateRange": {
          "end": "1957-03-28",
          "start": "1954-07-22"
        },
        "house": {
          "showAs": "8th Seanad",
          "uri": "http://oireachtas.ie/ie/oireachtas/house/seanad/8"
        },
        "offices": [],
        "parties": [],
        "represents": [
          {
            "represent": {
              "showAs": "University of Dublin",
              "uri": "http://oireachtas.ie/ie/oireachtas/house/seanad/8/panel/University-of-Dublin"
            }
          }
        ],
        "uri": "http://oireachtas.ie/ie/oireachtas/member/William-Bedell-Stanford.S.1948-04-21/seanad/8"
      }
    },
    {
      "membership": {
        "dateRange": {
          "end": "1961-09-01",
          "start": "1957-05-22"
        },
        "house": {
          "showAs": "9th Seanad",
          "uri": "http://oireachtas.ie/ie/oireachtas/house/seanad/9"
        },
        "offices": [],
        "parties": [],
        "represents": [
          {
            "represent": {
              "showAs": "University of Dublin",
              "uri": "http://oireachtas.ie/ie/oireachtas/house/seanad/9/panel/University-of-Dublin"
            }
          }
        ],
        "uri": "http://oireachtas.ie/ie/oireachtas/member/William-Bedell-Stanford.S.1948-04-21/seanad/9"
      }
    },
    {
      "membership": {
        "dateRange": {
          "end": "1965-04-28",
          "start": "1961-12-14"
        },
        "house": {
          "showAs": "10th Seanad",
          "uri": "http://oireachtas.ie/ie/oireachtas/house/seanad/10"
        },
        "offices": [],
        "parties": [],
        "represents": [
          {
            "represent": {
              "showAs": "University of Dublin",
              "uri": "http://oireachtas.ie/ie/oireachtas/house/seanad/10/panel/University-of-Dublin"
            }
          }
        ],
        "uri": "http://oireachtas.ie/ie/oireachtas/member/William-Bedell-Stanford.S.1948-04-21/seanad/10"
      }
    },
    {
      "membership": {
        "dateRange": {
          "end": "1969-07-24",
          "start": "1965-06-23"
        },
        "house": {
          "showAs": "11th Seanad",
          "uri": "http://oireachtas.ie/ie/oireachtas/house/seanad/11"
        },
        "offices": [],
        "parties": [],
        "represents": [
          {
            "represent": {
              "showAs": "University of Dublin",
              "uri": "http://oireachtas.ie/ie/oireachtas/house/seanad/11/panel/University-of-Dublin"
            }
          }
        ],
        "uri": "http://oireachtas.ie/ie/oireachtas/member/William-Bedell-Stanford.S.1948-04-21/seanad/11"
      }
    }
  ],
  "profession": "Professor of Greek, Chancellor of TCD",
  "showAs": "Mr. William Bedell Stanford",
  "uri": "http://oireachtas.ie/ie/oireachtas/member/William-Bedell-Stanford.S.1948-04-21"
}