{
  "dateOfBirth": null,
  "dateOfDeath": null,
  "firstName": "Mark",
  "fullName": "Mark Daly",
  "gender": null,
  "image": "/MembersImages/2246t.jpg",
  "lastName": "Daly",
  "memberships": [
    {
      "membership": {
        "dateRange": {
          "end": "2011-04-25",
          "start": "2007-07-23"
        },
        "house": {
          "showAs": "23rd Seanad",
          "uri": "http://oireachtas.ie/ie/oireachtas/house/seanad/23"
        },
        "offices": [],
        "parties": [],
        "represents": [
          {
            "represent": {
              "showAs": "Administrative",
              "uri": "http://oireachtas.ie/ie/oireachtas/house/seanad/23/panel/Administrative"
            }
          }
        ],
        "uri": "http://oireachtas.ie/ie/oireachtas/member/Mark-Daly.S.2007-07-23/seanad/23"
      }
    },
    {
      "membership": {
        "dateRange": {
          "end": "2016-06-07",
          "start": "2011-05-25"
        },
        "house": {
          "showAs": "24th Seanad",
          "uri": "http://oireachtas.ie/ie/oireachtas/house/seanad/24"
        },
        "offices": [],
        "parties": [],
        "represents": [
          {
            "represent": {
              "showAs": "Administrative Panel",
              "uri": "http://oireachtas.ie/ie/oireachtas/house/seanad/24/panel/Administrative-Panel"
            }
          }
        ],
        "uri": "http://oireachtas.ie/ie/oireachtas/member/Mark-Daly.S.2007-07-23/seanad/24"
      }
    }
  ],
  "profession": "Community Activist.",
  "showAs": "Mr. Mark Daly",
  "uri": "http://oireachtas.ie/ie/oireachtas/member/Mark-Daly.S.2007-07-23"
}