{
  "dateOfBirth": null,
  "dateOfDeath": "1967-05-09",
  "firstName": "Peter Timothy",
  "fullName": "Peter Timothy Lynch",
  "gender": null,
  "image": null,
  "lastName": "Lynch",
  "memberships": [
    {
      "membership": {
        "dateRange": {
          "end": "1943-07-14",
          "start": "1938-09-07"
        },
        "house": {
          "showAs": "3rd Seanad",
          "uri": "http://oireachtas.ie/ie/oireachtas/house/seanad/3"
        },
        "offices": [],
        "parties": [],
        "represents": [
          {
            "represent": {
              "showAs": "Labour Panel",
              "uri": "http://oireachtas.ie/ie/oireachtas/house/seanad/3/panel/Labour-Panel"
            }
          }
        ],
        "uri": "http://oireachtas.ie/ie/oireachtas/member/Peter-Timothy-Lynch.S.1941-01-22/seanad/3"
      }
    },
    {
      "membership": {
        "dateRange": {
          "end": "1944-07-05",
          "start": "1943-09-08"
        },
        "house": {
          "showAs": "4th Seanad",
          "uri": "http://oireachtas.ie/ie/oireachtas/house/seanad/4"
        },
        "offices": [],
        "parties": [],
        "represents": [
          {
            "represent": {
              "showAs": "Agricultural Panel",
              "uri": "http://oireachtas.ie/ie/oireachtas/house/seanad/4/panel/Agricultural-Panel"
            }
          }
        ],
        "uri": "http://oireachtas.ie/ie/oireachtas/member/Peter-Timothy-Lynch.S.1941-01-22/seanad/4"
      }
    },
    {
      "membership": {
        "dateRange": {
          "end": "1948-03-12",
          "start": "1944-08-18"
        },
        "house": {
          "showAs": "5th Seanad",
          "uri": "http://oireachtas.ie/ie/oireachtas/house/seanad/5"
        },
        "offices": [],
        "parties": [],
        "represents": [
          {
            "represent": {
              "showAs": "Labour Panel",
              "uri": "http://oireachtas.ie/ie/oireachtas/house/seanad/5/panel/Labour-Panel"
            }
          }
        ],
        "uri": "http://oireachtas.ie/ie/oireachtas/member/Peter-Timothy-Lynch.S.1941-01-22/seanad/5"
      }
    },
    {
      "membership": {
        "dateRange": {
          "end": "1951-07-25",
          "start": "1948-04-21"
        },
        "house": {
          "showAs": "6th Seanad",
          "uri": "http://oireachtas.ie/ie/oireachtas/house/seanad/6"
        },
        "offices": [],
        "parties": [],
        "represents": [
          {
            "represent": {
              "showAs": "Industrial and Commercial Panel",
              "uri": "http://oireachtas.ie/ie/oireachtas/house/seanad/6/panel/Industrial-and-Commercial-Panel"
            }
          }
        ],
        "uri": "http://oireachtas.ie/ie/oireachtas/member/Peter-Timothy-Lynch.S.1941-01-22/seanad/6"
      }
    },
    {
      "membership": {
        "dateRange": {
          "end": "1954-07-07",
          "start": "1951-08-14"
        },
        "house": {
          "showAs": "7th Seanad",
          "uri": "http://oireachtas.ie/ie/oireachtas/house/seanad/7"
        },
        "offices": [],
        "parties": [],
        "represents": [
          {
            "represent": {
              "showAs": "Industrial and Commercial Panel",
              "uri": "http://oireachtas.ie/ie/oireachtas/house/seanad/7/panel/Industrial-and-Commercial-Panel"
            }
          }
        ],
        "uri": "http://oireachtas.ie/ie/oireachtas/member/Peter-Timothy-Lynch.S.1941-01-22/seanad/7"
      }
    },
    {
      "membership": {
        "dateRange": {
          "end": "1957-03-28",
          "start": "1954-07-22"
        },
        "house": {
          "showAs": "8th Seanad",
          "uri": "http://oireachtas.ie/ie/oireachtas/house/seanad/8"
        },
        "offices": [],
        "parties": [],
        "represents": [
          {
            "represent": {
              "showAs": "Industrial and Commercial Panel",
              "uri": "http://oireachtas.ie/ie/oireachtas/house/seanad/8/panel/Industrial-and-Commercial-Panel"
            }
          }
        ],
        "uri": "http://oireachtas.ie/ie/oireachtas/member/Peter-Timothy-Lynch.S.1941-01-22/seanad/8"
      }
    },
    {
      "membership": {
        "dateRange": {
          "end": "1961-09-01",
          "start": "1957-05-22"
        },
        "house": {
          "showAs": "9th Seanad",
          "uri": "http://oireachtas.ie/ie/oireachtas/house/seanad/9"
        },
        "offices": [],
        "parties": [],
        "represents": [
          {
            "represent": {
              "showAs": "Industrial and Commercial Panel",
              "uri": "http://oireachtas.ie/ie/oireachtas/house/seanad/9/panel/Industrial-and-Commercial-Panel"
            }
          }
        ],
        "uri": "http://oireachtas.ie/ie/oireachtas/member/Peter-Timothy-Lynch.S.1941-01-22/seanad/9"
      }
    }
  ],
  "profession": "Farmer and Auctioneer",
  "showAs": "Mr. Peter Timothy Lynch",
  "uri": "http://oireachtas.ie/ie/oireachtas/member/Peter-Timothy-Lynch.S.1941-01-22"
}