{
  "dateOfBirth": "1912-02-14",
  "dateOfDeath": "1980-07-13",
  "firstName": "Joseph",
  "fullName": "Joseph Brennan",
  "gender": null,
  "image": "http://www.oireachtas.ie//MembersImages/89t.jpg",
  "lastName": "Brennan",
  "memberships": [
    {
      "membership": {
        "dateRange": {
          "end": "1954-04-24",
          "start": "1951-06-13"
        },
        "house": {
          "showAs": "14th D\u00e1il",
          "uri": "http://oireachtas.ie/ie/oireachtas/house/dail/14"
        },
        "offices": [],
        "parties": [
          {
            "party": {
              "dateRange": {
                "end": "1954-04-24",
                "start": "1951-05-30"
              },
              "showAs": "Fianna F\u00e1il",
              "uri": "http://oireachtas.ie/ie/oireachtas/party/dail/14/Fianna_F\u00e1il"
            }
          }
        ],
        "represents": [
          {
            "represent": {
              "showAs": "Donegal West",
              "uri": "http://oireachtas.ie/ie/oireachtas/house/dail/14/constituency/Donegal-West"
            }
          }
        ],
        "uri": "http://oireachtas.ie/ie/oireachtas/member/Joseph-Brennan.D.1951-06-13/dail/14"
      }
    },
    {
      "membership": {
        "dateRange": {
          "end": "1957-02-12",
          "start": "1954-06-02"
        },
        "house": {
          "showAs": "15th D\u00e1il",
          "uri": "http://oireachtas.ie/ie/oireachtas/house/dail/15"
        },
        "offices": [],
        "parties": [
          {
            "party": {
              "dateRange": {
                "end": "1957-02-12",
                "start": "1954-05-18"
              },
              "showAs": "Fianna F\u00e1il",
              "uri": "http://oireachtas.ie/ie/oireachtas/party/dail/15/Fianna_F\u00e1il"
            }
          }
        ],
        "represents": [
          {
            "represent": {
              "showAs": "Donegal West",
              "uri": "http://oireachtas.ie/ie/oireachtas/house/dail/15/constituency/Donegal-West"
            }
          }
        ],
        "uri": "http://oireachtas.ie/ie/oireachtas/member/Joseph-Brennan.D.1951-06-13/dail/15"
      }
    },
    {
      "membership": {
        "dateRange": {
          "end": "1961-09-15",
          "start": "1957-03-20"
        },
        "house": {
          "showAs": "16th D\u00e1il",
          "uri": "http://oireachtas.ie/ie/oireachtas/house/dail/16"
        },
        "offices": [],
        "parties": [
          {
            "party": {
              "dateRange": {
                "end": "1961-09-15",
                "start": "1957-03-05"
              },
              "showAs": "Fianna F\u00e1il",
              "uri": "http://oireachtas.ie/ie/oireachtas/party/dail/16/Fianna_F\u00e1il"
            }
          }
        ],
        "represents": [
          {
            "represent": {
              "showAs": "Donegal West",
              "uri": "http://oireachtas.ie/ie/oireachtas/house/dail/16/constituency/Donegal-West"
            }
          }
        ],
        "uri": "http://oireachtas.ie/ie/oireachtas/member/Joseph-Brennan.D.1951-06-13/dail/16"
      }
    },
    {
      "membership": {
        "dateRange": {
          "end": "1965-03-18",
          "start": "1961-10-11"
        },
        "house": {
          "showAs": "17th D\u00e1il",
          "uri": "http://oireachtas.ie/ie/oireachtas/house/dail/17"
        },
        "offices": [],
        "parties": [
          {
            "party": {
              "dateRange": {
                "end": "1965-03-18",
                "start": "1961-10-04"
              },
              "showAs": "Fianna F\u00e1il",
              "uri": "http://oireachtas.ie/ie/oireachtas/party/dail/17/Fianna_F\u00e1il"
            }
          }
        ],
        "represents": [
          {
            "represent": {
              "showAs": "Donegal South\u2013West",
              "uri": "http://oireachtas.ie/ie/oireachtas/house/dail/17/constituency/Donegal-South\u2013West"
            }
          }
        ],
        "uri": "http://oireachtas.ie/ie/oireachtas/member/Joseph-Brennan.D.1951-06-13/dail/17"
      }
    },
    {
      "membership": {
        "dateRange": {
          "end": "1969-05-22",
          "start": "1965-04-21"
        },
        "house": {
          "showAs": "18th D\u00e1il",
          "uri": "http://oireachtas.ie/ie/oireachtas/house/dail/18"
        },
        "offices": [
          {
            "office": {
              "cabinet": {
                "showAs": "Government of the 18th D\u00e1il",
                "uri": "http://oireachtas.ie/ie/oireachtas/cabinet/dail/18"
              },
              "dateRange": {
                "end": "1966-11-10",
                "start": "1965-04-21"
              },
              "officeName": {
                "showAs": "Minister for Posts and Telegraphs",
                "uri": "http://oireachtas.ie/ie/oireachtas/office/minister/posts__telegraphs"
              }
            }
          },
          {
            "office": {
              "cabinet": {
                "showAs": "Government of the 18th D\u00e1il",
                "uri": "http://oireachtas.ie/ie/oireachtas/cabinet/dail/18"
              },
              "dateRange": {
                "end": "1969-07-02",
                "start": "1966-11-16"
              },
              "officeName": {
                "showAs": "Minister for Social Welfare",
                "uri": "http://oireachtas.ie/ie/oireachtas/office/minister/social_welfare"
              }
            }
          }
        ],
        "parties": [
          {
            "party": {
              "dateRange": {
                "end": "1969-05-22",
                "start": "1965-04-07"
              },
              "showAs": "Fianna F\u00e1il",
              "uri": "http://oireachtas.ie/ie/oireachtas/party/dail/18/Fianna_F\u00e1il"
            }
          }
        ],
        "represents": [
          {
            "represent": {
              "showAs": "Donegal South\u2013West",
              "uri": "http://oireachtas.ie/ie/oireachtas/house/dail/18/constituency/Donegal-South\u2013West"
            }
          }
        ],
        "uri": "http://oireachtas.ie/ie/oireachtas/member/Joseph-Brennan.D.1951-06-13/dail/18"
      }
    },
    {
      "membership": {
        "dateRange": {
          "end": "1973-02-05",
          "start": "1969-07-02"
        },
        "house": {
          "showAs": "19th D\u00e1il",
          "uri": "http://oireachtas.ie/ie/oireachtas/house/dail/19"
        },
        "offices": [
          {
            "office": {
              "cabinet": {
                "showAs": "Government of the 19th D\u00e1il",
                "uri": "http://oireachtas.ie/ie/oireachtas/cabinet/dail/19"
              },
              "dateRange": {
                "end": "1973-03-14",
                "start": "1969-07-02"
              },
              "officeName": {
                "showAs": "Minister for Labour",
                "uri": "http://oireachtas.ie/ie/oireachtas/office/minister/labour"
              }
            }
          },
          {
            "office": {
              "cabinet": {
                "showAs": "Government of the 19th D\u00e1il",
                "uri": "http://oireachtas.ie/ie/oireachtas/cabinet/dail/19"
              },
              "dateRange": {
                "end": "1973-03-14",
                "start": "1970-05-06"
              },
              "officeName": {
                "showAs": "Minister for Social Welfare",
                "uri": "http://oireachtas.ie/ie/oireachtas/office/minister/social_welfare"
              }
            }
          }
        ],
        "parties": [
          {
            "party": {
              "dateRange": {
                "end": "1973-02-05",
                "start": "1969-06-18"
              },
              "showAs": "Fianna F\u00e1il",
              "uri": "http://oireachtas.ie/ie/oireachtas/party/dail/19/Fianna_F\u00e1il"
            }
          }
        ],
        "represents": [
          {
            "represent": {
              "showAs": "Donegal\u2013Leitrim",
              "uri": "http://oireachtas.ie/ie/oireachtas/house/dail/19/constituency/Donegal\u2013Leitrim"
            }
          }
        ],
        "uri": "http://oireachtas.ie/ie/oireachtas/member/Joseph-Brennan.D.1951-06-13/dail/19"
      }
    },
    {
      "membership": {
        "dateRange": {
          "end": "1977-05-25",
          "start": "1973-03-14"
        },
        "house": {
          "showAs": "20th D\u00e1il",
          "uri": "http://oireachtas.ie/ie/oireachtas/house/dail/20"
        },
        "offices": [],
        "parties": [
          {
            "party": {
              "dateRange": {
                "end": "1977-05-25",
                "start": "1973-02-28"
              },
              "showAs": "Fianna F\u00e1il",
              "uri": "http://oireachtas.ie/ie/oireachtas/party/dail/20/Fianna_F\u00e1il"
            }
          }
        ],
        "represents": [
          {
            "represent": {
              "showAs": "Donegal\u2013Leitrim",
              "uri": "http://oireachtas.ie/ie/oireachtas/house/dail/20/constituency/Donegal\u2013Leitrim"
            }
          }
        ],
        "uri": "http://oireachtas.ie/ie/oireachtas/member/Joseph-Brennan.D.1951-06-13/dail/20"
      }
    },
    {
      "membership": {
        "dateRange": {
          "end": "1980-07-13",
          "start": "1977-07-05"
        },
        "house": {
          "showAs": "21st D\u00e1il",
          "uri": "http://oireachtas.ie/ie/oireachtas/house/dail/21"
        },
        "offices": [],
        "parties": [
          {
            "party": {
              "dateRange": {
                "end": "1980-07-13",
                "start": "1977-06-16"
              },
              "showAs": "Fianna F\u00e1il",
              "uri": "http://oireachtas.ie/ie/oireachtas/party/dail/21/Fianna_F\u00e1il"
            }
          }
        ],
        "represents": [
          {
            "represent": {
              "showAs": "Donegal",
              "uri": "http://oireachtas.ie/ie/oireachtas/house/dail/21/constituency/Donegal"
            }
          }
        ],
        "uri": "http://oireachtas.ie/ie/oireachtas/member/Joseph-Brennan.D.1951-06-13/dail/21"
      }
    }
  ],
  "profession": "Merchant and Auctioneer",
  "showAs": "Mr. Joseph Brennan",
  "uri": "http://oireachtas.ie/ie/oireachtas/member/Joseph-Brennan.D.1951-06-13"
}