{
  "dateOfBirth": "1914-08-01",
  "dateOfDeath": "1989-10-13",
  "firstName": "Patrick",
  "fullName": "Patrick McAuliffe",
  "gender": null,
  "image": "http://www.oireachtas.ie//MembersImages/695x.jpg",
  "lastName": "McAuliffe",
  "memberships": [
    {
      "membership": {
        "dateRange": {
          "end": "1948-01-12",
          "start": "1944-06-09"
        },
        "house": {
          "showAs": "12th D\u00e1il",
          "uri": "http://oireachtas.ie/ie/oireachtas/house/dail/12"
        },
        "offices": [],
        "parties": [
          {
            "party": {
              "dateRange": {
                "end": "1948-01-12",
                "start": "1944-05-30"
              },
              "showAs": "Labour Party",
              "uri": "http://oireachtas.ie/ie/oireachtas/party/dail/12/Labour_Party"
            }
          }
        ],
        "represents": [
          {
            "represent": {
              "showAs": "Cork North",
              "uri": "http://oireachtas.ie/ie/oireachtas/house/dail/12/constituency/Cork-North"
            }
          }
        ],
        "uri": "http://oireachtas.ie/ie/oireachtas/member/Patrick-McAuliffe.D.1944-06-09/dail/12"
      }
    },
    {
      "membership": {
        "dateRange": {
          "end": "1951-05-07",
          "start": "1948-02-18"
        },
        "house": {
          "showAs": "13th D\u00e1il",
          "uri": "http://oireachtas.ie/ie/oireachtas/house/dail/13"
        },
        "offices": [],
        "parties": [
          {
            "party": {
              "dateRange": {
                "end": "1951-05-07",
                "start": "1948-02-04"
              },
              "showAs": "Labour Party",
              "uri": "http://oireachtas.ie/ie/oireachtas/party/dail/13/Labour_Party"
            }
          }
        ],
        "represents": [
          {
            "represent": {
              "showAs": "Cork North",
              "uri": "http://oireachtas.ie/ie/oireachtas/house/dail/13/constituency/Cork-North"
            }
          }
        ],
        "uri": "http://oireachtas.ie/ie/oireachtas/member/Patrick-McAuliffe.D.1944-06-09/dail/13"
      }
    },
    {
      "membership": {
        "dateRange": {
          "end": "1954-04-24",
          "start": "1951-06-13"
        },
        "house": {
          "showAs": "14th D\u00e1il",
          "uri": "http://oireachtas.ie/ie/oireachtas/house/dail/14"
        },
        "offices": [],
        "parties": [
          {
            "party": {
              "dateRange": {
                "end": "1954-04-24",
                "start": "1951-05-30"
              },
              "showAs": "Labour Party",
              "uri": "http://oireachtas.ie/ie/oireachtas/party/dail/14/Labour_Party"
            }
          }
        ],
        "represents": [
          {
            "represent": {
              "showAs": "Cork North",
              "uri": "http://oireachtas.ie/ie/oireachtas/house/dail/14/constituency/Cork-North"
            }
          }
        ],
        "uri": "http://oireachtas.ie/ie/oireachtas/member/Patrick-McAuliffe.D.1944-06-09/dail/14"
      }
    },
    {
      "membership": {
        "dateRange": {
          "end": "1957-02-12",
          "start": "1954-06-02"
        },
        "house": {
          "showAs": "15th D\u00e1il",
          "uri": "http://oireachtas.ie/ie/oireachtas/house/dail/15"
        },
        "offices": [],
        "parties": [
          {
            "party": {
              "dateRange": {
                "end": "1957-02-12",
                "start": "1954-05-18"
              },
              "showAs": "Labour Party",
              "uri": "http://oireachtas.ie/ie/oireachtas/party/dail/15/Labour_Party"
            }
          }
        ],
        "represents": [
          {
            "represent": {
              "showAs": "Cork North",
              "uri": "http://oireachtas.ie/ie/oireachtas/house/dail/15/constituency/Cork-North"
            }
          }
        ],
        "uri": "http://oireachtas.ie/ie/oireachtas/member/Patrick-McAuliffe.D.1944-06-09/dail/15"
      }
    },
    {
      "membership": {
        "dateRange": {
          "end": "1961-09-15",
          "start": "1957-03-20"
        },
        "house": {
          "showAs": "16th D\u00e1il",
          "uri": "http://oireachtas.ie/ie/oireachtas/house/dail/16"
        },
        "offices": [],
        "parties": [
          {
            "party": {
              "dateRange": {
                "end": "1961-09-15",
                "start": "1957-03-05"
              },
              "showAs": "Labour Party",
              "uri": "http://oireachtas.ie/ie/oireachtas/party/dail/16/Labour_Party"
            }
          }
        ],
        "represents": [
          {
            "represent": {
              "showAs": "Cork North",
              "uri": "http://oireachtas.ie/ie/oireachtas/house/dail/16/constituency/Cork-North"
            }
          }
        ],
        "uri": "http://oireachtas.ie/ie/oireachtas/member/Patrick-McAuliffe.D.1944-06-09/dail/16"
      }
    },
    {
      "membership": {
        "dateRange": {
          "end": "1965-03-18",
          "start": "1961-10-11"
        },
        "house": {
          "showAs": "17th D\u00e1il",
          "uri": "http://oireachtas.ie/ie/oireachtas/house/dail/17"
        },
        "offices": [],
        "parties": [
          {
            "party": {
              "dateRange": {
                "end": "1965-03-18",
                "start": "1961-10-04"
              },
              "showAs": "Labour Party",
              "uri": "http://oireachtas.ie/ie/oireachtas/party/dail/17/Labour_Party"
            }
          }
        ],
        "represents": [
          {
            "represent": {
              "showAs": "Cork North\u2013East",
              "uri": "http://oireachtas.ie/ie/oireachtas/house/dail/17/constituency/Cork-North\u2013East"
            }
          }
        ],
        "uri": "http://oireachtas.ie/ie/oireachtas/member/Patrick-McAuliffe.D.1944-06-09/dail/17"
      }
    },
    {
      "membership": {
        "dateRange": {
          "end": "1969-05-22",
          "start": "1965-04-21"
        },
        "house": {
          "showAs": "18th D\u00e1il",
          "uri": "http://oireachtas.ie/ie/oireachtas/house/dail/18"
        },
        "offices": [],
        "parties": [
          {
            "party": {
              "dateRange": {
                "end": "1969-05-22",
                "start": "1965-04-07"
              },
              "showAs": "Labour Party",
              "uri": "http://oireachtas.ie/ie/oireachtas/party/dail/18/Labour_Party"
            }
          }
        ],
        "represents": [
          {
            "represent": {
              "showAs": "Cork North\u2013East",
              "uri": "http://oireachtas.ie/ie/oireachtas/house/dail/18/constituency/Cork-North\u2013East"
            }
          }
        ],
        "uri": "http://oireachtas.ie/ie/oireachtas/member/Patrick-McAuliffe.D.1944-06-09/dail/18"
      }
    }
  ],
  "profession": "Farmer",
  "showAs": "Mr. Patrick McAuliffe",
  "uri": "http://oireachtas.ie/ie/oireachtas/member/Patrick-McAuliffe.D.1944-06-09"
}