{
  "dateOfBirth": "1878-09-23",
  "dateOfDeath": "1942-07-29",
  "firstName": "John Joseph",
  "fullName": "John Joseph Byrne",
  "gender": null,
  "image": null,
  "lastName": "Byrne",
  "memberships": [
    {
      "membership": {
        "dateRange": {
          "end": "1927-08-25",
          "start": "1927-06-23"
        },
        "house": {
          "showAs": "5th D\u00e1il",
          "uri": "http://oireachtas.ie/ie/oireachtas/house/dail/5"
        },
        "offices": [],
        "parties": [
          {
            "party": {
              "dateRange": {
                "end": "1927-08-25",
                "start": "1927-06-09"
              },
              "showAs": "Cumann na nGaedheal",
              "uri": "http://oireachtas.ie/ie/oireachtas/party/dail/5/Cumann_na_nGaedheal"
            }
          }
        ],
        "represents": [
          {
            "represent": {
              "showAs": "Dublin North",
              "uri": "http://oireachtas.ie/ie/oireachtas/house/dail/5/constituency/Dublin-North"
            }
          }
        ],
        "uri": "http://oireachtas.ie/ie/oireachtas/member/John-Joseph-Byrne.D.1927-06-23/dail/5"
      }
    },
    {
      "membership": {
        "dateRange": {
          "end": "1932-01-29",
          "start": "1927-10-11"
        },
        "house": {
          "showAs": "6th D\u00e1il",
          "uri": "http://oireachtas.ie/ie/oireachtas/house/dail/6"
        },
        "offices": [],
        "parties": [
          {
            "party": {
              "dateRange": {
                "end": "1932-01-29",
                "start": "1927-09-15"
              },
              "showAs": "Cumann na nGaedheal",
              "uri": "http://oireachtas.ie/ie/oireachtas/party/dail/6/Cumann_na_nGaedheal"
            }
          }
        ],
        "represents": [
          {
            "represent": {
              "showAs": "Dublin North",
              "uri": "http://oireachtas.ie/ie/oireachtas/house/dail/6/constituency/Dublin-North"
            }
          }
        ],
        "uri": "http://oireachtas.ie/ie/oireachtas/member/John-Joseph-Byrne.D.1927-06-23/dail/6"
      }
    },
    {
      "membership": {
        "dateRange": {
          "end": "1933-01-02",
          "start": "1932-03-09"
        },
        "house": {
          "showAs": "7th D\u00e1il",
          "uri": "http://oireachtas.ie/ie/oireachtas/house/dail/7"
        },
        "offices": [],
        "parties": [
          {
            "party": {
              "dateRange": {
                "end": "1933-01-02",
                "start": "1932-02-16"
              },
              "showAs": "Cumann na nGaedheal",
              "uri": "http://oireachtas.ie/ie/oireachtas/party/dail/7/Cumann_na_nGaedheal"
            }
          }
        ],
        "represents": [
          {
            "represent": {
              "showAs": "Dublin North",
              "uri": "http://oireachtas.ie/ie/oireachtas/house/dail/7/constituency/Dublin-North"
            }
          }
        ],
        "uri": "http://oireachtas.ie/ie/oireachtas/member/John-Joseph-Byrne.D.1927-06-23/dail/7"
      }
    }
  ],
  "profession": "Hardware Merchant.",
  "showAs": "Mr. John Joseph Byrne",
  "uri": "http://oireachtas.ie/ie/oireachtas/member/John-Joseph-Byrne.D.1927-06-23"
}