{
  "dateOfBirth": "1960-01-24",
  "dateOfDeath": null,
  "firstName": "Kathleen",
  "fullName": "Kathleen O'Meara",
  "gender": null,
  "image": "/MembersImages/1961x.jpg",
  "lastName": "O'Meara",
  "memberships": [
    {
      "membership": {
        "dateRange": {
          "end": "2002-06-26",
          "start": "1997-09-17"
        },
        "house": {
          "showAs": "21st Seanad",
          "uri": "http://oireachtas.ie/ie/oireachtas/house/seanad/21"
        },
        "offices": [],
        "parties": [],
        "represents": [
          {
            "represent": {
              "showAs": "Agricultural",
              "uri": "http://oireachtas.ie/ie/oireachtas/house/seanad/21/panel/Agricultural"
            }
          }
        ],
        "uri": "http://oireachtas.ie/ie/oireachtas/member/Kathleen-O'Meara.S.1997-09-17/seanad/21"
      }
    },
    {
      "membership": {
        "dateRange": {
          "end": "2007-07-22",
          "start": "2002-09-12"
        },
        "house": {
          "showAs": "22nd Seanad",
          "uri": "http://oireachtas.ie/ie/oireachtas/house/seanad/22"
        },
        "offices": [],
        "parties": [],
        "represents": [
          {
            "represent": {
              "showAs": "Agricultural Panel",
              "uri": "http://oireachtas.ie/ie/oireachtas/house/seanad/22/panel/Agricultural-Panel"
            }
          }
        ],
        "uri": "http://oireachtas.ie/ie/oireachtas/member/Kathleen-O'Meara.S.1997-09-17/seanad/22"
      }
    }
  ],
  "profession": "Journalist",
  "showAs": "Ms. Kathleen O'Meara",
  "uri": "http://oireachtas.ie/ie/oireachtas/member/Kathleen-O'Meara.S.1997-09-17"
}