{
  "dateOfBirth": "1912-12-25",
  "dateOfDeath": "1983-05-06",
  "firstName": "Michael",
  "fullName": "Michael Moran",
  "gender": null,
  "image": null,
  "lastName": "Moran",
  "memberships": [
    {
      "membership": {
        "dateRange": {
          "end": "1943-05-31",
          "start": "1938-06-30"
        },
        "house": {
          "showAs": "10th D\u00e1il",
          "uri": "http://oireachtas.ie/ie/oireachtas/house/dail/10"
        },
        "offices": [],
        "parties": [
          {
            "party": {
              "dateRange": {
                "end": "1943-05-31",
                "start": "1938-06-17"
              },
              "showAs": "Fianna F\u00e1il",
              "uri": "http://oireachtas.ie/ie/oireachtas/party/dail/10/Fianna_F\u00e1il"
            }
          }
        ],
        "represents": [
          {
            "represent": {
              "showAs": "Mayo South",
              "uri": "http://oireachtas.ie/ie/oireachtas/house/dail/10/constituency/Mayo-South"
            }
          }
        ],
        "uri": "http://oireachtas.ie/ie/oireachtas/member/Michael-Moran.D.1938-06-30/dail/10"
      }
    },
    {
      "membership": {
        "dateRange": {
          "end": "1944-05-10",
          "start": "1943-07-01"
        },
        "house": {
          "showAs": "11th D\u00e1il",
          "uri": "http://oireachtas.ie/ie/oireachtas/house/dail/11"
        },
        "offices": [],
        "parties": [
          {
            "party": {
              "dateRange": {
                "end": "1944-05-10",
                "start": "1943-06-23"
              },
              "showAs": "Fianna F\u00e1il",
              "uri": "http://oireachtas.ie/ie/oireachtas/party/dail/11/Fianna_F\u00e1il"
            }
          }
        ],
        "represents": [
          {
            "represent": {
              "showAs": "Mayo South",
              "uri": "http://oireachtas.ie/ie/oireachtas/house/dail/11/constituency/Mayo-South"
            }
          }
        ],
        "uri": "http://oireachtas.ie/ie/oireachtas/member/Michael-Moran.D.1938-06-30/dail/11"
      }
    },
    {
      "membership": {
        "dateRange": {
          "end": "1948-01-12",
          "start": "1944-06-09"
        },
        "house": {
          "showAs": "12th D\u00e1il",
          "uri": "http://oireachtas.ie/ie/oireachtas/house/dail/12"
        },
        "offices": [],
        "parties": [
          {
            "party": {
              "dateRange": {
                "end": "1948-01-12",
                "start": "1944-05-30"
              },
              "showAs": "Fianna F\u00e1il",
              "uri": "http://oireachtas.ie/ie/oireachtas/party/dail/12/Fianna_F\u00e1il"
            }
          }
        ],
        "represents": [
          {
            "represent": {
              "showAs": "Mayo South",
              "uri": "http://oireachtas.ie/ie/oireachtas/house/dail/12/constituency/Mayo-South"
            }
          }
        ],
        "uri": "http://oireachtas.ie/ie/oireachtas/member/Michael-Moran.D.1938-06-30/dail/12"
      }
    },
    {
      "membership": {
        "dateRange": {
          "end": "1951-05-07",
          "start": "1948-02-18"
        },
        "house": {
          "showAs": "13th D\u00e1il",
          "uri": "http://oireachtas.ie/ie/oireachtas/house/dail/13"
        },
        "offices": [],
        "parties": [
          {
            "party": {
              "dateRange": {
                "end": "1951-05-07",
                "start": "1948-02-04"
              },
              "showAs": "Fianna F\u00e1il",
              "uri": "http://oireachtas.ie/ie/oireachtas/party/dail/13/Fianna_F\u00e1il"
            }
          }
        ],
        "represents": [
          {
            "represent": {
              "showAs": "Mayo South",
              "uri": "http://oireachtas.ie/ie/oireachtas/house/dail/13/constituency/Mayo-South"
            }
          }
        ],
        "uri": "http://oireachtas.ie/ie/oireachtas/member/Michael-Moran.D.1938-06-30/dail/13"
      }
    },
    {
      "membership": {
        "dateRange": {
          "end": "1954-04-24",
          "start": "1951-06-13"
        },
        "house": {
          "showAs": "14th D\u00e1il",
          "uri": "http://oireachtas.ie/ie/oireachtas/house/dail/14"
        },
        "offices": [],
        "parties": [
          {
            "party": {
              "dateRange": {
                "end": "1954-04-24",
                "start": "1951-05-30"
              },
              "showAs": "Fianna F\u00e1il",
              "uri": "http://oireachtas.ie/ie/oireachtas/party/dail/14/Fianna_F\u00e1il"
            }
          }
        ],
        "represents": [
          {
            "represent": {
              "showAs": "Mayo South",
              "uri": "http://oireachtas.ie/ie/oireachtas/house/dail/14/constituency/Mayo-South"
            }
          }
        ],
        "uri": "http://oireachtas.ie/ie/oireachtas/member/Michael-Moran.D.1938-06-30/dail/14"
      }
    },
    {
      "membership": {
        "dateRange": {
          "end": "1957-02-12",
          "start": "1954-06-02"
        },
        "house": {
          "showAs": "15th D\u00e1il",
          "uri": "http://oireachtas.ie/ie/oireachtas/house/dail/15"
        },
        "offices": [],
        "parties": [
          {
            "party": {
              "dateRange": {
                "end": "1957-02-12",
                "start": "1954-05-18"
              },
              "showAs": "Fianna F\u00e1il",
              "uri": "http://oireachtas.ie/ie/oireachtas/party/dail/15/Fianna_F\u00e1il"
            }
          }
        ],
        "represents": [
          {
            "represent": {
              "showAs": "Mayo South",
              "uri": "http://oireachtas.ie/ie/oireachtas/house/dail/15/constituency/Mayo-South"
            }
          }
        ],
        "uri": "http://oireachtas.ie/ie/oireachtas/member/Michael-Moran.D.1938-06-30/dail/15"
      }
    },
    {
      "membership": {
        "dateRange": {
          "end": "1961-09-15",
          "start": "1957-03-20"
        },
        "house": {
          "showAs": "16th D\u00e1il",
          "uri": "http://oireachtas.ie/ie/oireachtas/house/dail/16"
        },
        "offices": [
          {
            "office": {
              "cabinet": {
                "showAs": "Government of the 16th D\u00e1il",
                "uri": "http://oireachtas.ie/ie/oireachtas/cabinet/dail/16"
              },
              "dateRange": {
                "end": "1959-07-23",
                "start": "1957-06-26"
              },
              "officeName": {
                "showAs": "Minister for the Gaeltacht",
                "uri": "http://oireachtas.ie/ie/oireachtas/office/minister/gaeltacht"
              }
            }
          },
          {
            "office": {
              "cabinet": {
                "showAs": "Government of the 16th D\u00e1il",
                "uri": "http://oireachtas.ie/ie/oireachtas/cabinet/dail/16"
              },
              "dateRange": {
                "end": "1961-10-11",
                "start": "1959-07-23"
              },
              "officeName": {
                "showAs": "Minister for Lands",
                "uri": "http://oireachtas.ie/ie/oireachtas/office/minister/lands"
              }
            }
          }
        ],
        "parties": [
          {
            "party": {
              "dateRange": {
                "end": "1961-09-15",
                "start": "1957-03-05"
              },
              "showAs": "Fianna F\u00e1il",
              "uri": "http://oireachtas.ie/ie/oireachtas/party/dail/16/Fianna_F\u00e1il"
            }
          }
        ],
        "represents": [
          {
            "represent": {
              "showAs": "Mayo South",
              "uri": "http://oireachtas.ie/ie/oireachtas/house/dail/16/constituency/Mayo-South"
            }
          }
        ],
        "uri": "http://oireachtas.ie/ie/oireachtas/member/Michael-Moran.D.1938-06-30/dail/16"
      }
    },
    {
      "membership": {
        "dateRange": {
          "end": "1965-03-18",
          "start": "1961-10-11"
        },
        "house": {
          "showAs": "17th D\u00e1il",
          "uri": "http://oireachtas.ie/ie/oireachtas/house/dail/17"
        },
        "offices": [
          {
            "office": {
              "cabinet": {
                "showAs": "Government of the 17th D\u00e1il",
                "uri": "http://oireachtas.ie/ie/oireachtas/cabinet/dail/17"
              },
              "dateRange": {
                "end": "1965-04-21",
                "start": "1961-10-11"
              },
              "officeName": {
                "showAs": "Minister for Lands",
                "uri": "http://oireachtas.ie/ie/oireachtas/office/minister/lands"
              }
            }
          },
          {
            "office": {
              "cabinet": {
                "showAs": "Government of the 17th D\u00e1il",
                "uri": "http://oireachtas.ie/ie/oireachtas/cabinet/dail/17"
              },
              "dateRange": {
                "end": "1965-04-21",
                "start": "1961-10-11"
              },
              "officeName": {
                "showAs": "Minister for the Gaeltacht",
                "uri": "http://oireachtas.ie/ie/oireachtas/office/minister/gaeltacht"
              }
            }
          }
        ],
        "parties": [
          {
            "party": {
              "dateRange": {
                "end": "1965-03-18",
                "start": "1961-10-04"
              },
              "showAs": "Fianna F\u00e1il",
              "uri": "http://oireachtas.ie/ie/oireachtas/party/dail/17/Fianna_F\u00e1il"
            }
          }
        ],
        "represents": [
          {
            "represent": {
              "showAs": "Mayo South",
              "uri": "http://oireachtas.ie/ie/oireachtas/house/dail/17/constituency/Mayo-South"
            }
          }
        ],
        "uri": "http://oireachtas.ie/ie/oireachtas/member/Michael-Moran.D.1938-06-30/dail/17"
      }
    },
    {
      "membership": {
        "dateRange": {
          "end": "1969-05-22",
          "start": "1965-04-21"
        },
        "house": {
          "showAs": "18th D\u00e1il",
          "uri": "http://oireachtas.ie/ie/oireachtas/house/dail/18"
        },
        "offices": [
          {
            "office": {
              "cabinet": {
                "showAs": "Government of the 18th D\u00e1il",
                "uri": "http://oireachtas.ie/ie/oireachtas/cabinet/dail/18"
              },
              "dateRange": {
                "end": "1968-03-26",
                "start": "1965-04-21"
              },
              "officeName": {
                "showAs": "Minister for Lands",
                "uri": "http://oireachtas.ie/ie/oireachtas/office/minister/lands"
              }
            }
          },
          {
            "office": {
              "cabinet": {
                "showAs": "Government of the 18th D\u00e1il",
                "uri": "http://oireachtas.ie/ie/oireachtas/cabinet/dail/18"
              },
              "dateRange": {
                "end": "1968-03-26",
                "start": "1965-04-21"
              },
              "officeName": {
                "showAs": "Minister for the Gaeltacht",
                "uri": "http://oireachtas.ie/ie/oireachtas/office/minister/gaeltacht"
              }
            }
          },
          {
            "office": {
              "cabinet": {
                "showAs": "Government of the 18th D\u00e1il",
                "uri": "http://oireachtas.ie/ie/oireachtas/cabinet/dail/18"
              },
              "dateRange": {
                "end": "1969-07-02",
                "start": "1968-03-27"
              },
              "officeName": {
                "showAs": "Minister for Justice",
                "uri": "http://oireachtas.ie/ie/oireachtas/office/minister/justice"
              }
            }
          }
        ],
        "parties": [
          {
            "party": {
              "dateRange": {
                "end": "1969-05-22",
                "start": "1965-04-07"
              },
              "showAs": "Fianna F\u00e1il",
              "uri": "http://oireachtas.ie/ie/oireachtas/party/dail/18/Fianna_F\u00e1il"
            }
          }
        ],
        "represents": [
          {
            "represent": {
              "showAs": "Mayo South",
              "uri": "http://oireachtas.ie/ie/oireachtas/house/dail/18/constituency/Mayo-South"
            }
          }
        ],
        "uri": "http://oireachtas.ie/ie/oireachtas/member/Michael-Moran.D.1938-06-30/dail/18"
      }
    },
    {
      "membership": {
        "dateRange": {
          "end": "1973-02-05",
          "start": "1969-07-02"
        },
        "house": {
          "showAs": "19th D\u00e1il",
          "uri": "http://oireachtas.ie/ie/oireachtas/house/dail/19"
        },
        "offices": [
          {
            "office": {
              "cabinet": {
                "showAs": "Government of the 19th D\u00e1il",
                "uri": "http://oireachtas.ie/ie/oireachtas/cabinet/dail/19"
              },
              "dateRange": {
                "end": "1970-05-05",
                "start": "1969-07-02"
              },
              "officeName": {
                "showAs": "Minister for Justice",
                "uri": "http://oireachtas.ie/ie/oireachtas/office/minister/justice"
              }
            }
          }
        ],
        "parties": [
          {
            "party": {
              "dateRange": {
                "end": "1973-02-05",
                "start": "1969-06-18"
              },
              "showAs": "Fianna F\u00e1il",
              "uri": "http://oireachtas.ie/ie/oireachtas/party/dail/19/Fianna_F\u00e1il"
            }
          }
        ],
        "represents": [
          {
            "represent": {
              "showAs": "Mayo West",
              "uri": "http://oireachtas.ie/ie/oireachtas/house/dail/19/constituency/Mayo-West"
            }
          }
        ],
        "uri": "http://oireachtas.ie/ie/oireachtas/member/Michael-Moran.D.1938-06-30/dail/19"
      }
    }
  ],
  "profession": "Solicitor",
  "showAs": "Mr. Michael Moran",
  "uri": "http://oireachtas.ie/ie/oireachtas/member/Michael-Moran.D.1938-06-30"
}