{
  "dateOfBirth": "1891-09-11",
  "dateOfDeath": "1951-08-17",
  "firstName": "Joseph Warwick",
  "fullName": "Joseph Warwick Bigger",
  "gender": null,
  "image": null,
  "lastName": "Bigger",
  "memberships": [
    {
      "membership": {
        "dateRange": {
          "end": "1948-03-12",
          "start": "1947-11-22"
        },
        "house": {
          "showAs": "5th Seanad",
          "uri": "http://oireachtas.ie/ie/oireachtas/house/seanad/5"
        },
        "offices": [],
        "parties": [],
        "represents": [
          {
            "represent": {
              "showAs": "University of Dublin",
              "uri": "http://oireachtas.ie/ie/oireachtas/house/seanad/5/panel/University-of-Dublin"
            }
          }
        ],
        "uri": "http://oireachtas.ie/ie/oireachtas/member/Joseph-Warwick-Bigger.S.1947-11-22/seanad/5"
      }
    },
    {
      "membership": {
        "dateRange": {
          "end": "1951-07-25",
          "start": "1948-04-21"
        },
        "house": {
          "showAs": "6th Seanad",
          "uri": "http://oireachtas.ie/ie/oireachtas/house/seanad/6"
        },
        "offices": [],
        "parties": [],
        "represents": [
          {
            "represent": {
              "showAs": "University of Dublin",
              "uri": "http://oireachtas.ie/ie/oireachtas/house/seanad/6/panel/University-of-Dublin"
            }
          }
        ],
        "uri": "http://oireachtas.ie/ie/oireachtas/member/Joseph-Warwick-Bigger.S.1947-11-22/seanad/6"
      }
    }
  ],
  "profession": "Professor",
  "showAs": "Mr. Joseph Warwick Bigger",
  "uri": "http://oireachtas.ie/ie/oireachtas/member/Joseph-Warwick-Bigger.S.1947-11-22"
}