{
  "dateOfBirth": null,
  "dateOfDeath": "1970-09-11",
  "firstName": "Cornelius",
  "fullName": "Cornelius Meaney",
  "gender": null,
  "image": null,
  "lastName": "Meaney",
  "memberships": [
    {
      "membership": {
        "dateRange": {
          "end": "1938-05-27",
          "start": "1937-07-21"
        },
        "house": {
          "showAs": "9th D\u00e1il",
          "uri": "http://oireachtas.ie/ie/oireachtas/house/dail/9"
        },
        "offices": [],
        "parties": [
          {
            "party": {
              "dateRange": {
                "end": "1938-05-27",
                "start": "1937-07-01"
              },
              "showAs": "Fianna F\u00e1il",
              "uri": "http://oireachtas.ie/ie/oireachtas/party/dail/9/Fianna_F\u00e1il"
            }
          }
        ],
        "represents": [
          {
            "represent": {
              "showAs": "Cork North",
              "uri": "http://oireachtas.ie/ie/oireachtas/house/dail/9/constituency/Cork-North"
            }
          }
        ],
        "uri": "http://oireachtas.ie/ie/oireachtas/member/Cornelius-Meaney.D.1937-07-21/dail/9"
      }
    },
    {
      "membership": {
        "dateRange": {
          "end": "1943-05-31",
          "start": "1938-06-30"
        },
        "house": {
          "showAs": "10th D\u00e1il",
          "uri": "http://oireachtas.ie/ie/oireachtas/house/dail/10"
        },
        "offices": [],
        "parties": [
          {
            "party": {
              "dateRange": {
                "end": "1943-05-31",
                "start": "1938-06-17"
              },
              "showAs": "Fianna F\u00e1il",
              "uri": "http://oireachtas.ie/ie/oireachtas/party/dail/10/Fianna_F\u00e1il"
            }
          }
        ],
        "represents": [
          {
            "represent": {
              "showAs": "Cork North",
              "uri": "http://oireachtas.ie/ie/oireachtas/house/dail/10/constituency/Cork-North"
            }
          }
        ],
        "uri": "http://oireachtas.ie/ie/oireachtas/member/Cornelius-Meaney.D.1937-07-21/dail/10"
      }
    },
    {
      "membership": {
        "dateRange": {
          "end": "1965-03-18",
          "start": "1961-10-11"
        },
        "house": {
          "showAs": "17th D\u00e1il",
          "uri": "http://oireachtas.ie/ie/oireachtas/house/dail/17"
        },
        "offices": [],
        "parties": [
          {
            "party": {
              "dateRange": {
                "end": "1965-03-18",
                "start": "1961-10-04"
              },
              "showAs": "Fianna F\u00e1il",
              "uri": "http://oireachtas.ie/ie/oireachtas/party/dail/17/Fianna_F\u00e1il"
            }
          }
        ],
        "represents": [
          {
            "represent": {
              "showAs": "Cork Mid",
              "uri": "http://oireachtas.ie/ie/oireachtas/house/dail/17/constituency/Cork-Mid"
            }
          }
        ],
        "uri": "http://oireachtas.ie/ie/oireachtas/member/Cornelius-Meaney.D.1937-07-21/dail/17"
      }
    }
  ],
  "profession": "Farmer",
  "showAs": "Mr. Cornelius Meaney",
  "uri": "http://oireachtas.ie/ie/oireachtas/member/Cornelius-Meaney.D.1937-07-21"
}