{
  "dateOfBirth": "1953-09-23",
  "dateOfDeath": null,
  "firstName": "Paudge",
  "fullName": "Paudge Connolly",
  "gender": null,
  "image": "http://www.oireachtas.ie//MembersImages/1771.jpg",
  "lastName": "Connolly",
  "memberships": [
    {
      "membership": {
        "dateRange": {
          "end": "2007-04-30",
          "start": "2002-06-06"
        },
        "house": {
          "showAs": "29th D\u00e1il",
          "uri": "http://oireachtas.ie/ie/oireachtas/house/dail/29"
        },
        "offices": [],
        "parties": [
          {
            "party": {
              "dateRange": {
                "end": "2007-04-30",
                "start": "2002-05-17"
              },
              "showAs": "Independent",
              "uri": "http://oireachtas.ie/ie/oireachtas/party/dail/29/Independent"
            }
          }
        ],
        "represents": [
          {
            "represent": {
              "showAs": "Cavan\u2013Monaghan",
              "uri": "http://oireachtas.ie/ie/oireachtas/house/dail/29/constituency/Cavan\u2013Monaghan"
            }
          }
        ],
        "uri": "http://oireachtas.ie/ie/oireachtas/member/Paudge-Connolly.D.2002-06-06/dail/29"
      }
    }
  ],
  "profession": "Full-time Public Representative, Formerly a psychiatric nurse and part-time secretary of the Health Services Branch of SIPTU",
  "showAs": "Mr. Paudge Connolly",
  "uri": "http://oireachtas.ie/ie/oireachtas/member/Paudge-Connolly.D.2002-06-06"
}