{
  "dateOfBirth": "1887-12-28",
  "dateOfDeath": "1961-10-07",
  "firstName": "James Edward",
  "fullName": "James Edward Murphy",
  "gender": null,
  "image": null,
  "lastName": "Murphy",
  "memberships": [
    {
      "membership": {
        "dateRange": {
          "end": "1922-06-16",
          "start": "1921-08-16"
        },
        "house": {
          "showAs": "2nd D\u00e1il",
          "uri": "http://oireachtas.ie/ie/oireachtas/house/dail/2"
        },
        "offices": [],
        "parties": [
          {
            "party": {
              "dateRange": {
                "end": "1922-06-16",
                "start": "1921-05-24"
              },
              "showAs": "Sinn F\u00e9in",
              "uri": "http://oireachtas.ie/ie/oireachtas/party/dail/2/Sinn_F\u00e9in"
            }
          }
        ],
        "represents": [
          {
            "represent": {
              "showAs": "Louth\u2013Meath",
              "uri": "http://oireachtas.ie/ie/oireachtas/house/dail/2/constituency/Louth\u2013Meath"
            }
          }
        ],
        "uri": "http://oireachtas.ie/ie/oireachtas/member/James-Edward-Murphy.D.1921-08-16/dail/2"
      }
    },
    {
      "membership": {
        "dateRange": {
          "end": "1923-08-09",
          "start": "1922-09-09"
        },
        "house": {
          "showAs": "3rd D\u00e1il",
          "uri": "http://oireachtas.ie/ie/oireachtas/house/dail/3"
        },
        "offices": [],
        "parties": [
          {
            "party": {
              "dateRange": {
                "end": "1923-08-09",
                "start": "1922-06-16"
              },
              "showAs": "Sinn F\u00e9in",
              "uri": "http://oireachtas.ie/ie/oireachtas/party/dail/3/Sinn_F\u00e9in"
            }
          }
        ],
        "represents": [
          {
            "represent": {
              "showAs": "Louth\u2013Meath",
              "uri": "http://oireachtas.ie/ie/oireachtas/house/dail/3/constituency/Louth\u2013Meath"
            }
          }
        ],
        "uri": "http://oireachtas.ie/ie/oireachtas/member/James-Edward-Murphy.D.1921-08-16/dail/3"
      }
    },
    {
      "membership": {
        "dateRange": {
          "end": "1927-05-23",
          "start": "1923-09-19"
        },
        "house": {
          "showAs": "4th D\u00e1il",
          "uri": "http://oireachtas.ie/ie/oireachtas/house/dail/4"
        },
        "offices": [],
        "parties": [
          {
            "party": {
              "dateRange": {
                "end": "1927-05-23",
                "start": "1923-08-27"
              },
              "showAs": "Cumann na nGaedheal",
              "uri": "http://oireachtas.ie/ie/oireachtas/party/dail/4/Cumann_na_nGaedheal"
            }
          }
        ],
        "represents": [
          {
            "represent": {
              "showAs": "Louth",
              "uri": "http://oireachtas.ie/ie/oireachtas/house/dail/4/constituency/Louth"
            }
          }
        ],
        "uri": "http://oireachtas.ie/ie/oireachtas/member/James-Edward-Murphy.D.1921-08-16/dail/4"
      }
    },
    {
      "membership": {
        "dateRange": {
          "end": "1927-08-25",
          "start": "1927-06-23"
        },
        "house": {
          "showAs": "5th D\u00e1il",
          "uri": "http://oireachtas.ie/ie/oireachtas/house/dail/5"
        },
        "offices": [],
        "parties": [
          {
            "party": {
              "dateRange": {
                "end": "1927-08-25",
                "start": "1927-06-09"
              },
              "showAs": "Cumann na nGaedheal",
              "uri": "http://oireachtas.ie/ie/oireachtas/party/dail/5/Cumann_na_nGaedheal"
            }
          }
        ],
        "represents": [
          {
            "represent": {
              "showAs": "Louth",
              "uri": "http://oireachtas.ie/ie/oireachtas/house/dail/5/constituency/Louth"
            }
          }
        ],
        "uri": "http://oireachtas.ie/ie/oireachtas/member/James-Edward-Murphy.D.1921-08-16/dail/5"
      }
    },
    {
      "membership": {
        "dateRange": {
          "end": "1932-01-29",
          "start": "1927-10-11"
        },
        "house": {
          "showAs": "6th D\u00e1il",
          "uri": "http://oireachtas.ie/ie/oireachtas/house/dail/6"
        },
        "offices": [],
        "parties": [
          {
            "party": {
              "dateRange": {
                "end": "1932-01-29",
                "start": "1927-09-15"
              },
              "showAs": "Cumann na nGaedheal",
              "uri": "http://oireachtas.ie/ie/oireachtas/party/dail/6/Cumann_na_nGaedheal"
            }
          }
        ],
        "represents": [
          {
            "represent": {
              "showAs": "Louth",
              "uri": "http://oireachtas.ie/ie/oireachtas/house/dail/6/constituency/Louth"
            }
          }
        ],
        "uri": "http://oireachtas.ie/ie/oireachtas/member/James-Edward-Murphy.D.1921-08-16/dail/6"
      }
    },
    {
      "membership": {
        "dateRange": {
          "end": "1933-01-02",
          "start": "1932-03-09"
        },
        "house": {
          "showAs": "7th D\u00e1il",
          "uri": "http://oireachtas.ie/ie/oireachtas/house/dail/7"
        },
        "offices": [],
        "parties": [
          {
            "party": {
              "dateRange": {
                "end": "1933-01-02",
                "start": "1932-02-16"
              },
              "showAs": "Cumann na nGaedheal",
              "uri": "http://oireachtas.ie/ie/oireachtas/party/dail/7/Cumann_na_nGaedheal"
            }
          }
        ],
        "represents": [
          {
            "represent": {
              "showAs": "Louth",
              "uri": "http://oireachtas.ie/ie/oireachtas/house/dail/7/constituency/Louth"
            }
          }
        ],
        "uri": "http://oireachtas.ie/ie/oireachtas/member/James-Edward-Murphy.D.1921-08-16/dail/7"
      }
    },
    {
      "membership": {
        "dateRange": {
          "end": "1937-06-14",
          "start": "1933-02-08"
        },
        "house": {
          "showAs": "8th D\u00e1il",
          "uri": "http://oireachtas.ie/ie/oireachtas/house/dail/8"
        },
        "offices": [],
        "parties": [
          {
            "party": {
              "dateRange": {
                "end": "1937-06-14",
                "start": "1933-01-24"
              },
              "showAs": "Cumann na nGaedheal",
              "uri": "http://oireachtas.ie/ie/oireachtas/party/dail/8/Cumann_na_nGaedheal"
            }
          }
        ],
        "represents": [
          {
            "represent": {
              "showAs": "Louth",
              "uri": "http://oireachtas.ie/ie/oireachtas/house/dail/8/constituency/Louth"
            }
          }
        ],
        "uri": "http://oireachtas.ie/ie/oireachtas/member/James-Edward-Murphy.D.1921-08-16/dail/8"
      }
    }
  ],
  "profession": "Draper",
  "showAs": "Mr. Joseph Edward Murphy",
  "uri": "http://oireachtas.ie/ie/oireachtas/member/James-Edward-Murphy.D.1921-08-16"
}