{
  "dateOfBirth": null,
  "dateOfDeath": null,
  "firstName": "Jerry",
  "fullName": "Jerry Buttimer",
  "gender": null,
  "image": "http://www.oireachtas.ie//MembersImages/2225y.jpg",
  "lastName": "Buttimer",
  "memberships": [
    {
      "membership": {
        "dateRange": {
          "end": "2011-04-25",
          "start": "2007-07-23"
        },
        "house": {
          "showAs": "23rd Seanad",
          "uri": "http://oireachtas.ie/ie/oireachtas/house/seanad/23"
        },
        "offices": [],
        "parties": [],
        "represents": [
          {
            "represent": {
              "showAs": "Labour Panel",
              "uri": "http://oireachtas.ie/ie/oireachtas/house/seanad/23/panel/Labour-Panel"
            }
          }
        ],
        "uri": "http://oireachtas.ie/ie/oireachtas/member/Jerry-Buttimer.S.2007-07-23/seanad/23"
      }
    },
    {
      "membership": {
        "dateRange": {
          "end": "2016-03-09",
          "start": "2011-03-09"
        },
        "house": {
          "showAs": "31st D\u00e1il",
          "uri": "http://oireachtas.ie/ie/oireachtas/house/dail/31"
        },
        "offices": [],
        "parties": [
          {
            "party": {
              "dateRange": {
                "end": "2016-03-09",
                "start": "2011-02-25"
              },
              "showAs": "Fine Gael",
              "uri": "http://oireachtas.ie/ie/oireachtas/party/dail/31/Fine_Gael"
            }
          }
        ],
        "represents": [
          {
            "represent": {
              "showAs": "Cork South\u2013Central",
              "uri": "http://oireachtas.ie/ie/oireachtas/house/dail/31/constituency/Cork-South\u2013Central"
            }
          }
        ],
        "uri": "http://oireachtas.ie/ie/oireachtas/member/Jerry-Buttimer.S.2007-07-23/dail/31"
      }
    }
  ],
  "profession": "Public Representative, Director of Adult Education",
  "showAs": "Mr. Jerry Buttimer",
  "uri": "http://oireachtas.ie/ie/oireachtas/member/Jerry-Buttimer.S.2007-07-23"
}