{
  "dateOfBirth": "1977-06-01",
  "dateOfDeath": null,
  "firstName": "Thomas",
  "fullName": "Thomas Byrne",
  "gender": null,
  "image": "http://www.oireachtas.ie//MembersImages/2203v.jpg",
  "lastName": "Byrne",
  "memberships": [
    {
      "membership": {
        "dateRange": {
          "end": "2011-02-01",
          "start": "2007-06-14"
        },
        "house": {
          "showAs": "30th D\u00e1il",
          "uri": "http://oireachtas.ie/ie/oireachtas/house/dail/30"
        },
        "offices": [],
        "parties": [
          {
            "party": {
              "dateRange": {
                "end": "2011-02-01",
                "start": "2007-05-24"
              },
              "showAs": "Fianna F\u00e1il",
              "uri": "http://oireachtas.ie/ie/oireachtas/party/dail/30/Fianna_F\u00e1il"
            }
          }
        ],
        "represents": [
          {
            "represent": {
              "showAs": "Meath East",
              "uri": "http://oireachtas.ie/ie/oireachtas/house/dail/30/constituency/Meath-East"
            }
          }
        ],
        "uri": "http://oireachtas.ie/ie/oireachtas/member/Thomas-Byrne.D.2007-06-14/dail/30"
      }
    },
    {
      "membership": {
        "dateRange": {
          "end": "2016-06-07",
          "start": "2011-05-25"
        },
        "house": {
          "showAs": "24th Seanad",
          "uri": "http://oireachtas.ie/ie/oireachtas/house/seanad/24"
        },
        "offices": [],
        "parties": [],
        "represents": [
          {
            "represent": {
              "showAs": "Cultural and Educational Panel",
              "uri": "http://oireachtas.ie/ie/oireachtas/house/seanad/24/panel/Cultural-and-Educational-Panel"
            }
          }
        ],
        "uri": "http://oireachtas.ie/ie/oireachtas/member/Thomas-Byrne.D.2007-06-14/seanad/24"
      }
    }
  ],
  "profession": "Public Representative, Solicitor, Attorney-at-Law",
  "showAs": "Mr. Thomas Byrne",
  "uri": "http://oireachtas.ie/ie/oireachtas/member/Thomas-Byrne.D.2007-06-14"
}