{
  "dateOfBirth": null,
  "dateOfDeath": "1945-05-05",
  "firstName": "Frederick Hugh",
  "fullName": "Frederick Hugh Crowley",
  "gender": null,
  "image": null,
  "lastName": "Crowley",
  "memberships": [
    {
      "membership": {
        "dateRange": {
          "end": "1932-01-29",
          "start": "1927-10-11"
        },
        "house": {
          "showAs": "6th D\u00e1il",
          "uri": "http://oireachtas.ie/ie/oireachtas/house/dail/6"
        },
        "offices": [],
        "parties": [
          {
            "party": {
              "dateRange": {
                "end": "1932-01-29",
                "start": "1927-09-15"
              },
              "showAs": "Fianna F\u00e1il",
              "uri": "http://oireachtas.ie/ie/oireachtas/party/dail/6/Fianna_F\u00e1il"
            }
          }
        ],
        "represents": [
          {
            "represent": {
              "showAs": "Kerry",
              "uri": "http://oireachtas.ie/ie/oireachtas/house/dail/6/constituency/Kerry"
            }
          }
        ],
        "uri": "http://oireachtas.ie/ie/oireachtas/member/Frederick-Hugh-Crowley.D.1927-10-11/dail/6"
      }
    },
    {
      "membership": {
        "dateRange": {
          "end": "1933-01-02",
          "start": "1932-03-09"
        },
        "house": {
          "showAs": "7th D\u00e1il",
          "uri": "http://oireachtas.ie/ie/oireachtas/house/dail/7"
        },
        "offices": [],
        "parties": [
          {
            "party": {
              "dateRange": {
                "end": "1933-01-02",
                "start": "1932-02-16"
              },
              "showAs": "Fianna F\u00e1il",
              "uri": "http://oireachtas.ie/ie/oireachtas/party/dail/7/Fianna_F\u00e1il"
            }
          }
        ],
        "represents": [
          {
            "represent": {
              "showAs": "Kerry",
              "uri": "http://oireachtas.ie/ie/oireachtas/house/dail/7/constituency/Kerry"
            }
          }
        ],
        "uri": "http://oireachtas.ie/ie/oireachtas/member/Frederick-Hugh-Crowley.D.1927-10-11/dail/7"
      }
    },
    {
      "membership": {
        "dateRange": {
          "end": "1937-06-14",
          "start": "1933-02-08"
        },
        "house": {
          "showAs": "8th D\u00e1il",
          "uri": "http://oireachtas.ie/ie/oireachtas/house/dail/8"
        },
        "offices": [],
        "parties": [
          {
            "party": {
              "dateRange": {
                "end": "1937-06-14",
                "start": "1933-01-24"
              },
              "showAs": "Fianna F\u00e1il",
              "uri": "http://oireachtas.ie/ie/oireachtas/party/dail/8/Fianna_F\u00e1il"
            }
          }
        ],
        "represents": [
          {
            "represent": {
              "showAs": "Kerry",
              "uri": "http://oireachtas.ie/ie/oireachtas/house/dail/8/constituency/Kerry"
            }
          }
        ],
        "uri": "http://oireachtas.ie/ie/oireachtas/member/Frederick-Hugh-Crowley.D.1927-10-11/dail/8"
      }
    },
    {
      "membership": {
        "dateRange": {
          "end": "1938-05-27",
          "start": "1937-07-21"
        },
        "house": {
          "showAs": "9th D\u00e1il",
          "uri": "http://oireachtas.ie/ie/oireachtas/house/dail/9"
        },
        "offices": [],
        "parties": [
          {
            "party": {
              "dateRange": {
                "end": "1938-05-27",
                "start": "1937-07-01"
              },
              "showAs": "Fianna F\u00e1il",
              "uri": "http://oireachtas.ie/ie/oireachtas/party/dail/9/Fianna_F\u00e1il"
            }
          }
        ],
        "represents": [
          {
            "represent": {
              "showAs": "Kerry South",
              "uri": "http://oireachtas.ie/ie/oireachtas/house/dail/9/constituency/Kerry-South"
            }
          }
        ],
        "uri": "http://oireachtas.ie/ie/oireachtas/member/Frederick-Hugh-Crowley.D.1927-10-11/dail/9"
      }
    },
    {
      "membership": {
        "dateRange": {
          "end": "1943-05-31",
          "start": "1938-06-30"
        },
        "house": {
          "showAs": "10th D\u00e1il",
          "uri": "http://oireachtas.ie/ie/oireachtas/house/dail/10"
        },
        "offices": [],
        "parties": [
          {
            "party": {
              "dateRange": {
                "end": "1943-05-31",
                "start": "1938-06-17"
              },
              "showAs": "Fianna F\u00e1il",
              "uri": "http://oireachtas.ie/ie/oireachtas/party/dail/10/Fianna_F\u00e1il"
            }
          }
        ],
        "represents": [
          {
            "represent": {
              "showAs": "Kerry South",
              "uri": "http://oireachtas.ie/ie/oireachtas/house/dail/10/constituency/Kerry-South"
            }
          }
        ],
        "uri": "http://oireachtas.ie/ie/oireachtas/member/Frederick-Hugh-Crowley.D.1927-10-11/dail/10"
      }
    },
    {
      "membership": {
        "dateRange": {
          "end": "1944-05-10",
          "start": "1943-07-01"
        },
        "house": {
          "showAs": "11th D\u00e1il",
          "uri": "http://oireachtas.ie/ie/oireachtas/house/dail/11"
        },
        "offices": [],
        "parties": [
          {
            "party": {
              "dateRange": {
                "end": "1944-05-10",
                "start": "1943-06-23"
              },
              "showAs": "Fianna F\u00e1il",
              "uri": "http://oireachtas.ie/ie/oireachtas/party/dail/11/Fianna_F\u00e1il"
            }
          }
        ],
        "represents": [
          {
            "represent": {
              "showAs": "Kerry South",
              "uri": "http://oireachtas.ie/ie/oireachtas/house/dail/11/constituency/Kerry-South"
            }
          }
        ],
        "uri": "http://oireachtas.ie/ie/oireachtas/member/Frederick-Hugh-Crowley.D.1927-10-11/dail/11"
      }
    },
    {
      "membership": {
        "dateRange": {
          "end": "1945-05-05",
          "start": "1944-06-09"
        },
        "house": {
          "showAs": "12th D\u00e1il",
          "uri": "http://oireachtas.ie/ie/oireachtas/house/dail/12"
        },
        "offices": [],
        "parties": [
          {
            "party": {
              "dateRange": {
                "end": "1945-05-05",
                "start": "1944-05-30"
              },
              "showAs": "Fianna F\u00e1il",
              "uri": "http://oireachtas.ie/ie/oireachtas/party/dail/12/Fianna_F\u00e1il"
            }
          }
        ],
        "represents": [
          {
            "represent": {
              "showAs": "Kerry South",
              "uri": "http://oireachtas.ie/ie/oireachtas/house/dail/12/constituency/Kerry-South"
            }
          }
        ],
        "uri": "http://oireachtas.ie/ie/oireachtas/member/Frederick-Hugh-Crowley.D.1927-10-11/dail/12"
      }
    }
  ],
  "profession": "Lecturer and Farmer",
  "showAs": "Mr. Fred Hugh Crowley",
  "uri": "http://oireachtas.ie/ie/oireachtas/member/Frederick-Hugh-Crowley.D.1927-10-11"
}