{
  "dateOfBirth": "1918-07-10",
  "dateOfDeath": "1975-04-11",
  "firstName": "Se\u00e1n",
  "fullName": "Se\u00e1n Collins",
  "gender": null,
  "image": "http://www.oireachtas.ie//MembersImages/203f.jpg",
  "lastName": "Collins",
  "memberships": [
    {
      "membership": {
        "dateRange": {
          "end": "1951-05-07",
          "start": "1948-02-18"
        },
        "house": {
          "showAs": "13th D\u00e1il",
          "uri": "http://oireachtas.ie/ie/oireachtas/house/dail/13"
        },
        "offices": [],
        "parties": [
          {
            "party": {
              "dateRange": {
                "end": "1951-05-07",
                "start": "1948-02-04"
              },
              "showAs": "Fine Gael",
              "uri": "http://oireachtas.ie/ie/oireachtas/party/dail/13/Fine_Gael"
            }
          }
        ],
        "represents": [
          {
            "represent": {
              "showAs": "Cork West",
              "uri": "http://oireachtas.ie/ie/oireachtas/house/dail/13/constituency/Cork-West"
            }
          }
        ],
        "uri": "http://oireachtas.ie/ie/oireachtas/member/Se\u00e1n-Collins.D.1948-02-18/dail/13"
      }
    },
    {
      "membership": {
        "dateRange": {
          "end": "1954-04-24",
          "start": "1951-06-13"
        },
        "house": {
          "showAs": "14th D\u00e1il",
          "uri": "http://oireachtas.ie/ie/oireachtas/house/dail/14"
        },
        "offices": [],
        "parties": [
          {
            "party": {
              "dateRange": {
                "end": "1954-04-24",
                "start": "1951-05-30"
              },
              "showAs": "Fine Gael",
              "uri": "http://oireachtas.ie/ie/oireachtas/party/dail/14/Fine_Gael"
            }
          }
        ],
        "represents": [
          {
            "represent": {
              "showAs": "Cork West",
              "uri": "http://oireachtas.ie/ie/oireachtas/house/dail/14/constituency/Cork-West"
            }
          }
        ],
        "uri": "http://oireachtas.ie/ie/oireachtas/member/Se\u00e1n-Collins.D.1948-02-18/dail/14"
      }
    },
    {
      "membership": {
        "dateRange": {
          "end": "1957-02-12",
          "start": "1954-06-02"
        },
        "house": {
          "showAs": "15th D\u00e1il",
          "uri": "http://oireachtas.ie/ie/oireachtas/house/dail/15"
        },
        "offices": [],
        "parties": [
          {
            "party": {
              "dateRange": {
                "end": "1957-02-12",
                "start": "1954-05-18"
              },
              "showAs": "Fine Gael",
              "uri": "http://oireachtas.ie/ie/oireachtas/party/dail/15/Fine_Gael"
            }
          }
        ],
        "represents": [
          {
            "represent": {
              "showAs": "Cork West",
              "uri": "http://oireachtas.ie/ie/oireachtas/house/dail/15/constituency/Cork-West"
            }
          }
        ],
        "uri": "http://oireachtas.ie/ie/oireachtas/member/Se\u00e1n-Collins.D.1948-02-18/dail/15"
      }
    },
    {
      "membership": {
        "dateRange": {
          "end": "1965-03-18",
          "start": "1961-10-11"
        },
        "house": {
          "showAs": "17th D\u00e1il",
          "uri": "http://oireachtas.ie/ie/oireachtas/house/dail/17"
        },
        "offices": [],
        "parties": [
          {
            "party": {
              "dateRange": {
                "end": "1965-03-18",
                "start": "1961-10-04"
              },
              "showAs": "Fine Gael",
              "uri": "http://oireachtas.ie/ie/oireachtas/party/dail/17/Fine_Gael"
            }
          }
        ],
        "represents": [
          {
            "represent": {
              "showAs": "Cork South\u2013West",
              "uri": "http://oireachtas.ie/ie/oireachtas/house/dail/17/constituency/Cork-South\u2013West"
            }
          }
        ],
        "uri": "http://oireachtas.ie/ie/oireachtas/member/Se\u00e1n-Collins.D.1948-02-18/dail/17"
      }
    },
    {
      "membership": {
        "dateRange": {
          "end": "1969-05-22",
          "start": "1965-04-21"
        },
        "house": {
          "showAs": "18th D\u00e1il",
          "uri": "http://oireachtas.ie/ie/oireachtas/house/dail/18"
        },
        "offices": [],
        "parties": [
          {
            "party": {
              "dateRange": {
                "end": "1969-05-22",
                "start": "1965-04-07"
              },
              "showAs": "Fine Gael",
              "uri": "http://oireachtas.ie/ie/oireachtas/party/dail/18/Fine_Gael"
            }
          }
        ],
        "represents": [
          {
            "represent": {
              "showAs": "Cork South\u2013West",
              "uri": "http://oireachtas.ie/ie/oireachtas/house/dail/18/constituency/Cork-South\u2013West"
            }
          }
        ],
        "uri": "http://oireachtas.ie/ie/oireachtas/member/Se\u00e1n-Collins.D.1948-02-18/dail/18"
      }
    }
  ],
  "profession": "Barrister-at-Law.",
  "showAs": "Mr. Sean Collins",
  "uri": "http://oireachtas.ie/ie/oireachtas/member/Se\u00e1n-Collins.D.1948-02-18"
}