{
  "dateOfBirth": "1953-02-24",
  "dateOfDeath": null,
  "firstName": "Eoin",
  "fullName": "Eoin Ryan",
  "gender": null,
  "image": "http://www.oireachtas.ie//MembersImages/105.jpg",
  "lastName": "Ryan",
  "memberships": [
    {
      "membership": {
        "dateRange": {
          "end": "1992-12-17",
          "start": "1989-10-01"
        },
        "house": {
          "showAs": "19th Seanad",
          "uri": "http://oireachtas.ie/ie/oireachtas/house/seanad/19"
        },
        "offices": [],
        "parties": [],
        "represents": [
          {
            "represent": {
              "showAs": "Nominated by the Taoiseach",
              "uri": "http://oireachtas.ie/ie/oireachtas/house/seanad/19/panel/Nominated-by-the-Taoiseach"
            }
          }
        ],
        "uri": "http://oireachtas.ie/ie/oireachtas/member/Eoin-Ryan.S.1989-10-01/seanad/19"
      }
    },
    {
      "membership": {
        "dateRange": {
          "end": "1997-05-15",
          "start": "1992-12-14"
        },
        "house": {
          "showAs": "27th D\u00e1il",
          "uri": "http://oireachtas.ie/ie/oireachtas/house/dail/27"
        },
        "offices": [],
        "parties": [
          {
            "party": {
              "dateRange": {
                "end": "1997-05-15",
                "start": "1992-11-25"
              },
              "showAs": "Fianna F\u00e1il",
              "uri": "http://oireachtas.ie/ie/oireachtas/party/dail/27/Fianna_F\u00e1il"
            }
          }
        ],
        "represents": [
          {
            "represent": {
              "showAs": "Dublin South\u2013East",
              "uri": "http://oireachtas.ie/ie/oireachtas/house/dail/27/constituency/Dublin-South\u2013East"
            }
          }
        ],
        "uri": "http://oireachtas.ie/ie/oireachtas/member/Eoin-Ryan.S.1989-10-01/dail/27"
      }
    },
    {
      "membership": {
        "dateRange": {
          "end": "2002-04-25",
          "start": "1997-06-26"
        },
        "house": {
          "showAs": "28th D\u00e1il",
          "uri": "http://oireachtas.ie/ie/oireachtas/house/dail/28"
        },
        "offices": [],
        "parties": [
          {
            "party": {
              "dateRange": {
                "end": "2002-04-25",
                "start": "1997-06-06"
              },
              "showAs": "Fianna F\u00e1il",
              "uri": "http://oireachtas.ie/ie/oireachtas/party/dail/28/Fianna_F\u00e1il"
            }
          }
        ],
        "represents": [
          {
            "represent": {
              "showAs": "Dublin South\u2013East",
              "uri": "http://oireachtas.ie/ie/oireachtas/house/dail/28/constituency/Dublin-South\u2013East"
            }
          }
        ],
        "uri": "http://oireachtas.ie/ie/oireachtas/member/Eoin-Ryan.S.1989-10-01/dail/28"
      }
    },
    {
      "membership": {
        "dateRange": {
          "end": "2007-04-30",
          "start": "2002-06-06"
        },
        "house": {
          "showAs": "29th D\u00e1il",
          "uri": "http://oireachtas.ie/ie/oireachtas/house/dail/29"
        },
        "offices": [],
        "parties": [
          {
            "party": {
              "dateRange": {
                "end": "2007-04-30",
                "start": "2002-05-17"
              },
              "showAs": "Fianna F\u00e1il",
              "uri": "http://oireachtas.ie/ie/oireachtas/party/dail/29/Fianna_F\u00e1il"
            }
          }
        ],
        "represents": [
          {
            "represent": {
              "showAs": "Dublin South\u2013East",
              "uri": "http://oireachtas.ie/ie/oireachtas/house/dail/29/constituency/Dublin-South\u2013East"
            }
          }
        ],
        "uri": "http://oireachtas.ie/ie/oireachtas/member/Eoin-Ryan.S.1989-10-01/dail/29"
      }
    }
  ],
  "profession": "Retailer and Restaurateur",
  "showAs": "Mr. Eoin Ryan",
  "uri": "http://oireachtas.ie/ie/oireachtas/member/Eoin-Ryan.S.1989-10-01"
}