{
  "dateOfBirth": "1957-03-21",
  "dateOfDeath": null,
  "firstName": "Pat",
  "fullName": "Pat Breen",
  "gender": null,
  "image": "http://www.oireachtas.ie//MembersImages/34.jpg",
  "lastName": "Breen",
  "memberships": [
    {
      "membership": {
        "dateRange": {
          "end": "2007-04-30",
          "start": "2002-06-06"
        },
        "house": {
          "showAs": "29th D\u00e1il",
          "uri": "http://oireachtas.ie/ie/oireachtas/house/dail/29"
        },
        "offices": [],
        "parties": [
          {
            "party": {
              "dateRange": {
                "end": "2007-04-30",
                "start": "2002-05-17"
              },
              "showAs": "Fine Gael",
              "uri": "http://oireachtas.ie/ie/oireachtas/party/dail/29/Fine_Gael"
            }
          }
        ],
        "represents": [
          {
            "represent": {
              "showAs": "Clare",
              "uri": "http://oireachtas.ie/ie/oireachtas/house/dail/29/constituency/Clare"
            }
          }
        ],
        "uri": "http://oireachtas.ie/ie/oireachtas/member/Pat-Breen.D.2002-06-06/dail/29"
      }
    },
    {
      "membership": {
        "dateRange": {
          "end": "2011-02-01",
          "start": "2007-06-14"
        },
        "house": {
          "showAs": "30th D\u00e1il",
          "uri": "http://oireachtas.ie/ie/oireachtas/house/dail/30"
        },
        "offices": [],
        "parties": [
          {
            "party": {
              "dateRange": {
                "end": "2011-02-01",
                "start": "2007-05-24"
              },
              "showAs": "Fine Gael",
              "uri": "http://oireachtas.ie/ie/oireachtas/party/dail/30/Fine_Gael"
            }
          }
        ],
        "represents": [
          {
            "represent": {
              "showAs": "Clare",
              "uri": "http://oireachtas.ie/ie/oireachtas/house/dail/30/constituency/Clare"
            }
          }
        ],
        "uri": "http://oireachtas.ie/ie/oireachtas/member/Pat-Breen.D.2002-06-06/dail/30"
      }
    },
    {
      "membership": {
        "dateRange": {
          "end": "2016-03-09",
          "start": "2011-03-09"
        },
        "house": {
          "showAs": "31st D\u00e1il",
          "uri": "http://oireachtas.ie/ie/oireachtas/house/dail/31"
        },
        "offices": [],
        "parties": [
          {
            "party": {
              "dateRange": {
                "end": "2016-03-09",
                "start": "2011-02-25"
              },
              "showAs": "Fine Gael",
              "uri": "http://oireachtas.ie/ie/oireachtas/party/dail/31/Fine_Gael"
            }
          }
        ],
        "represents": [
          {
            "represent": {
              "showAs": "Clare",
              "uri": "http://oireachtas.ie/ie/oireachtas/house/dail/31/constituency/Clare"
            }
          }
        ],
        "uri": "http://oireachtas.ie/ie/oireachtas/member/Pat-Breen.D.2002-06-06/dail/31"
      }
    }
  ],
  "profession": "Farmer, Former architectural technician.",
  "showAs": "Mr. Pat Breen",
  "uri": "http://oireachtas.ie/ie/oireachtas/member/Pat-Breen.D.2002-06-06"
}