{
  "dateOfBirth": "1968-11-27",
  "dateOfDeath": null,
  "firstName": "Cecilia",
  "fullName": "Cecilia Keaveney",
  "gender": null,
  "image": "http://www.oireachtas.ie//MembersImages/62.jpg",
  "lastName": "Keaveney",
  "memberships": [
    {
      "membership": {
        "dateRange": {
          "end": "1997-05-15",
          "start": "1996-04-02"
        },
        "house": {
          "showAs": "27th D\u00e1il",
          "uri": "http://oireachtas.ie/ie/oireachtas/house/dail/27"
        },
        "offices": [],
        "parties": [],
        "represents": [
          {
            "represent": {
              "showAs": "Donegal North\u2013East",
              "uri": "http://oireachtas.ie/ie/oireachtas/house/dail/27/constituency/Donegal-North\u2013East"
            }
          }
        ],
        "uri": "http://oireachtas.ie/ie/oireachtas/member/Cecilia-Keaveney.D.1996-04-02/dail/27"
      }
    },
    {
      "membership": {
        "dateRange": {
          "end": "2002-04-25",
          "start": "1997-06-26"
        },
        "house": {
          "showAs": "28th D\u00e1il",
          "uri": "http://oireachtas.ie/ie/oireachtas/house/dail/28"
        },
        "offices": [],
        "parties": [
          {
            "party": {
              "dateRange": {
                "end": "2002-04-25",
                "start": "1997-06-06"
              },
              "showAs": "Fianna F\u00e1il",
              "uri": "http://oireachtas.ie/ie/oireachtas/party/dail/28/Fianna_F\u00e1il"
            }
          }
        ],
        "represents": [
          {
            "represent": {
              "showAs": "Donegal North\u2013East",
              "uri": "http://oireachtas.ie/ie/oireachtas/house/dail/28/constituency/Donegal-North\u2013East"
            }
          }
        ],
        "uri": "http://oireachtas.ie/ie/oireachtas/member/Cecilia-Keaveney.D.1996-04-02/dail/28"
      }
    },
    {
      "membership": {
        "dateRange": {
          "end": "2007-04-30",
          "start": "2002-06-06"
        },
        "house": {
          "showAs": "29th D\u00e1il",
          "uri": "http://oireachtas.ie/ie/oireachtas/house/dail/29"
        },
        "offices": [],
        "parties": [
          {
            "party": {
              "dateRange": {
                "end": "2007-04-30",
                "start": "2002-05-17"
              },
              "showAs": "Fianna F\u00e1il",
              "uri": "http://oireachtas.ie/ie/oireachtas/party/dail/29/Fianna_F\u00e1il"
            }
          }
        ],
        "represents": [
          {
            "represent": {
              "showAs": "Donegal North\u2013East",
              "uri": "http://oireachtas.ie/ie/oireachtas/house/dail/29/constituency/Donegal-North\u2013East"
            }
          }
        ],
        "uri": "http://oireachtas.ie/ie/oireachtas/member/Cecilia-Keaveney.D.1996-04-02/dail/29"
      }
    },
    {
      "membership": {
        "dateRange": {
          "end": "2011-04-25",
          "start": "2007-07-23"
        },
        "house": {
          "showAs": "23rd Seanad",
          "uri": "http://oireachtas.ie/ie/oireachtas/house/seanad/23"
        },
        "offices": [],
        "parties": [],
        "represents": [
          {
            "represent": {
              "showAs": "Cultural and Educational",
              "uri": "http://oireachtas.ie/ie/oireachtas/house/seanad/23/panel/Cultural-and-Educational"
            }
          }
        ],
        "uri": "http://oireachtas.ie/ie/oireachtas/member/Cecilia-Keaveney.D.1996-04-02/seanad/23"
      }
    }
  ],
  "profession": "Teacher",
  "showAs": "Ms. Cecilia Keaveney",
  "uri": "http://oireachtas.ie/ie/oireachtas/member/Cecilia-Keaveney.D.1996-04-02"
}