{
  "dateOfBirth": null,
  "dateOfDeath": "1973-12-09",
  "firstName": "S\u00e9amus",
  "fullName": "S\u00e9amus O'Farrell",
  "gender": null,
  "image": null,
  "lastName": "O'Farrell",
  "memberships": [
    {
      "membership": {
        "dateRange": {
          "end": "1951-07-25",
          "start": "1948-04-21"
        },
        "house": {
          "showAs": "6th Seanad",
          "uri": "http://oireachtas.ie/ie/oireachtas/house/seanad/6"
        },
        "offices": [],
        "parties": [],
        "represents": [
          {
            "represent": {
              "showAs": "Nominated by the Taoiseach",
              "uri": "http://oireachtas.ie/ie/oireachtas/house/seanad/6/panel/Nominated-by-the-Taoiseach"
            }
          }
        ],
        "uri": "http://oireachtas.ie/ie/oireachtas/member/S\u00e9amus-O'Farrell.S.1950-06-16/seanad/6"
      }
    }
  ],
  "profession": "Journalist",
  "showAs": "Mr. S\u00e9amus O'Farrell",
  "uri": "http://oireachtas.ie/ie/oireachtas/member/S\u00e9amus-O'Farrell.S.1950-06-16"
}