{
  "dateOfBirth": null,
  "dateOfDeath": null,
  "firstName": "John",
  "fullName": "John Halligan",
  "gender": null,
  "image": "http://www.oireachtas.ie//MembersImages/2315g.jpg",
  "lastName": "Halligan",
  "memberships": [
    {
      "membership": {
        "dateRange": {
          "end": "2016-03-09",
          "start": "2011-03-09"
        },
        "house": {
          "showAs": "31st D\u00e1il",
          "uri": "http://oireachtas.ie/ie/oireachtas/house/dail/31"
        },
        "offices": [],
        "parties": [
          {
            "party": {
              "dateRange": {
                "end": "2016-03-09",
                "start": "2011-02-25"
              },
              "showAs": "Independent",
              "uri": "http://oireachtas.ie/ie/oireachtas/party/dail/31/Independent"
            }
          }
        ],
        "represents": [
          {
            "represent": {
              "showAs": "Waterford",
              "uri": "http://oireachtas.ie/ie/oireachtas/house/dail/31/constituency/Waterford"
            }
          }
        ],
        "uri": "http://oireachtas.ie/ie/oireachtas/member/John-Halligan.D.2011-03-09/dail/31"
      }
    }
  ],
  "profession": null,
  "showAs": "Mr. John Halligan",
  "uri": "http://oireachtas.ie/ie/oireachtas/member/John-Halligan.D.2011-03-09"
}