{
  "dateOfBirth": "1928-11-19",
  "dateOfDeath": null,
  "firstName": "Patrick",
  "fullName": "Patrick Power",
  "gender": null,
  "image": null,
  "lastName": "Power",
  "memberships": [
    {
      "membership": {
        "dateRange": {
          "end": "1973-02-05",
          "start": "1969-07-02"
        },
        "house": {
          "showAs": "19th D\u00e1il",
          "uri": "http://oireachtas.ie/ie/oireachtas/house/dail/19"
        },
        "offices": [],
        "parties": [
          {
            "party": {
              "dateRange": {
                "end": "1973-02-05",
                "start": "1969-06-18"
              },
              "showAs": "Fianna F\u00e1il",
              "uri": "http://oireachtas.ie/ie/oireachtas/party/dail/19/Fianna_F\u00e1il"
            }
          }
        ],
        "represents": [
          {
            "represent": {
              "showAs": "Kildare",
              "uri": "http://oireachtas.ie/ie/oireachtas/house/dail/19/constituency/Kildare"
            }
          }
        ],
        "uri": "http://oireachtas.ie/ie/oireachtas/member/Patrick-Power.D.1969-07-02/dail/19"
      }
    },
    {
      "membership": {
        "dateRange": {
          "end": "1977-05-25",
          "start": "1973-03-14"
        },
        "house": {
          "showAs": "20th D\u00e1il",
          "uri": "http://oireachtas.ie/ie/oireachtas/house/dail/20"
        },
        "offices": [],
        "parties": [
          {
            "party": {
              "dateRange": {
                "end": "1977-05-25",
                "start": "1973-02-28"
              },
              "showAs": "Fianna F\u00e1il",
              "uri": "http://oireachtas.ie/ie/oireachtas/party/dail/20/Fianna_F\u00e1il"
            }
          }
        ],
        "represents": [
          {
            "represent": {
              "showAs": "Kildare",
              "uri": "http://oireachtas.ie/ie/oireachtas/house/dail/20/constituency/Kildare"
            }
          }
        ],
        "uri": "http://oireachtas.ie/ie/oireachtas/member/Patrick-Power.D.1969-07-02/dail/20"
      }
    },
    {
      "membership": {
        "dateRange": {
          "end": "1981-05-21",
          "start": "1977-07-05"
        },
        "house": {
          "showAs": "21st D\u00e1il",
          "uri": "http://oireachtas.ie/ie/oireachtas/house/dail/21"
        },
        "offices": [
          {
            "office": {
              "cabinet": {
                "showAs": "Government of the 21st D\u00e1il",
                "uri": "http://oireachtas.ie/ie/oireachtas/cabinet/dail/21"
              },
              "dateRange": {
                "end": "1981-06-30",
                "start": "1979-12-12"
              },
              "officeName": {
                "showAs": "Minister for Fisheries and Forestry",
                "uri": "http://oireachtas.ie/ie/oireachtas/office/minister/fisheries__forestry"
              }
            }
          }
        ],
        "parties": [
          {
            "party": {
              "dateRange": {
                "end": "1981-05-21",
                "start": "1977-06-16"
              },
              "showAs": "Fianna F\u00e1il",
              "uri": "http://oireachtas.ie/ie/oireachtas/party/dail/21/Fianna_F\u00e1il"
            }
          }
        ],
        "represents": [
          {
            "represent": {
              "showAs": "Kildare",
              "uri": "http://oireachtas.ie/ie/oireachtas/house/dail/21/constituency/Kildare"
            }
          }
        ],
        "uri": "http://oireachtas.ie/ie/oireachtas/member/Patrick-Power.D.1969-07-02/dail/21"
      }
    },
    {
      "membership": {
        "dateRange": {
          "end": "1982-02-27",
          "start": "1981-06-30"
        },
        "house": {
          "showAs": "22nd D\u00e1il",
          "uri": "http://oireachtas.ie/ie/oireachtas/house/dail/22"
        },
        "offices": [],
        "parties": [
          {
            "party": {
              "dateRange": {
                "end": "1982-02-27",
                "start": "1981-06-11"
              },
              "showAs": "Fianna F\u00e1il",
              "uri": "http://oireachtas.ie/ie/oireachtas/party/dail/22/Fianna_F\u00e1il"
            }
          }
        ],
        "represents": [
          {
            "represent": {
              "showAs": "Kildare",
              "uri": "http://oireachtas.ie/ie/oireachtas/house/dail/22/constituency/Kildare"
            }
          }
        ],
        "uri": "http://oireachtas.ie/ie/oireachtas/member/Patrick-Power.D.1969-07-02/dail/22"
      }
    },
    {
      "membership": {
        "dateRange": {
          "end": "1982-11-04",
          "start": "1982-03-09"
        },
        "house": {
          "showAs": "23rd D\u00e1il",
          "uri": "http://oireachtas.ie/ie/oireachtas/house/dail/23"
        },
        "offices": [
          {
            "office": {
              "cabinet": {
                "showAs": "Government of the 23rd D\u00e1il",
                "uri": "http://oireachtas.ie/ie/oireachtas/cabinet/dail/23"
              },
              "dateRange": {
                "end": "1982-12-14",
                "start": "1982-03-09"
              },
              "officeName": {
                "showAs": "Minister for Defence",
                "uri": "http://oireachtas.ie/ie/oireachtas/office/minister/defence"
              }
            }
          },
          {
            "office": {
              "cabinet": {
                "showAs": "Government of the 23rd D\u00e1il",
                "uri": "http://oireachtas.ie/ie/oireachtas/cabinet/dail/23"
              },
              "dateRange": {
                "end": "1982-10-27",
                "start": "1982-10-07"
              },
              "officeName": {
                "showAs": "Minister for Trade, Commerce and Tourism",
                "uri": "http://oireachtas.ie/ie/oireachtas/office/minister/trade__commerce__tourism"
              }
            }
          }
        ],
        "parties": [
          {
            "party": {
              "dateRange": {
                "end": "1982-11-04",
                "start": "1982-02-18"
              },
              "showAs": "Fianna F\u00e1il",
              "uri": "http://oireachtas.ie/ie/oireachtas/party/dail/23/Fianna_F\u00e1il"
            }
          }
        ],
        "represents": [
          {
            "represent": {
              "showAs": "Kildare",
              "uri": "http://oireachtas.ie/ie/oireachtas/house/dail/23/constituency/Kildare"
            }
          }
        ],
        "uri": "http://oireachtas.ie/ie/oireachtas/member/Patrick-Power.D.1969-07-02/dail/23"
      }
    },
    {
      "membership": {
        "dateRange": {
          "end": "1987-01-21",
          "start": "1982-12-14"
        },
        "house": {
          "showAs": "24th D\u00e1il",
          "uri": "http://oireachtas.ie/ie/oireachtas/house/dail/24"
        },
        "offices": [],
        "parties": [
          {
            "party": {
              "dateRange": {
                "end": "1987-01-21",
                "start": "1982-11-24"
              },
              "showAs": "Fianna F\u00e1il",
              "uri": "http://oireachtas.ie/ie/oireachtas/party/dail/24/Fianna_F\u00e1il"
            }
          }
        ],
        "represents": [
          {
            "represent": {
              "showAs": "Kildare",
              "uri": "http://oireachtas.ie/ie/oireachtas/house/dail/24/constituency/Kildare"
            }
          }
        ],
        "uri": "http://oireachtas.ie/ie/oireachtas/member/Patrick-Power.D.1969-07-02/dail/24"
      }
    },
    {
      "membership": {
        "dateRange": {
          "end": "1989-05-25",
          "start": "1987-03-10"
        },
        "house": {
          "showAs": "25th D\u00e1il",
          "uri": "http://oireachtas.ie/ie/oireachtas/house/dail/25"
        },
        "offices": [],
        "parties": [
          {
            "party": {
              "dateRange": {
                "end": "1989-05-25",
                "start": "1987-02-17"
              },
              "showAs": "Fianna F\u00e1il",
              "uri": "http://oireachtas.ie/ie/oireachtas/party/dail/25/Fianna_F\u00e1il"
            }
          }
        ],
        "represents": [
          {
            "represent": {
              "showAs": "Kildare",
              "uri": "http://oireachtas.ie/ie/oireachtas/house/dail/25/constituency/Kildare"
            }
          }
        ],
        "uri": "http://oireachtas.ie/ie/oireachtas/member/Patrick-Power.D.1969-07-02/dail/25"
      }
    }
  ],
  "profession": "National Teacher",
  "showAs": "Mr. Patrick Power",
  "uri": "http://oireachtas.ie/ie/oireachtas/member/Patrick-Power.D.1969-07-02"
}