{
  "dateOfBirth": "1944-09-26",
  "dateOfDeath": null,
  "firstName": "Pat",
  "fullName": "Pat Lee",
  "gender": null,
  "image": null,
  "lastName": "Lee",
  "memberships": [
    {
      "membership": {
        "dateRange": {
          "end": "1992-11-05",
          "start": "1989-06-29"
        },
        "house": {
          "showAs": "26th D\u00e1il",
          "uri": "http://oireachtas.ie/ie/oireachtas/house/dail/26"
        },
        "offices": [],
        "parties": [
          {
            "party": {
              "dateRange": {
                "end": "1992-11-05",
                "start": "1989-06-15"
              },
              "showAs": "Fine Gael",
              "uri": "http://oireachtas.ie/ie/oireachtas/party/dail/26/Fine_Gael"
            }
          }
        ],
        "represents": [
          {
            "represent": {
              "showAs": "Dublin Central",
              "uri": "http://oireachtas.ie/ie/oireachtas/house/dail/26/constituency/Dublin-Central"
            }
          }
        ],
        "uri": "http://oireachtas.ie/ie/oireachtas/member/Pat-Lee.D.1989-06-29/dail/26"
      }
    }
  ],
  "profession": "Medical Doctor",
  "showAs": "Dr. Pat Lee",
  "uri": "http://oireachtas.ie/ie/oireachtas/member/Pat-Lee.D.1989-06-29"
}