{
  "dateOfBirth": "1972-12-06",
  "dateOfDeath": null,
  "firstName": "Se\u00e1n",
  "fullName": "Se\u00e1n Sherlock",
  "gender": null,
  "image": "http://www.oireachtas.ie//MembersImages/2163z.jpg",
  "lastName": "Sherlock",
  "memberships": [
    {
      "membership": {
        "dateRange": {
          "end": "2011-02-01",
          "start": "2007-06-14"
        },
        "house": {
          "showAs": "30th D\u00e1il",
          "uri": "http://oireachtas.ie/ie/oireachtas/house/dail/30"
        },
        "offices": [],
        "parties": [
          {
            "party": {
              "dateRange": {
                "end": "2011-02-01",
                "start": "2007-05-24"
              },
              "showAs": "Labour Party",
              "uri": "http://oireachtas.ie/ie/oireachtas/party/dail/30/Labour_Party"
            }
          }
        ],
        "represents": [
          {
            "represent": {
              "showAs": "Cork East",
              "uri": "http://oireachtas.ie/ie/oireachtas/house/dail/30/constituency/Cork-East"
            }
          }
        ],
        "uri": "http://oireachtas.ie/ie/oireachtas/member/Se\u00e1n-Sherlock.D.2007-06-14/dail/30"
      }
    },
    {
      "membership": {
        "dateRange": {
          "end": "2016-03-09",
          "start": "2011-03-09"
        },
        "house": {
          "showAs": "31st D\u00e1il",
          "uri": "http://oireachtas.ie/ie/oireachtas/house/dail/31"
        },
        "offices": [],
        "parties": [
          {
            "party": {
              "dateRange": {
                "end": "2016-03-09",
                "start": "2011-02-25"
              },
              "showAs": "Labour Party",
              "uri": "http://oireachtas.ie/ie/oireachtas/party/dail/31/Labour_Party"
            }
          }
        ],
        "represents": [
          {
            "represent": {
              "showAs": "Cork East",
              "uri": "http://oireachtas.ie/ie/oireachtas/house/dail/31/constituency/Cork-East"
            }
          }
        ],
        "uri": "http://oireachtas.ie/ie/oireachtas/member/Se\u00e1n-Sherlock.D.2007-06-14/dail/31"
      }
    }
  ],
  "profession": "Public Representative",
  "showAs": "Mr. Sean Sherlock",
  "uri": "http://oireachtas.ie/ie/oireachtas/member/Se\u00e1n-Sherlock.D.2007-06-14"
}