{
  "dateOfBirth": null,
  "dateOfDeath": "1974-01-24",
  "firstName": "Cornelius Kevin",
  "fullName": "Cornelius Kevin O'Callaghan",
  "gender": null,
  "image": null,
  "lastName": "O'Callaghan",
  "memberships": [
    {
      "membership": {
        "dateRange": {
          "end": "1973-03-30",
          "start": "1970-02-24"
        },
        "house": {
          "showAs": "12th Seanad",
          "uri": "http://oireachtas.ie/ie/oireachtas/house/seanad/12"
        },
        "offices": [],
        "parties": [],
        "represents": [
          {
            "represent": {
              "showAs": "Agricultural Panel",
              "uri": "http://oireachtas.ie/ie/oireachtas/house/seanad/12/panel/Agricultural-Panel"
            }
          }
        ],
        "uri": "http://oireachtas.ie/ie/oireachtas/member/Cornelius-Kevin-O'Callaghan.S.1970-02-24/seanad/12"
      }
    },
    {
      "membership": {
        "dateRange": {
          "end": "1974-01-24",
          "start": "1973-06-01"
        },
        "house": {
          "showAs": "13th Seanad",
          "uri": "http://oireachtas.ie/ie/oireachtas/house/seanad/13"
        },
        "offices": [],
        "parties": [],
        "represents": [
          {
            "represent": {
              "showAs": "Agricultural Panel",
              "uri": "http://oireachtas.ie/ie/oireachtas/house/seanad/13/panel/Agricultural-Panel"
            }
          }
        ],
        "uri": "http://oireachtas.ie/ie/oireachtas/member/Cornelius-Kevin-O'Callaghan.S.1970-02-24/seanad/13"
      }
    }
  ],
  "profession": null,
  "showAs": "Mr. Cornelius Kevin O'Callaghan",
  "uri": "http://oireachtas.ie/ie/oireachtas/member/Cornelius-Kevin-O'Callaghan.S.1970-02-24"
}