{
  "dateOfBirth": null,
  "dateOfDeath": null,
  "firstName": "John",
  "fullName": "John F. Cunningham",
  "gender": null,
  "image": null,
  "lastName": "Cunningham",
  "memberships": [
    {
      "membership": {
        "dateRange": {
          "end": "1954-07-07",
          "start": "1953-02-25"
        },
        "house": {
          "showAs": "7th Seanad",
          "uri": "http://oireachtas.ie/ie/oireachtas/house/seanad/7"
        },
        "offices": [],
        "parties": [],
        "represents": [
          {
            "represent": {
              "showAs": "National University of Ireland",
              "uri": "http://oireachtas.ie/ie/oireachtas/house/seanad/7/panel/National-University-of-Ireland"
            }
          }
        ],
        "uri": "http://oireachtas.ie/ie/oireachtas/member/John-F-Cunningham.S.1953-02-25/seanad/7"
      }
    }
  ],
  "profession": "Surgeon",
  "showAs": "Mr. John F. Cunningham",
  "uri": "http://oireachtas.ie/ie/oireachtas/member/John-F-Cunningham.S.1953-02-25"
}