{
  "dateOfBirth": null,
  "dateOfDeath": null,
  "firstName": "Ivana",
  "fullName": "Ivana Bacik",
  "gender": null,
  "image": "/MembersImages/2248o.jpg",
  "lastName": "Bacik",
  "memberships": [
    {
      "membership": {
        "dateRange": {
          "end": "2011-04-25",
          "start": "2007-07-23"
        },
        "house": {
          "showAs": "23rd Seanad",
          "uri": "http://oireachtas.ie/ie/oireachtas/house/seanad/23"
        },
        "offices": [],
        "parties": [],
        "represents": [
          {
            "represent": {
              "showAs": "University of Dublin",
              "uri": "http://oireachtas.ie/ie/oireachtas/house/seanad/23/panel/University-of-Dublin"
            }
          }
        ],
        "uri": "http://oireachtas.ie/ie/oireachtas/member/Ivana-Bacik.S.2007-07-23/seanad/23"
      }
    },
    {
      "membership": {
        "dateRange": {
          "end": "2016-06-07",
          "start": "2011-05-25"
        },
        "house": {
          "showAs": "24th Seanad",
          "uri": "http://oireachtas.ie/ie/oireachtas/house/seanad/24"
        },
        "offices": [],
        "parties": [],
        "represents": [
          {
            "represent": {
              "showAs": "University of Dublin",
              "uri": "http://oireachtas.ie/ie/oireachtas/house/seanad/24/panel/University-of-Dublin"
            }
          }
        ],
        "uri": "http://oireachtas.ie/ie/oireachtas/member/Ivana-Bacik.S.2007-07-23/seanad/24"
      }
    }
  ],
  "profession": null,
  "showAs": "Ms. Ivana Bacik",
  "uri": "http://oireachtas.ie/ie/oireachtas/member/Ivana-Bacik.S.2007-07-23"
}