{
  "dateOfBirth": "1946-12-08",
  "dateOfDeath": null,
  "firstName": "Dan",
  "fullName": "Dan Neville",
  "gender": null,
  "image": "http://www.oireachtas.ie//MembersImages/1551.jpg",
  "lastName": "Neville",
  "memberships": [
    {
      "membership": {
        "dateRange": {
          "end": "1992-12-17",
          "start": "1989-10-01"
        },
        "house": {
          "showAs": "19th Seanad",
          "uri": "http://oireachtas.ie/ie/oireachtas/house/seanad/19"
        },
        "offices": [],
        "parties": [],
        "represents": [
          {
            "represent": {
              "showAs": "Labour Panel",
              "uri": "http://oireachtas.ie/ie/oireachtas/house/seanad/19/panel/Labour-Panel"
            }
          }
        ],
        "uri": "http://oireachtas.ie/ie/oireachtas/member/Dan-Neville.S.1989-10-01/seanad/19"
      }
    },
    {
      "membership": {
        "dateRange": {
          "end": "1997-07-10",
          "start": "1993-02-17"
        },
        "house": {
          "showAs": "20th Seanad",
          "uri": "http://oireachtas.ie/ie/oireachtas/house/seanad/20"
        },
        "offices": [],
        "parties": [],
        "represents": [
          {
            "represent": {
              "showAs": "Labour Panel",
              "uri": "http://oireachtas.ie/ie/oireachtas/house/seanad/20/panel/Labour-Panel"
            }
          }
        ],
        "uri": "http://oireachtas.ie/ie/oireachtas/member/Dan-Neville.S.1989-10-01/seanad/20"
      }
    },
    {
      "membership": {
        "dateRange": {
          "end": "2002-04-25",
          "start": "1997-06-26"
        },
        "house": {
          "showAs": "28th D\u00e1il",
          "uri": "http://oireachtas.ie/ie/oireachtas/house/dail/28"
        },
        "offices": [],
        "parties": [
          {
            "party": {
              "dateRange": {
                "end": "2002-04-25",
                "start": "1997-06-06"
              },
              "showAs": "Fine Gael",
              "uri": "http://oireachtas.ie/ie/oireachtas/party/dail/28/Fine_Gael"
            }
          }
        ],
        "represents": [
          {
            "represent": {
              "showAs": "Limerick West",
              "uri": "http://oireachtas.ie/ie/oireachtas/house/dail/28/constituency/Limerick-West"
            }
          }
        ],
        "uri": "http://oireachtas.ie/ie/oireachtas/member/Dan-Neville.S.1989-10-01/dail/28"
      }
    },
    {
      "membership": {
        "dateRange": {
          "end": "2007-04-30",
          "start": "2002-06-06"
        },
        "house": {
          "showAs": "29th D\u00e1il",
          "uri": "http://oireachtas.ie/ie/oireachtas/house/dail/29"
        },
        "offices": [],
        "parties": [
          {
            "party": {
              "dateRange": {
                "end": "2007-04-30",
                "start": "2002-05-17"
              },
              "showAs": "Fine Gael",
              "uri": "http://oireachtas.ie/ie/oireachtas/party/dail/29/Fine_Gael"
            }
          }
        ],
        "represents": [
          {
            "represent": {
              "showAs": "Limerick West",
              "uri": "http://oireachtas.ie/ie/oireachtas/house/dail/29/constituency/Limerick-West"
            }
          }
        ],
        "uri": "http://oireachtas.ie/ie/oireachtas/member/Dan-Neville.S.1989-10-01/dail/29"
      }
    },
    {
      "membership": {
        "dateRange": {
          "end": "2011-02-01",
          "start": "2007-06-14"
        },
        "house": {
          "showAs": "30th D\u00e1il",
          "uri": "http://oireachtas.ie/ie/oireachtas/house/dail/30"
        },
        "offices": [],
        "parties": [
          {
            "party": {
              "dateRange": {
                "end": "2011-02-01",
                "start": "2007-05-24"
              },
              "showAs": "Fine Gael",
              "uri": "http://oireachtas.ie/ie/oireachtas/party/dail/30/Fine_Gael"
            }
          }
        ],
        "represents": [
          {
            "represent": {
              "showAs": "Limerick West",
              "uri": "http://oireachtas.ie/ie/oireachtas/house/dail/30/constituency/Limerick-West"
            }
          }
        ],
        "uri": "http://oireachtas.ie/ie/oireachtas/member/Dan-Neville.S.1989-10-01/dail/30"
      }
    },
    {
      "membership": {
        "dateRange": {
          "end": "2016-03-09",
          "start": "2011-03-09"
        },
        "house": {
          "showAs": "31st D\u00e1il",
          "uri": "http://oireachtas.ie/ie/oireachtas/house/dail/31"
        },
        "offices": [],
        "parties": [
          {
            "party": {
              "dateRange": {
                "end": "2016-03-09",
                "start": "2011-02-25"
              },
              "showAs": "Fine Gael",
              "uri": "http://oireachtas.ie/ie/oireachtas/party/dail/31/Fine_Gael"
            }
          }
        ],
        "represents": [
          {
            "represent": {
              "showAs": "Limerick",
              "uri": "http://oireachtas.ie/ie/oireachtas/house/dail/31/constituency/Limerick"
            }
          }
        ],
        "uri": "http://oireachtas.ie/ie/oireachtas/member/Dan-Neville.S.1989-10-01/dail/31"
      }
    }
  ],
  "profession": "Formerly Personnel Manager.",
  "showAs": "Mr. Dan Neville",
  "uri": "http://oireachtas.ie/ie/oireachtas/member/Dan-Neville.S.1989-10-01"
}