{
  "dateOfBirth": "1889-03-17",
  "dateOfDeath": "1966-06-03",
  "firstName": "Fion\u00e1n",
  "fullName": "Fion\u00e1n Lynch",
  "gender": null,
  "image": null,
  "lastName": "Lynch",
  "memberships": [
    {
      "membership": {
        "dateRange": {
          "end": "1921-05-10",
          "start": "1919-01-21"
        },
        "house": {
          "showAs": "1st D\u00e1il",
          "uri": "http://oireachtas.ie/ie/oireachtas/house/dail/1"
        },
        "offices": [],
        "parties": [],
        "represents": [
          {
            "represent": {
              "showAs": "Kerry South",
              "uri": "http://oireachtas.ie/ie/oireachtas/house/dail/1/constituency/Kerry-South"
            }
          }
        ],
        "uri": "http://oireachtas.ie/ie/oireachtas/member/Fion\u00e1n-Lynch.D.1919-01-21/dail/1"
      }
    },
    {
      "membership": {
        "dateRange": {
          "end": "1922-06-16",
          "start": "1921-08-16"
        },
        "house": {
          "showAs": "2nd D\u00e1il",
          "uri": "http://oireachtas.ie/ie/oireachtas/house/dail/2"
        },
        "offices": [
          {
            "office": {
              "cabinet": {
                "showAs": "Government of the 2nd D\u00e1il",
                "uri": "http://oireachtas.ie/ie/oireachtas/cabinet/dail/2"
              },
              "dateRange": {
                "end": "1922-08-30",
                "start": "1922-04-01"
              },
              "officeName": {
                "showAs": "Minister for Education",
                "uri": "http://oireachtas.ie/ie/oireachtas/office/minister/education"
              }
            }
          }
        ],
        "parties": [
          {
            "party": {
              "dateRange": {
                "end": "1922-06-16",
                "start": "1921-05-24"
              },
              "showAs": "Sinn F\u00e9in",
              "uri": "http://oireachtas.ie/ie/oireachtas/party/dail/2/Sinn_F\u00e9in"
            }
          }
        ],
        "represents": [
          {
            "represent": {
              "showAs": "Kerry\u2013Limerick West",
              "uri": "http://oireachtas.ie/ie/oireachtas/house/dail/2/constituency/Kerry\u2013Limerick-West"
            }
          }
        ],
        "uri": "http://oireachtas.ie/ie/oireachtas/member/Fion\u00e1n-Lynch.D.1919-01-21/dail/2"
      }
    },
    {
      "membership": {
        "dateRange": {
          "end": "1923-08-09",
          "start": "1922-09-09"
        },
        "house": {
          "showAs": "3rd D\u00e1il",
          "uri": "http://oireachtas.ie/ie/oireachtas/house/dail/3"
        },
        "offices": [
          {
            "office": {
              "cabinet": {
                "showAs": "Government of the 3rd D\u00e1il",
                "uri": "http://oireachtas.ie/ie/oireachtas/cabinet/dail/3"
              },
              "dateRange": {
                "end": "1923-09-19",
                "start": "1922-12-14"
              },
              "officeName": {
                "showAs": "Minister for Fisheries",
                "uri": "http://oireachtas.ie/ie/oireachtas/office/minister/fisheries"
              }
            }
          }
        ],
        "parties": [
          {
            "party": {
              "dateRange": {
                "end": "1923-08-09",
                "start": "1922-06-16"
              },
              "showAs": "Sinn F\u00e9in",
              "uri": "http://oireachtas.ie/ie/oireachtas/party/dail/3/Sinn_F\u00e9in"
            }
          }
        ],
        "represents": [
          {
            "represent": {
              "showAs": "Kerry\u2013Limerick West",
              "uri": "http://oireachtas.ie/ie/oireachtas/house/dail/3/constituency/Kerry\u2013Limerick-West"
            }
          }
        ],
        "uri": "http://oireachtas.ie/ie/oireachtas/member/Fion\u00e1n-Lynch.D.1919-01-21/dail/3"
      }
    },
    {
      "membership": {
        "dateRange": {
          "end": "1927-05-23",
          "start": "1923-09-19"
        },
        "house": {
          "showAs": "4th D\u00e1il",
          "uri": "http://oireachtas.ie/ie/oireachtas/house/dail/4"
        },
        "offices": [
          {
            "office": {
              "cabinet": {
                "showAs": "Government of the 4th D\u00e1il",
                "uri": "http://oireachtas.ie/ie/oireachtas/cabinet/dail/4"
              },
              "dateRange": {
                "end": "1927-06-23",
                "start": "1923-09-19"
              },
              "officeName": {
                "showAs": "Minister for Fisheries",
                "uri": "http://oireachtas.ie/ie/oireachtas/office/minister/fisheries"
              }
            }
          }
        ],
        "parties": [
          {
            "party": {
              "dateRange": {
                "end": "1927-05-23",
                "start": "1923-08-27"
              },
              "showAs": "Cumann na nGaedheal",
              "uri": "http://oireachtas.ie/ie/oireachtas/party/dail/4/Cumann_na_nGaedheal"
            }
          }
        ],
        "represents": [
          {
            "represent": {
              "showAs": "Kerry",
              "uri": "http://oireachtas.ie/ie/oireachtas/house/dail/4/constituency/Kerry"
            }
          }
        ],
        "uri": "http://oireachtas.ie/ie/oireachtas/member/Fion\u00e1n-Lynch.D.1919-01-21/dail/4"
      }
    },
    {
      "membership": {
        "dateRange": {
          "end": "1927-08-25",
          "start": "1927-06-23"
        },
        "house": {
          "showAs": "5th D\u00e1il",
          "uri": "http://oireachtas.ie/ie/oireachtas/house/dail/5"
        },
        "offices": [
          {
            "office": {
              "cabinet": {
                "showAs": "Government of the 5th D\u00e1il",
                "uri": "http://oireachtas.ie/ie/oireachtas/cabinet/dail/5"
              },
              "dateRange": {
                "end": "1927-10-11",
                "start": "1927-06-23"
              },
              "officeName": {
                "showAs": "Minister for Fisheries",
                "uri": "http://oireachtas.ie/ie/oireachtas/office/minister/fisheries"
              }
            }
          }
        ],
        "parties": [
          {
            "party": {
              "dateRange": {
                "end": "1927-08-25",
                "start": "1927-06-09"
              },
              "showAs": "Cumann na nGaedheal",
              "uri": "http://oireachtas.ie/ie/oireachtas/party/dail/5/Cumann_na_nGaedheal"
            }
          }
        ],
        "represents": [
          {
            "represent": {
              "showAs": "Kerry",
              "uri": "http://oireachtas.ie/ie/oireachtas/house/dail/5/constituency/Kerry"
            }
          }
        ],
        "uri": "http://oireachtas.ie/ie/oireachtas/member/Fion\u00e1n-Lynch.D.1919-01-21/dail/5"
      }
    },
    {
      "membership": {
        "dateRange": {
          "end": "1932-01-29",
          "start": "1927-10-11"
        },
        "house": {
          "showAs": "6th D\u00e1il",
          "uri": "http://oireachtas.ie/ie/oireachtas/house/dail/6"
        },
        "offices": [
          {
            "office": {
              "cabinet": {
                "showAs": "Government of the 6th D\u00e1il",
                "uri": "http://oireachtas.ie/ie/oireachtas/cabinet/dail/6"
              },
              "dateRange": {
                "end": "1930-04-03",
                "start": "1927-10-11"
              },
              "officeName": {
                "showAs": "Minister for Fisheries",
                "uri": "http://oireachtas.ie/ie/oireachtas/office/minister/fisheries"
              }
            }
          },
          {
            "office": {
              "cabinet": {
                "showAs": "Government of the 6th D\u00e1il",
                "uri": "http://oireachtas.ie/ie/oireachtas/cabinet/dail/6"
              },
              "dateRange": {
                "end": "1932-03-09",
                "start": "1930-04-03"
              },
              "officeName": {
                "showAs": "Minister for Lands and Fisheries",
                "uri": "http://oireachtas.ie/ie/oireachtas/office/minister/lands__fisheries"
              }
            }
          }
        ],
        "parties": [
          {
            "party": {
              "dateRange": {
                "end": "1932-01-29",
                "start": "1927-09-15"
              },
              "showAs": "Cumann na nGaedheal",
              "uri": "http://oireachtas.ie/ie/oireachtas/party/dail/6/Cumann_na_nGaedheal"
            }
          }
        ],
        "represents": [
          {
            "represent": {
              "showAs": "Kerry",
              "uri": "http://oireachtas.ie/ie/oireachtas/house/dail/6/constituency/Kerry"
            }
          }
        ],
        "uri": "http://oireachtas.ie/ie/oireachtas/member/Fion\u00e1n-Lynch.D.1919-01-21/dail/6"
      }
    },
    {
      "membership": {
        "dateRange": {
          "end": "1933-01-02",
          "start": "1932-03-09"
        },
        "house": {
          "showAs": "7th D\u00e1il",
          "uri": "http://oireachtas.ie/ie/oireachtas/house/dail/7"
        },
        "offices": [],
        "parties": [
          {
            "party": {
              "dateRange": {
                "end": "1933-01-02",
                "start": "1932-02-16"
              },
              "showAs": "Cumann na nGaedheal",
              "uri": "http://oireachtas.ie/ie/oireachtas/party/dail/7/Cumann_na_nGaedheal"
            }
          }
        ],
        "represents": [
          {
            "represent": {
              "showAs": "Kerry",
              "uri": "http://oireachtas.ie/ie/oireachtas/house/dail/7/constituency/Kerry"
            }
          }
        ],
        "uri": "http://oireachtas.ie/ie/oireachtas/member/Fion\u00e1n-Lynch.D.1919-01-21/dail/7"
      }
    },
    {
      "membership": {
        "dateRange": {
          "end": "1937-06-14",
          "start": "1933-02-08"
        },
        "house": {
          "showAs": "8th D\u00e1il",
          "uri": "http://oireachtas.ie/ie/oireachtas/house/dail/8"
        },
        "offices": [],
        "parties": [
          {
            "party": {
              "dateRange": {
                "end": "1937-06-14",
                "start": "1933-01-24"
              },
              "showAs": "Cumann na nGaedheal",
              "uri": "http://oireachtas.ie/ie/oireachtas/party/dail/8/Cumann_na_nGaedheal"
            }
          }
        ],
        "represents": [
          {
            "represent": {
              "showAs": "Kerry",
              "uri": "http://oireachtas.ie/ie/oireachtas/house/dail/8/constituency/Kerry"
            }
          }
        ],
        "uri": "http://oireachtas.ie/ie/oireachtas/member/Fion\u00e1n-Lynch.D.1919-01-21/dail/8"
      }
    },
    {
      "membership": {
        "dateRange": {
          "end": "1938-05-27",
          "start": "1937-07-21"
        },
        "house": {
          "showAs": "9th D\u00e1il",
          "uri": "http://oireachtas.ie/ie/oireachtas/house/dail/9"
        },
        "offices": [],
        "parties": [
          {
            "party": {
              "dateRange": {
                "end": "1938-05-27",
                "start": "1937-07-01"
              },
              "showAs": "Fine Gael",
              "uri": "http://oireachtas.ie/ie/oireachtas/party/dail/9/Fine_Gael"
            }
          }
        ],
        "represents": [
          {
            "represent": {
              "showAs": "Kerry South",
              "uri": "http://oireachtas.ie/ie/oireachtas/house/dail/9/constituency/Kerry-South"
            }
          }
        ],
        "uri": "http://oireachtas.ie/ie/oireachtas/member/Fion\u00e1n-Lynch.D.1919-01-21/dail/9"
      }
    },
    {
      "membership": {
        "dateRange": {
          "end": "1943-05-31",
          "start": "1938-06-30"
        },
        "house": {
          "showAs": "10th D\u00e1il",
          "uri": "http://oireachtas.ie/ie/oireachtas/house/dail/10"
        },
        "offices": [],
        "parties": [
          {
            "party": {
              "dateRange": {
                "end": "1943-05-31",
                "start": "1938-06-17"
              },
              "showAs": "Fine Gael",
              "uri": "http://oireachtas.ie/ie/oireachtas/party/dail/10/Fine_Gael"
            }
          }
        ],
        "represents": [
          {
            "represent": {
              "showAs": "Kerry South",
              "uri": "http://oireachtas.ie/ie/oireachtas/house/dail/10/constituency/Kerry-South"
            }
          }
        ],
        "uri": "http://oireachtas.ie/ie/oireachtas/member/Fion\u00e1n-Lynch.D.1919-01-21/dail/10"
      }
    },
    {
      "membership": {
        "dateRange": {
          "end": "1944-05-10",
          "start": "1943-07-01"
        },
        "house": {
          "showAs": "11th D\u00e1il",
          "uri": "http://oireachtas.ie/ie/oireachtas/house/dail/11"
        },
        "offices": [],
        "parties": [
          {
            "party": {
              "dateRange": {
                "end": "1944-05-10",
                "start": "1943-06-23"
              },
              "showAs": "Fine Gael",
              "uri": "http://oireachtas.ie/ie/oireachtas/party/dail/11/Fine_Gael"
            }
          }
        ],
        "represents": [
          {
            "represent": {
              "showAs": "Kerry South",
              "uri": "http://oireachtas.ie/ie/oireachtas/house/dail/11/constituency/Kerry-South"
            }
          }
        ],
        "uri": "http://oireachtas.ie/ie/oireachtas/member/Fion\u00e1n-Lynch.D.1919-01-21/dail/11"
      }
    },
    {
      "membership": {
        "dateRange": {
          "end": "1944-11-10",
          "start": "1944-06-09"
        },
        "house": {
          "showAs": "12th D\u00e1il",
          "uri": "http://oireachtas.ie/ie/oireachtas/house/dail/12"
        },
        "offices": [],
        "parties": [
          {
            "party": {
              "dateRange": {
                "end": "1944-11-10",
                "start": "1944-05-30"
              },
              "showAs": "Fine Gael",
              "uri": "http://oireachtas.ie/ie/oireachtas/party/dail/12/Fine_Gael"
            }
          }
        ],
        "represents": [
          {
            "represent": {
              "showAs": "Kerry South",
              "uri": "http://oireachtas.ie/ie/oireachtas/house/dail/12/constituency/Kerry-South"
            }
          }
        ],
        "uri": "http://oireachtas.ie/ie/oireachtas/member/Fion\u00e1n-Lynch.D.1919-01-21/dail/12"
      }
    }
  ],
  "profession": "Barrister-at-law",
  "showAs": "Mr. Fion\u00e1n Lynch",
  "uri": "http://oireachtas.ie/ie/oireachtas/member/Fion\u00e1n-Lynch.D.1919-01-21"
}