{
  "dateOfBirth": "1922-05-09",
  "dateOfDeath": "1967-04-29",
  "firstName": "Se\u00e1n",
  "fullName": "Se\u00e1n Casey",
  "gender": null,
  "image": "http://www.oireachtas.ie//MembersImages/170k.jpg",
  "lastName": "Casey",
  "memberships": [
    {
      "membership": {
        "dateRange": {
          "end": "1957-02-12",
          "start": "1954-06-02"
        },
        "house": {
          "showAs": "15th D\u00e1il",
          "uri": "http://oireachtas.ie/ie/oireachtas/house/dail/15"
        },
        "offices": [],
        "parties": [
          {
            "party": {
              "dateRange": {
                "end": "1957-02-12",
                "start": "1954-05-18"
              },
              "showAs": "Labour Party",
              "uri": "http://oireachtas.ie/ie/oireachtas/party/dail/15/Labour_Party"
            }
          }
        ],
        "represents": [
          {
            "represent": {
              "showAs": "Cork Borough",
              "uri": "http://oireachtas.ie/ie/oireachtas/house/dail/15/constituency/Cork-Borough"
            }
          }
        ],
        "uri": "http://oireachtas.ie/ie/oireachtas/member/Se\u00e1n-Casey.D.1954-06-02/dail/15"
      }
    },
    {
      "membership": {
        "dateRange": {
          "end": "1961-09-15",
          "start": "1957-03-20"
        },
        "house": {
          "showAs": "16th D\u00e1il",
          "uri": "http://oireachtas.ie/ie/oireachtas/house/dail/16"
        },
        "offices": [],
        "parties": [
          {
            "party": {
              "dateRange": {
                "end": "1961-09-15",
                "start": "1957-03-05"
              },
              "showAs": "Labour Party",
              "uri": "http://oireachtas.ie/ie/oireachtas/party/dail/16/Labour_Party"
            }
          }
        ],
        "represents": [
          {
            "represent": {
              "showAs": "Cork Borough",
              "uri": "http://oireachtas.ie/ie/oireachtas/house/dail/16/constituency/Cork-Borough"
            }
          }
        ],
        "uri": "http://oireachtas.ie/ie/oireachtas/member/Se\u00e1n-Casey.D.1954-06-02/dail/16"
      }
    },
    {
      "membership": {
        "dateRange": {
          "end": "1965-03-18",
          "start": "1961-10-11"
        },
        "house": {
          "showAs": "17th D\u00e1il",
          "uri": "http://oireachtas.ie/ie/oireachtas/house/dail/17"
        },
        "offices": [],
        "parties": [
          {
            "party": {
              "dateRange": {
                "end": "1965-03-18",
                "start": "1961-10-04"
              },
              "showAs": "Labour Party",
              "uri": "http://oireachtas.ie/ie/oireachtas/party/dail/17/Labour_Party"
            }
          }
        ],
        "represents": [
          {
            "represent": {
              "showAs": "Cork Borough",
              "uri": "http://oireachtas.ie/ie/oireachtas/house/dail/17/constituency/Cork-Borough"
            }
          }
        ],
        "uri": "http://oireachtas.ie/ie/oireachtas/member/Se\u00e1n-Casey.D.1954-06-02/dail/17"
      }
    },
    {
      "membership": {
        "dateRange": {
          "end": "1967-04-29",
          "start": "1965-04-21"
        },
        "house": {
          "showAs": "18th D\u00e1il",
          "uri": "http://oireachtas.ie/ie/oireachtas/house/dail/18"
        },
        "offices": [],
        "parties": [
          {
            "party": {
              "dateRange": {
                "end": "1967-04-29",
                "start": "1965-04-07"
              },
              "showAs": "Labour Party",
              "uri": "http://oireachtas.ie/ie/oireachtas/party/dail/18/Labour_Party"
            }
          }
        ],
        "represents": [
          {
            "represent": {
              "showAs": "Cork Borough",
              "uri": "http://oireachtas.ie/ie/oireachtas/house/dail/18/constituency/Cork-Borough"
            }
          }
        ],
        "uri": "http://oireachtas.ie/ie/oireachtas/member/Se\u00e1n-Casey.D.1954-06-02/dail/18"
      }
    }
  ],
  "profession": "Trade Union Official",
  "showAs": "Mr. Sean Casey",
  "uri": "http://oireachtas.ie/ie/oireachtas/member/Se\u00e1n-Casey.D.1954-06-02"
}