{
  "dateOfBirth": null,
  "dateOfDeath": null,
  "firstName": "Daniel J.",
  "fullName": "Daniel J. Byrne",
  "gender": null,
  "image": null,
  "lastName": "Byrne",
  "memberships": [
    {
      "membership": {
        "dateRange": {
          "end": "1923-08-09",
          "start": "1922-09-09"
        },
        "house": {
          "showAs": "3rd D\u00e1il",
          "uri": "http://oireachtas.ie/ie/oireachtas/house/dail/3"
        },
        "offices": [],
        "parties": [
          {
            "party": {
              "dateRange": {
                "end": "1923-08-09",
                "start": "1922-06-16"
              },
              "showAs": "Farmers Party",
              "uri": "http://oireachtas.ie/ie/oireachtas/party/dail/3/Farmers_Party"
            }
          }
        ],
        "represents": [
          {
            "represent": {
              "showAs": "Waterford\u2013Tipperary East",
              "uri": "http://oireachtas.ie/ie/oireachtas/house/dail/3/constituency/Waterford\u2013Tipperary-East"
            }
          }
        ],
        "uri": "http://oireachtas.ie/ie/oireachtas/member/Daniel-J-Byrne.D.1922-09-09/dail/3"
      }
    }
  ],
  "profession": "Farmer",
  "showAs": "Mr. Daniel Joseph Byrne",
  "uri": "http://oireachtas.ie/ie/oireachtas/member/Daniel-J-Byrne.D.1922-09-09"
}