{
  "dateOfBirth": "1940-03-22",
  "dateOfDeath": null,
  "firstName": "John",
  "fullName": "John Dennehy",
  "gender": null,
  "image": "http://www.oireachtas.ie//MembersImages/54.jpg",
  "lastName": "Dennehy",
  "memberships": [
    {
      "membership": {
        "dateRange": {
          "end": "1989-05-25",
          "start": "1987-03-10"
        },
        "house": {
          "showAs": "25th D\u00e1il",
          "uri": "http://oireachtas.ie/ie/oireachtas/house/dail/25"
        },
        "offices": [],
        "parties": [
          {
            "party": {
              "dateRange": {
                "end": "1989-05-25",
                "start": "1987-02-17"
              },
              "showAs": "Fianna F\u00e1il",
              "uri": "http://oireachtas.ie/ie/oireachtas/party/dail/25/Fianna_F\u00e1il"
            }
          }
        ],
        "represents": [
          {
            "represent": {
              "showAs": "Cork South\u2013Central",
              "uri": "http://oireachtas.ie/ie/oireachtas/house/dail/25/constituency/Cork-South\u2013Central"
            }
          }
        ],
        "uri": "http://oireachtas.ie/ie/oireachtas/member/John-Dennehy.D.1987-03-10/dail/25"
      }
    },
    {
      "membership": {
        "dateRange": {
          "end": "1992-11-05",
          "start": "1989-06-29"
        },
        "house": {
          "showAs": "26th D\u00e1il",
          "uri": "http://oireachtas.ie/ie/oireachtas/house/dail/26"
        },
        "offices": [],
        "parties": [
          {
            "party": {
              "dateRange": {
                "end": "1992-11-05",
                "start": "1989-06-15"
              },
              "showAs": "Fianna F\u00e1il",
              "uri": "http://oireachtas.ie/ie/oireachtas/party/dail/26/Fianna_F\u00e1il"
            }
          }
        ],
        "represents": [
          {
            "represent": {
              "showAs": "Cork South\u2013Central",
              "uri": "http://oireachtas.ie/ie/oireachtas/house/dail/26/constituency/Cork-South\u2013Central"
            }
          }
        ],
        "uri": "http://oireachtas.ie/ie/oireachtas/member/John-Dennehy.D.1987-03-10/dail/26"
      }
    },
    {
      "membership": {
        "dateRange": {
          "end": "2002-04-25",
          "start": "1997-06-26"
        },
        "house": {
          "showAs": "28th D\u00e1il",
          "uri": "http://oireachtas.ie/ie/oireachtas/house/dail/28"
        },
        "offices": [],
        "parties": [
          {
            "party": {
              "dateRange": {
                "end": "2002-04-25",
                "start": "1997-06-06"
              },
              "showAs": "Fianna F\u00e1il",
              "uri": "http://oireachtas.ie/ie/oireachtas/party/dail/28/Fianna_F\u00e1il"
            }
          }
        ],
        "represents": [
          {
            "represent": {
              "showAs": "Cork South\u2013Central",
              "uri": "http://oireachtas.ie/ie/oireachtas/house/dail/28/constituency/Cork-South\u2013Central"
            }
          }
        ],
        "uri": "http://oireachtas.ie/ie/oireachtas/member/John-Dennehy.D.1987-03-10/dail/28"
      }
    },
    {
      "membership": {
        "dateRange": {
          "end": "2007-04-30",
          "start": "2002-06-06"
        },
        "house": {
          "showAs": "29th D\u00e1il",
          "uri": "http://oireachtas.ie/ie/oireachtas/house/dail/29"
        },
        "offices": [],
        "parties": [
          {
            "party": {
              "dateRange": {
                "end": "2007-04-30",
                "start": "2002-05-17"
              },
              "showAs": "Fianna F\u00e1il",
              "uri": "http://oireachtas.ie/ie/oireachtas/party/dail/29/Fianna_F\u00e1il"
            }
          }
        ],
        "represents": [
          {
            "represent": {
              "showAs": "Cork South\u2013Central",
              "uri": "http://oireachtas.ie/ie/oireachtas/house/dail/29/constituency/Cork-South\u2013Central"
            }
          }
        ],
        "uri": "http://oireachtas.ie/ie/oireachtas/member/John-Dennehy.D.1987-03-10/dail/29"
      }
    }
  ],
  "profession": "Full-Time Public Representative, formerly Engineering Supervisor, Irish Steel Limited",
  "showAs": "Mr. John Dennehy",
  "uri": "http://oireachtas.ie/ie/oireachtas/member/John-Dennehy.D.1987-03-10"
}