{
  "dateOfBirth": null,
  "dateOfDeath": null,
  "firstName": "Michael",
  "fullName": "Michael Doyle",
  "gender": null,
  "image": null,
  "lastName": "Doyle",
  "memberships": [
    {
      "membership": {
        "dateRange": {
          "end": "1923-08-09",
          "start": "1922-09-09"
        },
        "house": {
          "showAs": "3rd D\u00e1il",
          "uri": "http://oireachtas.ie/ie/oireachtas/house/dail/3"
        },
        "offices": [],
        "parties": [
          {
            "party": {
              "dateRange": {
                "end": "1923-08-09",
                "start": "1922-06-16"
              },
              "showAs": "Farmers Party",
              "uri": "http://oireachtas.ie/ie/oireachtas/party/dail/3/Farmers_Party"
            }
          }
        ],
        "represents": [
          {
            "represent": {
              "showAs": "Wexford",
              "uri": "http://oireachtas.ie/ie/oireachtas/house/dail/3/constituency/Wexford"
            }
          }
        ],
        "uri": "http://oireachtas.ie/ie/oireachtas/member/Michael-Doyle.D.1922-09-09/dail/3"
      }
    },
    {
      "membership": {
        "dateRange": {
          "end": "1927-05-23",
          "start": "1923-09-19"
        },
        "house": {
          "showAs": "4th D\u00e1il",
          "uri": "http://oireachtas.ie/ie/oireachtas/house/dail/4"
        },
        "offices": [],
        "parties": [
          {
            "party": {
              "dateRange": {
                "end": "1927-05-23",
                "start": "1923-08-27"
              },
              "showAs": "Farmers Party",
              "uri": "http://oireachtas.ie/ie/oireachtas/party/dail/4/Farmers_Party"
            }
          }
        ],
        "represents": [
          {
            "represent": {
              "showAs": "Wexford",
              "uri": "http://oireachtas.ie/ie/oireachtas/house/dail/4/constituency/Wexford"
            }
          }
        ],
        "uri": "http://oireachtas.ie/ie/oireachtas/member/Michael-Doyle.D.1922-09-09/dail/4"
      }
    },
    {
      "membership": {
        "dateRange": {
          "end": "1927-08-25",
          "start": "1927-06-23"
        },
        "house": {
          "showAs": "5th D\u00e1il",
          "uri": "http://oireachtas.ie/ie/oireachtas/house/dail/5"
        },
        "offices": [],
        "parties": [
          {
            "party": {
              "dateRange": {
                "end": "1927-08-25",
                "start": "1927-06-09"
              },
              "showAs": "Farmers Party",
              "uri": "http://oireachtas.ie/ie/oireachtas/party/dail/5/Farmers_Party"
            }
          }
        ],
        "represents": [
          {
            "represent": {
              "showAs": "Wexford",
              "uri": "http://oireachtas.ie/ie/oireachtas/house/dail/5/constituency/Wexford"
            }
          }
        ],
        "uri": "http://oireachtas.ie/ie/oireachtas/member/Michael-Doyle.D.1922-09-09/dail/5"
      }
    }
  ],
  "profession": "Farmer",
  "showAs": "Mr. Michael Doyle",
  "uri": "http://oireachtas.ie/ie/oireachtas/member/Michael-Doyle.D.1922-09-09"
}