{
  "dateOfBirth": null,
  "dateOfDeath": null,
  "firstName": "Michael",
  "fullName": "Michael Mullins",
  "gender": null,
  "image": "/MembersImages/2368h.jpg",
  "lastName": "Mullins",
  "memberships": [
    {
      "membership": {
        "dateRange": {
          "end": "2016-06-07",
          "start": "2011-05-25"
        },
        "house": {
          "showAs": "24th Seanad",
          "uri": "http://oireachtas.ie/ie/oireachtas/house/seanad/24"
        },
        "offices": [],
        "parties": [],
        "represents": [
          {
            "represent": {
              "showAs": "Cultural and Educational Panel",
              "uri": "http://oireachtas.ie/ie/oireachtas/house/seanad/24/panel/Cultural-and-Educational-Panel"
            }
          }
        ],
        "uri": "http://oireachtas.ie/ie/oireachtas/member/Michael-Mullins.S.2011-05-25/seanad/24"
      }
    }
  ],
  "profession": null,
  "showAs": "Mr. Michael Mullins",
  "uri": "http://oireachtas.ie/ie/oireachtas/member/Michael-Mullins.S.2011-05-25"
}