{
  "dateOfBirth": "1926-02-09",
  "dateOfDeath": "2011-05-19",
  "firstName": "Garrett",
  "fullName": "Garrett Fitzgerald",
  "gender": null,
  "image": "http://www.oireachtas.ie//MembersImages/402.jpg",
  "lastName": "Fitzgerald",
  "memberships": [
    {
      "membership": {
        "dateRange": {
          "end": "1969-07-24",
          "start": "1965-06-23"
        },
        "house": {
          "showAs": "11th Seanad",
          "uri": "http://oireachtas.ie/ie/oireachtas/house/seanad/11"
        },
        "offices": [],
        "parties": [],
        "represents": [
          {
            "represent": {
              "showAs": "Industrial and Commercial Panel",
              "uri": "http://oireachtas.ie/ie/oireachtas/house/seanad/11/panel/Industrial-and-Commercial-Panel"
            }
          }
        ],
        "uri": "http://oireachtas.ie/ie/oireachtas/member/Garrett-Fitzgerald.S.1965-06-23/seanad/11"
      }
    },
    {
      "membership": {
        "dateRange": {
          "end": "1973-02-05",
          "start": "1969-07-02"
        },
        "house": {
          "showAs": "19th D\u00e1il",
          "uri": "http://oireachtas.ie/ie/oireachtas/house/dail/19"
        },
        "offices": [],
        "parties": [
          {
            "party": {
              "dateRange": {
                "end": "1973-02-05",
                "start": "1969-06-18"
              },
              "showAs": "Fine Gael",
              "uri": "http://oireachtas.ie/ie/oireachtas/party/dail/19/Fine_Gael"
            }
          }
        ],
        "represents": [
          {
            "represent": {
              "showAs": "Dublin South\u2013East",
              "uri": "http://oireachtas.ie/ie/oireachtas/house/dail/19/constituency/Dublin-South\u2013East"
            }
          }
        ],
        "uri": "http://oireachtas.ie/ie/oireachtas/member/Garrett-Fitzgerald.S.1965-06-23/dail/19"
      }
    },
    {
      "membership": {
        "dateRange": {
          "end": "1977-05-25",
          "start": "1973-03-14"
        },
        "house": {
          "showAs": "20th D\u00e1il",
          "uri": "http://oireachtas.ie/ie/oireachtas/house/dail/20"
        },
        "offices": [
          {
            "office": {
              "cabinet": {
                "showAs": "Government of the 20th D\u00e1il",
                "uri": "http://oireachtas.ie/ie/oireachtas/cabinet/dail/20"
              },
              "dateRange": {
                "end": "1977-07-05",
                "start": "1973-03-14"
              },
              "officeName": {
                "showAs": "Minister for Foreign Affairs",
                "uri": "http://oireachtas.ie/ie/oireachtas/office/minister/foreign_affairs"
              }
            }
          }
        ],
        "parties": [
          {
            "party": {
              "dateRange": {
                "end": "1977-05-25",
                "start": "1973-02-28"
              },
              "showAs": "Fine Gael",
              "uri": "http://oireachtas.ie/ie/oireachtas/party/dail/20/Fine_Gael"
            }
          }
        ],
        "represents": [
          {
            "represent": {
              "showAs": "Dublin South\u2013East",
              "uri": "http://oireachtas.ie/ie/oireachtas/house/dail/20/constituency/Dublin-South\u2013East"
            }
          }
        ],
        "uri": "http://oireachtas.ie/ie/oireachtas/member/Garrett-Fitzgerald.S.1965-06-23/dail/20"
      }
    },
    {
      "membership": {
        "dateRange": {
          "end": "1981-05-21",
          "start": "1977-07-05"
        },
        "house": {
          "showAs": "21st D\u00e1il",
          "uri": "http://oireachtas.ie/ie/oireachtas/house/dail/21"
        },
        "offices": [],
        "parties": [
          {
            "party": {
              "dateRange": {
                "end": "1981-05-21",
                "start": "1977-06-16"
              },
              "showAs": "Fine Gael",
              "uri": "http://oireachtas.ie/ie/oireachtas/party/dail/21/Fine_Gael"
            }
          }
        ],
        "represents": [
          {
            "represent": {
              "showAs": "Dublin South\u2013East",
              "uri": "http://oireachtas.ie/ie/oireachtas/house/dail/21/constituency/Dublin-South\u2013East"
            }
          }
        ],
        "uri": "http://oireachtas.ie/ie/oireachtas/member/Garrett-Fitzgerald.S.1965-06-23/dail/21"
      }
    },
    {
      "membership": {
        "dateRange": {
          "end": "1982-02-27",
          "start": "1981-06-30"
        },
        "house": {
          "showAs": "22nd D\u00e1il",
          "uri": "http://oireachtas.ie/ie/oireachtas/house/dail/22"
        },
        "offices": [
          {
            "office": {
              "cabinet": {
                "showAs": "Government of the 22nd D\u00e1il",
                "uri": "http://oireachtas.ie/ie/oireachtas/cabinet/dail/22"
              },
              "dateRange": {
                "end": "1982-03-09",
                "start": "1981-06-30"
              },
              "officeName": {
                "showAs": "Taoiseach",
                "uri": "http://oireachtas.ie/ie/oireachtas/office/taoiseach"
              }
            }
          }
        ],
        "parties": [
          {
            "party": {
              "dateRange": {
                "end": "1982-02-27",
                "start": "1981-06-11"
              },
              "showAs": "Fine Gael",
              "uri": "http://oireachtas.ie/ie/oireachtas/party/dail/22/Fine_Gael"
            }
          }
        ],
        "represents": [
          {
            "represent": {
              "showAs": "Dublin South\u2013East",
              "uri": "http://oireachtas.ie/ie/oireachtas/house/dail/22/constituency/Dublin-South\u2013East"
            }
          }
        ],
        "uri": "http://oireachtas.ie/ie/oireachtas/member/Garrett-Fitzgerald.S.1965-06-23/dail/22"
      }
    },
    {
      "membership": {
        "dateRange": {
          "end": "1982-11-04",
          "start": "1982-03-09"
        },
        "house": {
          "showAs": "23rd D\u00e1il",
          "uri": "http://oireachtas.ie/ie/oireachtas/house/dail/23"
        },
        "offices": [],
        "parties": [
          {
            "party": {
              "dateRange": {
                "end": "1982-11-04",
                "start": "1982-02-18"
              },
              "showAs": "Fine Gael",
              "uri": "http://oireachtas.ie/ie/oireachtas/party/dail/23/Fine_Gael"
            }
          }
        ],
        "represents": [
          {
            "represent": {
              "showAs": "Dublin South\u2013East",
              "uri": "http://oireachtas.ie/ie/oireachtas/house/dail/23/constituency/Dublin-South\u2013East"
            }
          }
        ],
        "uri": "http://oireachtas.ie/ie/oireachtas/member/Garrett-Fitzgerald.S.1965-06-23/dail/23"
      }
    },
    {
      "membership": {
        "dateRange": {
          "end": "1987-01-21",
          "start": "1982-12-14"
        },
        "house": {
          "showAs": "24th D\u00e1il",
          "uri": "http://oireachtas.ie/ie/oireachtas/house/dail/24"
        },
        "offices": [
          {
            "office": {
              "cabinet": {
                "showAs": "Government of the 24th D\u00e1il",
                "uri": "http://oireachtas.ie/ie/oireachtas/cabinet/dail/24"
              },
              "dateRange": {
                "end": "1987-03-10",
                "start": "1982-12-14"
              },
              "officeName": {
                "showAs": "Taoiseach",
                "uri": "http://oireachtas.ie/ie/oireachtas/office/taoiseach"
              }
            }
          },
          {
            "office": {
              "cabinet": {
                "showAs": "Government of the 24th D\u00e1il",
                "uri": "http://oireachtas.ie/ie/oireachtas/cabinet/dail/24"
              },
              "dateRange": {
                "end": "1983-12-13",
                "start": "1983-12-08"
              },
              "officeName": {
                "showAs": "Minister for Trade, Commerce and Tourism",
                "uri": "http://oireachtas.ie/ie/oireachtas/office/minister/trade__commerce__tourism"
              }
            }
          }
        ],
        "parties": [
          {
            "party": {
              "dateRange": {
                "end": "1987-01-21",
                "start": "1982-11-24"
              },
              "showAs": "Fine Gael",
              "uri": "http://oireachtas.ie/ie/oireachtas/party/dail/24/Fine_Gael"
            }
          }
        ],
        "represents": [
          {
            "represent": {
              "showAs": "Dublin South\u2013East",
              "uri": "http://oireachtas.ie/ie/oireachtas/house/dail/24/constituency/Dublin-South\u2013East"
            }
          }
        ],
        "uri": "http://oireachtas.ie/ie/oireachtas/member/Garrett-Fitzgerald.S.1965-06-23/dail/24"
      }
    },
    {
      "membership": {
        "dateRange": {
          "end": "1989-05-25",
          "start": "1987-03-10"
        },
        "house": {
          "showAs": "25th D\u00e1il",
          "uri": "http://oireachtas.ie/ie/oireachtas/house/dail/25"
        },
        "offices": [],
        "parties": [
          {
            "party": {
              "dateRange": {
                "end": "1989-05-25",
                "start": "1987-02-17"
              },
              "showAs": "Fine Gael",
              "uri": "http://oireachtas.ie/ie/oireachtas/party/dail/25/Fine_Gael"
            }
          }
        ],
        "represents": [
          {
            "represent": {
              "showAs": "Dublin South\u2013East",
              "uri": "http://oireachtas.ie/ie/oireachtas/house/dail/25/constituency/Dublin-South\u2013East"
            }
          }
        ],
        "uri": "http://oireachtas.ie/ie/oireachtas/member/Garrett-Fitzgerald.S.1965-06-23/dail/25"
      }
    },
    {
      "membership": {
        "dateRange": {
          "end": "1992-11-05",
          "start": "1989-06-29"
        },
        "house": {
          "showAs": "26th D\u00e1il",
          "uri": "http://oireachtas.ie/ie/oireachtas/house/dail/26"
        },
        "offices": [],
        "parties": [
          {
            "party": {
              "dateRange": {
                "end": "1992-11-05",
                "start": "1989-06-15"
              },
              "showAs": "Fine Gael",
              "uri": "http://oireachtas.ie/ie/oireachtas/party/dail/26/Fine_Gael"
            }
          }
        ],
        "represents": [
          {
            "represent": {
              "showAs": "Dublin South\u2013East",
              "uri": "http://oireachtas.ie/ie/oireachtas/house/dail/26/constituency/Dublin-South\u2013East"
            }
          }
        ],
        "uri": "http://oireachtas.ie/ie/oireachtas/member/Garrett-Fitzgerald.S.1965-06-23/dail/26"
      }
    }
  ],
  "profession": "Lecturer, Economist",
  "showAs": "Mr. Garret FitzGerald",
  "uri": "http://oireachtas.ie/ie/oireachtas/member/Garrett-Fitzgerald.S.1965-06-23"
}