{
  "dateOfBirth": null,
  "dateOfDeath": null,
  "firstName": "John",
  "fullName": "John Lyons",
  "gender": null,
  "image": "http://www.oireachtas.ie//MembersImages/661o.jpg",
  "lastName": "Lyons",
  "memberships": [
    {
      "membership": {
        "dateRange": {
          "end": "1923-08-09",
          "start": "1922-09-09"
        },
        "house": {
          "showAs": "3rd D\u00e1il",
          "uri": "http://oireachtas.ie/ie/oireachtas/house/dail/3"
        },
        "offices": [],
        "parties": [
          {
            "party": {
              "dateRange": {
                "end": "1923-08-09",
                "start": "1922-06-16"
              },
              "showAs": "Labour Party",
              "uri": "http://oireachtas.ie/ie/oireachtas/party/dail/3/Labour_Party"
            }
          }
        ],
        "represents": [
          {
            "represent": {
              "showAs": "Longford\u2013Westmeath",
              "uri": "http://oireachtas.ie/ie/oireachtas/house/dail/3/constituency/Longford\u2013Westmeath"
            }
          }
        ],
        "uri": "http://oireachtas.ie/ie/oireachtas/member/John-Lyons.D.1922-09-09/dail/3"
      }
    },
    {
      "membership": {
        "dateRange": {
          "end": "1927-05-23",
          "start": "1923-09-19"
        },
        "house": {
          "showAs": "4th D\u00e1il",
          "uri": "http://oireachtas.ie/ie/oireachtas/house/dail/4"
        },
        "offices": [],
        "parties": [
          {
            "party": {
              "dateRange": {
                "end": "1927-05-23",
                "start": "1923-08-27"
              },
              "showAs": "Independent",
              "uri": "http://oireachtas.ie/ie/oireachtas/party/dail/4/Independent"
            }
          }
        ],
        "represents": [
          {
            "represent": {
              "showAs": "Longford\u2013Westmeath",
              "uri": "http://oireachtas.ie/ie/oireachtas/house/dail/4/constituency/Longford\u2013Westmeath"
            }
          }
        ],
        "uri": "http://oireachtas.ie/ie/oireachtas/member/John-Lyons.D.1922-09-09/dail/4"
      }
    }
  ],
  "profession": null,
  "showAs": "Mr. John Lyons",
  "uri": "http://oireachtas.ie/ie/oireachtas/member/John-Lyons.D.1922-09-09"
}