{
  "dateOfBirth": null,
  "dateOfDeath": null,
  "firstName": "Noel William",
  "fullName": "Noel William Mulcahy",
  "gender": null,
  "image": null,
  "lastName": "Mulcahy",
  "memberships": [
    {
      "membership": {
        "dateRange": {
          "end": "1981-07-16",
          "start": "1977-10-27"
        },
        "house": {
          "showAs": "14th Seanad",
          "uri": "http://oireachtas.ie/ie/oireachtas/house/seanad/14"
        },
        "offices": [],
        "parties": [],
        "represents": [
          {
            "represent": {
              "showAs": "Nominated by the Taoiseach",
              "uri": "http://oireachtas.ie/ie/oireachtas/house/seanad/14/panel/Nominated-by-the-Taoiseach"
            }
          }
        ],
        "uri": "http://oireachtas.ie/ie/oireachtas/member/Noel-William-Mulcahy.S.1977-10-27/seanad/14"
      }
    }
  ],
  "profession": null,
  "showAs": "Mr. Noel William Mulcahy",
  "uri": "http://oireachtas.ie/ie/oireachtas/member/Noel-William-Mulcahy.S.1977-10-27"
}