{
  "dateOfBirth": "1936-10-01",
  "dateOfDeath": null,
  "firstName": "Maurice",
  "fullName": "Maurice O'Connell",
  "gender": null,
  "image": null,
  "lastName": "O'Connell",
  "memberships": [
    {
      "membership": {
        "dateRange": {
          "end": "1982-04-16",
          "start": "1981-10-08"
        },
        "house": {
          "showAs": "15th Seanad",
          "uri": "http://oireachtas.ie/ie/oireachtas/house/seanad/15"
        },
        "offices": [],
        "parties": [],
        "represents": [
          {
            "represent": {
              "showAs": "Labour Panel",
              "uri": "http://oireachtas.ie/ie/oireachtas/house/seanad/15/panel/Labour-Panel"
            }
          }
        ],
        "uri": "http://oireachtas.ie/ie/oireachtas/member/Maurice-O'Connell.S.1981-08-10/seanad/15"
      }
    },
    {
      "membership": {
        "dateRange": {
          "end": "1982-12-21",
          "start": "1982-05-13"
        },
        "house": {
          "showAs": "16th Seanad",
          "uri": "http://oireachtas.ie/ie/oireachtas/house/seanad/16"
        },
        "offices": [],
        "parties": [],
        "represents": [
          {
            "represent": {
              "showAs": "Labour Panel",
              "uri": "http://oireachtas.ie/ie/oireachtas/house/seanad/16/panel/Labour-Panel"
            }
          }
        ],
        "uri": "http://oireachtas.ie/ie/oireachtas/member/Maurice-O'Connell.S.1981-08-10/seanad/16"
      }
    }
  ],
  "profession": "Guidance Counsellor",
  "showAs": "Mr. Maurice O'Connell",
  "uri": "http://oireachtas.ie/ie/oireachtas/member/Maurice-O'Connell.S.1981-08-10"
}