{
  "dateOfBirth": "1890-09-08",
  "dateOfDeath": "1967-02-27",
  "firstName": "Michael F",
  "fullName": "Michael F OHanlon",
  "gender": null,
  "image": null,
  "lastName": "OHanlon",
  "memberships": [
    {
      "membership": {
        "dateRange": {
          "end": "1928-12-05",
          "start": "1925-12-06"
        },
        "house": {
          "showAs": "1925 Seanad",
          "uri": "http://oireachtas.ie/ie/oireachtas/house/seanad/1925"
        },
        "offices": [],
        "parties": [],
        "represents": [
          {
            "represent": {
              "showAs": "1925",
              "uri": "http://oireachtas.ie/ie/oireachtas/house/seanad/1925/panel/1925"
            }
          }
        ],
        "uri": "http://oireachtas.ie/ie/oireachtas/member/Michael-F-OHanlon.S.1925-12-06/seanad/1925"
      }
    },
    {
      "membership": {
        "dateRange": {
          "end": "1931-12-05",
          "start": "1928-12-06"
        },
        "house": {
          "showAs": "1928 Seanad",
          "uri": "http://oireachtas.ie/ie/oireachtas/house/seanad/1928"
        },
        "offices": [],
        "parties": [],
        "represents": [
          {
            "represent": {
              "showAs": "1928",
              "uri": "http://oireachtas.ie/ie/oireachtas/house/seanad/1928/panel/1928"
            }
          }
        ],
        "uri": "http://oireachtas.ie/ie/oireachtas/member/Michael-F-OHanlon.S.1925-12-06/seanad/1928"
      }
    },
    {
      "membership": {
        "dateRange": {
          "end": "1934-12-05",
          "start": "1931-12-06"
        },
        "house": {
          "showAs": "1931 Seanad",
          "uri": "http://oireachtas.ie/ie/oireachtas/house/seanad/1931"
        },
        "offices": [],
        "parties": [],
        "represents": [
          {
            "represent": {
              "showAs": "1931",
              "uri": "http://oireachtas.ie/ie/oireachtas/house/seanad/1931/panel/1931"
            }
          }
        ],
        "uri": "http://oireachtas.ie/ie/oireachtas/member/Michael-F-OHanlon.S.1925-12-06/seanad/1931"
      }
    },
    {
      "membership": {
        "dateRange": {
          "end": "1936-05-29",
          "start": "1934-12-06"
        },
        "house": {
          "showAs": "1934 Seanad",
          "uri": "http://oireachtas.ie/ie/oireachtas/house/seanad/1934"
        },
        "offices": [],
        "parties": [],
        "represents": [
          {
            "represent": {
              "showAs": "1934",
              "uri": "http://oireachtas.ie/ie/oireachtas/house/seanad/1934/panel/1934"
            }
          }
        ],
        "uri": "http://oireachtas.ie/ie/oireachtas/member/Michael-F-OHanlon.S.1925-12-06/seanad/1934"
      }
    }
  ],
  "profession": "Farmer, Journalist and Company Director",
  "showAs": "Mr. Michael F. O'Hanlon,",
  "uri": "http://oireachtas.ie/ie/oireachtas/member/Michael-F-OHanlon.S.1925-12-06"
}