{
  "dateOfBirth": "1931-08-31",
  "dateOfDeath": "1991-01-24",
  "firstName": "John M.",
  "fullName": "John M. Kelly",
  "gender": null,
  "image": "http://www.oireachtas.ie//MembersImages/569.jpg",
  "lastName": "Kelly",
  "memberships": [
    {
      "membership": {
        "dateRange": {
          "end": "1973-03-30",
          "start": "1969-11-05"
        },
        "house": {
          "showAs": "12th Seanad",
          "uri": "http://oireachtas.ie/ie/oireachtas/house/seanad/12"
        },
        "offices": [],
        "parties": [],
        "represents": [
          {
            "represent": {
              "showAs": "Cultural and Educational Panel",
              "uri": "http://oireachtas.ie/ie/oireachtas/house/seanad/12/panel/Cultural-and-Educational-Panel"
            }
          }
        ],
        "uri": "http://oireachtas.ie/ie/oireachtas/member/John-M-Kelly.S.1969-11-05/seanad/12"
      }
    },
    {
      "membership": {
        "dateRange": {
          "end": "1977-05-25",
          "start": "1973-03-14"
        },
        "house": {
          "showAs": "20th D\u00e1il",
          "uri": "http://oireachtas.ie/ie/oireachtas/house/dail/20"
        },
        "offices": [],
        "parties": [
          {
            "party": {
              "dateRange": {
                "end": "1977-05-25",
                "start": "1973-02-28"
              },
              "showAs": "Fine Gael",
              "uri": "http://oireachtas.ie/ie/oireachtas/party/dail/20/Fine_Gael"
            }
          }
        ],
        "represents": [
          {
            "represent": {
              "showAs": "Dublin South\u2013Central",
              "uri": "http://oireachtas.ie/ie/oireachtas/house/dail/20/constituency/Dublin-South\u2013Central"
            }
          }
        ],
        "uri": "http://oireachtas.ie/ie/oireachtas/member/John-M-Kelly.S.1969-11-05/dail/20"
      }
    },
    {
      "membership": {
        "dateRange": {
          "end": "1981-05-21",
          "start": "1977-07-05"
        },
        "house": {
          "showAs": "21st D\u00e1il",
          "uri": "http://oireachtas.ie/ie/oireachtas/house/dail/21"
        },
        "offices": [],
        "parties": [
          {
            "party": {
              "dateRange": {
                "end": "1981-05-21",
                "start": "1977-06-16"
              },
              "showAs": "Fine Gael",
              "uri": "http://oireachtas.ie/ie/oireachtas/party/dail/21/Fine_Gael"
            }
          }
        ],
        "represents": [
          {
            "represent": {
              "showAs": "Dublin County South",
              "uri": "http://oireachtas.ie/ie/oireachtas/house/dail/21/constituency/Dublin-County-South"
            }
          }
        ],
        "uri": "http://oireachtas.ie/ie/oireachtas/member/John-M-Kelly.S.1969-11-05/dail/21"
      }
    },
    {
      "membership": {
        "dateRange": {
          "end": "1982-02-27",
          "start": "1981-06-30"
        },
        "house": {
          "showAs": "22nd D\u00e1il",
          "uri": "http://oireachtas.ie/ie/oireachtas/house/dail/22"
        },
        "offices": [
          {
            "office": {
              "cabinet": {
                "showAs": "Government of the 22nd D\u00e1il",
                "uri": "http://oireachtas.ie/ie/oireachtas/cabinet/dail/22"
              },
              "dateRange": {
                "end": "1981-10-21",
                "start": "1981-06-30"
              },
              "officeName": {
                "showAs": "Minister for Foreign Affairs",
                "uri": "http://oireachtas.ie/ie/oireachtas/office/minister/foreign_affairs"
              }
            }
          },
          {
            "office": {
              "cabinet": {
                "showAs": "Government of the 22nd D\u00e1il",
                "uri": "http://oireachtas.ie/ie/oireachtas/cabinet/dail/22"
              },
              "dateRange": {
                "end": "1981-08-21",
                "start": "1981-06-30"
              },
              "officeName": {
                "showAs": "Minister for Industry, Commerce and Tourism",
                "uri": "http://oireachtas.ie/ie/oireachtas/office/minister/industry__commerce__tourism"
              }
            }
          },
          {
            "office": {
              "cabinet": {
                "showAs": "Government of the 22nd D\u00e1il",
                "uri": "http://oireachtas.ie/ie/oireachtas/cabinet/dail/22"
              },
              "dateRange": {
                "end": "1982-03-09",
                "start": "1981-08-21"
              },
              "officeName": {
                "showAs": "Minister for Trade, Commerce and Tourism",
                "uri": "http://oireachtas.ie/ie/oireachtas/office/minister/trade__commerce__tourism"
              }
            }
          }
        ],
        "parties": [
          {
            "party": {
              "dateRange": {
                "end": "1982-02-27",
                "start": "1981-06-11"
              },
              "showAs": "Fine Gael",
              "uri": "http://oireachtas.ie/ie/oireachtas/party/dail/22/Fine_Gael"
            }
          }
        ],
        "represents": [
          {
            "represent": {
              "showAs": "Dublin South",
              "uri": "http://oireachtas.ie/ie/oireachtas/house/dail/22/constituency/Dublin-South"
            }
          }
        ],
        "uri": "http://oireachtas.ie/ie/oireachtas/member/John-M-Kelly.S.1969-11-05/dail/22"
      }
    },
    {
      "membership": {
        "dateRange": {
          "end": "1982-11-04",
          "start": "1982-03-09"
        },
        "house": {
          "showAs": "23rd D\u00e1il",
          "uri": "http://oireachtas.ie/ie/oireachtas/house/dail/23"
        },
        "offices": [],
        "parties": [
          {
            "party": {
              "dateRange": {
                "end": "1982-11-04",
                "start": "1982-02-18"
              },
              "showAs": "Fine Gael",
              "uri": "http://oireachtas.ie/ie/oireachtas/party/dail/23/Fine_Gael"
            }
          }
        ],
        "represents": [
          {
            "represent": {
              "showAs": "Dublin South",
              "uri": "http://oireachtas.ie/ie/oireachtas/house/dail/23/constituency/Dublin-South"
            }
          }
        ],
        "uri": "http://oireachtas.ie/ie/oireachtas/member/John-M-Kelly.S.1969-11-05/dail/23"
      }
    },
    {
      "membership": {
        "dateRange": {
          "end": "1987-01-21",
          "start": "1982-12-14"
        },
        "house": {
          "showAs": "24th D\u00e1il",
          "uri": "http://oireachtas.ie/ie/oireachtas/house/dail/24"
        },
        "offices": [],
        "parties": [
          {
            "party": {
              "dateRange": {
                "end": "1987-01-21",
                "start": "1982-11-24"
              },
              "showAs": "Fine Gael",
              "uri": "http://oireachtas.ie/ie/oireachtas/party/dail/24/Fine_Gael"
            }
          }
        ],
        "represents": [
          {
            "represent": {
              "showAs": "Dublin South",
              "uri": "http://oireachtas.ie/ie/oireachtas/house/dail/24/constituency/Dublin-South"
            }
          }
        ],
        "uri": "http://oireachtas.ie/ie/oireachtas/member/John-M-Kelly.S.1969-11-05/dail/24"
      }
    },
    {
      "membership": {
        "dateRange": {
          "end": "1989-05-25",
          "start": "1987-03-10"
        },
        "house": {
          "showAs": "25th D\u00e1il",
          "uri": "http://oireachtas.ie/ie/oireachtas/house/dail/25"
        },
        "offices": [],
        "parties": [
          {
            "party": {
              "dateRange": {
                "end": "1989-05-25",
                "start": "1987-02-17"
              },
              "showAs": "Fine Gael",
              "uri": "http://oireachtas.ie/ie/oireachtas/party/dail/25/Fine_Gael"
            }
          }
        ],
        "represents": [
          {
            "represent": {
              "showAs": "Dublin South",
              "uri": "http://oireachtas.ie/ie/oireachtas/house/dail/25/constituency/Dublin-South"
            }
          }
        ],
        "uri": "http://oireachtas.ie/ie/oireachtas/member/John-M-Kelly.S.1969-11-05/dail/25"
      }
    }
  ],
  "profession": "University Professor, Barrister",
  "showAs": "Professor John M. Kelly",
  "uri": "http://oireachtas.ie/ie/oireachtas/member/John-M-Kelly.S.1969-11-05"
}