{
  "dateOfBirth": null,
  "dateOfDeath": "1931-09-06",
  "firstName": "Patrick Joseph",
  "fullName": "Patrick Joseph Hooper",
  "gender": null,
  "image": null,
  "lastName": "Hooper",
  "memberships": [
    {
      "membership": {
        "dateRange": {
          "end": "1928-12-05",
          "start": "1927-03-23"
        },
        "house": {
          "showAs": "1925 Seanad",
          "uri": "http://oireachtas.ie/ie/oireachtas/house/seanad/1925"
        },
        "offices": [],
        "parties": [],
        "represents": [
          {
            "represent": {
              "showAs": "1925",
              "uri": "http://oireachtas.ie/ie/oireachtas/house/seanad/1925/panel/1925"
            }
          }
        ],
        "uri": "http://oireachtas.ie/ie/oireachtas/member/Patrick-Joseph-Hooper.S.1927-03-23/seanad/1925"
      }
    },
    {
      "membership": {
        "dateRange": {
          "end": "1931-09-06",
          "start": "1928-12-06"
        },
        "house": {
          "showAs": "1928 Seanad",
          "uri": "http://oireachtas.ie/ie/oireachtas/house/seanad/1928"
        },
        "offices": [],
        "parties": [],
        "represents": [
          {
            "represent": {
              "showAs": "1928",
              "uri": "http://oireachtas.ie/ie/oireachtas/house/seanad/1928/panel/1928"
            }
          }
        ],
        "uri": "http://oireachtas.ie/ie/oireachtas/member/Patrick-Joseph-Hooper.S.1927-03-23/seanad/1928"
      }
    }
  ],
  "profession": "Journalist",
  "showAs": "Mr. Patrick Joseph Hooper",
  "uri": "http://oireachtas.ie/ie/oireachtas/member/Patrick-Joseph-Hooper.S.1927-03-23"
}