{
  "dateOfBirth": null,
  "dateOfDeath": "1948-01-01",
  "firstName": "James",
  "fullName": "James Hughes",
  "gender": null,
  "image": null,
  "lastName": "Hughes",
  "memberships": [
    {
      "membership": {
        "dateRange": {
          "end": "1943-05-31",
          "start": "1938-06-30"
        },
        "house": {
          "showAs": "10th D\u00e1il",
          "uri": "http://oireachtas.ie/ie/oireachtas/house/dail/10"
        },
        "offices": [],
        "parties": [
          {
            "party": {
              "dateRange": {
                "end": "1943-05-31",
                "start": "1938-06-17"
              },
              "showAs": "Fine Gael",
              "uri": "http://oireachtas.ie/ie/oireachtas/party/dail/10/Fine_Gael"
            }
          }
        ],
        "represents": [
          {
            "represent": {
              "showAs": "Carlow\u2013Kildare",
              "uri": "http://oireachtas.ie/ie/oireachtas/house/dail/10/constituency/Carlow\u2013Kildare"
            }
          }
        ],
        "uri": "http://oireachtas.ie/ie/oireachtas/member/James-Hughes.D.1938-06-30/dail/10"
      }
    },
    {
      "membership": {
        "dateRange": {
          "end": "1944-05-10",
          "start": "1943-07-01"
        },
        "house": {
          "showAs": "11th D\u00e1il",
          "uri": "http://oireachtas.ie/ie/oireachtas/house/dail/11"
        },
        "offices": [],
        "parties": [
          {
            "party": {
              "dateRange": {
                "end": "1944-05-10",
                "start": "1943-06-23"
              },
              "showAs": "Fine Gael",
              "uri": "http://oireachtas.ie/ie/oireachtas/party/dail/11/Fine_Gael"
            }
          }
        ],
        "represents": [
          {
            "represent": {
              "showAs": "Carlow\u2013Kildare",
              "uri": "http://oireachtas.ie/ie/oireachtas/house/dail/11/constituency/Carlow\u2013Kildare"
            }
          }
        ],
        "uri": "http://oireachtas.ie/ie/oireachtas/member/James-Hughes.D.1938-06-30/dail/11"
      }
    },
    {
      "membership": {
        "dateRange": {
          "end": "1948-01-01",
          "start": "1944-06-09"
        },
        "house": {
          "showAs": "12th D\u00e1il",
          "uri": "http://oireachtas.ie/ie/oireachtas/house/dail/12"
        },
        "offices": [],
        "parties": [
          {
            "party": {
              "dateRange": {
                "end": "1948-01-01",
                "start": "1944-05-30"
              },
              "showAs": "Fine Gael",
              "uri": "http://oireachtas.ie/ie/oireachtas/party/dail/12/Fine_Gael"
            }
          }
        ],
        "represents": [
          {
            "represent": {
              "showAs": "Carlow\u2013Kildare",
              "uri": "http://oireachtas.ie/ie/oireachtas/house/dail/12/constituency/Carlow\u2013Kildare"
            }
          }
        ],
        "uri": "http://oireachtas.ie/ie/oireachtas/member/James-Hughes.D.1938-06-30/dail/12"
      }
    }
  ],
  "profession": "Farmer",
  "showAs": "Mr. James Hughes",
  "uri": "http://oireachtas.ie/ie/oireachtas/member/James-Hughes.D.1938-06-30"
}