{
  "dateOfBirth": "1953-11-01",
  "dateOfDeath": null,
  "firstName": "Marian",
  "fullName": "Marian McGennis",
  "gender": null,
  "image": "http://www.oireachtas.ie//MembersImages/726.jpg",
  "lastName": "McGennis",
  "memberships": [
    {
      "membership": {
        "dateRange": {
          "end": "1997-07-10",
          "start": "1993-02-17"
        },
        "house": {
          "showAs": "20th Seanad",
          "uri": "http://oireachtas.ie/ie/oireachtas/house/seanad/20"
        },
        "offices": [],
        "parties": [],
        "represents": [
          {
            "represent": {
              "showAs": "Nominated by the Taoiseach",
              "uri": "http://oireachtas.ie/ie/oireachtas/house/seanad/20/panel/Nominated-by-the-Taoiseach"
            }
          }
        ],
        "uri": "http://oireachtas.ie/ie/oireachtas/member/Marian-McGennis.S.1993-02-17/seanad/20"
      }
    },
    {
      "membership": {
        "dateRange": {
          "end": "2002-04-25",
          "start": "1997-06-26"
        },
        "house": {
          "showAs": "28th D\u00e1il",
          "uri": "http://oireachtas.ie/ie/oireachtas/house/dail/28"
        },
        "offices": [],
        "parties": [
          {
            "party": {
              "dateRange": {
                "end": "2002-04-25",
                "start": "1997-06-06"
              },
              "showAs": "Fianna F\u00e1il",
              "uri": "http://oireachtas.ie/ie/oireachtas/party/dail/28/Fianna_F\u00e1il"
            }
          }
        ],
        "represents": [
          {
            "represent": {
              "showAs": "Dublin Central",
              "uri": "http://oireachtas.ie/ie/oireachtas/house/dail/28/constituency/Dublin-Central"
            }
          }
        ],
        "uri": "http://oireachtas.ie/ie/oireachtas/member/Marian-McGennis.S.1993-02-17/dail/28"
      }
    }
  ],
  "profession": "Civil Servant",
  "showAs": "Marian McGennis",
  "uri": "http://oireachtas.ie/ie/oireachtas/member/Marian-McGennis.S.1993-02-17"
}