{
  "dateOfBirth": "1908-05-06",
  "dateOfDeath": "1989-06-16",
  "firstName": "Celia",
  "fullName": "Celia Lynch",
  "gender": null,
  "image": null,
  "lastName": "Lynch",
  "memberships": [
    {
      "membership": {
        "dateRange": {
          "end": "1957-02-12",
          "start": "1954-06-02"
        },
        "house": {
          "showAs": "15th D\u00e1il",
          "uri": "http://oireachtas.ie/ie/oireachtas/house/dail/15"
        },
        "offices": [],
        "parties": [
          {
            "party": {
              "dateRange": {
                "end": "1957-02-12",
                "start": "1954-05-18"
              },
              "showAs": "Fianna F\u00e1il",
              "uri": "http://oireachtas.ie/ie/oireachtas/party/dail/15/Fianna_F\u00e1il"
            }
          }
        ],
        "represents": [
          {
            "represent": {
              "showAs": "Dublin South\u2013Central",
              "uri": "http://oireachtas.ie/ie/oireachtas/house/dail/15/constituency/Dublin-South\u2013Central"
            }
          }
        ],
        "uri": "http://oireachtas.ie/ie/oireachtas/member/Celia-Lynch.D.1954-06-02/dail/15"
      }
    },
    {
      "membership": {
        "dateRange": {
          "end": "1961-09-15",
          "start": "1957-03-20"
        },
        "house": {
          "showAs": "16th D\u00e1il",
          "uri": "http://oireachtas.ie/ie/oireachtas/house/dail/16"
        },
        "offices": [],
        "parties": [
          {
            "party": {
              "dateRange": {
                "end": "1961-09-15",
                "start": "1957-03-05"
              },
              "showAs": "Fianna F\u00e1il",
              "uri": "http://oireachtas.ie/ie/oireachtas/party/dail/16/Fianna_F\u00e1il"
            }
          }
        ],
        "represents": [
          {
            "represent": {
              "showAs": "Dublin South\u2013Central",
              "uri": "http://oireachtas.ie/ie/oireachtas/house/dail/16/constituency/Dublin-South\u2013Central"
            }
          }
        ],
        "uri": "http://oireachtas.ie/ie/oireachtas/member/Celia-Lynch.D.1954-06-02/dail/16"
      }
    },
    {
      "membership": {
        "dateRange": {
          "end": "1965-03-18",
          "start": "1961-10-11"
        },
        "house": {
          "showAs": "17th D\u00e1il",
          "uri": "http://oireachtas.ie/ie/oireachtas/house/dail/17"
        },
        "offices": [],
        "parties": [
          {
            "party": {
              "dateRange": {
                "end": "1965-03-18",
                "start": "1961-10-04"
              },
              "showAs": "Fianna F\u00e1il",
              "uri": "http://oireachtas.ie/ie/oireachtas/party/dail/17/Fianna_F\u00e1il"
            }
          }
        ],
        "represents": [
          {
            "represent": {
              "showAs": "Dublin North\u2013Central",
              "uri": "http://oireachtas.ie/ie/oireachtas/house/dail/17/constituency/Dublin-North\u2013Central"
            }
          }
        ],
        "uri": "http://oireachtas.ie/ie/oireachtas/member/Celia-Lynch.D.1954-06-02/dail/17"
      }
    },
    {
      "membership": {
        "dateRange": {
          "end": "1969-05-22",
          "start": "1965-04-21"
        },
        "house": {
          "showAs": "18th D\u00e1il",
          "uri": "http://oireachtas.ie/ie/oireachtas/house/dail/18"
        },
        "offices": [],
        "parties": [
          {
            "party": {
              "dateRange": {
                "end": "1969-05-22",
                "start": "1965-04-07"
              },
              "showAs": "Fianna F\u00e1il",
              "uri": "http://oireachtas.ie/ie/oireachtas/party/dail/18/Fianna_F\u00e1il"
            }
          }
        ],
        "represents": [
          {
            "represent": {
              "showAs": "Dublin North\u2013Central",
              "uri": "http://oireachtas.ie/ie/oireachtas/house/dail/18/constituency/Dublin-North\u2013Central"
            }
          }
        ],
        "uri": "http://oireachtas.ie/ie/oireachtas/member/Celia-Lynch.D.1954-06-02/dail/18"
      }
    },
    {
      "membership": {
        "dateRange": {
          "end": "1973-02-05",
          "start": "1969-07-02"
        },
        "house": {
          "showAs": "19th D\u00e1il",
          "uri": "http://oireachtas.ie/ie/oireachtas/house/dail/19"
        },
        "offices": [],
        "parties": [
          {
            "party": {
              "dateRange": {
                "end": "1973-02-05",
                "start": "1969-06-18"
              },
              "showAs": "Fianna F\u00e1il",
              "uri": "http://oireachtas.ie/ie/oireachtas/party/dail/19/Fianna_F\u00e1il"
            }
          }
        ],
        "represents": [
          {
            "represent": {
              "showAs": "Dublin North\u2013Central",
              "uri": "http://oireachtas.ie/ie/oireachtas/house/dail/19/constituency/Dublin-North\u2013Central"
            }
          }
        ],
        "uri": "http://oireachtas.ie/ie/oireachtas/member/Celia-Lynch.D.1954-06-02/dail/19"
      }
    },
    {
      "membership": {
        "dateRange": {
          "end": "1977-05-25",
          "start": "1973-03-14"
        },
        "house": {
          "showAs": "20th D\u00e1il",
          "uri": "http://oireachtas.ie/ie/oireachtas/house/dail/20"
        },
        "offices": [],
        "parties": [
          {
            "party": {
              "dateRange": {
                "end": "1977-05-25",
                "start": "1973-02-28"
              },
              "showAs": "Fianna F\u00e1il",
              "uri": "http://oireachtas.ie/ie/oireachtas/party/dail/20/Fianna_F\u00e1il"
            }
          }
        ],
        "represents": [
          {
            "represent": {
              "showAs": "Dublin North\u2013Central",
              "uri": "http://oireachtas.ie/ie/oireachtas/house/dail/20/constituency/Dublin-North\u2013Central"
            }
          }
        ],
        "uri": "http://oireachtas.ie/ie/oireachtas/member/Celia-Lynch.D.1954-06-02/dail/20"
      }
    }
  ],
  "profession": "Housewife",
  "showAs": "Ms. Celia Lynch",
  "uri": "http://oireachtas.ie/ie/oireachtas/member/Celia-Lynch.D.1954-06-02"
}