{
  "dateOfBirth": null,
  "dateOfDeath": "1948-01-22",
  "firstName": "Eamonn",
  "fullName": "Eamonn Coogan",
  "gender": null,
  "image": null,
  "lastName": "Coogan",
  "memberships": [
    {
      "membership": {
        "dateRange": {
          "end": "1948-01-12",
          "start": "1944-06-09"
        },
        "house": {
          "showAs": "12th D\u00e1il",
          "uri": "http://oireachtas.ie/ie/oireachtas/house/dail/12"
        },
        "offices": [],
        "parties": [
          {
            "party": {
              "dateRange": {
                "end": "1948-01-12",
                "start": "1944-05-30"
              },
              "showAs": "Fine Gael",
              "uri": "http://oireachtas.ie/ie/oireachtas/party/dail/12/Fine_Gael"
            }
          }
        ],
        "represents": [
          {
            "represent": {
              "showAs": "Kilkenny",
              "uri": "http://oireachtas.ie/ie/oireachtas/house/dail/12/constituency/Kilkenny"
            }
          }
        ],
        "uri": "http://oireachtas.ie/ie/oireachtas/member/Eamonn-Coogan.D.1944-06-09/dail/12"
      }
    }
  ],
  "profession": "Barrister-at-Law",
  "showAs": "Mr. Eamonn Coogan",
  "uri": "http://oireachtas.ie/ie/oireachtas/member/Eamonn-Coogan.D.1944-06-09"
}