{
  "dateOfBirth": "1883-09-20",
  "dateOfDeath": "1961-04-23",
  "firstName": "Daniel",
  "fullName": "Daniel Corkery",
  "gender": null,
  "image": null,
  "lastName": "Corkery",
  "memberships": [
    {
      "membership": {
        "dateRange": {
          "end": "1922-06-16",
          "start": "1921-08-16"
        },
        "house": {
          "showAs": "2nd D\u00e1il",
          "uri": "http://oireachtas.ie/ie/oireachtas/house/dail/2"
        },
        "offices": [],
        "parties": [
          {
            "party": {
              "dateRange": {
                "end": "1922-06-16",
                "start": "1921-05-24"
              },
              "showAs": "Sinn F\u00e9in",
              "uri": "http://oireachtas.ie/ie/oireachtas/party/dail/2/Sinn_F\u00e9in"
            }
          }
        ],
        "represents": [
          {
            "represent": {
              "showAs": "Cork Mid, North, South, South East and West",
              "uri": "http://oireachtas.ie/ie/oireachtas/house/dail/2/constituency/Cork-Mid-North-South-South-East-and-West"
            }
          }
        ],
        "uri": "http://oireachtas.ie/ie/oireachtas/member/Daniel-Corkery.D.1921-08-16/dail/2"
      }
    },
    {
      "membership": {
        "dateRange": {
          "end": "1923-08-09",
          "start": "1922-09-09"
        },
        "house": {
          "showAs": "3rd D\u00e1il",
          "uri": "http://oireachtas.ie/ie/oireachtas/house/dail/3"
        },
        "offices": [],
        "parties": [
          {
            "party": {
              "dateRange": {
                "end": "1923-08-09",
                "start": "1922-06-16"
              },
              "showAs": "Sinn F\u00e9in",
              "uri": "http://oireachtas.ie/ie/oireachtas/party/dail/3/Sinn_F\u00e9in"
            }
          }
        ],
        "represents": [
          {
            "represent": {
              "showAs": "Cork Mid, North, South, South East and West",
              "uri": "http://oireachtas.ie/ie/oireachtas/house/dail/3/constituency/Cork-Mid-North-South-South-East-and-West"
            }
          }
        ],
        "uri": "http://oireachtas.ie/ie/oireachtas/member/Daniel-Corkery.D.1921-08-16/dail/3"
      }
    },
    {
      "membership": {
        "dateRange": {
          "end": "1927-05-23",
          "start": "1923-09-19"
        },
        "house": {
          "showAs": "4th D\u00e1il",
          "uri": "http://oireachtas.ie/ie/oireachtas/house/dail/4"
        },
        "offices": [],
        "parties": [
          {
            "party": {
              "dateRange": {
                "end": "1927-05-23",
                "start": "1923-08-27"
              },
              "showAs": "Republican",
              "uri": "http://oireachtas.ie/ie/oireachtas/party/dail/4/Republican"
            }
          }
        ],
        "represents": [
          {
            "represent": {
              "showAs": "Cork North",
              "uri": "http://oireachtas.ie/ie/oireachtas/house/dail/4/constituency/Cork-North"
            }
          }
        ],
        "uri": "http://oireachtas.ie/ie/oireachtas/member/Daniel-Corkery.D.1921-08-16/dail/4"
      }
    },
    {
      "membership": {
        "dateRange": {
          "end": "1927-08-25",
          "start": "1927-06-23"
        },
        "house": {
          "showAs": "5th D\u00e1il",
          "uri": "http://oireachtas.ie/ie/oireachtas/house/dail/5"
        },
        "offices": [],
        "parties": [
          {
            "party": {
              "dateRange": {
                "end": "1927-08-25",
                "start": "1927-06-09"
              },
              "showAs": "Independent",
              "uri": "http://oireachtas.ie/ie/oireachtas/party/dail/5/Independent"
            }
          }
        ],
        "represents": [
          {
            "represent": {
              "showAs": "Cork North",
              "uri": "http://oireachtas.ie/ie/oireachtas/house/dail/5/constituency/Cork-North"
            }
          }
        ],
        "uri": "http://oireachtas.ie/ie/oireachtas/member/Daniel-Corkery.D.1921-08-16/dail/5"
      }
    },
    {
      "membership": {
        "dateRange": {
          "end": "1932-01-29",
          "start": "1927-10-11"
        },
        "house": {
          "showAs": "6th D\u00e1il",
          "uri": "http://oireachtas.ie/ie/oireachtas/house/dail/6"
        },
        "offices": [],
        "parties": [
          {
            "party": {
              "dateRange": {
                "end": "1932-01-29",
                "start": "1927-09-15"
              },
              "showAs": "Fianna F\u00e1il",
              "uri": "http://oireachtas.ie/ie/oireachtas/party/dail/6/Fianna_F\u00e1il"
            }
          }
        ],
        "represents": [
          {
            "represent": {
              "showAs": "Cork North",
              "uri": "http://oireachtas.ie/ie/oireachtas/house/dail/6/constituency/Cork-North"
            }
          }
        ],
        "uri": "http://oireachtas.ie/ie/oireachtas/member/Daniel-Corkery.D.1921-08-16/dail/6"
      }
    },
    {
      "membership": {
        "dateRange": {
          "end": "1937-06-14",
          "start": "1933-02-08"
        },
        "house": {
          "showAs": "8th D\u00e1il",
          "uri": "http://oireachtas.ie/ie/oireachtas/house/dail/8"
        },
        "offices": [],
        "parties": [
          {
            "party": {
              "dateRange": {
                "end": "1937-06-14",
                "start": "1933-01-24"
              },
              "showAs": "Fianna F\u00e1il",
              "uri": "http://oireachtas.ie/ie/oireachtas/party/dail/8/Fianna_F\u00e1il"
            }
          }
        ],
        "represents": [
          {
            "represent": {
              "showAs": "Cork North",
              "uri": "http://oireachtas.ie/ie/oireachtas/house/dail/8/constituency/Cork-North"
            }
          }
        ],
        "uri": "http://oireachtas.ie/ie/oireachtas/member/Daniel-Corkery.D.1921-08-16/dail/8"
      }
    },
    {
      "membership": {
        "dateRange": {
          "end": "1938-07-22",
          "start": "1938-04-27"
        },
        "house": {
          "showAs": "2nd Seanad",
          "uri": "http://oireachtas.ie/ie/oireachtas/house/seanad/2"
        },
        "offices": [],
        "parties": [],
        "represents": [
          {
            "represent": {
              "showAs": "Industrial and Commercial Panel",
              "uri": "http://oireachtas.ie/ie/oireachtas/house/seanad/2/panel/Industrial-and-Commercial-Panel"
            }
          }
        ],
        "uri": "http://oireachtas.ie/ie/oireachtas/member/Daniel-Corkery.D.1921-08-16/seanad/2"
      }
    },
    {
      "membership": {
        "dateRange": {
          "end": "1943-07-14",
          "start": "1938-09-07"
        },
        "house": {
          "showAs": "3rd Seanad",
          "uri": "http://oireachtas.ie/ie/oireachtas/house/seanad/3"
        },
        "offices": [],
        "parties": [],
        "represents": [
          {
            "represent": {
              "showAs": "Industrial and Commercial Panel",
              "uri": "http://oireachtas.ie/ie/oireachtas/house/seanad/3/panel/Industrial-and-Commercial-Panel"
            }
          }
        ],
        "uri": "http://oireachtas.ie/ie/oireachtas/member/Daniel-Corkery.D.1921-08-16/seanad/3"
      }
    },
    {
      "membership": {
        "dateRange": {
          "end": "1944-07-05",
          "start": "1943-09-08"
        },
        "house": {
          "showAs": "4th Seanad",
          "uri": "http://oireachtas.ie/ie/oireachtas/house/seanad/4"
        },
        "offices": [],
        "parties": [],
        "represents": [
          {
            "represent": {
              "showAs": "Industrial and Commercial Panel",
              "uri": "http://oireachtas.ie/ie/oireachtas/house/seanad/4/panel/Industrial-and-Commercial-Panel"
            }
          }
        ],
        "uri": "http://oireachtas.ie/ie/oireachtas/member/Daniel-Corkery.D.1921-08-16/seanad/4"
      }
    },
    {
      "membership": {
        "dateRange": {
          "end": "1948-03-12",
          "start": "1944-08-18"
        },
        "house": {
          "showAs": "5th Seanad",
          "uri": "http://oireachtas.ie/ie/oireachtas/house/seanad/5"
        },
        "offices": [],
        "parties": [],
        "represents": [
          {
            "represent": {
              "showAs": "Industrial and Commercial Panel",
              "uri": "http://oireachtas.ie/ie/oireachtas/house/seanad/5/panel/Industrial-and-Commercial-Panel"
            }
          }
        ],
        "uri": "http://oireachtas.ie/ie/oireachtas/member/Daniel-Corkery.D.1921-08-16/seanad/5"
      }
    }
  ],
  "profession": null,
  "showAs": "Mr. Daniel (Dan) Corkery",
  "uri": "http://oireachtas.ie/ie/oireachtas/member/Daniel-Corkery.D.1921-08-16"
}