{
  "dateOfBirth": null,
  "dateOfDeath": "1952-04-23",
  "firstName": "Robert",
  "fullName": "Robert Ryan",
  "gender": null,
  "image": null,
  "lastName": "Ryan",
  "memberships": [
    {
      "membership": {
        "dateRange": {
          "end": "1933-01-02",
          "start": "1932-03-09"
        },
        "house": {
          "showAs": "7th D\u00e1il",
          "uri": "http://oireachtas.ie/ie/oireachtas/house/dail/7"
        },
        "offices": [],
        "parties": [
          {
            "party": {
              "dateRange": {
                "end": "1933-01-02",
                "start": "1932-02-16"
              },
              "showAs": "Fianna F\u00e1il",
              "uri": "http://oireachtas.ie/ie/oireachtas/party/dail/7/Fianna_F\u00e1il"
            }
          }
        ],
        "represents": [
          {
            "represent": {
              "showAs": "Limerick",
              "uri": "http://oireachtas.ie/ie/oireachtas/house/dail/7/constituency/Limerick"
            }
          }
        ],
        "uri": "http://oireachtas.ie/ie/oireachtas/member/Robert-Ryan.D.1932-03-09/dail/7"
      }
    },
    {
      "membership": {
        "dateRange": {
          "end": "1937-06-14",
          "start": "1933-02-08"
        },
        "house": {
          "showAs": "8th D\u00e1il",
          "uri": "http://oireachtas.ie/ie/oireachtas/house/dail/8"
        },
        "offices": [],
        "parties": [
          {
            "party": {
              "dateRange": {
                "end": "1937-06-14",
                "start": "1933-01-24"
              },
              "showAs": "Fianna F\u00e1il",
              "uri": "http://oireachtas.ie/ie/oireachtas/party/dail/8/Fianna_F\u00e1il"
            }
          }
        ],
        "represents": [
          {
            "represent": {
              "showAs": "Limerick",
              "uri": "http://oireachtas.ie/ie/oireachtas/house/dail/8/constituency/Limerick"
            }
          }
        ],
        "uri": "http://oireachtas.ie/ie/oireachtas/member/Robert-Ryan.D.1932-03-09/dail/8"
      }
    },
    {
      "membership": {
        "dateRange": {
          "end": "1938-05-27",
          "start": "1937-07-21"
        },
        "house": {
          "showAs": "9th D\u00e1il",
          "uri": "http://oireachtas.ie/ie/oireachtas/house/dail/9"
        },
        "offices": [],
        "parties": [
          {
            "party": {
              "dateRange": {
                "end": "1938-05-27",
                "start": "1937-07-01"
              },
              "showAs": "Fianna F\u00e1il",
              "uri": "http://oireachtas.ie/ie/oireachtas/party/dail/9/Fianna_F\u00e1il"
            }
          }
        ],
        "represents": [
          {
            "represent": {
              "showAs": "Limerick",
              "uri": "http://oireachtas.ie/ie/oireachtas/house/dail/9/constituency/Limerick"
            }
          }
        ],
        "uri": "http://oireachtas.ie/ie/oireachtas/member/Robert-Ryan.D.1932-03-09/dail/9"
      }
    },
    {
      "membership": {
        "dateRange": {
          "end": "1943-05-31",
          "start": "1938-06-30"
        },
        "house": {
          "showAs": "10th D\u00e1il",
          "uri": "http://oireachtas.ie/ie/oireachtas/house/dail/10"
        },
        "offices": [],
        "parties": [
          {
            "party": {
              "dateRange": {
                "end": "1943-05-31",
                "start": "1938-06-17"
              },
              "showAs": "Fianna F\u00e1il",
              "uri": "http://oireachtas.ie/ie/oireachtas/party/dail/10/Fianna_F\u00e1il"
            }
          }
        ],
        "represents": [
          {
            "represent": {
              "showAs": "Limerick",
              "uri": "http://oireachtas.ie/ie/oireachtas/house/dail/10/constituency/Limerick"
            }
          }
        ],
        "uri": "http://oireachtas.ie/ie/oireachtas/member/Robert-Ryan.D.1932-03-09/dail/10"
      }
    },
    {
      "membership": {
        "dateRange": {
          "end": "1944-05-10",
          "start": "1943-07-01"
        },
        "house": {
          "showAs": "11th D\u00e1il",
          "uri": "http://oireachtas.ie/ie/oireachtas/house/dail/11"
        },
        "offices": [],
        "parties": [
          {
            "party": {
              "dateRange": {
                "end": "1944-05-10",
                "start": "1943-06-23"
              },
              "showAs": "Fianna F\u00e1il",
              "uri": "http://oireachtas.ie/ie/oireachtas/party/dail/11/Fianna_F\u00e1il"
            }
          }
        ],
        "represents": [
          {
            "represent": {
              "showAs": "Limerick",
              "uri": "http://oireachtas.ie/ie/oireachtas/house/dail/11/constituency/Limerick"
            }
          }
        ],
        "uri": "http://oireachtas.ie/ie/oireachtas/member/Robert-Ryan.D.1932-03-09/dail/11"
      }
    },
    {
      "membership": {
        "dateRange": {
          "end": "1948-01-12",
          "start": "1944-06-09"
        },
        "house": {
          "showAs": "12th D\u00e1il",
          "uri": "http://oireachtas.ie/ie/oireachtas/house/dail/12"
        },
        "offices": [],
        "parties": [
          {
            "party": {
              "dateRange": {
                "end": "1948-01-12",
                "start": "1944-05-30"
              },
              "showAs": "Fianna F\u00e1il",
              "uri": "http://oireachtas.ie/ie/oireachtas/party/dail/12/Fianna_F\u00e1il"
            }
          }
        ],
        "represents": [
          {
            "represent": {
              "showAs": "Limerick",
              "uri": "http://oireachtas.ie/ie/oireachtas/house/dail/12/constituency/Limerick"
            }
          }
        ],
        "uri": "http://oireachtas.ie/ie/oireachtas/member/Robert-Ryan.D.1932-03-09/dail/12"
      }
    },
    {
      "membership": {
        "dateRange": {
          "end": "1951-05-07",
          "start": "1948-02-18"
        },
        "house": {
          "showAs": "13th D\u00e1il",
          "uri": "http://oireachtas.ie/ie/oireachtas/house/dail/13"
        },
        "offices": [],
        "parties": [
          {
            "party": {
              "dateRange": {
                "end": "1951-05-07",
                "start": "1948-02-04"
              },
              "showAs": "Fianna F\u00e1il",
              "uri": "http://oireachtas.ie/ie/oireachtas/party/dail/13/Fianna_F\u00e1il"
            }
          }
        ],
        "represents": [
          {
            "represent": {
              "showAs": "Limerick East",
              "uri": "http://oireachtas.ie/ie/oireachtas/house/dail/13/constituency/Limerick-East"
            }
          }
        ],
        "uri": "http://oireachtas.ie/ie/oireachtas/member/Robert-Ryan.D.1932-03-09/dail/13"
      }
    }
  ],
  "profession": "Farmer",
  "showAs": "Mr. Robert Ryan",
  "uri": "http://oireachtas.ie/ie/oireachtas/member/Robert-Ryan.D.1932-03-09"
}