{
  "dateOfBirth": null,
  "dateOfDeath": "1948-03-12",
  "firstName": "George Noble",
  "fullName": "George Noble Plunkett",
  "gender": null,
  "image": null,
  "lastName": "Plunkett",
  "memberships": [
    {
      "membership": {
        "dateRange": {
          "end": "1921-05-10",
          "start": "1919-01-21"
        },
        "house": {
          "showAs": "1st D\u00e1il",
          "uri": "http://oireachtas.ie/ie/oireachtas/house/dail/1"
        },
        "offices": [
          {
            "office": {
              "cabinet": {
                "showAs": "Government of the 1st D\u00e1il",
                "uri": "http://oireachtas.ie/ie/oireachtas/cabinet/dail/1"
              },
              "dateRange": {
                "end": "1921-08-16",
                "start": "1919-01-22"
              },
              "officeName": {
                "showAs": "Minister for Foreign Affairs",
                "uri": "http://oireachtas.ie/ie/oireachtas/office/minister/foreign_affairs"
              }
            }
          }
        ],
        "parties": [],
        "represents": [
          {
            "represent": {
              "showAs": "Roscommon North",
              "uri": "http://oireachtas.ie/ie/oireachtas/house/dail/1/constituency/Roscommon-North"
            }
          }
        ],
        "uri": "http://oireachtas.ie/ie/oireachtas/member/George-Noble-Plunkett.D.1919-01-21/dail/1"
      }
    },
    {
      "membership": {
        "dateRange": {
          "end": "1922-06-16",
          "start": "1921-08-16"
        },
        "house": {
          "showAs": "2nd D\u00e1il",
          "uri": "http://oireachtas.ie/ie/oireachtas/house/dail/2"
        },
        "offices": [
          {
            "office": {
              "cabinet": {
                "showAs": "Government of the 2nd D\u00e1il",
                "uri": "http://oireachtas.ie/ie/oireachtas/cabinet/dail/2"
              },
              "dateRange": {
                "end": "1921-08-26",
                "start": "1921-08-16"
              },
              "officeName": {
                "showAs": "Minister for Foreign Affairs",
                "uri": "http://oireachtas.ie/ie/oireachtas/office/minister/foreign_affairs"
              }
            }
          },
          {
            "office": {
              "cabinet": {
                "showAs": "Government of the 2nd D\u00e1il",
                "uri": "http://oireachtas.ie/ie/oireachtas/cabinet/dail/2"
              },
              "dateRange": {
                "end": "1922-01-09",
                "start": "1921-08-26"
              },
              "officeName": {
                "showAs": "Minister for Fine Arts",
                "uri": "http://oireachtas.ie/ie/oireachtas/office/minister/fine_arts"
              }
            }
          }
        ],
        "parties": [
          {
            "party": {
              "dateRange": {
                "end": "1922-06-16",
                "start": "1921-05-24"
              },
              "showAs": "Sinn F\u00e9in",
              "uri": "http://oireachtas.ie/ie/oireachtas/party/dail/2/Sinn_F\u00e9in"
            }
          }
        ],
        "represents": [
          {
            "represent": {
              "showAs": "Leitrim\u2013Roscommon North",
              "uri": "http://oireachtas.ie/ie/oireachtas/house/dail/2/constituency/Leitrim\u2013Roscommon-North"
            }
          }
        ],
        "uri": "http://oireachtas.ie/ie/oireachtas/member/George-Noble-Plunkett.D.1919-01-21/dail/2"
      }
    },
    {
      "membership": {
        "dateRange": {
          "end": "1923-08-09",
          "start": "1922-09-09"
        },
        "house": {
          "showAs": "3rd D\u00e1il",
          "uri": "http://oireachtas.ie/ie/oireachtas/house/dail/3"
        },
        "offices": [],
        "parties": [
          {
            "party": {
              "dateRange": {
                "end": "1923-08-09",
                "start": "1922-06-16"
              },
              "showAs": "Sinn F\u00e9in",
              "uri": "http://oireachtas.ie/ie/oireachtas/party/dail/3/Sinn_F\u00e9in"
            }
          }
        ],
        "represents": [
          {
            "represent": {
              "showAs": "Leitrim\u2013Roscommon North",
              "uri": "http://oireachtas.ie/ie/oireachtas/house/dail/3/constituency/Leitrim\u2013Roscommon-North"
            }
          }
        ],
        "uri": "http://oireachtas.ie/ie/oireachtas/member/George-Noble-Plunkett.D.1919-01-21/dail/3"
      }
    },
    {
      "membership": {
        "dateRange": {
          "end": "1927-05-23",
          "start": "1923-09-19"
        },
        "house": {
          "showAs": "4th D\u00e1il",
          "uri": "http://oireachtas.ie/ie/oireachtas/house/dail/4"
        },
        "offices": [],
        "parties": [
          {
            "party": {
              "dateRange": {
                "end": "1927-05-23",
                "start": "1923-08-27"
              },
              "showAs": "Republican",
              "uri": "http://oireachtas.ie/ie/oireachtas/party/dail/4/Republican"
            }
          }
        ],
        "represents": [
          {
            "represent": {
              "showAs": "Roscommon",
              "uri": "http://oireachtas.ie/ie/oireachtas/house/dail/4/constituency/Roscommon"
            }
          }
        ],
        "uri": "http://oireachtas.ie/ie/oireachtas/member/George-Noble-Plunkett.D.1919-01-21/dail/4"
      }
    }
  ],
  "profession": "Author,Journalist, Barrister-at-law",
  "showAs": "Count George Noble, Count Plunkett",
  "uri": "http://oireachtas.ie/ie/oireachtas/member/George-Noble-Plunkett.D.1919-01-21"
}