{
  "dateOfBirth": "1944-06-06",
  "dateOfDeath": null,
  "firstName": "Paul",
  "fullName": "Paul Connaughton",
  "gender": null,
  "image": "http://www.oireachtas.ie//MembersImages/114.jpg",
  "lastName": "Connaughton",
  "memberships": [
    {
      "membership": {
        "dateRange": {
          "end": "1981-07-16",
          "start": "1977-10-27"
        },
        "house": {
          "showAs": "14th Seanad",
          "uri": "http://oireachtas.ie/ie/oireachtas/house/seanad/14"
        },
        "offices": [],
        "parties": [],
        "represents": [
          {
            "represent": {
              "showAs": "Agricultural Panel",
              "uri": "http://oireachtas.ie/ie/oireachtas/house/seanad/14/panel/Agricultural-Panel"
            }
          }
        ],
        "uri": "http://oireachtas.ie/ie/oireachtas/member/Paul-Connaughton.S.1977-10-27/seanad/14"
      }
    },
    {
      "membership": {
        "dateRange": {
          "end": "1982-02-27",
          "start": "1981-06-30"
        },
        "house": {
          "showAs": "22nd D\u00e1il",
          "uri": "http://oireachtas.ie/ie/oireachtas/house/dail/22"
        },
        "offices": [],
        "parties": [
          {
            "party": {
              "dateRange": {
                "end": "1982-02-27",
                "start": "1981-06-11"
              },
              "showAs": "Fine Gael",
              "uri": "http://oireachtas.ie/ie/oireachtas/party/dail/22/Fine_Gael"
            }
          }
        ],
        "represents": [
          {
            "represent": {
              "showAs": "Galway East",
              "uri": "http://oireachtas.ie/ie/oireachtas/house/dail/22/constituency/Galway-East"
            }
          }
        ],
        "uri": "http://oireachtas.ie/ie/oireachtas/member/Paul-Connaughton.S.1977-10-27/dail/22"
      }
    },
    {
      "membership": {
        "dateRange": {
          "end": "1982-11-04",
          "start": "1982-03-09"
        },
        "house": {
          "showAs": "23rd D\u00e1il",
          "uri": "http://oireachtas.ie/ie/oireachtas/house/dail/23"
        },
        "offices": [],
        "parties": [
          {
            "party": {
              "dateRange": {
                "end": "1982-11-04",
                "start": "1982-02-18"
              },
              "showAs": "Fine Gael",
              "uri": "http://oireachtas.ie/ie/oireachtas/party/dail/23/Fine_Gael"
            }
          }
        ],
        "represents": [
          {
            "represent": {
              "showAs": "Galway East",
              "uri": "http://oireachtas.ie/ie/oireachtas/house/dail/23/constituency/Galway-East"
            }
          }
        ],
        "uri": "http://oireachtas.ie/ie/oireachtas/member/Paul-Connaughton.S.1977-10-27/dail/23"
      }
    },
    {
      "membership": {
        "dateRange": {
          "end": "1987-01-21",
          "start": "1982-12-14"
        },
        "house": {
          "showAs": "24th D\u00e1il",
          "uri": "http://oireachtas.ie/ie/oireachtas/house/dail/24"
        },
        "offices": [],
        "parties": [
          {
            "party": {
              "dateRange": {
                "end": "1987-01-21",
                "start": "1982-11-24"
              },
              "showAs": "Fine Gael",
              "uri": "http://oireachtas.ie/ie/oireachtas/party/dail/24/Fine_Gael"
            }
          }
        ],
        "represents": [
          {
            "represent": {
              "showAs": "Galway East",
              "uri": "http://oireachtas.ie/ie/oireachtas/house/dail/24/constituency/Galway-East"
            }
          }
        ],
        "uri": "http://oireachtas.ie/ie/oireachtas/member/Paul-Connaughton.S.1977-10-27/dail/24"
      }
    },
    {
      "membership": {
        "dateRange": {
          "end": "1989-05-25",
          "start": "1987-03-10"
        },
        "house": {
          "showAs": "25th D\u00e1il",
          "uri": "http://oireachtas.ie/ie/oireachtas/house/dail/25"
        },
        "offices": [],
        "parties": [
          {
            "party": {
              "dateRange": {
                "end": "1989-05-25",
                "start": "1987-02-17"
              },
              "showAs": "Fine Gael",
              "uri": "http://oireachtas.ie/ie/oireachtas/party/dail/25/Fine_Gael"
            }
          }
        ],
        "represents": [
          {
            "represent": {
              "showAs": "Galway East",
              "uri": "http://oireachtas.ie/ie/oireachtas/house/dail/25/constituency/Galway-East"
            }
          }
        ],
        "uri": "http://oireachtas.ie/ie/oireachtas/member/Paul-Connaughton.S.1977-10-27/dail/25"
      }
    },
    {
      "membership": {
        "dateRange": {
          "end": "1992-11-05",
          "start": "1989-06-29"
        },
        "house": {
          "showAs": "26th D\u00e1il",
          "uri": "http://oireachtas.ie/ie/oireachtas/house/dail/26"
        },
        "offices": [],
        "parties": [
          {
            "party": {
              "dateRange": {
                "end": "1992-11-05",
                "start": "1989-06-15"
              },
              "showAs": "Fine Gael",
              "uri": "http://oireachtas.ie/ie/oireachtas/party/dail/26/Fine_Gael"
            }
          }
        ],
        "represents": [
          {
            "represent": {
              "showAs": "Galway East",
              "uri": "http://oireachtas.ie/ie/oireachtas/house/dail/26/constituency/Galway-East"
            }
          }
        ],
        "uri": "http://oireachtas.ie/ie/oireachtas/member/Paul-Connaughton.S.1977-10-27/dail/26"
      }
    },
    {
      "membership": {
        "dateRange": {
          "end": "1997-05-15",
          "start": "1992-12-14"
        },
        "house": {
          "showAs": "27th D\u00e1il",
          "uri": "http://oireachtas.ie/ie/oireachtas/house/dail/27"
        },
        "offices": [],
        "parties": [
          {
            "party": {
              "dateRange": {
                "end": "1997-05-15",
                "start": "1992-11-25"
              },
              "showAs": "Fine Gael",
              "uri": "http://oireachtas.ie/ie/oireachtas/party/dail/27/Fine_Gael"
            }
          }
        ],
        "represents": [
          {
            "represent": {
              "showAs": "Galway East",
              "uri": "http://oireachtas.ie/ie/oireachtas/house/dail/27/constituency/Galway-East"
            }
          }
        ],
        "uri": "http://oireachtas.ie/ie/oireachtas/member/Paul-Connaughton.S.1977-10-27/dail/27"
      }
    },
    {
      "membership": {
        "dateRange": {
          "end": "2002-04-25",
          "start": "1997-06-26"
        },
        "house": {
          "showAs": "28th D\u00e1il",
          "uri": "http://oireachtas.ie/ie/oireachtas/house/dail/28"
        },
        "offices": [],
        "parties": [
          {
            "party": {
              "dateRange": {
                "end": "2002-04-25",
                "start": "1997-06-06"
              },
              "showAs": "Fine Gael",
              "uri": "http://oireachtas.ie/ie/oireachtas/party/dail/28/Fine_Gael"
            }
          }
        ],
        "represents": [
          {
            "represent": {
              "showAs": "Galway East",
              "uri": "http://oireachtas.ie/ie/oireachtas/house/dail/28/constituency/Galway-East"
            }
          }
        ],
        "uri": "http://oireachtas.ie/ie/oireachtas/member/Paul-Connaughton.S.1977-10-27/dail/28"
      }
    },
    {
      "membership": {
        "dateRange": {
          "end": "2007-04-30",
          "start": "2002-06-06"
        },
        "house": {
          "showAs": "29th D\u00e1il",
          "uri": "http://oireachtas.ie/ie/oireachtas/house/dail/29"
        },
        "offices": [],
        "parties": [
          {
            "party": {
              "dateRange": {
                "end": "2007-04-30",
                "start": "2002-05-17"
              },
              "showAs": "Fine Gael",
              "uri": "http://oireachtas.ie/ie/oireachtas/party/dail/29/Fine_Gael"
            }
          }
        ],
        "represents": [
          {
            "represent": {
              "showAs": "Galway East",
              "uri": "http://oireachtas.ie/ie/oireachtas/house/dail/29/constituency/Galway-East"
            }
          }
        ],
        "uri": "http://oireachtas.ie/ie/oireachtas/member/Paul-Connaughton.S.1977-10-27/dail/29"
      }
    },
    {
      "membership": {
        "dateRange": {
          "end": "2011-02-01",
          "start": "2007-06-14"
        },
        "house": {
          "showAs": "30th D\u00e1il",
          "uri": "http://oireachtas.ie/ie/oireachtas/house/dail/30"
        },
        "offices": [],
        "parties": [
          {
            "party": {
              "dateRange": {
                "end": "2011-02-01",
                "start": "2007-05-24"
              },
              "showAs": "Fine Gael",
              "uri": "http://oireachtas.ie/ie/oireachtas/party/dail/30/Fine_Gael"
            }
          }
        ],
        "represents": [
          {
            "represent": {
              "showAs": "Galway East",
              "uri": "http://oireachtas.ie/ie/oireachtas/house/dail/30/constituency/Galway-East"
            }
          }
        ],
        "uri": "http://oireachtas.ie/ie/oireachtas/member/Paul-Connaughton.S.1977-10-27/dail/30"
      }
    }
  ],
  "profession": "Full-Time Public Representative, Farmer formerly General Manager, Tuam Livestock Mart",
  "showAs": "Mr. Paul Connaughton",
  "uri": "http://oireachtas.ie/ie/oireachtas/member/Paul-Connaughton.S.1977-10-27"
}