{
  "dateOfBirth": "1970-10-13",
  "dateOfDeath": null,
  "firstName": "R\u00f3n\u00e1n",
  "fullName": "R\u00f3n\u00e1n Mullen",
  "gender": null,
  "image": "/MembersImages/2250o.jpg",
  "lastName": "Mullen",
  "memberships": [
    {
      "membership": {
        "dateRange": {
          "end": "2011-04-25",
          "start": "2007-07-23"
        },
        "house": {
          "showAs": "23rd Seanad",
          "uri": "http://oireachtas.ie/ie/oireachtas/house/seanad/23"
        },
        "offices": [],
        "parties": [],
        "represents": [
          {
            "represent": {
              "showAs": "National University of Ireland",
              "uri": "http://oireachtas.ie/ie/oireachtas/house/seanad/23/panel/National-University-of-Ireland"
            }
          }
        ],
        "uri": "http://oireachtas.ie/ie/oireachtas/member/R\u00f3n\u00e1n-Mullen.S.2007-07-23/seanad/23"
      }
    },
    {
      "membership": {
        "dateRange": {
          "end": "2016-06-07",
          "start": "2011-05-25"
        },
        "house": {
          "showAs": "24th Seanad",
          "uri": "http://oireachtas.ie/ie/oireachtas/house/seanad/24"
        },
        "offices": [],
        "parties": [],
        "represents": [
          {
            "represent": {
              "showAs": "National University of Ireland",
              "uri": "http://oireachtas.ie/ie/oireachtas/house/seanad/24/panel/National-University-of-Ireland"
            }
          }
        ],
        "uri": "http://oireachtas.ie/ie/oireachtas/member/R\u00f3n\u00e1n-Mullen.S.2007-07-23/seanad/24"
      }
    }
  ],
  "profession": null,
  "showAs": "Mr. R\u00f3n\u00e1n Mullen",
  "uri": "http://oireachtas.ie/ie/oireachtas/member/R\u00f3n\u00e1n-Mullen.S.2007-07-23"
}