{
  "dateOfBirth": null,
  "dateOfDeath": null,
  "firstName": "Maria",
  "fullName": "Maria Corrigan",
  "gender": null,
  "image": "/MembersImages/2263y.jpg",
  "lastName": "Corrigan",
  "memberships": [
    {
      "membership": {
        "dateRange": {
          "end": "2011-04-25",
          "start": "2007-07-23"
        },
        "house": {
          "showAs": "23rd Seanad",
          "uri": "http://oireachtas.ie/ie/oireachtas/house/seanad/23"
        },
        "offices": [],
        "parties": [],
        "represents": [
          {
            "represent": {
              "showAs": "Nominated by the Taoiseach",
              "uri": "http://oireachtas.ie/ie/oireachtas/house/seanad/23/panel/Nominated-by-the-Taoiseach"
            }
          }
        ],
        "uri": "http://oireachtas.ie/ie/oireachtas/member/Maria-Corrigan.S.2007-07-23/seanad/23"
      }
    }
  ],
  "profession": null,
  "showAs": "Ms. Maria Corrigan",
  "uri": "http://oireachtas.ie/ie/oireachtas/member/Maria-Corrigan.S.2007-07-23"
}