{
  "dateOfBirth": "1913-07-08",
  "dateOfDeath": "1974-05-29",
  "firstName": "Richard",
  "fullName": "Richard Belton",
  "gender": null,
  "image": null,
  "lastName": "Belton",
  "memberships": [
    {
      "membership": {
        "dateRange": {
          "end": "1973-03-30",
          "start": "1969-11-05"
        },
        "house": {
          "showAs": "12th Seanad",
          "uri": "http://oireachtas.ie/ie/oireachtas/house/seanad/12"
        },
        "offices": [],
        "parties": [],
        "represents": [
          {
            "represent": {
              "showAs": "Administrative Panel",
              "uri": "http://oireachtas.ie/ie/oireachtas/house/seanad/12/panel/Administrative-Panel"
            }
          }
        ],
        "uri": "http://oireachtas.ie/ie/oireachtas/member/Richard-Belton.S.1969-05-11/seanad/12"
      }
    }
  ],
  "profession": "Medical Doctor",
  "showAs": "Mr. Richard Belton",
  "uri": "http://oireachtas.ie/ie/oireachtas/member/Richard-Belton.S.1969-05-11"
}