{
  "dateOfBirth": "1897-04-03",
  "dateOfDeath": "1942-09-10",
  "firstName": "Frank Joseph",
  "fullName": "Frank Joseph Carty",
  "gender": null,
  "image": null,
  "lastName": "Carty",
  "memberships": [
    {
      "membership": {
        "dateRange": {
          "end": "1922-06-16",
          "start": "1921-08-16"
        },
        "house": {
          "showAs": "2nd D\u00e1il",
          "uri": "http://oireachtas.ie/ie/oireachtas/house/dail/2"
        },
        "offices": [],
        "parties": [
          {
            "party": {
              "dateRange": {
                "end": "1922-06-16",
                "start": "1921-05-24"
              },
              "showAs": "Sinn F\u00e9in",
              "uri": "http://oireachtas.ie/ie/oireachtas/party/dail/2/Sinn_F\u00e9in"
            }
          }
        ],
        "represents": [
          {
            "represent": {
              "showAs": "Sligo\u2013Mayo East",
              "uri": "http://oireachtas.ie/ie/oireachtas/house/dail/2/constituency/Sligo\u2013Mayo-East"
            }
          }
        ],
        "uri": "http://oireachtas.ie/ie/oireachtas/member/Frank-Joseph-Carty.D.1921-08-16/dail/2"
      }
    },
    {
      "membership": {
        "dateRange": {
          "end": "1923-08-09",
          "start": "1922-09-09"
        },
        "house": {
          "showAs": "3rd D\u00e1il",
          "uri": "http://oireachtas.ie/ie/oireachtas/house/dail/3"
        },
        "offices": [],
        "parties": [
          {
            "party": {
              "dateRange": {
                "end": "1923-08-09",
                "start": "1922-06-16"
              },
              "showAs": "Sinn F\u00e9in",
              "uri": "http://oireachtas.ie/ie/oireachtas/party/dail/3/Sinn_F\u00e9in"
            }
          }
        ],
        "represents": [
          {
            "represent": {
              "showAs": "Sligo\u2013Mayo East",
              "uri": "http://oireachtas.ie/ie/oireachtas/house/dail/3/constituency/Sligo\u2013Mayo-East"
            }
          }
        ],
        "uri": "http://oireachtas.ie/ie/oireachtas/member/Frank-Joseph-Carty.D.1921-08-16/dail/3"
      }
    },
    {
      "membership": {
        "dateRange": {
          "end": "1927-05-23",
          "start": "1923-09-19"
        },
        "house": {
          "showAs": "4th D\u00e1il",
          "uri": "http://oireachtas.ie/ie/oireachtas/house/dail/4"
        },
        "offices": [],
        "parties": [
          {
            "party": {
              "dateRange": {
                "end": "1927-05-23",
                "start": "1923-08-27"
              },
              "showAs": "Republican",
              "uri": "http://oireachtas.ie/ie/oireachtas/party/dail/4/Republican"
            }
          }
        ],
        "represents": [
          {
            "represent": {
              "showAs": "Leitrim\u2013Sligo",
              "uri": "http://oireachtas.ie/ie/oireachtas/house/dail/4/constituency/Leitrim\u2013Sligo"
            }
          }
        ],
        "uri": "http://oireachtas.ie/ie/oireachtas/member/Frank-Joseph-Carty.D.1921-08-16/dail/4"
      }
    },
    {
      "membership": {
        "dateRange": {
          "end": "1927-08-25",
          "start": "1927-06-23"
        },
        "house": {
          "showAs": "5th D\u00e1il",
          "uri": "http://oireachtas.ie/ie/oireachtas/house/dail/5"
        },
        "offices": [],
        "parties": [
          {
            "party": {
              "dateRange": {
                "end": "1927-08-25",
                "start": "1927-06-09"
              },
              "showAs": "Fianna F\u00e1il",
              "uri": "http://oireachtas.ie/ie/oireachtas/party/dail/5/Fianna_F\u00e1il"
            }
          }
        ],
        "represents": [
          {
            "represent": {
              "showAs": "Leitrim\u2013Sligo",
              "uri": "http://oireachtas.ie/ie/oireachtas/house/dail/5/constituency/Leitrim\u2013Sligo"
            }
          }
        ],
        "uri": "http://oireachtas.ie/ie/oireachtas/member/Frank-Joseph-Carty.D.1921-08-16/dail/5"
      }
    },
    {
      "membership": {
        "dateRange": {
          "end": "1932-01-29",
          "start": "1927-10-11"
        },
        "house": {
          "showAs": "6th D\u00e1il",
          "uri": "http://oireachtas.ie/ie/oireachtas/house/dail/6"
        },
        "offices": [],
        "parties": [
          {
            "party": {
              "dateRange": {
                "end": "1932-01-29",
                "start": "1927-09-15"
              },
              "showAs": "Fianna F\u00e1il",
              "uri": "http://oireachtas.ie/ie/oireachtas/party/dail/6/Fianna_F\u00e1il"
            }
          }
        ],
        "represents": [
          {
            "represent": {
              "showAs": "Leitrim\u2013Sligo",
              "uri": "http://oireachtas.ie/ie/oireachtas/house/dail/6/constituency/Leitrim\u2013Sligo"
            }
          }
        ],
        "uri": "http://oireachtas.ie/ie/oireachtas/member/Frank-Joseph-Carty.D.1921-08-16/dail/6"
      }
    },
    {
      "membership": {
        "dateRange": {
          "end": "1933-01-02",
          "start": "1932-03-09"
        },
        "house": {
          "showAs": "7th D\u00e1il",
          "uri": "http://oireachtas.ie/ie/oireachtas/house/dail/7"
        },
        "offices": [],
        "parties": [
          {
            "party": {
              "dateRange": {
                "end": "1933-01-02",
                "start": "1932-02-16"
              },
              "showAs": "Fianna F\u00e1il",
              "uri": "http://oireachtas.ie/ie/oireachtas/party/dail/7/Fianna_F\u00e1il"
            }
          }
        ],
        "represents": [
          {
            "represent": {
              "showAs": "Leitrim\u2013Sligo",
              "uri": "http://oireachtas.ie/ie/oireachtas/house/dail/7/constituency/Leitrim\u2013Sligo"
            }
          }
        ],
        "uri": "http://oireachtas.ie/ie/oireachtas/member/Frank-Joseph-Carty.D.1921-08-16/dail/7"
      }
    },
    {
      "membership": {
        "dateRange": {
          "end": "1937-06-14",
          "start": "1933-02-08"
        },
        "house": {
          "showAs": "8th D\u00e1il",
          "uri": "http://oireachtas.ie/ie/oireachtas/house/dail/8"
        },
        "offices": [],
        "parties": [
          {
            "party": {
              "dateRange": {
                "end": "1937-06-14",
                "start": "1933-01-24"
              },
              "showAs": "Fianna F\u00e1il",
              "uri": "http://oireachtas.ie/ie/oireachtas/party/dail/8/Fianna_F\u00e1il"
            }
          }
        ],
        "represents": [
          {
            "represent": {
              "showAs": "Leitrim\u2013Sligo",
              "uri": "http://oireachtas.ie/ie/oireachtas/house/dail/8/constituency/Leitrim\u2013Sligo"
            }
          }
        ],
        "uri": "http://oireachtas.ie/ie/oireachtas/member/Frank-Joseph-Carty.D.1921-08-16/dail/8"
      }
    },
    {
      "membership": {
        "dateRange": {
          "end": "1938-05-27",
          "start": "1937-07-21"
        },
        "house": {
          "showAs": "9th D\u00e1il",
          "uri": "http://oireachtas.ie/ie/oireachtas/house/dail/9"
        },
        "offices": [],
        "parties": [
          {
            "party": {
              "dateRange": {
                "end": "1938-05-27",
                "start": "1937-07-01"
              },
              "showAs": "Fianna F\u00e1il",
              "uri": "http://oireachtas.ie/ie/oireachtas/party/dail/9/Fianna_F\u00e1il"
            }
          }
        ],
        "represents": [
          {
            "represent": {
              "showAs": "Sligo",
              "uri": "http://oireachtas.ie/ie/oireachtas/house/dail/9/constituency/Sligo"
            }
          }
        ],
        "uri": "http://oireachtas.ie/ie/oireachtas/member/Frank-Joseph-Carty.D.1921-08-16/dail/9"
      }
    },
    {
      "membership": {
        "dateRange": {
          "end": "1942-09-10",
          "start": "1938-06-30"
        },
        "house": {
          "showAs": "10th D\u00e1il",
          "uri": "http://oireachtas.ie/ie/oireachtas/house/dail/10"
        },
        "offices": [],
        "parties": [
          {
            "party": {
              "dateRange": {
                "end": "1942-09-10",
                "start": "1938-06-17"
              },
              "showAs": "Fianna F\u00e1il",
              "uri": "http://oireachtas.ie/ie/oireachtas/party/dail/10/Fianna_F\u00e1il"
            }
          }
        ],
        "represents": [
          {
            "represent": {
              "showAs": "Sligo",
              "uri": "http://oireachtas.ie/ie/oireachtas/house/dail/10/constituency/Sligo"
            }
          }
        ],
        "uri": "http://oireachtas.ie/ie/oireachtas/member/Frank-Joseph-Carty.D.1921-08-16/dail/10"
      }
    }
  ],
  "profession": "Farmer",
  "showAs": "Mr. Francis Joseph Carty",
  "uri": "http://oireachtas.ie/ie/oireachtas/member/Frank-Joseph-Carty.D.1921-08-16"
}