{
  "dateOfBirth": null,
  "dateOfDeath": "1933-06-30",
  "firstName": "Seamus",
  "fullName": "Seamus Ryan",
  "gender": null,
  "image": null,
  "lastName": "Ryan",
  "memberships": [
    {
      "membership": {
        "dateRange": {
          "end": "1933-06-30",
          "start": "1931-12-06"
        },
        "house": {
          "showAs": "1931 Seanad",
          "uri": "http://oireachtas.ie/ie/oireachtas/house/seanad/1931"
        },
        "offices": [],
        "parties": [],
        "represents": [
          {
            "represent": {
              "showAs": "1931",
              "uri": "http://oireachtas.ie/ie/oireachtas/house/seanad/1931/panel/1931"
            }
          }
        ],
        "uri": "http://oireachtas.ie/ie/oireachtas/member/Seamus-Ryan.S.1931-06-12/seanad/1931"
      }
    }
  ],
  "profession": "Company Director",
  "showAs": "Mr. Seamus Ryan",
  "uri": "http://oireachtas.ie/ie/oireachtas/member/Seamus-Ryan.S.1931-06-12"
}