{
  "dateOfBirth": null,
  "dateOfDeath": "1947-05-10",
  "firstName": "Michael",
  "fullName": "Michael Morrissey",
  "gender": null,
  "image": null,
  "lastName": "Morrissey",
  "memberships": [
    {
      "membership": {
        "dateRange": {
          "end": "1938-05-27",
          "start": "1937-07-21"
        },
        "house": {
          "showAs": "9th D\u00e1il",
          "uri": "http://oireachtas.ie/ie/oireachtas/house/dail/9"
        },
        "offices": [],
        "parties": [
          {
            "party": {
              "dateRange": {
                "end": "1938-05-27",
                "start": "1937-07-01"
              },
              "showAs": "Fianna F\u00e1il",
              "uri": "http://oireachtas.ie/ie/oireachtas/party/dail/9/Fianna_F\u00e1il"
            }
          }
        ],
        "represents": [
          {
            "represent": {
              "showAs": "Waterford",
              "uri": "http://oireachtas.ie/ie/oireachtas/house/dail/9/constituency/Waterford"
            }
          }
        ],
        "uri": "http://oireachtas.ie/ie/oireachtas/member/Michael-Morrissey.D.1937-07-21/dail/9"
      }
    },
    {
      "membership": {
        "dateRange": {
          "end": "1943-05-31",
          "start": "1938-06-30"
        },
        "house": {
          "showAs": "10th D\u00e1il",
          "uri": "http://oireachtas.ie/ie/oireachtas/house/dail/10"
        },
        "offices": [],
        "parties": [
          {
            "party": {
              "dateRange": {
                "end": "1943-05-31",
                "start": "1938-06-17"
              },
              "showAs": "Fianna F\u00e1il",
              "uri": "http://oireachtas.ie/ie/oireachtas/party/dail/10/Fianna_F\u00e1il"
            }
          }
        ],
        "represents": [
          {
            "represent": {
              "showAs": "Waterford",
              "uri": "http://oireachtas.ie/ie/oireachtas/house/dail/10/constituency/Waterford"
            }
          }
        ],
        "uri": "http://oireachtas.ie/ie/oireachtas/member/Michael-Morrissey.D.1937-07-21/dail/10"
      }
    },
    {
      "membership": {
        "dateRange": {
          "end": "1944-05-10",
          "start": "1943-07-01"
        },
        "house": {
          "showAs": "11th D\u00e1il",
          "uri": "http://oireachtas.ie/ie/oireachtas/house/dail/11"
        },
        "offices": [],
        "parties": [
          {
            "party": {
              "dateRange": {
                "end": "1944-05-10",
                "start": "1943-06-23"
              },
              "showAs": "Fianna F\u00e1il",
              "uri": "http://oireachtas.ie/ie/oireachtas/party/dail/11/Fianna_F\u00e1il"
            }
          }
        ],
        "represents": [
          {
            "represent": {
              "showAs": "Waterford",
              "uri": "http://oireachtas.ie/ie/oireachtas/house/dail/11/constituency/Waterford"
            }
          }
        ],
        "uri": "http://oireachtas.ie/ie/oireachtas/member/Michael-Morrissey.D.1937-07-21/dail/11"
      }
    },
    {
      "membership": {
        "dateRange": {
          "end": "1947-05-10",
          "start": "1944-06-09"
        },
        "house": {
          "showAs": "12th D\u00e1il",
          "uri": "http://oireachtas.ie/ie/oireachtas/house/dail/12"
        },
        "offices": [],
        "parties": [
          {
            "party": {
              "dateRange": {
                "end": "1947-05-10",
                "start": "1944-05-30"
              },
              "showAs": "Fianna F\u00e1il",
              "uri": "http://oireachtas.ie/ie/oireachtas/party/dail/12/Fianna_F\u00e1il"
            }
          }
        ],
        "represents": [
          {
            "represent": {
              "showAs": "Waterford",
              "uri": "http://oireachtas.ie/ie/oireachtas/house/dail/12/constituency/Waterford"
            }
          }
        ],
        "uri": "http://oireachtas.ie/ie/oireachtas/member/Michael-Morrissey.D.1937-07-21/dail/12"
      }
    }
  ],
  "profession": null,
  "showAs": "Mr. Michael Morrissey",
  "uri": "http://oireachtas.ie/ie/oireachtas/member/Michael-Morrissey.D.1937-07-21"
}