{
  "dateOfBirth": "1954-03-13",
  "dateOfDeath": null,
  "firstName": "Michael",
  "fullName": "Michael Lowry",
  "gender": null,
  "image": "http://www.oireachtas.ie//MembersImages/645.jpg",
  "lastName": "Lowry",
  "memberships": [
    {
      "membership": {
        "dateRange": {
          "end": "1989-05-25",
          "start": "1987-03-10"
        },
        "house": {
          "showAs": "25th D\u00e1il",
          "uri": "http://oireachtas.ie/ie/oireachtas/house/dail/25"
        },
        "offices": [],
        "parties": [
          {
            "party": {
              "dateRange": {
                "end": "1989-05-25",
                "start": "1987-02-17"
              },
              "showAs": "Fine Gael",
              "uri": "http://oireachtas.ie/ie/oireachtas/party/dail/25/Fine_Gael"
            }
          }
        ],
        "represents": [
          {
            "represent": {
              "showAs": "Tipperary North",
              "uri": "http://oireachtas.ie/ie/oireachtas/house/dail/25/constituency/Tipperary-North"
            }
          }
        ],
        "uri": "http://oireachtas.ie/ie/oireachtas/member/Michael-Lowry.D.1987-03-10/dail/25"
      }
    },
    {
      "membership": {
        "dateRange": {
          "end": "1992-11-05",
          "start": "1989-06-29"
        },
        "house": {
          "showAs": "26th D\u00e1il",
          "uri": "http://oireachtas.ie/ie/oireachtas/house/dail/26"
        },
        "offices": [],
        "parties": [
          {
            "party": {
              "dateRange": {
                "end": "1992-11-05",
                "start": "1989-06-15"
              },
              "showAs": "Fine Gael",
              "uri": "http://oireachtas.ie/ie/oireachtas/party/dail/26/Fine_Gael"
            }
          }
        ],
        "represents": [
          {
            "represent": {
              "showAs": "Tipperary North",
              "uri": "http://oireachtas.ie/ie/oireachtas/house/dail/26/constituency/Tipperary-North"
            }
          }
        ],
        "uri": "http://oireachtas.ie/ie/oireachtas/member/Michael-Lowry.D.1987-03-10/dail/26"
      }
    },
    {
      "membership": {
        "dateRange": {
          "end": "1997-05-15",
          "start": "1992-12-14"
        },
        "house": {
          "showAs": "27th D\u00e1il",
          "uri": "http://oireachtas.ie/ie/oireachtas/house/dail/27"
        },
        "offices": [
          {
            "office": {
              "cabinet": {
                "showAs": "Government of the 27th D\u00e1il",
                "uri": "http://oireachtas.ie/ie/oireachtas/cabinet/dail/27"
              },
              "dateRange": {
                "end": "1996-11-30",
                "start": "1994-12-15"
              },
              "officeName": {
                "showAs": "Minister for Transport, Energy and Communications",
                "uri": "http://oireachtas.ie/ie/oireachtas/office/minister/transport__energy__communications"
              }
            }
          }
        ],
        "parties": [
          {
            "party": {
              "dateRange": {
                "end": "1997-05-15",
                "start": "1992-11-25"
              },
              "showAs": "Fine Gael",
              "uri": "http://oireachtas.ie/ie/oireachtas/party/dail/27/Fine_Gael"
            }
          }
        ],
        "represents": [
          {
            "represent": {
              "showAs": "Tipperary North",
              "uri": "http://oireachtas.ie/ie/oireachtas/house/dail/27/constituency/Tipperary-North"
            }
          }
        ],
        "uri": "http://oireachtas.ie/ie/oireachtas/member/Michael-Lowry.D.1987-03-10/dail/27"
      }
    },
    {
      "membership": {
        "dateRange": {
          "end": "2002-04-25",
          "start": "1997-06-26"
        },
        "house": {
          "showAs": "28th D\u00e1il",
          "uri": "http://oireachtas.ie/ie/oireachtas/house/dail/28"
        },
        "offices": [],
        "parties": [
          {
            "party": {
              "dateRange": {
                "end": "2002-04-25",
                "start": "1997-06-06"
              },
              "showAs": "Independent",
              "uri": "http://oireachtas.ie/ie/oireachtas/party/dail/28/Independent"
            }
          }
        ],
        "represents": [
          {
            "represent": {
              "showAs": "Tipperary North",
              "uri": "http://oireachtas.ie/ie/oireachtas/house/dail/28/constituency/Tipperary-North"
            }
          }
        ],
        "uri": "http://oireachtas.ie/ie/oireachtas/member/Michael-Lowry.D.1987-03-10/dail/28"
      }
    },
    {
      "membership": {
        "dateRange": {
          "end": "2007-04-30",
          "start": "2002-06-06"
        },
        "house": {
          "showAs": "29th D\u00e1il",
          "uri": "http://oireachtas.ie/ie/oireachtas/house/dail/29"
        },
        "offices": [],
        "parties": [
          {
            "party": {
              "dateRange": {
                "end": "2007-04-30",
                "start": "2002-05-17"
              },
              "showAs": "Independent",
              "uri": "http://oireachtas.ie/ie/oireachtas/party/dail/29/Independent"
            }
          }
        ],
        "represents": [
          {
            "represent": {
              "showAs": "Tipperary North",
              "uri": "http://oireachtas.ie/ie/oireachtas/house/dail/29/constituency/Tipperary-North"
            }
          }
        ],
        "uri": "http://oireachtas.ie/ie/oireachtas/member/Michael-Lowry.D.1987-03-10/dail/29"
      }
    },
    {
      "membership": {
        "dateRange": {
          "end": "2011-02-01",
          "start": "2007-06-14"
        },
        "house": {
          "showAs": "30th D\u00e1il",
          "uri": "http://oireachtas.ie/ie/oireachtas/house/dail/30"
        },
        "offices": [],
        "parties": [
          {
            "party": {
              "dateRange": {
                "end": "2011-02-01",
                "start": "2007-05-24"
              },
              "showAs": "Independent",
              "uri": "http://oireachtas.ie/ie/oireachtas/party/dail/30/Independent"
            }
          }
        ],
        "represents": [
          {
            "represent": {
              "showAs": "Tipperary North",
              "uri": "http://oireachtas.ie/ie/oireachtas/house/dail/30/constituency/Tipperary-North"
            }
          }
        ],
        "uri": "http://oireachtas.ie/ie/oireachtas/member/Michael-Lowry.D.1987-03-10/dail/30"
      }
    },
    {
      "membership": {
        "dateRange": {
          "end": "2016-03-09",
          "start": "2011-03-09"
        },
        "house": {
          "showAs": "31st D\u00e1il",
          "uri": "http://oireachtas.ie/ie/oireachtas/house/dail/31"
        },
        "offices": [],
        "parties": [
          {
            "party": {
              "dateRange": {
                "end": "2016-03-09",
                "start": "2011-02-25"
              },
              "showAs": "Independent",
              "uri": "http://oireachtas.ie/ie/oireachtas/party/dail/31/Independent"
            }
          }
        ],
        "represents": [
          {
            "represent": {
              "showAs": "Tipperary North",
              "uri": "http://oireachtas.ie/ie/oireachtas/house/dail/31/constituency/Tipperary-North"
            }
          }
        ],
        "uri": "http://oireachtas.ie/ie/oireachtas/member/Michael-Lowry.D.1987-03-10/dail/31"
      }
    }
  ],
  "profession": "Company Director",
  "showAs": "Mr. Michael Lowry",
  "uri": "http://oireachtas.ie/ie/oireachtas/member/Michael-Lowry.D.1987-03-10"
}