{
  "dateOfBirth": null,
  "dateOfDeath": "1983-09-18",
  "firstName": "Con",
  "fullName": "Con Lehane",
  "gender": null,
  "image": null,
  "lastName": "Lehane",
  "memberships": [
    {
      "membership": {
        "dateRange": {
          "end": "1951-05-07",
          "start": "1948-02-18"
        },
        "house": {
          "showAs": "13th D\u00e1il",
          "uri": "http://oireachtas.ie/ie/oireachtas/house/dail/13"
        },
        "offices": [],
        "parties": [
          {
            "party": {
              "dateRange": {
                "end": "1951-05-07",
                "start": "1948-02-04"
              },
              "showAs": "Clann na Poblachta",
              "uri": "http://oireachtas.ie/ie/oireachtas/party/dail/13/Clann_na_Poblachta"
            }
          }
        ],
        "represents": [
          {
            "represent": {
              "showAs": "Dublin South\u2013Central",
              "uri": "http://oireachtas.ie/ie/oireachtas/house/dail/13/constituency/Dublin-South\u2013Central"
            }
          }
        ],
        "uri": "http://oireachtas.ie/ie/oireachtas/member/Con-Lehane.D.1948-02-18/dail/13"
      }
    }
  ],
  "profession": "Solicitor",
  "showAs": "Mr. Con Lehane",
  "uri": "http://oireachtas.ie/ie/oireachtas/member/Con-Lehane.D.1948-02-18"
}