{
  "dateOfBirth": "1920-03-06",
  "dateOfDeath": "1976-04-06",
  "firstName": "Henry",
  "fullName": "Henry Byrne",
  "gender": null,
  "image": "http://www.oireachtas.ie//MembersImages/143x.jpg",
  "lastName": "Byrne",
  "memberships": [
    {
      "membership": {
        "dateRange": {
          "end": "1969-05-22",
          "start": "1965-04-21"
        },
        "house": {
          "showAs": "18th D\u00e1il",
          "uri": "http://oireachtas.ie/ie/oireachtas/house/dail/18"
        },
        "offices": [],
        "parties": [
          {
            "party": {
              "dateRange": {
                "end": "1969-05-22",
                "start": "1965-04-07"
              },
              "showAs": "Labour Party",
              "uri": "http://oireachtas.ie/ie/oireachtas/party/dail/18/Labour_Party"
            }
          }
        ],
        "represents": [
          {
            "represent": {
              "showAs": "Laois\u2013Offaly",
              "uri": "http://oireachtas.ie/ie/oireachtas/house/dail/18/constituency/Laois\u2013Offaly"
            }
          }
        ],
        "uri": "http://oireachtas.ie/ie/oireachtas/member/Henry-Byrne.D.1965-04-21/dail/18"
      }
    }
  ],
  "profession": null,
  "showAs": "Mr. Henry Byrne",
  "uri": "http://oireachtas.ie/ie/oireachtas/member/Henry-Byrne.D.1965-04-21"
}