{
  "dateOfBirth": null,
  "dateOfDeath": "1954-01-01",
  "firstName": "Joseph Patrick",
  "fullName": "Joseph Patrick Lynch",
  "gender": null,
  "image": null,
  "lastName": "Lynch",
  "memberships": [
    {
      "membership": {
        "dateRange": {
          "end": "1922-06-16",
          "start": "1921-08-16"
        },
        "house": {
          "showAs": "2nd D\u00e1il",
          "uri": "http://oireachtas.ie/ie/oireachtas/house/dail/2"
        },
        "offices": [],
        "parties": [
          {
            "party": {
              "dateRange": {
                "end": "1922-06-16",
                "start": "1921-05-24"
              },
              "showAs": "Sinn F\u00e9in",
              "uri": "http://oireachtas.ie/ie/oireachtas/party/dail/2/Sinn_F\u00e9in"
            }
          }
        ],
        "represents": [
          {
            "represent": {
              "showAs": "Leix\u2013Offaly",
              "uri": "http://oireachtas.ie/ie/oireachtas/house/dail/2/constituency/Leix\u2013Offaly"
            }
          }
        ],
        "uri": "http://oireachtas.ie/ie/oireachtas/member/Joseph-Patrick-Lynch.D.1921-08-16/dail/2"
      }
    }
  ],
  "profession": null,
  "showAs": "Mr. Joseph P. Lynch",
  "uri": "http://oireachtas.ie/ie/oireachtas/member/Joseph-Patrick-Lynch.D.1921-08-16"
}