{
  "dateOfBirth": null,
  "dateOfDeath": "1942-01-25",
  "firstName": "Arthur",
  "fullName": "Arthur Matthews",
  "gender": null,
  "image": null,
  "lastName": "Matthews",
  "memberships": [
    {
      "membership": {
        "dateRange": {
          "end": "1932-01-29",
          "start": "1927-10-11"
        },
        "house": {
          "showAs": "6th D\u00e1il",
          "uri": "http://oireachtas.ie/ie/oireachtas/house/dail/6"
        },
        "offices": [],
        "parties": [
          {
            "party": {
              "dateRange": {
                "end": "1932-01-29",
                "start": "1927-09-15"
              },
              "showAs": "Cumann na nGaedheal",
              "uri": "http://oireachtas.ie/ie/oireachtas/party/dail/6/Cumann_na_nGaedheal"
            }
          }
        ],
        "represents": [
          {
            "represent": {
              "showAs": "Meath",
              "uri": "http://oireachtas.ie/ie/oireachtas/house/dail/6/constituency/Meath"
            }
          }
        ],
        "uri": "http://oireachtas.ie/ie/oireachtas/member/Arthur-Matthews.D.1927-10-11/dail/6"
      }
    }
  ],
  "profession": "Farmer",
  "showAs": "Mr. Arthur Patrick Matthews",
  "uri": "http://oireachtas.ie/ie/oireachtas/member/Arthur-Matthews.D.1927-10-11"
}