{
  "dateOfBirth": "1946-04-09",
  "dateOfDeath": null,
  "firstName": "Charlie",
  "fullName": "Charlie O'Connor",
  "gender": null,
  "image": "http://www.oireachtas.ie//MembersImages/1830.jpg",
  "lastName": "O'Connor",
  "memberships": [
    {
      "membership": {
        "dateRange": {
          "end": "2007-04-30",
          "start": "2002-06-06"
        },
        "house": {
          "showAs": "29th D\u00e1il",
          "uri": "http://oireachtas.ie/ie/oireachtas/house/dail/29"
        },
        "offices": [],
        "parties": [
          {
            "party": {
              "dateRange": {
                "end": "2007-04-30",
                "start": "2002-05-17"
              },
              "showAs": "Fianna F\u00e1il",
              "uri": "http://oireachtas.ie/ie/oireachtas/party/dail/29/Fianna_F\u00e1il"
            }
          }
        ],
        "represents": [
          {
            "represent": {
              "showAs": "Dublin South\u2013West",
              "uri": "http://oireachtas.ie/ie/oireachtas/house/dail/29/constituency/Dublin-South\u2013West"
            }
          }
        ],
        "uri": "http://oireachtas.ie/ie/oireachtas/member/Charlie-O'Connor.D.2002-06-06/dail/29"
      }
    },
    {
      "membership": {
        "dateRange": {
          "end": "2011-02-01",
          "start": "2007-06-14"
        },
        "house": {
          "showAs": "30th D\u00e1il",
          "uri": "http://oireachtas.ie/ie/oireachtas/house/dail/30"
        },
        "offices": [],
        "parties": [
          {
            "party": {
              "dateRange": {
                "end": "2011-02-01",
                "start": "2007-05-24"
              },
              "showAs": "Fianna F\u00e1il",
              "uri": "http://oireachtas.ie/ie/oireachtas/party/dail/30/Fianna_F\u00e1il"
            }
          }
        ],
        "represents": [
          {
            "represent": {
              "showAs": "Dublin South\u2013West",
              "uri": "http://oireachtas.ie/ie/oireachtas/house/dail/30/constituency/Dublin-South\u2013West"
            }
          }
        ],
        "uri": "http://oireachtas.ie/ie/oireachtas/member/Charlie-O'Connor.D.2002-06-06/dail/30"
      }
    }
  ],
  "profession": "Former press officer for the National Youth Federation.",
  "showAs": "Mr. Charlie O'Connor",
  "uri": "http://oireachtas.ie/ie/oireachtas/member/Charlie-O'Connor.D.2002-06-06"
}