{
  "dateOfBirth": "1951-01-25",
  "dateOfDeath": null,
  "firstName": "M. J.",
  "fullName": "M. J. Nolan",
  "gender": null,
  "image": "http://www.oireachtas.ie//MembersImages/818.jpg",
  "lastName": "Nolan",
  "memberships": [
    {
      "membership": {
        "dateRange": {
          "end": "1982-12-21",
          "start": "1982-05-13"
        },
        "house": {
          "showAs": "16th Seanad",
          "uri": "http://oireachtas.ie/ie/oireachtas/house/seanad/16"
        },
        "offices": [],
        "parties": [],
        "represents": [
          {
            "represent": {
              "showAs": "Nominated by the Taoiseach",
              "uri": "http://oireachtas.ie/ie/oireachtas/house/seanad/16/panel/Nominated-by-the-Taoiseach"
            }
          }
        ],
        "uri": "http://oireachtas.ie/ie/oireachtas/member/M-J-Nolan.S.1982-05-13/seanad/16"
      }
    },
    {
      "membership": {
        "dateRange": {
          "end": "1987-01-21",
          "start": "1982-12-14"
        },
        "house": {
          "showAs": "24th D\u00e1il",
          "uri": "http://oireachtas.ie/ie/oireachtas/house/dail/24"
        },
        "offices": [],
        "parties": [
          {
            "party": {
              "dateRange": {
                "end": "1987-01-21",
                "start": "1982-11-24"
              },
              "showAs": "Fianna F\u00e1il",
              "uri": "http://oireachtas.ie/ie/oireachtas/party/dail/24/Fianna_F\u00e1il"
            }
          }
        ],
        "represents": [
          {
            "represent": {
              "showAs": "Carlow\u2013Kilkenny",
              "uri": "http://oireachtas.ie/ie/oireachtas/house/dail/24/constituency/Carlow\u2013Kilkenny"
            }
          }
        ],
        "uri": "http://oireachtas.ie/ie/oireachtas/member/M-J-Nolan.S.1982-05-13/dail/24"
      }
    },
    {
      "membership": {
        "dateRange": {
          "end": "1989-05-25",
          "start": "1987-03-10"
        },
        "house": {
          "showAs": "25th D\u00e1il",
          "uri": "http://oireachtas.ie/ie/oireachtas/house/dail/25"
        },
        "offices": [],
        "parties": [
          {
            "party": {
              "dateRange": {
                "end": "1989-05-25",
                "start": "1987-02-17"
              },
              "showAs": "Fianna F\u00e1il",
              "uri": "http://oireachtas.ie/ie/oireachtas/party/dail/25/Fianna_F\u00e1il"
            }
          }
        ],
        "represents": [
          {
            "represent": {
              "showAs": "Carlow\u2013Kilkenny",
              "uri": "http://oireachtas.ie/ie/oireachtas/house/dail/25/constituency/Carlow\u2013Kilkenny"
            }
          }
        ],
        "uri": "http://oireachtas.ie/ie/oireachtas/member/M-J-Nolan.S.1982-05-13/dail/25"
      }
    },
    {
      "membership": {
        "dateRange": {
          "end": "1992-11-05",
          "start": "1989-06-29"
        },
        "house": {
          "showAs": "26th D\u00e1il",
          "uri": "http://oireachtas.ie/ie/oireachtas/house/dail/26"
        },
        "offices": [],
        "parties": [
          {
            "party": {
              "dateRange": {
                "end": "1992-11-05",
                "start": "1989-06-15"
              },
              "showAs": "Fianna F\u00e1il",
              "uri": "http://oireachtas.ie/ie/oireachtas/party/dail/26/Fianna_F\u00e1il"
            }
          }
        ],
        "represents": [
          {
            "represent": {
              "showAs": "Carlow\u2013Kilkenny",
              "uri": "http://oireachtas.ie/ie/oireachtas/house/dail/26/constituency/Carlow\u2013Kilkenny"
            }
          }
        ],
        "uri": "http://oireachtas.ie/ie/oireachtas/member/M-J-Nolan.S.1982-05-13/dail/26"
      }
    },
    {
      "membership": {
        "dateRange": {
          "end": "1997-05-15",
          "start": "1992-12-14"
        },
        "house": {
          "showAs": "27th D\u00e1il",
          "uri": "http://oireachtas.ie/ie/oireachtas/house/dail/27"
        },
        "offices": [],
        "parties": [
          {
            "party": {
              "dateRange": {
                "end": "1997-05-15",
                "start": "1992-11-25"
              },
              "showAs": "Fianna F\u00e1il",
              "uri": "http://oireachtas.ie/ie/oireachtas/party/dail/27/Fianna_F\u00e1il"
            }
          }
        ],
        "represents": [
          {
            "represent": {
              "showAs": "Carlow\u2013Kilkenny",
              "uri": "http://oireachtas.ie/ie/oireachtas/house/dail/27/constituency/Carlow\u2013Kilkenny"
            }
          }
        ],
        "uri": "http://oireachtas.ie/ie/oireachtas/member/M-J-Nolan.S.1982-05-13/dail/27"
      }
    },
    {
      "membership": {
        "dateRange": {
          "end": "2002-06-26",
          "start": "2001-12-20"
        },
        "house": {
          "showAs": "21st Seanad",
          "uri": "http://oireachtas.ie/ie/oireachtas/house/seanad/21"
        },
        "offices": [],
        "parties": [],
        "represents": [
          {
            "represent": {
              "showAs": "Agricultural",
              "uri": "http://oireachtas.ie/ie/oireachtas/house/seanad/21/panel/Agricultural"
            }
          }
        ],
        "uri": "http://oireachtas.ie/ie/oireachtas/member/M-J-Nolan.S.1982-05-13/seanad/21"
      }
    },
    {
      "membership": {
        "dateRange": {
          "end": "2007-04-30",
          "start": "2002-06-06"
        },
        "house": {
          "showAs": "29th D\u00e1il",
          "uri": "http://oireachtas.ie/ie/oireachtas/house/dail/29"
        },
        "offices": [],
        "parties": [
          {
            "party": {
              "dateRange": {
                "end": "2007-04-30",
                "start": "2002-05-17"
              },
              "showAs": "Fianna F\u00e1il",
              "uri": "http://oireachtas.ie/ie/oireachtas/party/dail/29/Fianna_F\u00e1il"
            }
          }
        ],
        "represents": [
          {
            "represent": {
              "showAs": "Carlow\u2013Kilkenny",
              "uri": "http://oireachtas.ie/ie/oireachtas/house/dail/29/constituency/Carlow\u2013Kilkenny"
            }
          }
        ],
        "uri": "http://oireachtas.ie/ie/oireachtas/member/M-J-Nolan.S.1982-05-13/dail/29"
      }
    },
    {
      "membership": {
        "dateRange": {
          "end": "2011-02-01",
          "start": "2007-06-14"
        },
        "house": {
          "showAs": "30th D\u00e1il",
          "uri": "http://oireachtas.ie/ie/oireachtas/house/dail/30"
        },
        "offices": [],
        "parties": [
          {
            "party": {
              "dateRange": {
                "end": "2011-02-01",
                "start": "2007-05-24"
              },
              "showAs": "Fianna F\u00e1il",
              "uri": "http://oireachtas.ie/ie/oireachtas/party/dail/30/Fianna_F\u00e1il"
            }
          }
        ],
        "represents": [
          {
            "represent": {
              "showAs": "Carlow\u2013Kilkenny",
              "uri": "http://oireachtas.ie/ie/oireachtas/house/dail/30/constituency/Carlow\u2013Kilkenny"
            }
          }
        ],
        "uri": "http://oireachtas.ie/ie/oireachtas/member/M-J-Nolan.S.1982-05-13/dail/30"
      }
    }
  ],
  "profession": "Manufacturer",
  "showAs": "Mr. M. J. Nolan",
  "uri": "http://oireachtas.ie/ie/oireachtas/member/M-J-Nolan.S.1982-05-13"
}