{
  "dateOfBirth": "1958-09-01",
  "dateOfDeath": null,
  "firstName": "Mattie",
  "fullName": "Mattie McGrath",
  "gender": null,
  "image": "http://www.oireachtas.ie//MembersImages/2197x.jpg",
  "lastName": "McGrath",
  "memberships": [
    {
      "membership": {
        "dateRange": {
          "end": "2011-02-01",
          "start": "2007-06-14"
        },
        "house": {
          "showAs": "30th D\u00e1il",
          "uri": "http://oireachtas.ie/ie/oireachtas/house/dail/30"
        },
        "offices": [],
        "parties": [
          {
            "party": {
              "dateRange": {
                "end": "2010-06-29",
                "start": "2007-05-24"
              },
              "showAs": "Fianna F\u00e1il",
              "uri": "http://oireachtas.ie/ie/oireachtas/party/dail/30/Fianna_F\u00e1il"
            }
          },
          {
            "party": {
              "dateRange": {
                "end": "2011-01-25",
                "start": "2010-06-29"
              },
              "showAs": "Independent",
              "uri": "http://oireachtas.ie/ie/oireachtas/party/dail/30/Independent"
            }
          },
          {
            "party": {
              "dateRange": {
                "end": "2011-02-01",
                "start": "2011-01-25"
              },
              "showAs": "Independent",
              "uri": "http://oireachtas.ie/ie/oireachtas/party/dail/30/Independent"
            }
          }
        ],
        "represents": [
          {
            "represent": {
              "showAs": "Tipperary South",
              "uri": "http://oireachtas.ie/ie/oireachtas/house/dail/30/constituency/Tipperary-South"
            }
          }
        ],
        "uri": "http://oireachtas.ie/ie/oireachtas/member/Mattie-McGrath.D.2007-06-14/dail/30"
      }
    },
    {
      "membership": {
        "dateRange": {
          "end": "2016-03-09",
          "start": "2011-03-09"
        },
        "house": {
          "showAs": "31st D\u00e1il",
          "uri": "http://oireachtas.ie/ie/oireachtas/house/dail/31"
        },
        "offices": [],
        "parties": [
          {
            "party": {
              "dateRange": {
                "end": "2016-03-09",
                "start": "2011-02-25"
              },
              "showAs": "Independent",
              "uri": "http://oireachtas.ie/ie/oireachtas/party/dail/31/Independent"
            }
          }
        ],
        "represents": [
          {
            "represent": {
              "showAs": "Tipperary South",
              "uri": "http://oireachtas.ie/ie/oireachtas/house/dail/31/constituency/Tipperary-South"
            }
          }
        ],
        "uri": "http://oireachtas.ie/ie/oireachtas/member/Mattie-McGrath.D.2007-06-14/dail/31"
      }
    }
  ],
  "profession": "Public Representative, Plant-Hire Owner",
  "showAs": "Mr. Mattie McGrath",
  "uri": "http://oireachtas.ie/ie/oireachtas/member/Mattie-McGrath.D.2007-06-14"
}