{
  "dateOfBirth": null,
  "dateOfDeath": "1933-07-12",
  "firstName": "Prof. James",
  "fullName": "Prof. James Craig",
  "gender": null,
  "image": null,
  "lastName": "Craig",
  "memberships": [
    {
      "membership": {
        "dateRange": {
          "end": "1923-08-09",
          "start": "1922-09-09"
        },
        "house": {
          "showAs": "3rd D\u00e1il",
          "uri": "http://oireachtas.ie/ie/oireachtas/house/dail/3"
        },
        "offices": [],
        "parties": [
          {
            "party": {
              "dateRange": {
                "end": "1923-08-09",
                "start": "1922-06-16"
              },
              "showAs": "Independent",
              "uri": "http://oireachtas.ie/ie/oireachtas/party/dail/3/Independent"
            }
          }
        ],
        "represents": [
          {
            "represent": {
              "showAs": "Dublin University",
              "uri": "http://oireachtas.ie/ie/oireachtas/house/dail/3/constituency/Dublin-University"
            }
          }
        ],
        "uri": "http://oireachtas.ie/ie/oireachtas/member/Prof-James-Craig.D.1922-09-09/dail/3"
      }
    },
    {
      "membership": {
        "dateRange": {
          "end": "1927-05-23",
          "start": "1923-09-19"
        },
        "house": {
          "showAs": "4th D\u00e1il",
          "uri": "http://oireachtas.ie/ie/oireachtas/house/dail/4"
        },
        "offices": [],
        "parties": [
          {
            "party": {
              "dateRange": {
                "end": "1927-05-23",
                "start": "1923-08-27"
              },
              "showAs": "Independent",
              "uri": "http://oireachtas.ie/ie/oireachtas/party/dail/4/Independent"
            }
          }
        ],
        "represents": [
          {
            "represent": {
              "showAs": "Dublin University",
              "uri": "http://oireachtas.ie/ie/oireachtas/house/dail/4/constituency/Dublin-University"
            }
          }
        ],
        "uri": "http://oireachtas.ie/ie/oireachtas/member/Prof-James-Craig.D.1922-09-09/dail/4"
      }
    },
    {
      "membership": {
        "dateRange": {
          "end": "1927-08-25",
          "start": "1927-06-23"
        },
        "house": {
          "showAs": "5th D\u00e1il",
          "uri": "http://oireachtas.ie/ie/oireachtas/house/dail/5"
        },
        "offices": [],
        "parties": [
          {
            "party": {
              "dateRange": {
                "end": "1927-08-25",
                "start": "1927-06-09"
              },
              "showAs": "Independent",
              "uri": "http://oireachtas.ie/ie/oireachtas/party/dail/5/Independent"
            }
          }
        ],
        "represents": [
          {
            "represent": {
              "showAs": "Dublin University",
              "uri": "http://oireachtas.ie/ie/oireachtas/house/dail/5/constituency/Dublin-University"
            }
          }
        ],
        "uri": "http://oireachtas.ie/ie/oireachtas/member/Prof-James-Craig.D.1922-09-09/dail/5"
      }
    },
    {
      "membership": {
        "dateRange": {
          "end": "1932-01-29",
          "start": "1927-10-11"
        },
        "house": {
          "showAs": "6th D\u00e1il",
          "uri": "http://oireachtas.ie/ie/oireachtas/house/dail/6"
        },
        "offices": [],
        "parties": [
          {
            "party": {
              "dateRange": {
                "end": "1932-01-29",
                "start": "1927-09-15"
              },
              "showAs": "Independent",
              "uri": "http://oireachtas.ie/ie/oireachtas/party/dail/6/Independent"
            }
          }
        ],
        "represents": [
          {
            "represent": {
              "showAs": "Dublin University",
              "uri": "http://oireachtas.ie/ie/oireachtas/house/dail/6/constituency/Dublin-University"
            }
          }
        ],
        "uri": "http://oireachtas.ie/ie/oireachtas/member/Prof-James-Craig.D.1922-09-09/dail/6"
      }
    },
    {
      "membership": {
        "dateRange": {
          "end": "1933-01-02",
          "start": "1932-03-09"
        },
        "house": {
          "showAs": "7th D\u00e1il",
          "uri": "http://oireachtas.ie/ie/oireachtas/house/dail/7"
        },
        "offices": [],
        "parties": [
          {
            "party": {
              "dateRange": {
                "end": "1933-01-02",
                "start": "1932-02-16"
              },
              "showAs": "Independent",
              "uri": "http://oireachtas.ie/ie/oireachtas/party/dail/7/Independent"
            }
          }
        ],
        "represents": [
          {
            "represent": {
              "showAs": "Dublin University",
              "uri": "http://oireachtas.ie/ie/oireachtas/house/dail/7/constituency/Dublin-University"
            }
          }
        ],
        "uri": "http://oireachtas.ie/ie/oireachtas/member/Prof-James-Craig.D.1922-09-09/dail/7"
      }
    },
    {
      "membership": {
        "dateRange": {
          "end": "1933-07-12",
          "start": "1933-02-08"
        },
        "house": {
          "showAs": "8th D\u00e1il",
          "uri": "http://oireachtas.ie/ie/oireachtas/house/dail/8"
        },
        "offices": [],
        "parties": [
          {
            "party": {
              "dateRange": {
                "end": "1933-07-12",
                "start": "1933-01-24"
              },
              "showAs": "Independent",
              "uri": "http://oireachtas.ie/ie/oireachtas/party/dail/8/Independent"
            }
          }
        ],
        "represents": [
          {
            "represent": {
              "showAs": "Dublin University",
              "uri": "http://oireachtas.ie/ie/oireachtas/house/dail/8/constituency/Dublin-University"
            }
          }
        ],
        "uri": "http://oireachtas.ie/ie/oireachtas/member/Prof-James-Craig.D.1922-09-09/dail/8"
      }
    }
  ],
  "profession": "Professor of Medicine",
  "showAs": "Sir James Craig",
  "uri": "http://oireachtas.ie/ie/oireachtas/member/Prof-James-Craig.D.1922-09-09"
}