{
  "dateOfBirth": "1945-07-01",
  "dateOfDeath": null,
  "firstName": "Jack",
  "fullName": "Jack Wall",
  "gender": null,
  "image": "http://www.oireachtas.ie//MembersImages/134.jpg",
  "lastName": "Wall",
  "memberships": [
    {
      "membership": {
        "dateRange": {
          "end": "1997-07-10",
          "start": "1993-02-17"
        },
        "house": {
          "showAs": "20th Seanad",
          "uri": "http://oireachtas.ie/ie/oireachtas/house/seanad/20"
        },
        "offices": [],
        "parties": [],
        "represents": [
          {
            "represent": {
              "showAs": "Nominated by the Taoiseach",
              "uri": "http://oireachtas.ie/ie/oireachtas/house/seanad/20/panel/Nominated-by-the-Taoiseach"
            }
          }
        ],
        "uri": "http://oireachtas.ie/ie/oireachtas/member/Jack-Wall.S.1993-02-17/seanad/20"
      }
    },
    {
      "membership": {
        "dateRange": {
          "end": "2002-04-25",
          "start": "1997-06-26"
        },
        "house": {
          "showAs": "28th D\u00e1il",
          "uri": "http://oireachtas.ie/ie/oireachtas/house/dail/28"
        },
        "offices": [],
        "parties": [
          {
            "party": {
              "dateRange": {
                "end": "2002-04-25",
                "start": "1997-06-06"
              },
              "showAs": "Labour Party",
              "uri": "http://oireachtas.ie/ie/oireachtas/party/dail/28/Labour_Party"
            }
          }
        ],
        "represents": [
          {
            "represent": {
              "showAs": "Kildare South",
              "uri": "http://oireachtas.ie/ie/oireachtas/house/dail/28/constituency/Kildare-South"
            }
          }
        ],
        "uri": "http://oireachtas.ie/ie/oireachtas/member/Jack-Wall.S.1993-02-17/dail/28"
      }
    },
    {
      "membership": {
        "dateRange": {
          "end": "2007-04-30",
          "start": "2002-06-06"
        },
        "house": {
          "showAs": "29th D\u00e1il",
          "uri": "http://oireachtas.ie/ie/oireachtas/house/dail/29"
        },
        "offices": [],
        "parties": [
          {
            "party": {
              "dateRange": {
                "end": "2007-04-30",
                "start": "2002-05-17"
              },
              "showAs": "Labour Party",
              "uri": "http://oireachtas.ie/ie/oireachtas/party/dail/29/Labour_Party"
            }
          }
        ],
        "represents": [
          {
            "represent": {
              "showAs": "Kildare South",
              "uri": "http://oireachtas.ie/ie/oireachtas/house/dail/29/constituency/Kildare-South"
            }
          }
        ],
        "uri": "http://oireachtas.ie/ie/oireachtas/member/Jack-Wall.S.1993-02-17/dail/29"
      }
    },
    {
      "membership": {
        "dateRange": {
          "end": "2011-02-01",
          "start": "2007-06-14"
        },
        "house": {
          "showAs": "30th D\u00e1il",
          "uri": "http://oireachtas.ie/ie/oireachtas/house/dail/30"
        },
        "offices": [],
        "parties": [
          {
            "party": {
              "dateRange": {
                "end": "2011-02-01",
                "start": "2007-05-24"
              },
              "showAs": "Labour Party",
              "uri": "http://oireachtas.ie/ie/oireachtas/party/dail/30/Labour_Party"
            }
          }
        ],
        "represents": [
          {
            "represent": {
              "showAs": "Kildare South",
              "uri": "http://oireachtas.ie/ie/oireachtas/house/dail/30/constituency/Kildare-South"
            }
          }
        ],
        "uri": "http://oireachtas.ie/ie/oireachtas/member/Jack-Wall.S.1993-02-17/dail/30"
      }
    },
    {
      "membership": {
        "dateRange": {
          "end": "2016-03-09",
          "start": "2011-03-09"
        },
        "house": {
          "showAs": "31st D\u00e1il",
          "uri": "http://oireachtas.ie/ie/oireachtas/house/dail/31"
        },
        "offices": [],
        "parties": [
          {
            "party": {
              "dateRange": {
                "end": "2016-03-09",
                "start": "2011-02-25"
              },
              "showAs": "Labour Party",
              "uri": "http://oireachtas.ie/ie/oireachtas/party/dail/31/Labour_Party"
            }
          }
        ],
        "represents": [
          {
            "represent": {
              "showAs": "Kildare South",
              "uri": "http://oireachtas.ie/ie/oireachtas/house/dail/31/constituency/Kildare-South"
            }
          }
        ],
        "uri": "http://oireachtas.ie/ie/oireachtas/member/Jack-Wall.S.1993-02-17/dail/31"
      }
    }
  ],
  "profession": "Full Time Public Representative, Formerly Electrician",
  "showAs": "Mr. Jack Wall",
  "uri": "http://oireachtas.ie/ie/oireachtas/member/Jack-Wall.S.1993-02-17"
}