{
  "dateOfBirth": null,
  "dateOfDeath": "1972-10-13",
  "firstName": "Hugh",
  "fullName": "Hugh Doherty",
  "gender": null,
  "image": null,
  "lastName": "Doherty",
  "memberships": [
    {
      "membership": {
        "dateRange": {
          "end": "1937-06-14",
          "start": "1933-02-08"
        },
        "house": {
          "showAs": "8th D\u00e1il",
          "uri": "http://oireachtas.ie/ie/oireachtas/house/dail/8"
        },
        "offices": [],
        "parties": [
          {
            "party": {
              "dateRange": {
                "end": "1937-06-14",
                "start": "1933-01-24"
              },
              "showAs": "Fianna F\u00e1il",
              "uri": "http://oireachtas.ie/ie/oireachtas/party/dail/8/Fianna_F\u00e1il"
            }
          }
        ],
        "represents": [
          {
            "represent": {
              "showAs": "Donegal",
              "uri": "http://oireachtas.ie/ie/oireachtas/house/dail/8/constituency/Donegal"
            }
          }
        ],
        "uri": "http://oireachtas.ie/ie/oireachtas/member/Hugh-Doherty.D.1933-02-08/dail/8"
      }
    }
  ],
  "profession": null,
  "showAs": "Mr. Hugh Doherty",
  "uri": "http://oireachtas.ie/ie/oireachtas/member/Hugh-Doherty.D.1933-02-08"
}