{
  "dateOfBirth": "1935-02-09",
  "dateOfDeath": null,
  "firstName": "Liam",
  "fullName": "Liam Kavanagh",
  "gender": null,
  "image": "http://www.oireachtas.ie//MembersImages/554g.jpg",
  "lastName": "Kavanagh",
  "memberships": [
    {
      "membership": {
        "dateRange": {
          "end": "1973-02-05",
          "start": "1969-07-02"
        },
        "house": {
          "showAs": "19th D\u00e1il",
          "uri": "http://oireachtas.ie/ie/oireachtas/house/dail/19"
        },
        "offices": [],
        "parties": [
          {
            "party": {
              "dateRange": {
                "end": "1973-02-05",
                "start": "1969-06-18"
              },
              "showAs": "Labour Party",
              "uri": "http://oireachtas.ie/ie/oireachtas/party/dail/19/Labour_Party"
            }
          }
        ],
        "represents": [
          {
            "represent": {
              "showAs": "Wicklow",
              "uri": "http://oireachtas.ie/ie/oireachtas/house/dail/19/constituency/Wicklow"
            }
          }
        ],
        "uri": "http://oireachtas.ie/ie/oireachtas/member/Liam-Kavanagh.D.1969-07-02/dail/19"
      }
    },
    {
      "membership": {
        "dateRange": {
          "end": "1977-05-25",
          "start": "1973-03-14"
        },
        "house": {
          "showAs": "20th D\u00e1il",
          "uri": "http://oireachtas.ie/ie/oireachtas/house/dail/20"
        },
        "offices": [],
        "parties": [
          {
            "party": {
              "dateRange": {
                "end": "1977-05-25",
                "start": "1973-02-28"
              },
              "showAs": "Labour Party",
              "uri": "http://oireachtas.ie/ie/oireachtas/party/dail/20/Labour_Party"
            }
          }
        ],
        "represents": [
          {
            "represent": {
              "showAs": "Wicklow",
              "uri": "http://oireachtas.ie/ie/oireachtas/house/dail/20/constituency/Wicklow"
            }
          }
        ],
        "uri": "http://oireachtas.ie/ie/oireachtas/member/Liam-Kavanagh.D.1969-07-02/dail/20"
      }
    },
    {
      "membership": {
        "dateRange": {
          "end": "1981-05-21",
          "start": "1977-07-05"
        },
        "house": {
          "showAs": "21st D\u00e1il",
          "uri": "http://oireachtas.ie/ie/oireachtas/house/dail/21"
        },
        "offices": [],
        "parties": [
          {
            "party": {
              "dateRange": {
                "end": "1981-05-21",
                "start": "1977-06-16"
              },
              "showAs": "Labour Party",
              "uri": "http://oireachtas.ie/ie/oireachtas/party/dail/21/Labour_Party"
            }
          }
        ],
        "represents": [
          {
            "represent": {
              "showAs": "Wicklow",
              "uri": "http://oireachtas.ie/ie/oireachtas/house/dail/21/constituency/Wicklow"
            }
          }
        ],
        "uri": "http://oireachtas.ie/ie/oireachtas/member/Liam-Kavanagh.D.1969-07-02/dail/21"
      }
    },
    {
      "membership": {
        "dateRange": {
          "end": "1982-02-27",
          "start": "1981-06-30"
        },
        "house": {
          "showAs": "22nd D\u00e1il",
          "uri": "http://oireachtas.ie/ie/oireachtas/house/dail/22"
        },
        "offices": [
          {
            "office": {
              "cabinet": {
                "showAs": "Government of the 22nd D\u00e1il",
                "uri": "http://oireachtas.ie/ie/oireachtas/cabinet/dail/22"
              },
              "dateRange": {
                "end": "1982-03-09",
                "start": "1981-06-30"
              },
              "officeName": {
                "showAs": "Minister for the Public Service",
                "uri": "http://oireachtas.ie/ie/oireachtas/office/minister/public_service"
              }
            }
          },
          {
            "office": {
              "cabinet": {
                "showAs": "Government of the 22nd D\u00e1il",
                "uri": "http://oireachtas.ie/ie/oireachtas/cabinet/dail/22"
              },
              "dateRange": {
                "end": "1982-03-09",
                "start": "1981-06-30"
              },
              "officeName": {
                "showAs": "Minister for Labour",
                "uri": "http://oireachtas.ie/ie/oireachtas/office/minister/labour"
              }
            }
          }
        ],
        "parties": [
          {
            "party": {
              "dateRange": {
                "end": "1982-02-27",
                "start": "1981-06-11"
              },
              "showAs": "Labour Party",
              "uri": "http://oireachtas.ie/ie/oireachtas/party/dail/22/Labour_Party"
            }
          }
        ],
        "represents": [
          {
            "represent": {
              "showAs": "Wicklow",
              "uri": "http://oireachtas.ie/ie/oireachtas/house/dail/22/constituency/Wicklow"
            }
          }
        ],
        "uri": "http://oireachtas.ie/ie/oireachtas/member/Liam-Kavanagh.D.1969-07-02/dail/22"
      }
    },
    {
      "membership": {
        "dateRange": {
          "end": "1982-11-04",
          "start": "1982-03-09"
        },
        "house": {
          "showAs": "23rd D\u00e1il",
          "uri": "http://oireachtas.ie/ie/oireachtas/house/dail/23"
        },
        "offices": [],
        "parties": [
          {
            "party": {
              "dateRange": {
                "end": "1982-11-04",
                "start": "1982-02-18"
              },
              "showAs": "Labour Party",
              "uri": "http://oireachtas.ie/ie/oireachtas/party/dail/23/Labour_Party"
            }
          }
        ],
        "represents": [
          {
            "represent": {
              "showAs": "Wicklow",
              "uri": "http://oireachtas.ie/ie/oireachtas/house/dail/23/constituency/Wicklow"
            }
          }
        ],
        "uri": "http://oireachtas.ie/ie/oireachtas/member/Liam-Kavanagh.D.1969-07-02/dail/23"
      }
    },
    {
      "membership": {
        "dateRange": {
          "end": "1987-01-21",
          "start": "1982-12-14"
        },
        "house": {
          "showAs": "24th D\u00e1il",
          "uri": "http://oireachtas.ie/ie/oireachtas/house/dail/24"
        },
        "offices": [
          {
            "office": {
              "cabinet": {
                "showAs": "Government of the 24th D\u00e1il",
                "uri": "http://oireachtas.ie/ie/oireachtas/cabinet/dail/24"
              },
              "dateRange": {
                "end": "1983-12-13",
                "start": "1982-12-14"
              },
              "officeName": {
                "showAs": "Minister for Labour",
                "uri": "http://oireachtas.ie/ie/oireachtas/office/minister/labour"
              }
            }
          },
          {
            "office": {
              "cabinet": {
                "showAs": "Government of the 24th D\u00e1il",
                "uri": "http://oireachtas.ie/ie/oireachtas/cabinet/dail/24"
              },
              "dateRange": {
                "end": "1986-02-14",
                "start": "1983-12-13"
              },
              "officeName": {
                "showAs": "Minister for the Environment",
                "uri": "http://oireachtas.ie/ie/oireachtas/office/minister/environment"
              }
            }
          },
          {
            "office": {
              "cabinet": {
                "showAs": "Government of the 24th D\u00e1il",
                "uri": "http://oireachtas.ie/ie/oireachtas/cabinet/dail/24"
              },
              "dateRange": {
                "end": "1986-02-19",
                "start": "1986-02-14"
              },
              "officeName": {
                "showAs": "Minister for Fisheries and Forestry",
                "uri": "http://oireachtas.ie/ie/oireachtas/office/minister/fisheries__forestry"
              }
            }
          },
          {
            "office": {
              "cabinet": {
                "showAs": "Government of the 24th D\u00e1il",
                "uri": "http://oireachtas.ie/ie/oireachtas/cabinet/dail/24"
              },
              "dateRange": {
                "end": "1987-01-20",
                "start": "1986-02-19"
              },
              "officeName": {
                "showAs": "Minister for Tourism, Fisheries and Forestry",
                "uri": "http://oireachtas.ie/ie/oireachtas/office/minister/tourism__fisheries__forestry"
              }
            }
          }
        ],
        "parties": [
          {
            "party": {
              "dateRange": {
                "end": "1987-01-21",
                "start": "1982-11-24"
              },
              "showAs": "Labour Party",
              "uri": "http://oireachtas.ie/ie/oireachtas/party/dail/24/Labour_Party"
            }
          }
        ],
        "represents": [
          {
            "represent": {
              "showAs": "Wicklow",
              "uri": "http://oireachtas.ie/ie/oireachtas/house/dail/24/constituency/Wicklow"
            }
          }
        ],
        "uri": "http://oireachtas.ie/ie/oireachtas/member/Liam-Kavanagh.D.1969-07-02/dail/24"
      }
    },
    {
      "membership": {
        "dateRange": {
          "end": "1989-05-25",
          "start": "1987-03-10"
        },
        "house": {
          "showAs": "25th D\u00e1il",
          "uri": "http://oireachtas.ie/ie/oireachtas/house/dail/25"
        },
        "offices": [],
        "parties": [
          {
            "party": {
              "dateRange": {
                "end": "1989-05-25",
                "start": "1987-02-17"
              },
              "showAs": "Labour Party",
              "uri": "http://oireachtas.ie/ie/oireachtas/party/dail/25/Labour_Party"
            }
          }
        ],
        "represents": [
          {
            "represent": {
              "showAs": "Wicklow",
              "uri": "http://oireachtas.ie/ie/oireachtas/house/dail/25/constituency/Wicklow"
            }
          }
        ],
        "uri": "http://oireachtas.ie/ie/oireachtas/member/Liam-Kavanagh.D.1969-07-02/dail/25"
      }
    },
    {
      "membership": {
        "dateRange": {
          "end": "1992-11-05",
          "start": "1989-06-29"
        },
        "house": {
          "showAs": "26th D\u00e1il",
          "uri": "http://oireachtas.ie/ie/oireachtas/house/dail/26"
        },
        "offices": [],
        "parties": [
          {
            "party": {
              "dateRange": {
                "end": "1992-11-05",
                "start": "1989-06-15"
              },
              "showAs": "Labour Party",
              "uri": "http://oireachtas.ie/ie/oireachtas/party/dail/26/Labour_Party"
            }
          }
        ],
        "represents": [
          {
            "represent": {
              "showAs": "Wicklow",
              "uri": "http://oireachtas.ie/ie/oireachtas/house/dail/26/constituency/Wicklow"
            }
          }
        ],
        "uri": "http://oireachtas.ie/ie/oireachtas/member/Liam-Kavanagh.D.1969-07-02/dail/26"
      }
    },
    {
      "membership": {
        "dateRange": {
          "end": "1997-05-15",
          "start": "1992-12-14"
        },
        "house": {
          "showAs": "27th D\u00e1il",
          "uri": "http://oireachtas.ie/ie/oireachtas/house/dail/27"
        },
        "offices": [],
        "parties": [
          {
            "party": {
              "dateRange": {
                "end": "1997-05-15",
                "start": "1992-11-25"
              },
              "showAs": "Labour Party",
              "uri": "http://oireachtas.ie/ie/oireachtas/party/dail/27/Labour_Party"
            }
          }
        ],
        "represents": [
          {
            "represent": {
              "showAs": "Wicklow",
              "uri": "http://oireachtas.ie/ie/oireachtas/house/dail/27/constituency/Wicklow"
            }
          }
        ],
        "uri": "http://oireachtas.ie/ie/oireachtas/member/Liam-Kavanagh.D.1969-07-02/dail/27"
      }
    }
  ],
  "profession": "Rate Collector",
  "showAs": "Mr. Liam Kavanagh",
  "uri": "http://oireachtas.ie/ie/oireachtas/member/Liam-Kavanagh.D.1969-07-02"
}