{
  "dateOfBirth": "1949-01-30",
  "dateOfDeath": null,
  "firstName": "Joe",
  "fullName": "Joe Callanan",
  "gender": null,
  "image": "http://www.oireachtas.ie//MembersImages/115.jpg",
  "lastName": "Callanan",
  "memberships": [
    {
      "membership": {
        "dateRange": {
          "end": "2007-04-30",
          "start": "2002-06-06"
        },
        "house": {
          "showAs": "29th D\u00e1il",
          "uri": "http://oireachtas.ie/ie/oireachtas/house/dail/29"
        },
        "offices": [],
        "parties": [
          {
            "party": {
              "dateRange": {
                "end": "2007-04-30",
                "start": "2002-05-17"
              },
              "showAs": "Fianna F\u00e1il",
              "uri": "http://oireachtas.ie/ie/oireachtas/party/dail/29/Fianna_F\u00e1il"
            }
          }
        ],
        "represents": [
          {
            "represent": {
              "showAs": "Galway East",
              "uri": "http://oireachtas.ie/ie/oireachtas/house/dail/29/constituency/Galway-East"
            }
          }
        ],
        "uri": "http://oireachtas.ie/ie/oireachtas/member/Joe-Callanan.D.2002-06-06/dail/29"
      }
    }
  ],
  "profession": "Public Representive, Farmer",
  "showAs": "Mr. Joe Callanan",
  "uri": "http://oireachtas.ie/ie/oireachtas/member/Joe-Callanan.D.2002-06-06"
}