{
  "dateOfBirth": "1943-04-30",
  "dateOfDeath": null,
  "firstName": "Mary",
  "fullName": "Mary Jackman",
  "gender": null,
  "image": "/MembersImages/1942.jpg",
  "lastName": "Jackman",
  "memberships": [
    {
      "membership": {
        "dateRange": {
          "end": "1992-12-17",
          "start": "1989-10-01"
        },
        "house": {
          "showAs": "19th Seanad",
          "uri": "http://oireachtas.ie/ie/oireachtas/house/seanad/19"
        },
        "offices": [],
        "parties": [],
        "represents": [
          {
            "represent": {
              "showAs": "Labour Panel",
              "uri": "http://oireachtas.ie/ie/oireachtas/house/seanad/19/panel/Labour-Panel"
            }
          }
        ],
        "uri": "http://oireachtas.ie/ie/oireachtas/member/Mary-Jackman.S.1989-10-01/seanad/19"
      }
    },
    {
      "membership": {
        "dateRange": {
          "end": "2002-06-26",
          "start": "1997-09-17"
        },
        "house": {
          "showAs": "21st Seanad",
          "uri": "http://oireachtas.ie/ie/oireachtas/house/seanad/21"
        },
        "offices": [],
        "parties": [],
        "represents": [
          {
            "represent": {
              "showAs": "Labour Panel",
              "uri": "http://oireachtas.ie/ie/oireachtas/house/seanad/21/panel/Labour-Panel"
            }
          }
        ],
        "uri": "http://oireachtas.ie/ie/oireachtas/member/Mary-Jackman.S.1989-10-01/seanad/21"
      }
    }
  ],
  "profession": "Formerly Secondary teacher",
  "showAs": "Ms. Mary Jackman",
  "uri": "http://oireachtas.ie/ie/oireachtas/member/Mary-Jackman.S.1989-10-01"
}