{
  "dateOfBirth": "1891-10-01",
  "dateOfDeath": "1959-04-03",
  "firstName": "Patrick Francis",
  "fullName": "Patrick Francis Baxter",
  "gender": null,
  "image": "http://www.oireachtas.ie//MembersImages/36i.jpg",
  "lastName": "Baxter",
  "memberships": [
    {
      "membership": {
        "dateRange": {
          "end": "1927-05-23",
          "start": "1923-09-19"
        },
        "house": {
          "showAs": "4th D\u00e1il",
          "uri": "http://oireachtas.ie/ie/oireachtas/house/dail/4"
        },
        "offices": [],
        "parties": [
          {
            "party": {
              "dateRange": {
                "end": "1927-05-23",
                "start": "1923-08-27"
              },
              "showAs": "Farmers Party",
              "uri": "http://oireachtas.ie/ie/oireachtas/party/dail/4/Farmers_Party"
            }
          }
        ],
        "represents": [
          {
            "represent": {
              "showAs": "Cavan",
              "uri": "http://oireachtas.ie/ie/oireachtas/house/dail/4/constituency/Cavan"
            }
          }
        ],
        "uri": "http://oireachtas.ie/ie/oireachtas/member/Patrick-Francis-Baxter.D.1923-09-19/dail/4"
      }
    },
    {
      "membership": {
        "dateRange": {
          "end": "1927-08-25",
          "start": "1927-06-23"
        },
        "house": {
          "showAs": "5th D\u00e1il",
          "uri": "http://oireachtas.ie/ie/oireachtas/house/dail/5"
        },
        "offices": [],
        "parties": [
          {
            "party": {
              "dateRange": {
                "end": "1927-08-25",
                "start": "1927-06-09"
              },
              "showAs": "Farmers Party",
              "uri": "http://oireachtas.ie/ie/oireachtas/party/dail/5/Farmers_Party"
            }
          }
        ],
        "represents": [
          {
            "represent": {
              "showAs": "Cavan",
              "uri": "http://oireachtas.ie/ie/oireachtas/house/dail/5/constituency/Cavan"
            }
          }
        ],
        "uri": "http://oireachtas.ie/ie/oireachtas/member/Patrick-Francis-Baxter.D.1923-09-19/dail/5"
      }
    },
    {
      "membership": {
        "dateRange": {
          "end": "1936-05-29",
          "start": "1934-12-06"
        },
        "house": {
          "showAs": "1934 Seanad",
          "uri": "http://oireachtas.ie/ie/oireachtas/house/seanad/1934"
        },
        "offices": [],
        "parties": [],
        "represents": [
          {
            "represent": {
              "showAs": "1934",
              "uri": "http://oireachtas.ie/ie/oireachtas/house/seanad/1934/panel/1934"
            }
          }
        ],
        "uri": "http://oireachtas.ie/ie/oireachtas/member/Patrick-Francis-Baxter.D.1923-09-19/seanad/1934"
      }
    },
    {
      "membership": {
        "dateRange": {
          "end": "1938-07-22",
          "start": "1938-04-27"
        },
        "house": {
          "showAs": "2nd Seanad",
          "uri": "http://oireachtas.ie/ie/oireachtas/house/seanad/2"
        },
        "offices": [],
        "parties": [],
        "represents": [
          {
            "represent": {
              "showAs": "Agricultural Panel",
              "uri": "http://oireachtas.ie/ie/oireachtas/house/seanad/2/panel/Agricultural-Panel"
            }
          }
        ],
        "uri": "http://oireachtas.ie/ie/oireachtas/member/Patrick-Francis-Baxter.D.1923-09-19/seanad/2"
      }
    },
    {
      "membership": {
        "dateRange": {
          "end": "1943-07-14",
          "start": "1938-09-07"
        },
        "house": {
          "showAs": "3rd Seanad",
          "uri": "http://oireachtas.ie/ie/oireachtas/house/seanad/3"
        },
        "offices": [],
        "parties": [],
        "represents": [
          {
            "represent": {
              "showAs": "Agricultural Panel",
              "uri": "http://oireachtas.ie/ie/oireachtas/house/seanad/3/panel/Agricultural-Panel"
            }
          }
        ],
        "uri": "http://oireachtas.ie/ie/oireachtas/member/Patrick-Francis-Baxter.D.1923-09-19/seanad/3"
      }
    },
    {
      "membership": {
        "dateRange": {
          "end": "1944-07-05",
          "start": "1943-09-08"
        },
        "house": {
          "showAs": "4th Seanad",
          "uri": "http://oireachtas.ie/ie/oireachtas/house/seanad/4"
        },
        "offices": [],
        "parties": [],
        "represents": [
          {
            "represent": {
              "showAs": "Agricultural Panel",
              "uri": "http://oireachtas.ie/ie/oireachtas/house/seanad/4/panel/Agricultural-Panel"
            }
          }
        ],
        "uri": "http://oireachtas.ie/ie/oireachtas/member/Patrick-Francis-Baxter.D.1923-09-19/seanad/4"
      }
    },
    {
      "membership": {
        "dateRange": {
          "end": "1948-03-12",
          "start": "1944-08-18"
        },
        "house": {
          "showAs": "5th Seanad",
          "uri": "http://oireachtas.ie/ie/oireachtas/house/seanad/5"
        },
        "offices": [],
        "parties": [],
        "represents": [
          {
            "represent": {
              "showAs": "Agricultural Panel",
              "uri": "http://oireachtas.ie/ie/oireachtas/house/seanad/5/panel/Agricultural-Panel"
            }
          }
        ],
        "uri": "http://oireachtas.ie/ie/oireachtas/member/Patrick-Francis-Baxter.D.1923-09-19/seanad/5"
      }
    },
    {
      "membership": {
        "dateRange": {
          "end": "1951-07-25",
          "start": "1948-04-21"
        },
        "house": {
          "showAs": "6th Seanad",
          "uri": "http://oireachtas.ie/ie/oireachtas/house/seanad/6"
        },
        "offices": [],
        "parties": [],
        "represents": [
          {
            "represent": {
              "showAs": "Agricultural Panel",
              "uri": "http://oireachtas.ie/ie/oireachtas/house/seanad/6/panel/Agricultural-Panel"
            }
          }
        ],
        "uri": "http://oireachtas.ie/ie/oireachtas/member/Patrick-Francis-Baxter.D.1923-09-19/seanad/6"
      }
    },
    {
      "membership": {
        "dateRange": {
          "end": "1954-07-07",
          "start": "1951-08-14"
        },
        "house": {
          "showAs": "7th Seanad",
          "uri": "http://oireachtas.ie/ie/oireachtas/house/seanad/7"
        },
        "offices": [],
        "parties": [],
        "represents": [
          {
            "represent": {
              "showAs": "Agricultural Panel",
              "uri": "http://oireachtas.ie/ie/oireachtas/house/seanad/7/panel/Agricultural-Panel"
            }
          }
        ],
        "uri": "http://oireachtas.ie/ie/oireachtas/member/Patrick-Francis-Baxter.D.1923-09-19/seanad/7"
      }
    },
    {
      "membership": {
        "dateRange": {
          "end": "1957-03-28",
          "start": "1954-07-22"
        },
        "house": {
          "showAs": "8th Seanad",
          "uri": "http://oireachtas.ie/ie/oireachtas/house/seanad/8"
        },
        "offices": [],
        "parties": [],
        "represents": [
          {
            "represent": {
              "showAs": "Agricultural Panel",
              "uri": "http://oireachtas.ie/ie/oireachtas/house/seanad/8/panel/Agricultural-Panel"
            }
          }
        ],
        "uri": "http://oireachtas.ie/ie/oireachtas/member/Patrick-Francis-Baxter.D.1923-09-19/seanad/8"
      }
    },
    {
      "membership": {
        "dateRange": {
          "end": "1959-04-03",
          "start": "1957-05-22"
        },
        "house": {
          "showAs": "9th Seanad",
          "uri": "http://oireachtas.ie/ie/oireachtas/house/seanad/9"
        },
        "offices": [],
        "parties": [],
        "represents": [
          {
            "represent": {
              "showAs": "Agricultural Panel",
              "uri": "http://oireachtas.ie/ie/oireachtas/house/seanad/9/panel/Agricultural-Panel"
            }
          }
        ],
        "uri": "http://oireachtas.ie/ie/oireachtas/member/Patrick-Francis-Baxter.D.1923-09-19/seanad/9"
      }
    }
  ],
  "profession": "Farmer",
  "showAs": "Mr. Patrick F. Baxter",
  "uri": "http://oireachtas.ie/ie/oireachtas/member/Patrick-Francis-Baxter.D.1923-09-19"
}