{
  "dateOfBirth": null,
  "dateOfDeath": null,
  "firstName": "Timothy Trevor",
  "fullName": "Timothy Trevor West",
  "gender": null,
  "image": null,
  "lastName": "West",
  "memberships": [
    {
      "membership": {
        "dateRange": {
          "end": "1973-03-30",
          "start": "1970-11-19"
        },
        "house": {
          "showAs": "12th Seanad",
          "uri": "http://oireachtas.ie/ie/oireachtas/house/seanad/12"
        },
        "offices": [],
        "parties": [],
        "represents": [
          {
            "represent": {
              "showAs": "University of Dublin",
              "uri": "http://oireachtas.ie/ie/oireachtas/house/seanad/12/panel/University-of-Dublin"
            }
          }
        ],
        "uri": "http://oireachtas.ie/ie/oireachtas/member/Timothy-Trevor-West.S.1970-11-19/seanad/12"
      }
    },
    {
      "membership": {
        "dateRange": {
          "end": "1977-05-26",
          "start": "1973-06-01"
        },
        "house": {
          "showAs": "13th Seanad",
          "uri": "http://oireachtas.ie/ie/oireachtas/house/seanad/13"
        },
        "offices": [],
        "parties": [],
        "represents": [
          {
            "represent": {
              "showAs": "University of Dublin",
              "uri": "http://oireachtas.ie/ie/oireachtas/house/seanad/13/panel/University-of-Dublin"
            }
          }
        ],
        "uri": "http://oireachtas.ie/ie/oireachtas/member/Timothy-Trevor-West.S.1970-11-19/seanad/13"
      }
    },
    {
      "membership": {
        "dateRange": {
          "end": "1981-07-16",
          "start": "1977-10-27"
        },
        "house": {
          "showAs": "14th Seanad",
          "uri": "http://oireachtas.ie/ie/oireachtas/house/seanad/14"
        },
        "offices": [],
        "parties": [],
        "represents": [
          {
            "represent": {
              "showAs": "University of Dublin",
              "uri": "http://oireachtas.ie/ie/oireachtas/house/seanad/14/panel/University-of-Dublin"
            }
          }
        ],
        "uri": "http://oireachtas.ie/ie/oireachtas/member/Timothy-Trevor-West.S.1970-11-19/seanad/14"
      }
    },
    {
      "membership": {
        "dateRange": {
          "end": "1982-12-21",
          "start": "1982-05-13"
        },
        "house": {
          "showAs": "16th Seanad",
          "uri": "http://oireachtas.ie/ie/oireachtas/house/seanad/16"
        },
        "offices": [],
        "parties": [],
        "represents": [
          {
            "represent": {
              "showAs": "University of Dublin",
              "uri": "http://oireachtas.ie/ie/oireachtas/house/seanad/16/panel/University-of-Dublin"
            }
          }
        ],
        "uri": "http://oireachtas.ie/ie/oireachtas/member/Timothy-Trevor-West.S.1970-11-19/seanad/16"
      }
    }
  ],
  "profession": "University Lecturer",
  "showAs": "Dr. Timothy Trevor West",
  "uri": "http://oireachtas.ie/ie/oireachtas/member/Timothy-Trevor-West.S.1970-11-19"
}