{
  "dateOfBirth": null,
  "dateOfDeath": "2000-04-03",
  "firstName": "James",
  "fullName": "James W. Sanfey",
  "gender": null,
  "image": null,
  "lastName": "Sanfey",
  "memberships": [
    {
      "membership": {
        "dateRange": {
          "end": "1977-05-26",
          "start": "1973-06-01"
        },
        "house": {
          "showAs": "13th Seanad",
          "uri": "http://oireachtas.ie/ie/oireachtas/house/seanad/13"
        },
        "offices": [],
        "parties": [],
        "represents": [
          {
            "represent": {
              "showAs": "Nominated by the Taoiseach",
              "uri": "http://oireachtas.ie/ie/oireachtas/house/seanad/13/panel/Nominated-by-the-Taoiseach"
            }
          }
        ],
        "uri": "http://oireachtas.ie/ie/oireachtas/member/James-W-Sanfey.S.1975-04-23/seanad/13"
      }
    }
  ],
  "profession": "Retired Army Commandant",
  "showAs": "Mr. James W. Sanfey",
  "uri": "http://oireachtas.ie/ie/oireachtas/member/James-W-Sanfey.S.1975-04-23"
}