{
  "dateOfBirth": null,
  "dateOfDeath": "1974-10-31",
  "firstName": "Cornelius",
  "fullName": "Cornelius Desmond",
  "gender": null,
  "image": null,
  "lastName": "Desmond",
  "memberships": [
    {
      "membership": {
        "dateRange": {
          "end": "1965-04-28",
          "start": "1961-12-14"
        },
        "house": {
          "showAs": "10th Seanad",
          "uri": "http://oireachtas.ie/ie/oireachtas/house/seanad/10"
        },
        "offices": [],
        "parties": [],
        "represents": [
          {
            "represent": {
              "showAs": "Administrative Panel",
              "uri": "http://oireachtas.ie/ie/oireachtas/house/seanad/10/panel/Administrative-Panel"
            }
          }
        ],
        "uri": "http://oireachtas.ie/ie/oireachtas/member/Cornelius-Desmond.S.1961-12-14/seanad/10"
      }
    }
  ],
  "profession": "Trade Union Official",
  "showAs": "Mr. Cornelius Desmond",
  "uri": "http://oireachtas.ie/ie/oireachtas/member/Cornelius-Desmond.S.1961-12-14"
}