{
  "dateOfBirth": "1906-10-12",
  "dateOfDeath": "1987-05-06",
  "firstName": "Denis F.",
  "fullName": "Denis F. Jones",
  "gender": null,
  "image": null,
  "lastName": "Jones",
  "memberships": [
    {
      "membership": {
        "dateRange": {
          "end": "1961-09-15",
          "start": "1957-03-20"
        },
        "house": {
          "showAs": "16th D\u00e1il",
          "uri": "http://oireachtas.ie/ie/oireachtas/house/dail/16"
        },
        "offices": [],
        "parties": [
          {
            "party": {
              "dateRange": {
                "end": "1961-09-15",
                "start": "1957-03-05"
              },
              "showAs": "Fine Gael",
              "uri": "http://oireachtas.ie/ie/oireachtas/party/dail/16/Fine_Gael"
            }
          }
        ],
        "represents": [
          {
            "represent": {
              "showAs": "Limerick West",
              "uri": "http://oireachtas.ie/ie/oireachtas/house/dail/16/constituency/Limerick-West"
            }
          }
        ],
        "uri": "http://oireachtas.ie/ie/oireachtas/member/Denis-F-Jones.D.1957-03-20/dail/16"
      }
    },
    {
      "membership": {
        "dateRange": {
          "end": "1965-03-18",
          "start": "1961-10-11"
        },
        "house": {
          "showAs": "17th D\u00e1il",
          "uri": "http://oireachtas.ie/ie/oireachtas/house/dail/17"
        },
        "offices": [],
        "parties": [
          {
            "party": {
              "dateRange": {
                "end": "1965-03-18",
                "start": "1961-10-04"
              },
              "showAs": "Fine Gael",
              "uri": "http://oireachtas.ie/ie/oireachtas/party/dail/17/Fine_Gael"
            }
          }
        ],
        "represents": [
          {
            "represent": {
              "showAs": "Limerick West",
              "uri": "http://oireachtas.ie/ie/oireachtas/house/dail/17/constituency/Limerick-West"
            }
          }
        ],
        "uri": "http://oireachtas.ie/ie/oireachtas/member/Denis-F-Jones.D.1957-03-20/dail/17"
      }
    },
    {
      "membership": {
        "dateRange": {
          "end": "1969-05-22",
          "start": "1965-04-21"
        },
        "house": {
          "showAs": "18th D\u00e1il",
          "uri": "http://oireachtas.ie/ie/oireachtas/house/dail/18"
        },
        "offices": [],
        "parties": [
          {
            "party": {
              "dateRange": {
                "end": "1969-05-22",
                "start": "1965-04-07"
              },
              "showAs": "Fine Gael",
              "uri": "http://oireachtas.ie/ie/oireachtas/party/dail/18/Fine_Gael"
            }
          }
        ],
        "represents": [
          {
            "represent": {
              "showAs": "Limerick West",
              "uri": "http://oireachtas.ie/ie/oireachtas/house/dail/18/constituency/Limerick-West"
            }
          }
        ],
        "uri": "http://oireachtas.ie/ie/oireachtas/member/Denis-F-Jones.D.1957-03-20/dail/18"
      }
    },
    {
      "membership": {
        "dateRange": {
          "end": "1973-02-05",
          "start": "1969-07-02"
        },
        "house": {
          "showAs": "19th D\u00e1il",
          "uri": "http://oireachtas.ie/ie/oireachtas/house/dail/19"
        },
        "offices": [],
        "parties": [
          {
            "party": {
              "dateRange": {
                "end": "1973-02-05",
                "start": "1969-06-18"
              },
              "showAs": "Fine Gael",
              "uri": "http://oireachtas.ie/ie/oireachtas/party/dail/19/Fine_Gael"
            }
          }
        ],
        "represents": [
          {
            "represent": {
              "showAs": "Limerick West",
              "uri": "http://oireachtas.ie/ie/oireachtas/house/dail/19/constituency/Limerick-West"
            }
          }
        ],
        "uri": "http://oireachtas.ie/ie/oireachtas/member/Denis-F-Jones.D.1957-03-20/dail/19"
      }
    },
    {
      "membership": {
        "dateRange": {
          "end": "1977-05-25",
          "start": "1973-03-14"
        },
        "house": {
          "showAs": "20th D\u00e1il",
          "uri": "http://oireachtas.ie/ie/oireachtas/house/dail/20"
        },
        "offices": [],
        "parties": [
          {
            "party": {
              "dateRange": {
                "end": "1977-05-25",
                "start": "1973-02-28"
              },
              "showAs": "Fine Gael",
              "uri": "http://oireachtas.ie/ie/oireachtas/party/dail/20/Fine_Gael"
            }
          }
        ],
        "represents": [
          {
            "represent": {
              "showAs": "Limerick West",
              "uri": "http://oireachtas.ie/ie/oireachtas/house/dail/20/constituency/Limerick-West"
            }
          }
        ],
        "uri": "http://oireachtas.ie/ie/oireachtas/member/Denis-F-Jones.D.1957-03-20/dail/20"
      }
    }
  ],
  "profession": "National School Teacher",
  "showAs": "Mr. Denis Francis Jones",
  "uri": "http://oireachtas.ie/ie/oireachtas/member/Denis-F-Jones.D.1957-03-20"
}