{
  "dateOfBirth": "1925-10-18",
  "dateOfDeath": "1983-09-17",
  "firstName": "George",
  "fullName": "George Colley",
  "gender": null,
  "image": null,
  "lastName": "Colley",
  "memberships": [
    {
      "membership": {
        "dateRange": {
          "end": "1965-03-18",
          "start": "1961-10-11"
        },
        "house": {
          "showAs": "17th D\u00e1il",
          "uri": "http://oireachtas.ie/ie/oireachtas/house/dail/17"
        },
        "offices": [],
        "parties": [
          {
            "party": {
              "dateRange": {
                "end": "1965-03-18",
                "start": "1961-10-04"
              },
              "showAs": "Fianna F\u00e1il",
              "uri": "http://oireachtas.ie/ie/oireachtas/party/dail/17/Fianna_F\u00e1il"
            }
          }
        ],
        "represents": [
          {
            "represent": {
              "showAs": "Dublin North\u2013East",
              "uri": "http://oireachtas.ie/ie/oireachtas/house/dail/17/constituency/Dublin-North\u2013East"
            }
          }
        ],
        "uri": "http://oireachtas.ie/ie/oireachtas/member/George-Colley.D.1961-10-11/dail/17"
      }
    },
    {
      "membership": {
        "dateRange": {
          "end": "1969-05-22",
          "start": "1965-04-21"
        },
        "house": {
          "showAs": "18th D\u00e1il",
          "uri": "http://oireachtas.ie/ie/oireachtas/house/dail/18"
        },
        "offices": [
          {
            "office": {
              "cabinet": {
                "showAs": "Government of the 18th D\u00e1il",
                "uri": "http://oireachtas.ie/ie/oireachtas/cabinet/dail/18"
              },
              "dateRange": {
                "end": "1966-07-13",
                "start": "1965-04-21"
              },
              "officeName": {
                "showAs": "Minister for Education",
                "uri": "http://oireachtas.ie/ie/oireachtas/office/minister/education"
              }
            }
          },
          {
            "office": {
              "cabinet": {
                "showAs": "Government of the 18th D\u00e1il",
                "uri": "http://oireachtas.ie/ie/oireachtas/cabinet/dail/18"
              },
              "dateRange": {
                "end": "1969-07-02",
                "start": "1966-07-13"
              },
              "officeName": {
                "showAs": "Minister for Industry and Commerce",
                "uri": "http://oireachtas.ie/ie/oireachtas/office/minister/industry__commerce"
              }
            }
          }
        ],
        "parties": [
          {
            "party": {
              "dateRange": {
                "end": "1969-05-22",
                "start": "1965-04-07"
              },
              "showAs": "Fianna F\u00e1il",
              "uri": "http://oireachtas.ie/ie/oireachtas/party/dail/18/Fianna_F\u00e1il"
            }
          }
        ],
        "represents": [
          {
            "represent": {
              "showAs": "Dublin North\u2013East",
              "uri": "http://oireachtas.ie/ie/oireachtas/house/dail/18/constituency/Dublin-North\u2013East"
            }
          }
        ],
        "uri": "http://oireachtas.ie/ie/oireachtas/member/George-Colley.D.1961-10-11/dail/18"
      }
    },
    {
      "membership": {
        "dateRange": {
          "end": "1973-02-05",
          "start": "1969-07-02"
        },
        "house": {
          "showAs": "19th D\u00e1il",
          "uri": "http://oireachtas.ie/ie/oireachtas/house/dail/19"
        },
        "offices": [
          {
            "office": {
              "cabinet": {
                "showAs": "Government of the 19th D\u00e1il",
                "uri": "http://oireachtas.ie/ie/oireachtas/cabinet/dail/19"
              },
              "dateRange": {
                "end": "1970-05-09",
                "start": "1969-07-02"
              },
              "officeName": {
                "showAs": "Minister for Industry and Commerce",
                "uri": "http://oireachtas.ie/ie/oireachtas/office/minister/industry__commerce"
              }
            }
          },
          {
            "office": {
              "cabinet": {
                "showAs": "Government of the 19th D\u00e1il",
                "uri": "http://oireachtas.ie/ie/oireachtas/cabinet/dail/19"
              },
              "dateRange": {
                "end": "1973-03-14",
                "start": "1969-07-02"
              },
              "officeName": {
                "showAs": "Minister for the Gaeltacht",
                "uri": "http://oireachtas.ie/ie/oireachtas/office/minister/gaeltacht"
              }
            }
          },
          {
            "office": {
              "cabinet": {
                "showAs": "Government of the 19th D\u00e1il",
                "uri": "http://oireachtas.ie/ie/oireachtas/cabinet/dail/19"
              },
              "dateRange": {
                "end": "1973-03-14",
                "start": "1970-05-09"
              },
              "officeName": {
                "showAs": "Minister for Finance",
                "uri": "http://oireachtas.ie/ie/oireachtas/office/minister/finance"
              }
            }
          }
        ],
        "parties": [
          {
            "party": {
              "dateRange": {
                "end": "1973-02-05",
                "start": "1969-06-18"
              },
              "showAs": "Fianna F\u00e1il",
              "uri": "http://oireachtas.ie/ie/oireachtas/party/dail/19/Fianna_F\u00e1il"
            }
          }
        ],
        "represents": [
          {
            "represent": {
              "showAs": "Dublin North\u2013Central",
              "uri": "http://oireachtas.ie/ie/oireachtas/house/dail/19/constituency/Dublin-North\u2013Central"
            }
          }
        ],
        "uri": "http://oireachtas.ie/ie/oireachtas/member/George-Colley.D.1961-10-11/dail/19"
      }
    },
    {
      "membership": {
        "dateRange": {
          "end": "1977-05-25",
          "start": "1973-03-14"
        },
        "house": {
          "showAs": "20th D\u00e1il",
          "uri": "http://oireachtas.ie/ie/oireachtas/house/dail/20"
        },
        "offices": [],
        "parties": [
          {
            "party": {
              "dateRange": {
                "end": "1977-05-25",
                "start": "1973-02-28"
              },
              "showAs": "Fianna F\u00e1il",
              "uri": "http://oireachtas.ie/ie/oireachtas/party/dail/20/Fianna_F\u00e1il"
            }
          }
        ],
        "represents": [
          {
            "represent": {
              "showAs": "Dublin North\u2013Central",
              "uri": "http://oireachtas.ie/ie/oireachtas/house/dail/20/constituency/Dublin-North\u2013Central"
            }
          }
        ],
        "uri": "http://oireachtas.ie/ie/oireachtas/member/George-Colley.D.1961-10-11/dail/20"
      }
    },
    {
      "membership": {
        "dateRange": {
          "end": "1981-05-21",
          "start": "1977-07-05"
        },
        "house": {
          "showAs": "21st D\u00e1il",
          "uri": "http://oireachtas.ie/ie/oireachtas/house/dail/21"
        },
        "offices": [
          {
            "office": {
              "cabinet": {
                "showAs": "Government of the 21st D\u00e1il",
                "uri": "http://oireachtas.ie/ie/oireachtas/cabinet/dail/21"
              },
              "dateRange": {
                "end": "1981-06-30",
                "start": "1977-07-05"
              },
              "officeName": {
                "showAs": "T\u00e1naiste",
                "uri": "http://oireachtas.ie/ie/oireachtas/office/tanaiste"
              }
            }
          },
          {
            "office": {
              "cabinet": {
                "showAs": "Government of the 21st D\u00e1il",
                "uri": "http://oireachtas.ie/ie/oireachtas/cabinet/dail/21"
              },
              "dateRange": {
                "end": "1979-12-11",
                "start": "1977-07-05"
              },
              "officeName": {
                "showAs": "Minister for the Public Service",
                "uri": "http://oireachtas.ie/ie/oireachtas/office/minister/public_service"
              }
            }
          },
          {
            "office": {
              "cabinet": {
                "showAs": "Government of the 21st D\u00e1il",
                "uri": "http://oireachtas.ie/ie/oireachtas/cabinet/dail/21"
              },
              "dateRange": {
                "end": "1979-12-11",
                "start": "1977-07-05"
              },
              "officeName": {
                "showAs": "Minister for Finance",
                "uri": "http://oireachtas.ie/ie/oireachtas/office/minister/finance"
              }
            }
          },
          {
            "office": {
              "cabinet": {
                "showAs": "Government of the 21st D\u00e1il",
                "uri": "http://oireachtas.ie/ie/oireachtas/cabinet/dail/21"
              },
              "dateRange": {
                "end": "1980-01-25",
                "start": "1979-12-12"
              },
              "officeName": {
                "showAs": "Minister for Tourism and Transport",
                "uri": "http://oireachtas.ie/ie/oireachtas/office/minister/tourism__transport"
              }
            }
          },
          {
            "office": {
              "cabinet": {
                "showAs": "Government of the 21st D\u00e1il",
                "uri": "http://oireachtas.ie/ie/oireachtas/cabinet/dail/21"
              },
              "dateRange": {
                "end": "1981-06-30",
                "start": "1980-01-22"
              },
              "officeName": {
                "showAs": "Minister for Energy",
                "uri": "http://oireachtas.ie/ie/oireachtas/office/minister/energy"
              }
            }
          }
        ],
        "parties": [
          {
            "party": {
              "dateRange": {
                "end": "1981-05-21",
                "start": "1977-06-16"
              },
              "showAs": "Fianna F\u00e1il",
              "uri": "http://oireachtas.ie/ie/oireachtas/party/dail/21/Fianna_F\u00e1il"
            }
          }
        ],
        "represents": [
          {
            "represent": {
              "showAs": "Dublin Clontarf",
              "uri": "http://oireachtas.ie/ie/oireachtas/house/dail/21/constituency/Dublin-Clontarf"
            }
          }
        ],
        "uri": "http://oireachtas.ie/ie/oireachtas/member/George-Colley.D.1961-10-11/dail/21"
      }
    },
    {
      "membership": {
        "dateRange": {
          "end": "1982-02-27",
          "start": "1981-06-30"
        },
        "house": {
          "showAs": "22nd D\u00e1il",
          "uri": "http://oireachtas.ie/ie/oireachtas/house/dail/22"
        },
        "offices": [],
        "parties": [
          {
            "party": {
              "dateRange": {
                "end": "1982-02-27",
                "start": "1981-06-11"
              },
              "showAs": "Fianna F\u00e1il",
              "uri": "http://oireachtas.ie/ie/oireachtas/party/dail/22/Fianna_F\u00e1il"
            }
          }
        ],
        "represents": [
          {
            "represent": {
              "showAs": "Dublin Central",
              "uri": "http://oireachtas.ie/ie/oireachtas/house/dail/22/constituency/Dublin-Central"
            }
          }
        ],
        "uri": "http://oireachtas.ie/ie/oireachtas/member/George-Colley.D.1961-10-11/dail/22"
      }
    },
    {
      "membership": {
        "dateRange": {
          "end": "1982-11-04",
          "start": "1982-03-09"
        },
        "house": {
          "showAs": "23rd D\u00e1il",
          "uri": "http://oireachtas.ie/ie/oireachtas/house/dail/23"
        },
        "offices": [],
        "parties": [
          {
            "party": {
              "dateRange": {
                "end": "1982-11-04",
                "start": "1982-02-18"
              },
              "showAs": "Fianna F\u00e1il",
              "uri": "http://oireachtas.ie/ie/oireachtas/party/dail/23/Fianna_F\u00e1il"
            }
          }
        ],
        "represents": [
          {
            "represent": {
              "showAs": "Dublin Central",
              "uri": "http://oireachtas.ie/ie/oireachtas/house/dail/23/constituency/Dublin-Central"
            }
          }
        ],
        "uri": "http://oireachtas.ie/ie/oireachtas/member/George-Colley.D.1961-10-11/dail/23"
      }
    },
    {
      "membership": {
        "dateRange": {
          "end": "1983-09-17",
          "start": "1982-12-14"
        },
        "house": {
          "showAs": "24th D\u00e1il",
          "uri": "http://oireachtas.ie/ie/oireachtas/house/dail/24"
        },
        "offices": [],
        "parties": [
          {
            "party": {
              "dateRange": {
                "end": "1983-09-17",
                "start": "1982-11-24"
              },
              "showAs": "Fianna F\u00e1il",
              "uri": "http://oireachtas.ie/ie/oireachtas/party/dail/24/Fianna_F\u00e1il"
            }
          }
        ],
        "represents": [
          {
            "represent": {
              "showAs": "Dublin Central",
              "uri": "http://oireachtas.ie/ie/oireachtas/house/dail/24/constituency/Dublin-Central"
            }
          }
        ],
        "uri": "http://oireachtas.ie/ie/oireachtas/member/George-Colley.D.1961-10-11/dail/24"
      }
    }
  ],
  "profession": "Solicitor",
  "showAs": "Mr. George Colley",
  "uri": "http://oireachtas.ie/ie/oireachtas/member/George-Colley.D.1961-10-11"
}