{
  "dateOfBirth": null,
  "dateOfDeath": null,
  "firstName": "Ciaran",
  "fullName": "Ciaran Cannon",
  "gender": null,
  "image": "http://www.oireachtas.ie//MembersImages/2253w.jpg",
  "lastName": "Cannon",
  "memberships": [
    {
      "membership": {
        "dateRange": {
          "end": "2011-04-25",
          "start": "2007-07-23"
        },
        "house": {
          "showAs": "23rd Seanad",
          "uri": "http://oireachtas.ie/ie/oireachtas/house/seanad/23"
        },
        "offices": [],
        "parties": [],
        "represents": [
          {
            "represent": {
              "showAs": "Nominated by the Taoiseach",
              "uri": "http://oireachtas.ie/ie/oireachtas/house/seanad/23/panel/Nominated-by-the-Taoiseach"
            }
          }
        ],
        "uri": "http://oireachtas.ie/ie/oireachtas/member/Ciaran-Cannon.S.2007-07-23/seanad/23"
      }
    },
    {
      "membership": {
        "dateRange": {
          "end": "2016-03-09",
          "start": "2011-03-09"
        },
        "house": {
          "showAs": "31st D\u00e1il",
          "uri": "http://oireachtas.ie/ie/oireachtas/house/dail/31"
        },
        "offices": [],
        "parties": [
          {
            "party": {
              "dateRange": {
                "end": "2016-03-09",
                "start": "2011-02-25"
              },
              "showAs": "Fine Gael",
              "uri": "http://oireachtas.ie/ie/oireachtas/party/dail/31/Fine_Gael"
            }
          }
        ],
        "represents": [
          {
            "represent": {
              "showAs": "Galway East",
              "uri": "http://oireachtas.ie/ie/oireachtas/house/dail/31/constituency/Galway-East"
            }
          }
        ],
        "uri": "http://oireachtas.ie/ie/oireachtas/member/Ciaran-Cannon.S.2007-07-23/dail/31"
      }
    }
  ],
  "profession": null,
  "showAs": "Mr. Ciaran Cannon",
  "uri": "http://oireachtas.ie/ie/oireachtas/member/Ciaran-Cannon.S.2007-07-23"
}