{
  "dateOfBirth": "1936-05-01",
  "dateOfDeath": "2002-01-14",
  "firstName": "Colm M.",
  "fullName": "Colm M. Hilliard",
  "gender": null,
  "image": null,
  "lastName": "Hilliard",
  "memberships": [
    {
      "membership": {
        "dateRange": {
          "end": "1982-11-04",
          "start": "1982-03-09"
        },
        "house": {
          "showAs": "23rd D\u00e1il",
          "uri": "http://oireachtas.ie/ie/oireachtas/house/dail/23"
        },
        "offices": [],
        "parties": [
          {
            "party": {
              "dateRange": {
                "end": "1982-11-04",
                "start": "1982-02-18"
              },
              "showAs": "Fianna F\u00e1il",
              "uri": "http://oireachtas.ie/ie/oireachtas/party/dail/23/Fianna_F\u00e1il"
            }
          }
        ],
        "represents": [
          {
            "represent": {
              "showAs": "Meath",
              "uri": "http://oireachtas.ie/ie/oireachtas/house/dail/23/constituency/Meath"
            }
          }
        ],
        "uri": "http://oireachtas.ie/ie/oireachtas/member/Colm-M-Hilliard.D.1982-03-09/dail/23"
      }
    },
    {
      "membership": {
        "dateRange": {
          "end": "1987-01-21",
          "start": "1982-12-14"
        },
        "house": {
          "showAs": "24th D\u00e1il",
          "uri": "http://oireachtas.ie/ie/oireachtas/house/dail/24"
        },
        "offices": [],
        "parties": [
          {
            "party": {
              "dateRange": {
                "end": "1987-01-21",
                "start": "1982-11-24"
              },
              "showAs": "Fianna F\u00e1il",
              "uri": "http://oireachtas.ie/ie/oireachtas/party/dail/24/Fianna_F\u00e1il"
            }
          }
        ],
        "represents": [
          {
            "represent": {
              "showAs": "Meath",
              "uri": "http://oireachtas.ie/ie/oireachtas/house/dail/24/constituency/Meath"
            }
          }
        ],
        "uri": "http://oireachtas.ie/ie/oireachtas/member/Colm-M-Hilliard.D.1982-03-09/dail/24"
      }
    },
    {
      "membership": {
        "dateRange": {
          "end": "1989-05-25",
          "start": "1987-03-10"
        },
        "house": {
          "showAs": "25th D\u00e1il",
          "uri": "http://oireachtas.ie/ie/oireachtas/house/dail/25"
        },
        "offices": [],
        "parties": [
          {
            "party": {
              "dateRange": {
                "end": "1989-05-25",
                "start": "1987-02-17"
              },
              "showAs": "Fianna F\u00e1il",
              "uri": "http://oireachtas.ie/ie/oireachtas/party/dail/25/Fianna_F\u00e1il"
            }
          }
        ],
        "represents": [
          {
            "represent": {
              "showAs": "Meath",
              "uri": "http://oireachtas.ie/ie/oireachtas/house/dail/25/constituency/Meath"
            }
          }
        ],
        "uri": "http://oireachtas.ie/ie/oireachtas/member/Colm-M-Hilliard.D.1982-03-09/dail/25"
      }
    },
    {
      "membership": {
        "dateRange": {
          "end": "1992-11-05",
          "start": "1989-06-29"
        },
        "house": {
          "showAs": "26th D\u00e1il",
          "uri": "http://oireachtas.ie/ie/oireachtas/house/dail/26"
        },
        "offices": [],
        "parties": [
          {
            "party": {
              "dateRange": {
                "end": "1992-11-05",
                "start": "1989-06-15"
              },
              "showAs": "Fianna F\u00e1il",
              "uri": "http://oireachtas.ie/ie/oireachtas/party/dail/26/Fianna_F\u00e1il"
            }
          }
        ],
        "represents": [
          {
            "represent": {
              "showAs": "Meath",
              "uri": "http://oireachtas.ie/ie/oireachtas/house/dail/26/constituency/Meath"
            }
          }
        ],
        "uri": "http://oireachtas.ie/ie/oireachtas/member/Colm-M-Hilliard.D.1982-03-09/dail/26"
      }
    },
    {
      "membership": {
        "dateRange": {
          "end": "1997-05-15",
          "start": "1992-12-14"
        },
        "house": {
          "showAs": "27th D\u00e1il",
          "uri": "http://oireachtas.ie/ie/oireachtas/house/dail/27"
        },
        "offices": [],
        "parties": [
          {
            "party": {
              "dateRange": {
                "end": "1997-05-15",
                "start": "1992-11-25"
              },
              "showAs": "Fianna F\u00e1il",
              "uri": "http://oireachtas.ie/ie/oireachtas/party/dail/27/Fianna_F\u00e1il"
            }
          }
        ],
        "represents": [
          {
            "represent": {
              "showAs": "Meath",
              "uri": "http://oireachtas.ie/ie/oireachtas/house/dail/27/constituency/Meath"
            }
          }
        ],
        "uri": "http://oireachtas.ie/ie/oireachtas/member/Colm-M-Hilliard.D.1982-03-09/dail/27"
      }
    }
  ],
  "profession": "Livestock Marketing Manager, Auctioneer, Accountant",
  "showAs": "Mr. Colm Hilliard",
  "uri": "http://oireachtas.ie/ie/oireachtas/member/Colm-M-Hilliard.D.1982-03-09"
}