{
  "dateOfBirth": "1913-05-15",
  "dateOfDeath": "1965-04-19",
  "firstName": "Bernard",
  "fullName": "Bernard Commons",
  "gender": null,
  "image": null,
  "lastName": "Commons",
  "memberships": [
    {
      "membership": {
        "dateRange": {
          "end": "1948-01-12",
          "start": "1945-12-04"
        },
        "house": {
          "showAs": "12th D\u00e1il",
          "uri": "http://oireachtas.ie/ie/oireachtas/house/dail/12"
        },
        "offices": [],
        "parties": [],
        "represents": [
          {
            "represent": {
              "showAs": "Mayo South",
              "uri": "http://oireachtas.ie/ie/oireachtas/house/dail/12/constituency/Mayo-South"
            }
          }
        ],
        "uri": "http://oireachtas.ie/ie/oireachtas/member/Bernard-Commons.D.1945-12-04/dail/12"
      }
    },
    {
      "membership": {
        "dateRange": {
          "end": "1951-05-07",
          "start": "1948-02-18"
        },
        "house": {
          "showAs": "13th D\u00e1il",
          "uri": "http://oireachtas.ie/ie/oireachtas/house/dail/13"
        },
        "offices": [],
        "parties": [
          {
            "party": {
              "dateRange": {
                "end": "1951-05-07",
                "start": "1948-02-04"
              },
              "showAs": "Clann na Talmhan",
              "uri": "http://oireachtas.ie/ie/oireachtas/party/dail/13/Clann_na_Talmhan"
            }
          }
        ],
        "represents": [
          {
            "represent": {
              "showAs": "Mayo South",
              "uri": "http://oireachtas.ie/ie/oireachtas/house/dail/13/constituency/Mayo-South"
            }
          }
        ],
        "uri": "http://oireachtas.ie/ie/oireachtas/member/Bernard-Commons.D.1945-12-04/dail/13"
      }
    },
    {
      "membership": {
        "dateRange": {
          "end": "1954-07-07",
          "start": "1951-08-14"
        },
        "house": {
          "showAs": "7th Seanad",
          "uri": "http://oireachtas.ie/ie/oireachtas/house/seanad/7"
        },
        "offices": [],
        "parties": [],
        "represents": [
          {
            "represent": {
              "showAs": "Agricultural Panel",
              "uri": "http://oireachtas.ie/ie/oireachtas/house/seanad/7/panel/Agricultural-Panel"
            }
          }
        ],
        "uri": "http://oireachtas.ie/ie/oireachtas/member/Bernard-Commons.D.1945-12-04/seanad/7"
      }
    },
    {
      "membership": {
        "dateRange": {
          "end": "1957-03-28",
          "start": "1954-07-22"
        },
        "house": {
          "showAs": "8th Seanad",
          "uri": "http://oireachtas.ie/ie/oireachtas/house/seanad/8"
        },
        "offices": [],
        "parties": [],
        "represents": [
          {
            "represent": {
              "showAs": "Agricultural Panel",
              "uri": "http://oireachtas.ie/ie/oireachtas/house/seanad/8/panel/Agricultural-Panel"
            }
          }
        ],
        "uri": "http://oireachtas.ie/ie/oireachtas/member/Bernard-Commons.D.1945-12-04/seanad/8"
      }
    }
  ],
  "profession": "Farmer",
  "showAs": "Mr. Bernard Commons",
  "uri": "http://oireachtas.ie/ie/oireachtas/member/Bernard-Commons.D.1945-12-04"
}