{
  "dateOfBirth": "1855-12-02",
  "dateOfDeath": "1938-11-05",
  "firstName": "Timothy",
  "fullName": "Timothy Sheehy",
  "gender": null,
  "image": "http://www.oireachtas.ie//MembersImages/1032d.jpg",
  "lastName": "Sheehy",
  "memberships": [
    {
      "membership": {
        "dateRange": {
          "end": "1927-08-25",
          "start": "1927-06-23"
        },
        "house": {
          "showAs": "5th D\u00e1il",
          "uri": "http://oireachtas.ie/ie/oireachtas/house/dail/5"
        },
        "offices": [],
        "parties": [
          {
            "party": {
              "dateRange": {
                "end": "1927-08-25",
                "start": "1927-06-09"
              },
              "showAs": "Cumann na nGaedheal",
              "uri": "http://oireachtas.ie/ie/oireachtas/party/dail/5/Cumann_na_nGaedheal"
            }
          }
        ],
        "represents": [
          {
            "represent": {
              "showAs": "Cork West",
              "uri": "http://oireachtas.ie/ie/oireachtas/house/dail/5/constituency/Cork-West"
            }
          }
        ],
        "uri": "http://oireachtas.ie/ie/oireachtas/member/Timothy-Sheehy.D.1927-06-23/dail/5"
      }
    },
    {
      "membership": {
        "dateRange": {
          "end": "1932-01-29",
          "start": "1927-10-11"
        },
        "house": {
          "showAs": "6th D\u00e1il",
          "uri": "http://oireachtas.ie/ie/oireachtas/house/dail/6"
        },
        "offices": [],
        "parties": [
          {
            "party": {
              "dateRange": {
                "end": "1932-01-29",
                "start": "1927-09-15"
              },
              "showAs": "Cumann na nGaedheal",
              "uri": "http://oireachtas.ie/ie/oireachtas/party/dail/6/Cumann_na_nGaedheal"
            }
          }
        ],
        "represents": [
          {
            "represent": {
              "showAs": "Cork West",
              "uri": "http://oireachtas.ie/ie/oireachtas/house/dail/6/constituency/Cork-West"
            }
          }
        ],
        "uri": "http://oireachtas.ie/ie/oireachtas/member/Timothy-Sheehy.D.1927-06-23/dail/6"
      }
    }
  ],
  "profession": "Merchant",
  "showAs": "Mr. Timothy (Cork) Sheehy",
  "uri": "http://oireachtas.ie/ie/oireachtas/member/Timothy-Sheehy.D.1927-06-23"
}