{
  "dateOfBirth": null,
  "dateOfDeath": "1978-02-07",
  "firstName": "Frank",
  "fullName": "Frank O'Beirne",
  "gender": null,
  "image": null,
  "lastName": "O'Beirne",
  "memberships": [
    {
      "membership": {
        "dateRange": {
          "end": "1944-07-05",
          "start": "1943-09-08"
        },
        "house": {
          "showAs": "4th Seanad",
          "uri": "http://oireachtas.ie/ie/oireachtas/house/seanad/4"
        },
        "offices": [],
        "parties": [],
        "represents": [
          {
            "represent": {
              "showAs": "Industrial and Commercial Panel",
              "uri": "http://oireachtas.ie/ie/oireachtas/house/seanad/4/panel/Industrial-and-Commercial-Panel"
            }
          }
        ],
        "uri": "http://oireachtas.ie/ie/oireachtas/member/Frank-O'Beirne.S.1943-08-09/seanad/4"
      }
    }
  ],
  "profession": "Farmer and Company Director",
  "showAs": "Mr. Frank O'Beirne",
  "uri": "http://oireachtas.ie/ie/oireachtas/member/Frank-O'Beirne.S.1943-08-09"
}