{
  "dateOfBirth": null,
  "dateOfDeath": null,
  "firstName": "Louis",
  "fullName": "Louis Walsh",
  "gender": null,
  "image": null,
  "lastName": "Walsh",
  "memberships": [
    {
      "membership": {
        "dateRange": {
          "end": "1957-03-28",
          "start": "1954-07-22"
        },
        "house": {
          "showAs": "8th Seanad",
          "uri": "http://oireachtas.ie/ie/oireachtas/house/seanad/8"
        },
        "offices": [],
        "parties": [],
        "represents": [
          {
            "represent": {
              "showAs": "Administrative Panel",
              "uri": "http://oireachtas.ie/ie/oireachtas/house/seanad/8/panel/Administrative-Panel"
            }
          }
        ],
        "uri": "http://oireachtas.ie/ie/oireachtas/member/Louis-Walsh.S.1954-07-22/seanad/8"
      }
    },
    {
      "membership": {
        "dateRange": {
          "end": "1961-09-01",
          "start": "1958-01-20"
        },
        "house": {
          "showAs": "9th Seanad",
          "uri": "http://oireachtas.ie/ie/oireachtas/house/seanad/9"
        },
        "offices": [],
        "parties": [],
        "represents": [
          {
            "represent": {
              "showAs": "Nominated by the Taoiseach",
              "uri": "http://oireachtas.ie/ie/oireachtas/house/seanad/9/panel/Nominated-by-the-Taoiseach"
            }
          }
        ],
        "uri": "http://oireachtas.ie/ie/oireachtas/member/Louis-Walsh.S.1954-07-22/seanad/9"
      }
    }
  ],
  "profession": "Solicitor",
  "showAs": "Mr. Louis Walsh",
  "uri": "http://oireachtas.ie/ie/oireachtas/member/Louis-Walsh.S.1954-07-22"
}