{
  "dateOfBirth": "1947-11-09",
  "dateOfDeath": null,
  "firstName": "Pat",
  "fullName": "Pat Carey",
  "gender": null,
  "image": "http://www.oireachtas.ie//MembersImages/89.jpg",
  "lastName": "Carey",
  "memberships": [
    {
      "membership": {
        "dateRange": {
          "end": "2002-04-25",
          "start": "1997-06-26"
        },
        "house": {
          "showAs": "28th D\u00e1il",
          "uri": "http://oireachtas.ie/ie/oireachtas/house/dail/28"
        },
        "offices": [],
        "parties": [
          {
            "party": {
              "dateRange": {
                "end": "2002-04-25",
                "start": "1997-06-06"
              },
              "showAs": "Fianna F\u00e1il",
              "uri": "http://oireachtas.ie/ie/oireachtas/party/dail/28/Fianna_F\u00e1il"
            }
          }
        ],
        "represents": [
          {
            "represent": {
              "showAs": "Dublin North\u2013West",
              "uri": "http://oireachtas.ie/ie/oireachtas/house/dail/28/constituency/Dublin-North\u2013West"
            }
          }
        ],
        "uri": "http://oireachtas.ie/ie/oireachtas/member/Pat-Carey.D.1997-06-26/dail/28"
      }
    },
    {
      "membership": {
        "dateRange": {
          "end": "2007-04-30",
          "start": "2002-06-06"
        },
        "house": {
          "showAs": "29th D\u00e1il",
          "uri": "http://oireachtas.ie/ie/oireachtas/house/dail/29"
        },
        "offices": [],
        "parties": [
          {
            "party": {
              "dateRange": {
                "end": "2007-04-30",
                "start": "2002-05-17"
              },
              "showAs": "Fianna F\u00e1il",
              "uri": "http://oireachtas.ie/ie/oireachtas/party/dail/29/Fianna_F\u00e1il"
            }
          }
        ],
        "represents": [
          {
            "represent": {
              "showAs": "Dublin North\u2013West",
              "uri": "http://oireachtas.ie/ie/oireachtas/house/dail/29/constituency/Dublin-North\u2013West"
            }
          }
        ],
        "uri": "http://oireachtas.ie/ie/oireachtas/member/Pat-Carey.D.1997-06-26/dail/29"
      }
    },
    {
      "membership": {
        "dateRange": {
          "end": "2011-02-01",
          "start": "2007-06-14"
        },
        "house": {
          "showAs": "30th D\u00e1il",
          "uri": "http://oireachtas.ie/ie/oireachtas/house/dail/30"
        },
        "offices": [
          {
            "office": {
              "cabinet": {
                "showAs": "Government of the 30th D\u00e1il",
                "uri": "http://oireachtas.ie/ie/oireachtas/cabinet/dail/30"
              },
              "dateRange": {
                "end": "2011-03-09",
                "start": "2010-03-23"
              },
              "officeName": {
                "showAs": "Minister for Community, Equality and Gaeltacht Affairs",
                "uri": "http://oireachtas.ie/ie/oireachtas/office/minister/community__equality__gaeltacht_affairs"
              }
            }
          },
          {
            "office": {
              "cabinet": {
                "showAs": "Government of the 30th D\u00e1il",
                "uri": "http://oireachtas.ie/ie/oireachtas/cabinet/dail/30"
              },
              "dateRange": {
                "end": "2011-03-08",
                "start": "2011-01-20"
              },
              "officeName": {
                "showAs": "Minister for Transport",
                "uri": "http://oireachtas.ie/ie/oireachtas/office/minister/transport"
              }
            }
          },
          {
            "office": {
              "cabinet": {
                "showAs": "Government of the 30th D\u00e1il",
                "uri": "http://oireachtas.ie/ie/oireachtas/cabinet/dail/30"
              },
              "dateRange": {
                "end": "2011-03-09",
                "start": "2011-01-23"
              },
              "officeName": {
                "showAs": "Minister for Communications, Energy and Natural Resources",
                "uri": "http://oireachtas.ie/ie/oireachtas/office/minister/communications__energy__natural_resources"
              }
            }
          }
        ],
        "parties": [
          {
            "party": {
              "dateRange": {
                "end": "2011-02-01",
                "start": "2007-05-24"
              },
              "showAs": "Fianna F\u00e1il",
              "uri": "http://oireachtas.ie/ie/oireachtas/party/dail/30/Fianna_F\u00e1il"
            }
          }
        ],
        "represents": [
          {
            "represent": {
              "showAs": "Dublin North\u2013West",
              "uri": "http://oireachtas.ie/ie/oireachtas/house/dail/30/constituency/Dublin-North\u2013West"
            }
          }
        ],
        "uri": "http://oireachtas.ie/ie/oireachtas/member/Pat-Carey.D.1997-06-26/dail/30"
      }
    }
  ],
  "profession": "Full-Time Public Representative, formerly School Vice-Principal",
  "showAs": "Mr. Pat Carey",
  "uri": "http://oireachtas.ie/ie/oireachtas/member/Pat-Carey.D.1997-06-26"
}