{
  "dateOfBirth": "1930-01-12",
  "dateOfDeath": "2008-12-20",
  "firstName": "Michael",
  "fullName": "Michael Browne",
  "gender": null,
  "image": null,
  "lastName": "Browne",
  "memberships": [
    {
      "membership": {
        "dateRange": {
          "end": "1965-03-18",
          "start": "1961-10-11"
        },
        "house": {
          "showAs": "17th D\u00e1il",
          "uri": "http://oireachtas.ie/ie/oireachtas/house/dail/17"
        },
        "offices": [],
        "parties": [
          {
            "party": {
              "dateRange": {
                "end": "1965-03-18",
                "start": "1961-10-04"
              },
              "showAs": "Fine Gael",
              "uri": "http://oireachtas.ie/ie/oireachtas/party/dail/17/Fine_Gael"
            }
          }
        ],
        "represents": [
          {
            "represent": {
              "showAs": "Mayo North",
              "uri": "http://oireachtas.ie/ie/oireachtas/house/dail/17/constituency/Mayo-North"
            }
          }
        ],
        "uri": "http://oireachtas.ie/ie/oireachtas/member/Michael-Browne.D.1961-10-11/dail/17"
      }
    }
  ],
  "profession": "Shopkeeper and Auctioneer",
  "showAs": "Mr. Michael Browne",
  "uri": "http://oireachtas.ie/ie/oireachtas/member/Michael-Browne.D.1961-10-11"
}