{
  "dateOfBirth": "1945-04-26",
  "dateOfDeath": null,
  "firstName": "Seamus",
  "fullName": "Seamus Kirk",
  "gender": null,
  "image": "http://www.oireachtas.ie//MembersImages/157.jpg",
  "lastName": "Kirk",
  "memberships": [
    {
      "membership": {
        "dateRange": {
          "end": "1987-01-21",
          "start": "1982-12-14"
        },
        "house": {
          "showAs": "24th D\u00e1il",
          "uri": "http://oireachtas.ie/ie/oireachtas/house/dail/24"
        },
        "offices": [],
        "parties": [
          {
            "party": {
              "dateRange": {
                "end": "1987-01-21",
                "start": "1982-11-24"
              },
              "showAs": "Fianna F\u00e1il",
              "uri": "http://oireachtas.ie/ie/oireachtas/party/dail/24/Fianna_F\u00e1il"
            }
          }
        ],
        "represents": [
          {
            "represent": {
              "showAs": "Louth",
              "uri": "http://oireachtas.ie/ie/oireachtas/house/dail/24/constituency/Louth"
            }
          }
        ],
        "uri": "http://oireachtas.ie/ie/oireachtas/member/Seamus-Kirk.D.1982-12-14/dail/24"
      }
    },
    {
      "membership": {
        "dateRange": {
          "end": "1989-05-25",
          "start": "1987-03-10"
        },
        "house": {
          "showAs": "25th D\u00e1il",
          "uri": "http://oireachtas.ie/ie/oireachtas/house/dail/25"
        },
        "offices": [],
        "parties": [
          {
            "party": {
              "dateRange": {
                "end": "1989-05-25",
                "start": "1987-02-17"
              },
              "showAs": "Fianna F\u00e1il",
              "uri": "http://oireachtas.ie/ie/oireachtas/party/dail/25/Fianna_F\u00e1il"
            }
          }
        ],
        "represents": [
          {
            "represent": {
              "showAs": "Louth",
              "uri": "http://oireachtas.ie/ie/oireachtas/house/dail/25/constituency/Louth"
            }
          }
        ],
        "uri": "http://oireachtas.ie/ie/oireachtas/member/Seamus-Kirk.D.1982-12-14/dail/25"
      }
    },
    {
      "membership": {
        "dateRange": {
          "end": "1992-11-05",
          "start": "1989-06-29"
        },
        "house": {
          "showAs": "26th D\u00e1il",
          "uri": "http://oireachtas.ie/ie/oireachtas/house/dail/26"
        },
        "offices": [],
        "parties": [
          {
            "party": {
              "dateRange": {
                "end": "1992-11-05",
                "start": "1989-06-15"
              },
              "showAs": "Fianna F\u00e1il",
              "uri": "http://oireachtas.ie/ie/oireachtas/party/dail/26/Fianna_F\u00e1il"
            }
          }
        ],
        "represents": [
          {
            "represent": {
              "showAs": "Louth",
              "uri": "http://oireachtas.ie/ie/oireachtas/house/dail/26/constituency/Louth"
            }
          }
        ],
        "uri": "http://oireachtas.ie/ie/oireachtas/member/Seamus-Kirk.D.1982-12-14/dail/26"
      }
    },
    {
      "membership": {
        "dateRange": {
          "end": "1997-05-15",
          "start": "1992-12-14"
        },
        "house": {
          "showAs": "27th D\u00e1il",
          "uri": "http://oireachtas.ie/ie/oireachtas/house/dail/27"
        },
        "offices": [],
        "parties": [
          {
            "party": {
              "dateRange": {
                "end": "1997-05-15",
                "start": "1992-11-25"
              },
              "showAs": "Fianna F\u00e1il",
              "uri": "http://oireachtas.ie/ie/oireachtas/party/dail/27/Fianna_F\u00e1il"
            }
          }
        ],
        "represents": [
          {
            "represent": {
              "showAs": "Louth",
              "uri": "http://oireachtas.ie/ie/oireachtas/house/dail/27/constituency/Louth"
            }
          }
        ],
        "uri": "http://oireachtas.ie/ie/oireachtas/member/Seamus-Kirk.D.1982-12-14/dail/27"
      }
    },
    {
      "membership": {
        "dateRange": {
          "end": "2002-04-25",
          "start": "1997-06-26"
        },
        "house": {
          "showAs": "28th D\u00e1il",
          "uri": "http://oireachtas.ie/ie/oireachtas/house/dail/28"
        },
        "offices": [],
        "parties": [
          {
            "party": {
              "dateRange": {
                "end": "2002-04-25",
                "start": "1997-06-06"
              },
              "showAs": "Fianna F\u00e1il",
              "uri": "http://oireachtas.ie/ie/oireachtas/party/dail/28/Fianna_F\u00e1il"
            }
          }
        ],
        "represents": [
          {
            "represent": {
              "showAs": "Louth",
              "uri": "http://oireachtas.ie/ie/oireachtas/house/dail/28/constituency/Louth"
            }
          }
        ],
        "uri": "http://oireachtas.ie/ie/oireachtas/member/Seamus-Kirk.D.1982-12-14/dail/28"
      }
    },
    {
      "membership": {
        "dateRange": {
          "end": "2007-04-30",
          "start": "2002-06-06"
        },
        "house": {
          "showAs": "29th D\u00e1il",
          "uri": "http://oireachtas.ie/ie/oireachtas/house/dail/29"
        },
        "offices": [],
        "parties": [
          {
            "party": {
              "dateRange": {
                "end": "2007-04-30",
                "start": "2002-05-17"
              },
              "showAs": "Fianna F\u00e1il",
              "uri": "http://oireachtas.ie/ie/oireachtas/party/dail/29/Fianna_F\u00e1il"
            }
          }
        ],
        "represents": [
          {
            "represent": {
              "showAs": "Louth",
              "uri": "http://oireachtas.ie/ie/oireachtas/house/dail/29/constituency/Louth"
            }
          }
        ],
        "uri": "http://oireachtas.ie/ie/oireachtas/member/Seamus-Kirk.D.1982-12-14/dail/29"
      }
    },
    {
      "membership": {
        "dateRange": {
          "end": "2011-02-01",
          "start": "2007-06-14"
        },
        "house": {
          "showAs": "30th D\u00e1il",
          "uri": "http://oireachtas.ie/ie/oireachtas/house/dail/30"
        },
        "offices": [],
        "parties": [
          {
            "party": {
              "dateRange": {
                "end": "2011-02-01",
                "start": "2007-05-24"
              },
              "showAs": "Fianna F\u00e1il",
              "uri": "http://oireachtas.ie/ie/oireachtas/party/dail/30/Fianna_F\u00e1il"
            }
          }
        ],
        "represents": [
          {
            "represent": {
              "showAs": "Louth",
              "uri": "http://oireachtas.ie/ie/oireachtas/house/dail/30/constituency/Louth"
            }
          }
        ],
        "uri": "http://oireachtas.ie/ie/oireachtas/member/Seamus-Kirk.D.1982-12-14/dail/30"
      }
    },
    {
      "membership": {
        "dateRange": {
          "end": "2016-03-09",
          "start": "2011-03-09"
        },
        "house": {
          "showAs": "31st D\u00e1il",
          "uri": "http://oireachtas.ie/ie/oireachtas/house/dail/31"
        },
        "offices": [],
        "parties": [
          {
            "party": {
              "dateRange": {
                "end": "2011-03-09",
                "start": "2011-02-25"
              },
              "showAs": "Ceann Comhairle",
              "uri": "http://oireachtas.ie/ie/oireachtas/party/dail/31/Ceann_Comhairle"
            }
          },
          {
            "party": {
              "dateRange": {
                "end": "2016-03-09",
                "start": "2011-03-09"
              },
              "showAs": "Fianna F\u00e1il",
              "uri": "http://oireachtas.ie/ie/oireachtas/party/dail/31/Fianna_F\u00e1il"
            }
          }
        ],
        "represents": [
          {
            "represent": {
              "showAs": "Louth",
              "uri": "http://oireachtas.ie/ie/oireachtas/house/dail/31/constituency/Louth"
            }
          }
        ],
        "uri": "http://oireachtas.ie/ie/oireachtas/member/Seamus-Kirk.D.1982-12-14/dail/31"
      }
    }
  ],
  "profession": "Farmer",
  "showAs": "Mr. S\u00e9amus Kirk",
  "uri": "http://oireachtas.ie/ie/oireachtas/member/Seamus-Kirk.D.1982-12-14"
}