{
  "dateOfBirth": null,
  "dateOfDeath": "1963-06-26",
  "firstName": "Daniel J.",
  "fullName": "Daniel J. Moloney",
  "gender": null,
  "image": null,
  "lastName": "Moloney",
  "memberships": [
    {
      "membership": {
        "dateRange": {
          "end": "1961-09-15",
          "start": "1957-03-20"
        },
        "house": {
          "showAs": "16th D\u00e1il",
          "uri": "http://oireachtas.ie/ie/oireachtas/house/dail/16"
        },
        "offices": [],
        "parties": [
          {
            "party": {
              "dateRange": {
                "end": "1961-09-15",
                "start": "1957-03-05"
              },
              "showAs": "Fianna F\u00e1il",
              "uri": "http://oireachtas.ie/ie/oireachtas/party/dail/16/Fianna_F\u00e1il"
            }
          }
        ],
        "represents": [
          {
            "represent": {
              "showAs": "Kerry North",
              "uri": "http://oireachtas.ie/ie/oireachtas/house/dail/16/constituency/Kerry-North"
            }
          }
        ],
        "uri": "http://oireachtas.ie/ie/oireachtas/member/Daniel-J-Moloney.D.1957-03-20/dail/16"
      }
    },
    {
      "membership": {
        "dateRange": {
          "end": "1963-06-26",
          "start": "1961-12-14"
        },
        "house": {
          "showAs": "10th Seanad",
          "uri": "http://oireachtas.ie/ie/oireachtas/house/seanad/10"
        },
        "offices": [],
        "parties": [],
        "represents": [
          {
            "represent": {
              "showAs": "Industrial and Commercial Panel",
              "uri": "http://oireachtas.ie/ie/oireachtas/house/seanad/10/panel/Industrial-and-Commercial-Panel"
            }
          }
        ],
        "uri": "http://oireachtas.ie/ie/oireachtas/member/Daniel-J-Moloney.D.1957-03-20/seanad/10"
      }
    }
  ],
  "profession": "Motor Trader",
  "showAs": "Mr. Daniel J. Moloney",
  "uri": "http://oireachtas.ie/ie/oireachtas/member/Daniel-J-Moloney.D.1957-03-20"
}