{
  "dateOfBirth": "1963-08-27",
  "dateOfDeath": null,
  "firstName": "Se\u00e1n",
  "fullName": "Se\u00e1n Connick",
  "gender": null,
  "image": "http://www.oireachtas.ie//MembersImages/2199z.jpg",
  "lastName": "Connick",
  "memberships": [
    {
      "membership": {
        "dateRange": {
          "end": "2011-02-01",
          "start": "2007-06-14"
        },
        "house": {
          "showAs": "30th D\u00e1il",
          "uri": "http://oireachtas.ie/ie/oireachtas/house/dail/30"
        },
        "offices": [],
        "parties": [
          {
            "party": {
              "dateRange": {
                "end": "2011-02-01",
                "start": "2007-05-24"
              },
              "showAs": "Fianna F\u00e1il",
              "uri": "http://oireachtas.ie/ie/oireachtas/party/dail/30/Fianna_F\u00e1il"
            }
          }
        ],
        "represents": [
          {
            "represent": {
              "showAs": "Wexford",
              "uri": "http://oireachtas.ie/ie/oireachtas/house/dail/30/constituency/Wexford"
            }
          }
        ],
        "uri": "http://oireachtas.ie/ie/oireachtas/member/Se\u00e1n-Connick.D.2007-06-14/dail/30"
      }
    }
  ],
  "profession": "Full-Time Public Representative,",
  "showAs": "Mr. Sean Connick",
  "uri": "http://oireachtas.ie/ie/oireachtas/member/Se\u00e1n-Connick.D.2007-06-14"
}