{
  "dateOfBirth": "1900-03-06",
  "dateOfDeath": "1972-04-26",
  "firstName": "Mark",
  "fullName": "Mark Deering",
  "gender": null,
  "image": null,
  "lastName": "Deering",
  "memberships": [
    {
      "membership": {
        "dateRange": {
          "end": "1954-04-24",
          "start": "1953-06-18"
        },
        "house": {
          "showAs": "14th D\u00e1il",
          "uri": "http://oireachtas.ie/ie/oireachtas/house/dail/14"
        },
        "offices": [],
        "parties": [],
        "represents": [
          {
            "represent": {
              "showAs": "Wicklow",
              "uri": "http://oireachtas.ie/ie/oireachtas/house/dail/14/constituency/Wicklow"
            }
          }
        ],
        "uri": "http://oireachtas.ie/ie/oireachtas/member/Mark-Deering.D.1953-06-18/dail/14"
      }
    },
    {
      "membership": {
        "dateRange": {
          "end": "1957-02-12",
          "start": "1954-06-02"
        },
        "house": {
          "showAs": "15th D\u00e1il",
          "uri": "http://oireachtas.ie/ie/oireachtas/house/dail/15"
        },
        "offices": [],
        "parties": [
          {
            "party": {
              "dateRange": {
                "end": "1957-02-12",
                "start": "1954-05-18"
              },
              "showAs": "Fine Gael",
              "uri": "http://oireachtas.ie/ie/oireachtas/party/dail/15/Fine_Gael"
            }
          }
        ],
        "represents": [
          {
            "represent": {
              "showAs": "Wicklow",
              "uri": "http://oireachtas.ie/ie/oireachtas/house/dail/15/constituency/Wicklow"
            }
          }
        ],
        "uri": "http://oireachtas.ie/ie/oireachtas/member/Mark-Deering.D.1953-06-18/dail/15"
      }
    }
  ],
  "profession": "Farmer",
  "showAs": "Mr. Mark Deering",
  "uri": "http://oireachtas.ie/ie/oireachtas/member/Mark-Deering.D.1953-06-18"
}