{
  "dateOfBirth": "1934-02-07",
  "dateOfDeath": null,
  "firstName": "Rory",
  "fullName": "Rory O'Hanlon",
  "gender": null,
  "image": "http://www.oireachtas.ie//MembersImages/888r.jpg",
  "lastName": "O'Hanlon",
  "memberships": [
    {
      "membership": {
        "dateRange": {
          "end": "1981-05-21",
          "start": "1977-07-05"
        },
        "house": {
          "showAs": "21st D\u00e1il",
          "uri": "http://oireachtas.ie/ie/oireachtas/house/dail/21"
        },
        "offices": [],
        "parties": [
          {
            "party": {
              "dateRange": {
                "end": "1981-05-21",
                "start": "1977-06-16"
              },
              "showAs": "Fianna F\u00e1il",
              "uri": "http://oireachtas.ie/ie/oireachtas/party/dail/21/Fianna_F\u00e1il"
            }
          }
        ],
        "represents": [
          {
            "represent": {
              "showAs": "Cavan\u2013Monaghan",
              "uri": "http://oireachtas.ie/ie/oireachtas/house/dail/21/constituency/Cavan\u2013Monaghan"
            }
          }
        ],
        "uri": "http://oireachtas.ie/ie/oireachtas/member/Rory-O'Hanlon.D.1977-07-05/dail/21"
      }
    },
    {
      "membership": {
        "dateRange": {
          "end": "1982-02-27",
          "start": "1981-06-30"
        },
        "house": {
          "showAs": "22nd D\u00e1il",
          "uri": "http://oireachtas.ie/ie/oireachtas/house/dail/22"
        },
        "offices": [],
        "parties": [
          {
            "party": {
              "dateRange": {
                "end": "1982-02-27",
                "start": "1981-06-11"
              },
              "showAs": "Fianna F\u00e1il",
              "uri": "http://oireachtas.ie/ie/oireachtas/party/dail/22/Fianna_F\u00e1il"
            }
          }
        ],
        "represents": [
          {
            "represent": {
              "showAs": "Cavan\u2013Monagahan",
              "uri": "http://oireachtas.ie/ie/oireachtas/house/dail/22/constituency/Cavan\u2013Monagahan"
            }
          }
        ],
        "uri": "http://oireachtas.ie/ie/oireachtas/member/Rory-O'Hanlon.D.1977-07-05/dail/22"
      }
    },
    {
      "membership": {
        "dateRange": {
          "end": "1982-11-04",
          "start": "1982-03-09"
        },
        "house": {
          "showAs": "23rd D\u00e1il",
          "uri": "http://oireachtas.ie/ie/oireachtas/house/dail/23"
        },
        "offices": [],
        "parties": [
          {
            "party": {
              "dateRange": {
                "end": "1982-11-04",
                "start": "1982-02-18"
              },
              "showAs": "Fianna F\u00e1il",
              "uri": "http://oireachtas.ie/ie/oireachtas/party/dail/23/Fianna_F\u00e1il"
            }
          }
        ],
        "represents": [
          {
            "represent": {
              "showAs": "Cavan\u2013Monaghan",
              "uri": "http://oireachtas.ie/ie/oireachtas/house/dail/23/constituency/Cavan\u2013Monaghan"
            }
          }
        ],
        "uri": "http://oireachtas.ie/ie/oireachtas/member/Rory-O'Hanlon.D.1977-07-05/dail/23"
      }
    },
    {
      "membership": {
        "dateRange": {
          "end": "1987-01-21",
          "start": "1982-12-14"
        },
        "house": {
          "showAs": "24th D\u00e1il",
          "uri": "http://oireachtas.ie/ie/oireachtas/house/dail/24"
        },
        "offices": [],
        "parties": [
          {
            "party": {
              "dateRange": {
                "end": "1987-01-21",
                "start": "1982-11-24"
              },
              "showAs": "Fianna F\u00e1il",
              "uri": "http://oireachtas.ie/ie/oireachtas/party/dail/24/Fianna_F\u00e1il"
            }
          }
        ],
        "represents": [
          {
            "represent": {
              "showAs": "Cavan\u2013Monaghan",
              "uri": "http://oireachtas.ie/ie/oireachtas/house/dail/24/constituency/Cavan\u2013Monaghan"
            }
          }
        ],
        "uri": "http://oireachtas.ie/ie/oireachtas/member/Rory-O'Hanlon.D.1977-07-05/dail/24"
      }
    },
    {
      "membership": {
        "dateRange": {
          "end": "1989-05-25",
          "start": "1987-03-10"
        },
        "house": {
          "showAs": "25th D\u00e1il",
          "uri": "http://oireachtas.ie/ie/oireachtas/house/dail/25"
        },
        "offices": [
          {
            "office": {
              "cabinet": {
                "showAs": "Government of the 25th D\u00e1il",
                "uri": "http://oireachtas.ie/ie/oireachtas/cabinet/dail/25"
              },
              "dateRange": {
                "end": "1989-06-29",
                "start": "1987-03-10"
              },
              "officeName": {
                "showAs": "Minister for Health",
                "uri": "http://oireachtas.ie/ie/oireachtas/office/minister/health"
              }
            }
          }
        ],
        "parties": [
          {
            "party": {
              "dateRange": {
                "end": "1989-05-25",
                "start": "1987-02-17"
              },
              "showAs": "Fianna F\u00e1il",
              "uri": "http://oireachtas.ie/ie/oireachtas/party/dail/25/Fianna_F\u00e1il"
            }
          }
        ],
        "represents": [
          {
            "represent": {
              "showAs": "Cavan\u2013Monaghan",
              "uri": "http://oireachtas.ie/ie/oireachtas/house/dail/25/constituency/Cavan\u2013Monaghan"
            }
          }
        ],
        "uri": "http://oireachtas.ie/ie/oireachtas/member/Rory-O'Hanlon.D.1977-07-05/dail/25"
      }
    },
    {
      "membership": {
        "dateRange": {
          "end": "1992-11-05",
          "start": "1989-06-29"
        },
        "house": {
          "showAs": "26th D\u00e1il",
          "uri": "http://oireachtas.ie/ie/oireachtas/house/dail/26"
        },
        "offices": [
          {
            "office": {
              "cabinet": {
                "showAs": "Government of the 26th D\u00e1il",
                "uri": "http://oireachtas.ie/ie/oireachtas/cabinet/dail/26"
              },
              "dateRange": {
                "end": "1991-11-14",
                "start": "1989-06-29"
              },
              "officeName": {
                "showAs": "Minister for Health",
                "uri": "http://oireachtas.ie/ie/oireachtas/office/minister/health"
              }
            }
          },
          {
            "office": {
              "cabinet": {
                "showAs": "Government of the 26th D\u00e1il",
                "uri": "http://oireachtas.ie/ie/oireachtas/cabinet/dail/26"
              },
              "dateRange": {
                "end": "1992-02-14",
                "start": "1991-11-14"
              },
              "officeName": {
                "showAs": "Minister for the Environment",
                "uri": "http://oireachtas.ie/ie/oireachtas/office/minister/environment"
              }
            }
          }
        ],
        "parties": [
          {
            "party": {
              "dateRange": {
                "end": "1992-11-05",
                "start": "1989-06-15"
              },
              "showAs": "Fianna F\u00e1il",
              "uri": "http://oireachtas.ie/ie/oireachtas/party/dail/26/Fianna_F\u00e1il"
            }
          }
        ],
        "represents": [
          {
            "represent": {
              "showAs": "Cavan\u2013Monaghan",
              "uri": "http://oireachtas.ie/ie/oireachtas/house/dail/26/constituency/Cavan\u2013Monaghan"
            }
          }
        ],
        "uri": "http://oireachtas.ie/ie/oireachtas/member/Rory-O'Hanlon.D.1977-07-05/dail/26"
      }
    },
    {
      "membership": {
        "dateRange": {
          "end": "1997-05-15",
          "start": "1992-12-14"
        },
        "house": {
          "showAs": "27th D\u00e1il",
          "uri": "http://oireachtas.ie/ie/oireachtas/house/dail/27"
        },
        "offices": [],
        "parties": [
          {
            "party": {
              "dateRange": {
                "end": "1997-05-15",
                "start": "1992-11-25"
              },
              "showAs": "Fianna F\u00e1il",
              "uri": "http://oireachtas.ie/ie/oireachtas/party/dail/27/Fianna_F\u00e1il"
            }
          }
        ],
        "represents": [
          {
            "represent": {
              "showAs": "Cavan\u2013Monaghan",
              "uri": "http://oireachtas.ie/ie/oireachtas/house/dail/27/constituency/Cavan\u2013Monaghan"
            }
          }
        ],
        "uri": "http://oireachtas.ie/ie/oireachtas/member/Rory-O'Hanlon.D.1977-07-05/dail/27"
      }
    },
    {
      "membership": {
        "dateRange": {
          "end": "2002-04-25",
          "start": "1997-06-26"
        },
        "house": {
          "showAs": "28th D\u00e1il",
          "uri": "http://oireachtas.ie/ie/oireachtas/house/dail/28"
        },
        "offices": [],
        "parties": [
          {
            "party": {
              "dateRange": {
                "end": "2002-04-25",
                "start": "1997-06-06"
              },
              "showAs": "Fianna F\u00e1il",
              "uri": "http://oireachtas.ie/ie/oireachtas/party/dail/28/Fianna_F\u00e1il"
            }
          }
        ],
        "represents": [
          {
            "represent": {
              "showAs": "Cavan\u2013Monaghan",
              "uri": "http://oireachtas.ie/ie/oireachtas/house/dail/28/constituency/Cavan\u2013Monaghan"
            }
          }
        ],
        "uri": "http://oireachtas.ie/ie/oireachtas/member/Rory-O'Hanlon.D.1977-07-05/dail/28"
      }
    },
    {
      "membership": {
        "dateRange": {
          "end": "2007-04-30",
          "start": "2002-06-06"
        },
        "house": {
          "showAs": "29th D\u00e1il",
          "uri": "http://oireachtas.ie/ie/oireachtas/house/dail/29"
        },
        "offices": [],
        "parties": [
          {
            "party": {
              "dateRange": {
                "end": "2007-04-30",
                "start": "2002-05-17"
              },
              "showAs": "Fianna F\u00e1il",
              "uri": "http://oireachtas.ie/ie/oireachtas/party/dail/29/Fianna_F\u00e1il"
            }
          }
        ],
        "represents": [
          {
            "represent": {
              "showAs": "Cavan\u2013Monaghan",
              "uri": "http://oireachtas.ie/ie/oireachtas/house/dail/29/constituency/Cavan\u2013Monaghan"
            }
          }
        ],
        "uri": "http://oireachtas.ie/ie/oireachtas/member/Rory-O'Hanlon.D.1977-07-05/dail/29"
      }
    },
    {
      "membership": {
        "dateRange": {
          "end": "2011-02-01",
          "start": "2007-06-14"
        },
        "house": {
          "showAs": "30th D\u00e1il",
          "uri": "http://oireachtas.ie/ie/oireachtas/house/dail/30"
        },
        "offices": [],
        "parties": [
          {
            "party": {
              "dateRange": {
                "end": "2011-02-01",
                "start": "2007-05-24"
              },
              "showAs": "Ceann Comhairle",
              "uri": "http://oireachtas.ie/ie/oireachtas/party/dail/30/Ceann_Comhairle"
            }
          }
        ],
        "represents": [
          {
            "represent": {
              "showAs": "Cavan\u2013Monaghan",
              "uri": "http://oireachtas.ie/ie/oireachtas/house/dail/30/constituency/Cavan\u2013Monaghan"
            }
          }
        ],
        "uri": "http://oireachtas.ie/ie/oireachtas/member/Rory-O'Hanlon.D.1977-07-05/dail/30"
      }
    }
  ],
  "profession": "Public Representative and Medical Practitioner",
  "showAs": "Dr. Rory O'Hanlon",
  "uri": "http://oireachtas.ie/ie/oireachtas/member/Rory-O'Hanlon.D.1977-07-05"
}