{
  "dateOfBirth": null,
  "dateOfDeath": null,
  "firstName": "Jim",
  "fullName": "Jim Doolan",
  "gender": null,
  "image": null,
  "lastName": "Doolan",
  "memberships": [
    {
      "membership": {
        "dateRange": {
          "end": "1981-07-16",
          "start": "1980-04-16"
        },
        "house": {
          "showAs": "14th Seanad",
          "uri": "http://oireachtas.ie/ie/oireachtas/house/seanad/14"
        },
        "offices": [],
        "parties": [],
        "represents": [
          {
            "represent": {
              "showAs": "Administrative Panel",
              "uri": "http://oireachtas.ie/ie/oireachtas/house/seanad/14/panel/Administrative-Panel"
            }
          }
        ],
        "uri": "http://oireachtas.ie/ie/oireachtas/member/Jim-Doolan.S.1980-04-16/seanad/14"
      }
    }
  ],
  "profession": "Senator Doolan was a University Professor in University College, Galway (now NUI Galway).",
  "showAs": "Mr. Jim Doolan",
  "uri": "http://oireachtas.ie/ie/oireachtas/member/Jim-Doolan.S.1980-04-16"
}