{
  "dateOfBirth": null,
  "dateOfDeath": null,
  "firstName": "David",
  "fullName": "David Hall",
  "gender": null,
  "image": "http://www.oireachtas.ie//MembersImages/481i.jpg",
  "lastName": "Hall",
  "memberships": [
    {
      "membership": {
        "dateRange": {
          "end": "1927-05-23",
          "start": "1923-09-19"
        },
        "house": {
          "showAs": "4th D\u00e1il",
          "uri": "http://oireachtas.ie/ie/oireachtas/house/dail/4"
        },
        "offices": [],
        "parties": [
          {
            "party": {
              "dateRange": {
                "end": "1927-05-23",
                "start": "1923-08-27"
              },
              "showAs": "Labour Party",
              "uri": "http://oireachtas.ie/ie/oireachtas/party/dail/4/Labour_Party"
            }
          }
        ],
        "represents": [
          {
            "represent": {
              "showAs": "Meath",
              "uri": "http://oireachtas.ie/ie/oireachtas/house/dail/4/constituency/Meath"
            }
          }
        ],
        "uri": "http://oireachtas.ie/ie/oireachtas/member/David-Hall.D.1923-09-19/dail/4"
      }
    },
    {
      "membership": {
        "dateRange": {
          "end": "1927-08-25",
          "start": "1927-06-23"
        },
        "house": {
          "showAs": "5th D\u00e1il",
          "uri": "http://oireachtas.ie/ie/oireachtas/house/dail/5"
        },
        "offices": [],
        "parties": [
          {
            "party": {
              "dateRange": {
                "end": "1927-08-25",
                "start": "1927-06-09"
              },
              "showAs": "Labour Party",
              "uri": "http://oireachtas.ie/ie/oireachtas/party/dail/5/Labour_Party"
            }
          }
        ],
        "represents": [
          {
            "represent": {
              "showAs": "Meath",
              "uri": "http://oireachtas.ie/ie/oireachtas/house/dail/5/constituency/Meath"
            }
          }
        ],
        "uri": "http://oireachtas.ie/ie/oireachtas/member/David-Hall.D.1923-09-19/dail/5"
      }
    }
  ],
  "profession": "Agricultural Worker",
  "showAs": "Mr. David Hall",
  "uri": "http://oireachtas.ie/ie/oireachtas/member/David-Hall.D.1923-09-19"
}