{
  "dateOfBirth": "1935-08-28",
  "dateOfDeath": null,
  "firstName": "Brendan",
  "fullName": "Brendan Griffin",
  "gender": null,
  "image": null,
  "lastName": "Griffin",
  "memberships": [
    {
      "membership": {
        "dateRange": {
          "end": "1977-05-25",
          "start": "1973-03-14"
        },
        "house": {
          "showAs": "20th D\u00e1il",
          "uri": "http://oireachtas.ie/ie/oireachtas/house/dail/20"
        },
        "offices": [],
        "parties": [
          {
            "party": {
              "dateRange": {
                "end": "1977-05-25",
                "start": "1973-02-28"
              },
              "showAs": "Fine Gael",
              "uri": "http://oireachtas.ie/ie/oireachtas/party/dail/20/Fine_Gael"
            }
          }
        ],
        "represents": [
          {
            "represent": {
              "showAs": "Tipperary South",
              "uri": "http://oireachtas.ie/ie/oireachtas/house/dail/20/constituency/Tipperary-South"
            }
          }
        ],
        "uri": "http://oireachtas.ie/ie/oireachtas/member/Brendan-Griffin.D.1973-03-14/dail/20"
      }
    },
    {
      "membership": {
        "dateRange": {
          "end": "1981-05-21",
          "start": "1977-07-05"
        },
        "house": {
          "showAs": "21st D\u00e1il",
          "uri": "http://oireachtas.ie/ie/oireachtas/house/dail/21"
        },
        "offices": [],
        "parties": [
          {
            "party": {
              "dateRange": {
                "end": "1981-05-21",
                "start": "1977-06-16"
              },
              "showAs": "Fine Gael",
              "uri": "http://oireachtas.ie/ie/oireachtas/party/dail/21/Fine_Gael"
            }
          }
        ],
        "represents": [
          {
            "represent": {
              "showAs": "Tipperary South",
              "uri": "http://oireachtas.ie/ie/oireachtas/house/dail/21/constituency/Tipperary-South"
            }
          }
        ],
        "uri": "http://oireachtas.ie/ie/oireachtas/member/Brendan-Griffin.D.1973-03-14/dail/21"
      }
    },
    {
      "membership": {
        "dateRange": {
          "end": "1982-02-27",
          "start": "1981-06-30"
        },
        "house": {
          "showAs": "22nd D\u00e1il",
          "uri": "http://oireachtas.ie/ie/oireachtas/house/dail/22"
        },
        "offices": [],
        "parties": [
          {
            "party": {
              "dateRange": {
                "end": "1982-02-27",
                "start": "1981-06-11"
              },
              "showAs": "Fine Gael",
              "uri": "http://oireachtas.ie/ie/oireachtas/party/dail/22/Fine_Gael"
            }
          }
        ],
        "represents": [
          {
            "represent": {
              "showAs": "Tipperary South",
              "uri": "http://oireachtas.ie/ie/oireachtas/house/dail/22/constituency/Tipperary-South"
            }
          }
        ],
        "uri": "http://oireachtas.ie/ie/oireachtas/member/Brendan-Griffin.D.1973-03-14/dail/22"
      }
    },
    {
      "membership": {
        "dateRange": {
          "end": "1982-11-04",
          "start": "1982-03-09"
        },
        "house": {
          "showAs": "23rd D\u00e1il",
          "uri": "http://oireachtas.ie/ie/oireachtas/house/dail/23"
        },
        "offices": [],
        "parties": [
          {
            "party": {
              "dateRange": {
                "end": "1982-11-04",
                "start": "1982-02-18"
              },
              "showAs": "Fine Gael",
              "uri": "http://oireachtas.ie/ie/oireachtas/party/dail/23/Fine_Gael"
            }
          }
        ],
        "represents": [
          {
            "represent": {
              "showAs": "Tipperary South",
              "uri": "http://oireachtas.ie/ie/oireachtas/house/dail/23/constituency/Tipperary-South"
            }
          }
        ],
        "uri": "http://oireachtas.ie/ie/oireachtas/member/Brendan-Griffin.D.1973-03-14/dail/23"
      }
    },
    {
      "membership": {
        "dateRange": {
          "end": "1987-01-21",
          "start": "1982-12-14"
        },
        "house": {
          "showAs": "24th D\u00e1il",
          "uri": "http://oireachtas.ie/ie/oireachtas/house/dail/24"
        },
        "offices": [],
        "parties": [
          {
            "party": {
              "dateRange": {
                "end": "1987-01-21",
                "start": "1982-11-24"
              },
              "showAs": "Fine Gael",
              "uri": "http://oireachtas.ie/ie/oireachtas/party/dail/24/Fine_Gael"
            }
          }
        ],
        "represents": [
          {
            "represent": {
              "showAs": "Tipperary South",
              "uri": "http://oireachtas.ie/ie/oireachtas/house/dail/24/constituency/Tipperary-South"
            }
          }
        ],
        "uri": "http://oireachtas.ie/ie/oireachtas/member/Brendan-Griffin.D.1973-03-14/dail/24"
      }
    },
    {
      "membership": {
        "dateRange": {
          "end": "1989-05-25",
          "start": "1987-03-10"
        },
        "house": {
          "showAs": "25th D\u00e1il",
          "uri": "http://oireachtas.ie/ie/oireachtas/house/dail/25"
        },
        "offices": [],
        "parties": [
          {
            "party": {
              "dateRange": {
                "end": "1989-05-25",
                "start": "1987-02-17"
              },
              "showAs": "Fine Gael",
              "uri": "http://oireachtas.ie/ie/oireachtas/party/dail/25/Fine_Gael"
            }
          }
        ],
        "represents": [
          {
            "represent": {
              "showAs": "Tipperary South",
              "uri": "http://oireachtas.ie/ie/oireachtas/house/dail/25/constituency/Tipperary-South"
            }
          }
        ],
        "uri": "http://oireachtas.ie/ie/oireachtas/member/Brendan-Griffin.D.1973-03-14/dail/25"
      }
    }
  ],
  "profession": "National Teacher",
  "showAs": "Mr. Brendan Griffin",
  "uri": "http://oireachtas.ie/ie/oireachtas/member/Brendan-Griffin.D.1973-03-14"
}