{
  "dateOfBirth": "1962-06-26",
  "dateOfDeath": null,
  "firstName": "Cyprian",
  "fullName": "Cyprian Brady",
  "gender": null,
  "image": "http://www.oireachtas.ie//MembersImages/1993i.jpg",
  "lastName": "Brady",
  "memberships": [
    {
      "membership": {
        "dateRange": {
          "end": "2007-07-22",
          "start": "2002-09-12"
        },
        "house": {
          "showAs": "22nd Seanad",
          "uri": "http://oireachtas.ie/ie/oireachtas/house/seanad/22"
        },
        "offices": [],
        "parties": [],
        "represents": [
          {
            "represent": {
              "showAs": "Nominated by the Taoiseach",
              "uri": "http://oireachtas.ie/ie/oireachtas/house/seanad/22/panel/Nominated-by-the-Taoiseach"
            }
          }
        ],
        "uri": "http://oireachtas.ie/ie/oireachtas/member/Cyprian-Brady.S.2002-09-12/seanad/22"
      }
    },
    {
      "membership": {
        "dateRange": {
          "end": "2011-02-01",
          "start": "2007-06-14"
        },
        "house": {
          "showAs": "30th D\u00e1il",
          "uri": "http://oireachtas.ie/ie/oireachtas/house/dail/30"
        },
        "offices": [],
        "parties": [
          {
            "party": {
              "dateRange": {
                "end": "2011-02-01",
                "start": "2007-05-24"
              },
              "showAs": "Fianna F\u00e1il",
              "uri": "http://oireachtas.ie/ie/oireachtas/party/dail/30/Fianna_F\u00e1il"
            }
          }
        ],
        "represents": [
          {
            "represent": {
              "showAs": "Dublin Central",
              "uri": "http://oireachtas.ie/ie/oireachtas/house/dail/30/constituency/Dublin-Central"
            }
          }
        ],
        "uri": "http://oireachtas.ie/ie/oireachtas/member/Cyprian-Brady.S.2002-09-12/dail/30"
      }
    }
  ],
  "profession": "Public Representative, former Civil Servant",
  "showAs": "Mr. Cyprian Brady",
  "uri": "http://oireachtas.ie/ie/oireachtas/member/Cyprian-Brady.S.2002-09-12"
}