{
  "dateOfBirth": null,
  "dateOfDeath": null,
  "firstName": "Se\u00e1n",
  "fullName": "Se\u00e1n Sherwin",
  "gender": null,
  "image": null,
  "lastName": "Sherwin",
  "memberships": [
    {
      "membership": {
        "dateRange": {
          "end": "1973-02-05",
          "start": "1970-03-04"
        },
        "house": {
          "showAs": "19th D\u00e1il",
          "uri": "http://oireachtas.ie/ie/oireachtas/house/dail/19"
        },
        "offices": [],
        "parties": [],
        "represents": [
          {
            "represent": {
              "showAs": "Dublin South\u2013West",
              "uri": "http://oireachtas.ie/ie/oireachtas/house/dail/19/constituency/Dublin-South\u2013West"
            }
          }
        ],
        "uri": "http://oireachtas.ie/ie/oireachtas/member/Se\u00e1n-Sherwin.D.1970-03-04/dail/19"
      }
    }
  ],
  "profession": null,
  "showAs": "Mr. Se\u00e1n Sherwin",
  "uri": "http://oireachtas.ie/ie/oireachtas/member/Se\u00e1n-Sherwin.D.1970-03-04"
}