{
  "dateOfBirth": null,
  "dateOfDeath": "1960-09-23",
  "firstName": "Henry Leo",
  "fullName": "Henry Leo Barniville",
  "gender": null,
  "image": null,
  "lastName": "Barniville",
  "memberships": [
    {
      "membership": {
        "dateRange": {
          "end": "1925-12-05",
          "start": "1922-12-06"
        },
        "house": {
          "showAs": "1922 Seanad",
          "uri": "http://oireachtas.ie/ie/oireachtas/house/seanad/1922"
        },
        "offices": [],
        "parties": [],
        "represents": [
          {
            "represent": {
              "showAs": "1922",
              "uri": "http://oireachtas.ie/ie/oireachtas/house/seanad/1922/panel/1922"
            }
          }
        ],
        "uri": "http://oireachtas.ie/ie/oireachtas/member/Henry-Leo-Barniville.S.1922-06-12/seanad/1922"
      }
    },
    {
      "membership": {
        "dateRange": {
          "end": "1928-12-05",
          "start": "1925-12-06"
        },
        "house": {
          "showAs": "1925 Seanad",
          "uri": "http://oireachtas.ie/ie/oireachtas/house/seanad/1925"
        },
        "offices": [],
        "parties": [],
        "represents": [
          {
            "represent": {
              "showAs": "1925",
              "uri": "http://oireachtas.ie/ie/oireachtas/house/seanad/1925/panel/1925"
            }
          }
        ],
        "uri": "http://oireachtas.ie/ie/oireachtas/member/Henry-Leo-Barniville.S.1922-06-12/seanad/1925"
      }
    },
    {
      "membership": {
        "dateRange": {
          "end": "1931-12-05",
          "start": "1928-12-06"
        },
        "house": {
          "showAs": "1928 Seanad",
          "uri": "http://oireachtas.ie/ie/oireachtas/house/seanad/1928"
        },
        "offices": [],
        "parties": [],
        "represents": [
          {
            "represent": {
              "showAs": "1928",
              "uri": "http://oireachtas.ie/ie/oireachtas/house/seanad/1928/panel/1928"
            }
          }
        ],
        "uri": "http://oireachtas.ie/ie/oireachtas/member/Henry-Leo-Barniville.S.1922-06-12/seanad/1928"
      }
    },
    {
      "membership": {
        "dateRange": {
          "end": "1934-12-05",
          "start": "1931-12-06"
        },
        "house": {
          "showAs": "1931 Seanad",
          "uri": "http://oireachtas.ie/ie/oireachtas/house/seanad/1931"
        },
        "offices": [],
        "parties": [],
        "represents": [
          {
            "represent": {
              "showAs": "1931",
              "uri": "http://oireachtas.ie/ie/oireachtas/house/seanad/1931/panel/1931"
            }
          }
        ],
        "uri": "http://oireachtas.ie/ie/oireachtas/member/Henry-Leo-Barniville.S.1922-06-12/seanad/1931"
      }
    },
    {
      "membership": {
        "dateRange": {
          "end": "1936-05-29",
          "start": "1934-12-06"
        },
        "house": {
          "showAs": "1934 Seanad",
          "uri": "http://oireachtas.ie/ie/oireachtas/house/seanad/1934"
        },
        "offices": [],
        "parties": [],
        "represents": [
          {
            "represent": {
              "showAs": "1934",
              "uri": "http://oireachtas.ie/ie/oireachtas/house/seanad/1934/panel/1934"
            }
          }
        ],
        "uri": "http://oireachtas.ie/ie/oireachtas/member/Henry-Leo-Barniville.S.1922-06-12/seanad/1934"
      }
    },
    {
      "membership": {
        "dateRange": {
          "end": "1938-07-22",
          "start": "1938-04-27"
        },
        "house": {
          "showAs": "2nd Seanad",
          "uri": "http://oireachtas.ie/ie/oireachtas/house/seanad/2"
        },
        "offices": [],
        "parties": [],
        "represents": [
          {
            "represent": {
              "showAs": "National University of Ireland",
              "uri": "http://oireachtas.ie/ie/oireachtas/house/seanad/2/panel/National-University-of-Ireland"
            }
          }
        ],
        "uri": "http://oireachtas.ie/ie/oireachtas/member/Henry-Leo-Barniville.S.1922-06-12/seanad/2"
      }
    },
    {
      "membership": {
        "dateRange": {
          "end": "1943-07-14",
          "start": "1938-09-07"
        },
        "house": {
          "showAs": "3rd Seanad",
          "uri": "http://oireachtas.ie/ie/oireachtas/house/seanad/3"
        },
        "offices": [],
        "parties": [],
        "represents": [
          {
            "represent": {
              "showAs": "National University of Ireland",
              "uri": "http://oireachtas.ie/ie/oireachtas/house/seanad/3/panel/National-University-of-Ireland"
            }
          }
        ],
        "uri": "http://oireachtas.ie/ie/oireachtas/member/Henry-Leo-Barniville.S.1922-06-12/seanad/3"
      }
    },
    {
      "membership": {
        "dateRange": {
          "end": "1944-07-05",
          "start": "1943-09-08"
        },
        "house": {
          "showAs": "4th Seanad",
          "uri": "http://oireachtas.ie/ie/oireachtas/house/seanad/4"
        },
        "offices": [],
        "parties": [],
        "represents": [
          {
            "represent": {
              "showAs": "National University of Ireland",
              "uri": "http://oireachtas.ie/ie/oireachtas/house/seanad/4/panel/National-University-of-Ireland"
            }
          }
        ],
        "uri": "http://oireachtas.ie/ie/oireachtas/member/Henry-Leo-Barniville.S.1922-06-12/seanad/4"
      }
    },
    {
      "membership": {
        "dateRange": {
          "end": "1948-03-12",
          "start": "1944-08-18"
        },
        "house": {
          "showAs": "5th Seanad",
          "uri": "http://oireachtas.ie/ie/oireachtas/house/seanad/5"
        },
        "offices": [],
        "parties": [],
        "represents": [
          {
            "represent": {
              "showAs": "National University of Ireland",
              "uri": "http://oireachtas.ie/ie/oireachtas/house/seanad/5/panel/National-University-of-Ireland"
            }
          }
        ],
        "uri": "http://oireachtas.ie/ie/oireachtas/member/Henry-Leo-Barniville.S.1922-06-12/seanad/5"
      }
    },
    {
      "membership": {
        "dateRange": {
          "end": "1951-07-25",
          "start": "1948-04-21"
        },
        "house": {
          "showAs": "6th Seanad",
          "uri": "http://oireachtas.ie/ie/oireachtas/house/seanad/6"
        },
        "offices": [],
        "parties": [],
        "represents": [
          {
            "represent": {
              "showAs": "National University of Ireland",
              "uri": "http://oireachtas.ie/ie/oireachtas/house/seanad/6/panel/National-University-of-Ireland"
            }
          }
        ],
        "uri": "http://oireachtas.ie/ie/oireachtas/member/Henry-Leo-Barniville.S.1922-06-12/seanad/6"
      }
    },
    {
      "membership": {
        "dateRange": {
          "end": "1954-07-07",
          "start": "1951-08-14"
        },
        "house": {
          "showAs": "7th Seanad",
          "uri": "http://oireachtas.ie/ie/oireachtas/house/seanad/7"
        },
        "offices": [],
        "parties": [],
        "represents": [
          {
            "represent": {
              "showAs": "National University of Ireland",
              "uri": "http://oireachtas.ie/ie/oireachtas/house/seanad/7/panel/National-University-of-Ireland"
            }
          }
        ],
        "uri": "http://oireachtas.ie/ie/oireachtas/member/Henry-Leo-Barniville.S.1922-06-12/seanad/7"
      }
    },
    {
      "membership": {
        "dateRange": {
          "end": "1957-03-28",
          "start": "1954-07-22"
        },
        "house": {
          "showAs": "8th Seanad",
          "uri": "http://oireachtas.ie/ie/oireachtas/house/seanad/8"
        },
        "offices": [],
        "parties": [],
        "represents": [
          {
            "represent": {
              "showAs": "National University of Ireland",
              "uri": "http://oireachtas.ie/ie/oireachtas/house/seanad/8/panel/National-University-of-Ireland"
            }
          }
        ],
        "uri": "http://oireachtas.ie/ie/oireachtas/member/Henry-Leo-Barniville.S.1922-06-12/seanad/8"
      }
    },
    {
      "membership": {
        "dateRange": {
          "end": "1960-09-23",
          "start": "1957-05-22"
        },
        "house": {
          "showAs": "9th Seanad",
          "uri": "http://oireachtas.ie/ie/oireachtas/house/seanad/9"
        },
        "offices": [],
        "parties": [],
        "represents": [
          {
            "represent": {
              "showAs": "National University of Ireland",
              "uri": "http://oireachtas.ie/ie/oireachtas/house/seanad/9/panel/National-University-of-Ireland"
            }
          }
        ],
        "uri": "http://oireachtas.ie/ie/oireachtas/member/Henry-Leo-Barniville.S.1922-06-12/seanad/9"
      }
    }
  ],
  "profession": "Surgeon",
  "showAs": "Dr. Henry Leo Barniville",
  "uri": "http://oireachtas.ie/ie/oireachtas/member/Henry-Leo-Barniville.S.1922-06-12"
}