{
  "dateOfBirth": "1904-05-20",
  "dateOfDeath": "1987-07-10",
  "firstName": "Augustine",
  "fullName": "Augustine Healy",
  "gender": null,
  "image": null,
  "lastName": "Healy",
  "memberships": [
    {
      "membership": {
        "dateRange": {
          "end": "1961-09-15",
          "start": "1957-03-20"
        },
        "house": {
          "showAs": "16th D\u00e1il",
          "uri": "http://oireachtas.ie/ie/oireachtas/house/dail/16"
        },
        "offices": [],
        "parties": [
          {
            "party": {
              "dateRange": {
                "end": "1961-09-15",
                "start": "1957-03-05"
              },
              "showAs": "Fianna F\u00e1il",
              "uri": "http://oireachtas.ie/ie/oireachtas/party/dail/16/Fianna_F\u00e1il"
            }
          }
        ],
        "represents": [
          {
            "represent": {
              "showAs": "Cork Borough",
              "uri": "http://oireachtas.ie/ie/oireachtas/house/dail/16/constituency/Cork-Borough"
            }
          }
        ],
        "uri": "http://oireachtas.ie/ie/oireachtas/member/Augustine-Healy.D.1957-03-20/dail/16"
      }
    },
    {
      "membership": {
        "dateRange": {
          "end": "1965-04-28",
          "start": "1961-12-14"
        },
        "house": {
          "showAs": "10th Seanad",
          "uri": "http://oireachtas.ie/ie/oireachtas/house/seanad/10"
        },
        "offices": [],
        "parties": [],
        "represents": [
          {
            "represent": {
              "showAs": "Nominated by the Taoiseach",
              "uri": "http://oireachtas.ie/ie/oireachtas/house/seanad/10/panel/Nominated-by-the-Taoiseach"
            }
          }
        ],
        "uri": "http://oireachtas.ie/ie/oireachtas/member/Augustine-Healy.D.1957-03-20/seanad/10"
      }
    },
    {
      "membership": {
        "dateRange": {
          "end": "1969-05-22",
          "start": "1965-04-21"
        },
        "house": {
          "showAs": "18th D\u00e1il",
          "uri": "http://oireachtas.ie/ie/oireachtas/house/dail/18"
        },
        "offices": [],
        "parties": [
          {
            "party": {
              "dateRange": {
                "end": "1969-05-22",
                "start": "1965-04-07"
              },
              "showAs": "Fianna F\u00e1il",
              "uri": "http://oireachtas.ie/ie/oireachtas/party/dail/18/Fianna_F\u00e1il"
            }
          }
        ],
        "represents": [
          {
            "represent": {
              "showAs": "Cork Borough",
              "uri": "http://oireachtas.ie/ie/oireachtas/house/dail/18/constituency/Cork-Borough"
            }
          }
        ],
        "uri": "http://oireachtas.ie/ie/oireachtas/member/Augustine-Healy.D.1957-03-20/dail/18"
      }
    },
    {
      "membership": {
        "dateRange": {
          "end": "1973-02-05",
          "start": "1969-07-02"
        },
        "house": {
          "showAs": "19th D\u00e1il",
          "uri": "http://oireachtas.ie/ie/oireachtas/house/dail/19"
        },
        "offices": [],
        "parties": [
          {
            "party": {
              "dateRange": {
                "end": "1973-02-05",
                "start": "1969-06-18"
              },
              "showAs": "Fianna F\u00e1il",
              "uri": "http://oireachtas.ie/ie/oireachtas/party/dail/19/Fianna_F\u00e1il"
            }
          }
        ],
        "represents": [
          {
            "represent": {
              "showAs": "Cork City South\u2013East",
              "uri": "http://oireachtas.ie/ie/oireachtas/house/dail/19/constituency/Cork-City-South\u2013East"
            }
          }
        ],
        "uri": "http://oireachtas.ie/ie/oireachtas/member/Augustine-Healy.D.1957-03-20/dail/19"
      }
    },
    {
      "membership": {
        "dateRange": {
          "end": "1977-05-25",
          "start": "1973-03-14"
        },
        "house": {
          "showAs": "20th D\u00e1il",
          "uri": "http://oireachtas.ie/ie/oireachtas/house/dail/20"
        },
        "offices": [],
        "parties": [
          {
            "party": {
              "dateRange": {
                "end": "1977-05-25",
                "start": "1973-02-28"
              },
              "showAs": "Fianna F\u00e1il",
              "uri": "http://oireachtas.ie/ie/oireachtas/party/dail/20/Fianna_F\u00e1il"
            }
          }
        ],
        "represents": [
          {
            "represent": {
              "showAs": "Cork City South\u2013East",
              "uri": "http://oireachtas.ie/ie/oireachtas/house/dail/20/constituency/Cork-City-South\u2013East"
            }
          }
        ],
        "uri": "http://oireachtas.ie/ie/oireachtas/member/Augustine-Healy.D.1957-03-20/dail/20"
      }
    }
  ],
  "profession": "Dental Laboratory Proprietor",
  "showAs": "Augustine A. (Gus) Healy",
  "uri": "http://oireachtas.ie/ie/oireachtas/member/Augustine-Healy.D.1957-03-20"
}