{
  "dateOfBirth": null,
  "dateOfDeath": "1955-07-31",
  "firstName": "David John",
  "fullName": "David John Madden",
  "gender": null,
  "image": null,
  "lastName": "Madden",
  "memberships": [
    {
      "membership": {
        "dateRange": {
          "end": "1938-07-22",
          "start": "1938-04-27"
        },
        "house": {
          "showAs": "2nd Seanad",
          "uri": "http://oireachtas.ie/ie/oireachtas/house/seanad/2"
        },
        "offices": [],
        "parties": [],
        "represents": [
          {
            "represent": {
              "showAs": "Industrial and Commercial Panel",
              "uri": "http://oireachtas.ie/ie/oireachtas/house/seanad/2/panel/Industrial-and-Commercial-Panel"
            }
          }
        ],
        "uri": "http://oireachtas.ie/ie/oireachtas/member/David-John-Madden.S.1938-04-27/seanad/2"
      }
    },
    {
      "membership": {
        "dateRange": {
          "end": "1943-07-14",
          "start": "1938-09-07"
        },
        "house": {
          "showAs": "3rd Seanad",
          "uri": "http://oireachtas.ie/ie/oireachtas/house/seanad/3"
        },
        "offices": [],
        "parties": [],
        "represents": [
          {
            "represent": {
              "showAs": "Industrial and Commercial Panel",
              "uri": "http://oireachtas.ie/ie/oireachtas/house/seanad/3/panel/Industrial-and-Commercial-Panel"
            }
          }
        ],
        "uri": "http://oireachtas.ie/ie/oireachtas/member/David-John-Madden.S.1938-04-27/seanad/3"
      }
    },
    {
      "membership": {
        "dateRange": {
          "end": "1944-07-05",
          "start": "1943-09-08"
        },
        "house": {
          "showAs": "4th Seanad",
          "uri": "http://oireachtas.ie/ie/oireachtas/house/seanad/4"
        },
        "offices": [],
        "parties": [],
        "represents": [
          {
            "represent": {
              "showAs": "Industrial and Commercial Panel",
              "uri": "http://oireachtas.ie/ie/oireachtas/house/seanad/4/panel/Industrial-and-Commercial-Panel"
            }
          }
        ],
        "uri": "http://oireachtas.ie/ie/oireachtas/member/David-John-Madden.S.1938-04-27/seanad/4"
      }
    },
    {
      "membership": {
        "dateRange": {
          "end": "1948-03-12",
          "start": "1944-08-18"
        },
        "house": {
          "showAs": "5th Seanad",
          "uri": "http://oireachtas.ie/ie/oireachtas/house/seanad/5"
        },
        "offices": [],
        "parties": [],
        "represents": [
          {
            "represent": {
              "showAs": "Industrial and Commercial Panel",
              "uri": "http://oireachtas.ie/ie/oireachtas/house/seanad/5/panel/Industrial-and-Commercial-Panel"
            }
          }
        ],
        "uri": "http://oireachtas.ie/ie/oireachtas/member/David-John-Madden.S.1938-04-27/seanad/5"
      }
    },
    {
      "membership": {
        "dateRange": {
          "end": "1951-05-07",
          "start": "1948-02-18"
        },
        "house": {
          "showAs": "13th D\u00e1il",
          "uri": "http://oireachtas.ie/ie/oireachtas/house/dail/13"
        },
        "offices": [],
        "parties": [
          {
            "party": {
              "dateRange": {
                "end": "1951-05-07",
                "start": "1948-02-04"
              },
              "showAs": "Fine Gael",
              "uri": "http://oireachtas.ie/ie/oireachtas/party/dail/13/Fine_Gael"
            }
          }
        ],
        "represents": [
          {
            "represent": {
              "showAs": "Limerick West",
              "uri": "http://oireachtas.ie/ie/oireachtas/house/dail/13/constituency/Limerick-West"
            }
          }
        ],
        "uri": "http://oireachtas.ie/ie/oireachtas/member/David-John-Madden.S.1938-04-27/dail/13"
      }
    },
    {
      "membership": {
        "dateRange": {
          "end": "1954-04-24",
          "start": "1951-06-13"
        },
        "house": {
          "showAs": "14th D\u00e1il",
          "uri": "http://oireachtas.ie/ie/oireachtas/house/dail/14"
        },
        "offices": [],
        "parties": [
          {
            "party": {
              "dateRange": {
                "end": "1954-04-24",
                "start": "1951-05-30"
              },
              "showAs": "Fine Gael",
              "uri": "http://oireachtas.ie/ie/oireachtas/party/dail/14/Fine_Gael"
            }
          }
        ],
        "represents": [
          {
            "represent": {
              "showAs": "Limerick West",
              "uri": "http://oireachtas.ie/ie/oireachtas/house/dail/14/constituency/Limerick-West"
            }
          }
        ],
        "uri": "http://oireachtas.ie/ie/oireachtas/member/David-John-Madden.S.1938-04-27/dail/14"
      }
    },
    {
      "membership": {
        "dateRange": {
          "end": "1955-07-31",
          "start": "1954-06-02"
        },
        "house": {
          "showAs": "15th D\u00e1il",
          "uri": "http://oireachtas.ie/ie/oireachtas/house/dail/15"
        },
        "offices": [],
        "parties": [
          {
            "party": {
              "dateRange": {
                "end": "1955-07-31",
                "start": "1954-05-18"
              },
              "showAs": "Fine Gael",
              "uri": "http://oireachtas.ie/ie/oireachtas/party/dail/15/Fine_Gael"
            }
          }
        ],
        "represents": [
          {
            "represent": {
              "showAs": "Limerick West",
              "uri": "http://oireachtas.ie/ie/oireachtas/house/dail/15/constituency/Limerick-West"
            }
          }
        ],
        "uri": "http://oireachtas.ie/ie/oireachtas/member/David-John-Madden.S.1938-04-27/dail/15"
      }
    }
  ],
  "profession": "Farmer and Auctioneer",
  "showAs": "Mr. David John Madden",
  "uri": "http://oireachtas.ie/ie/oireachtas/member/David-John-Madden.S.1938-04-27"
}