{
  "dateOfBirth": "1968-09-05",
  "dateOfDeath": null,
  "firstName": "Tom",
  "fullName": "Tom Sheahan",
  "gender": null,
  "image": "http://www.oireachtas.ie//MembersImages/2195r.jpg",
  "lastName": "Sheahan",
  "memberships": [
    {
      "membership": {
        "dateRange": {
          "end": "2011-02-01",
          "start": "2007-06-14"
        },
        "house": {
          "showAs": "30th D\u00e1il",
          "uri": "http://oireachtas.ie/ie/oireachtas/house/dail/30"
        },
        "offices": [],
        "parties": [
          {
            "party": {
              "dateRange": {
                "end": "2011-02-01",
                "start": "2007-05-24"
              },
              "showAs": "Fine Gael",
              "uri": "http://oireachtas.ie/ie/oireachtas/party/dail/30/Fine_Gael"
            }
          }
        ],
        "represents": [
          {
            "represent": {
              "showAs": "Kerry South",
              "uri": "http://oireachtas.ie/ie/oireachtas/house/dail/30/constituency/Kerry-South"
            }
          }
        ],
        "uri": "http://oireachtas.ie/ie/oireachtas/member/Tom-Sheahan.D.2007-06-14/dail/30"
      }
    },
    {
      "membership": {
        "dateRange": {
          "end": "2016-06-07",
          "start": "2011-05-25"
        },
        "house": {
          "showAs": "24th Seanad",
          "uri": "http://oireachtas.ie/ie/oireachtas/house/seanad/24"
        },
        "offices": [],
        "parties": [],
        "represents": [
          {
            "represent": {
              "showAs": "Administrative Panel",
              "uri": "http://oireachtas.ie/ie/oireachtas/house/seanad/24/panel/Administrative-Panel"
            }
          }
        ],
        "uri": "http://oireachtas.ie/ie/oireachtas/member/Tom-Sheahan.D.2007-06-14/seanad/24"
      }
    }
  ],
  "profession": "Public representative and Businessman",
  "showAs": "Mr. Tom Sheahan",
  "uri": "http://oireachtas.ie/ie/oireachtas/member/Tom-Sheahan.D.2007-06-14"
}