{
  "dateOfBirth": "1924-01-25",
  "dateOfDeath": "2010-02-04",
  "firstName": "Tom\u00e1s",
  "fullName": "Tom\u00e1s MacGiolla",
  "gender": null,
  "image": null,
  "lastName": "MacGiolla",
  "memberships": [
    {
      "membership": {
        "dateRange": {
          "end": "1987-01-21",
          "start": "1982-12-14"
        },
        "house": {
          "showAs": "24th D\u00e1il",
          "uri": "http://oireachtas.ie/ie/oireachtas/house/dail/24"
        },
        "offices": [],
        "parties": [
          {
            "party": {
              "dateRange": {
                "end": "1987-01-21",
                "start": "1982-11-24"
              },
              "showAs": "Workers Party",
              "uri": "http://oireachtas.ie/ie/oireachtas/party/dail/24/Workers_Party"
            }
          }
        ],
        "represents": [
          {
            "represent": {
              "showAs": "Dublin West",
              "uri": "http://oireachtas.ie/ie/oireachtas/house/dail/24/constituency/Dublin-West"
            }
          }
        ],
        "uri": "http://oireachtas.ie/ie/oireachtas/member/Tom\u00e1s-MacGiolla.D.1982-12-14/dail/24"
      }
    },
    {
      "membership": {
        "dateRange": {
          "end": "1989-05-25",
          "start": "1987-03-10"
        },
        "house": {
          "showAs": "25th D\u00e1il",
          "uri": "http://oireachtas.ie/ie/oireachtas/house/dail/25"
        },
        "offices": [],
        "parties": [
          {
            "party": {
              "dateRange": {
                "end": "1989-05-25",
                "start": "1987-02-17"
              },
              "showAs": "Workers Party",
              "uri": "http://oireachtas.ie/ie/oireachtas/party/dail/25/Workers_Party"
            }
          }
        ],
        "represents": [
          {
            "represent": {
              "showAs": "Dublin West",
              "uri": "http://oireachtas.ie/ie/oireachtas/house/dail/25/constituency/Dublin-West"
            }
          }
        ],
        "uri": "http://oireachtas.ie/ie/oireachtas/member/Tom\u00e1s-MacGiolla.D.1982-12-14/dail/25"
      }
    },
    {
      "membership": {
        "dateRange": {
          "end": "1992-11-05",
          "start": "1989-06-29"
        },
        "house": {
          "showAs": "26th D\u00e1il",
          "uri": "http://oireachtas.ie/ie/oireachtas/house/dail/26"
        },
        "offices": [],
        "parties": [
          {
            "party": {
              "dateRange": {
                "end": "1992-11-05",
                "start": "1989-06-15"
              },
              "showAs": "Workers Party",
              "uri": "http://oireachtas.ie/ie/oireachtas/party/dail/26/Workers_Party"
            }
          }
        ],
        "represents": [
          {
            "represent": {
              "showAs": "Dublin West",
              "uri": "http://oireachtas.ie/ie/oireachtas/house/dail/26/constituency/Dublin-West"
            }
          }
        ],
        "uri": "http://oireachtas.ie/ie/oireachtas/member/Tom\u00e1s-MacGiolla.D.1982-12-14/dail/26"
      }
    }
  ],
  "profession": "Formerly Revenue Accountant with the E.S.B.",
  "showAs": "Mr. Tom\u00e1s Mac Giolla",
  "uri": "http://oireachtas.ie/ie/oireachtas/member/Tom\u00e1s-MacGiolla.D.1982-12-14"
}