{
  "dateOfBirth": "1943-01-27",
  "dateOfDeath": null,
  "firstName": "Se\u00e1n",
  "fullName": "Se\u00e1n Ryan",
  "gender": null,
  "image": "http://www.oireachtas.ie//MembersImages/1753.jpg",
  "lastName": "Ryan",
  "memberships": [
    {
      "membership": {
        "dateRange": {
          "end": "1992-11-05",
          "start": "1989-06-29"
        },
        "house": {
          "showAs": "26th D\u00e1il",
          "uri": "http://oireachtas.ie/ie/oireachtas/house/dail/26"
        },
        "offices": [],
        "parties": [
          {
            "party": {
              "dateRange": {
                "end": "1992-11-05",
                "start": "1989-06-15"
              },
              "showAs": "Labour Party",
              "uri": "http://oireachtas.ie/ie/oireachtas/party/dail/26/Labour_Party"
            }
          }
        ],
        "represents": [
          {
            "represent": {
              "showAs": "Dublin North",
              "uri": "http://oireachtas.ie/ie/oireachtas/house/dail/26/constituency/Dublin-North"
            }
          }
        ],
        "uri": "http://oireachtas.ie/ie/oireachtas/member/Se\u00e1n-Ryan.D.1989-06-29/dail/26"
      }
    },
    {
      "membership": {
        "dateRange": {
          "end": "1997-05-15",
          "start": "1992-12-14"
        },
        "house": {
          "showAs": "27th D\u00e1il",
          "uri": "http://oireachtas.ie/ie/oireachtas/house/dail/27"
        },
        "offices": [],
        "parties": [
          {
            "party": {
              "dateRange": {
                "end": "1997-05-15",
                "start": "1992-11-25"
              },
              "showAs": "Labour Party",
              "uri": "http://oireachtas.ie/ie/oireachtas/party/dail/27/Labour_Party"
            }
          }
        ],
        "represents": [
          {
            "represent": {
              "showAs": "Dublin North",
              "uri": "http://oireachtas.ie/ie/oireachtas/house/dail/27/constituency/Dublin-North"
            }
          }
        ],
        "uri": "http://oireachtas.ie/ie/oireachtas/member/Se\u00e1n-Ryan.D.1989-06-29/dail/27"
      }
    },
    {
      "membership": {
        "dateRange": {
          "end": "2002-06-26",
          "start": "1997-09-17"
        },
        "house": {
          "showAs": "21st Seanad",
          "uri": "http://oireachtas.ie/ie/oireachtas/house/seanad/21"
        },
        "offices": [],
        "parties": [],
        "represents": [
          {
            "represent": {
              "showAs": "Labour Panel",
              "uri": "http://oireachtas.ie/ie/oireachtas/house/seanad/21/panel/Labour-Panel"
            }
          }
        ],
        "uri": "http://oireachtas.ie/ie/oireachtas/member/Se\u00e1n-Ryan.D.1989-06-29/seanad/21"
      }
    },
    {
      "membership": {
        "dateRange": {
          "end": "2002-04-25",
          "start": "1998-03-11"
        },
        "house": {
          "showAs": "28th D\u00e1il",
          "uri": "http://oireachtas.ie/ie/oireachtas/house/dail/28"
        },
        "offices": [],
        "parties": [],
        "represents": [
          {
            "represent": {
              "showAs": "Dublin North",
              "uri": "http://oireachtas.ie/ie/oireachtas/house/dail/28/constituency/Dublin-North"
            }
          }
        ],
        "uri": "http://oireachtas.ie/ie/oireachtas/member/Se\u00e1n-Ryan.D.1989-06-29/dail/28"
      }
    },
    {
      "membership": {
        "dateRange": {
          "end": "2007-04-30",
          "start": "2002-06-06"
        },
        "house": {
          "showAs": "29th D\u00e1il",
          "uri": "http://oireachtas.ie/ie/oireachtas/house/dail/29"
        },
        "offices": [],
        "parties": [
          {
            "party": {
              "dateRange": {
                "end": "2007-04-30",
                "start": "2002-05-17"
              },
              "showAs": "Labour Party",
              "uri": "http://oireachtas.ie/ie/oireachtas/party/dail/29/Labour_Party"
            }
          }
        ],
        "represents": [
          {
            "represent": {
              "showAs": "Dublin North",
              "uri": "http://oireachtas.ie/ie/oireachtas/house/dail/29/constituency/Dublin-North"
            }
          }
        ],
        "uri": "http://oireachtas.ie/ie/oireachtas/member/Se\u00e1n-Ryan.D.1989-06-29/dail/29"
      }
    }
  ],
  "profession": "Formerly CI\u00c9 Production Controller",
  "showAs": "Mr. Sean Ryan",
  "uri": "http://oireachtas.ie/ie/oireachtas/member/Se\u00e1n-Ryan.D.1989-06-29"
}