{
  "dateOfBirth": "1925-09-15",
  "dateOfDeath": "1990-10-19",
  "firstName": "Jeremiah",
  "fullName": "Jeremiah Cronin",
  "gender": null,
  "image": null,
  "lastName": "Cronin",
  "memberships": [
    {
      "membership": {
        "dateRange": {
          "end": "1969-05-22",
          "start": "1965-04-21"
        },
        "house": {
          "showAs": "18th D\u00e1il",
          "uri": "http://oireachtas.ie/ie/oireachtas/house/dail/18"
        },
        "offices": [],
        "parties": [
          {
            "party": {
              "dateRange": {
                "end": "1969-05-22",
                "start": "1965-04-07"
              },
              "showAs": "Fianna F\u00e1il",
              "uri": "http://oireachtas.ie/ie/oireachtas/party/dail/18/Fianna_F\u00e1il"
            }
          }
        ],
        "represents": [
          {
            "represent": {
              "showAs": "Cork North\u2013East",
              "uri": "http://oireachtas.ie/ie/oireachtas/house/dail/18/constituency/Cork-North\u2013East"
            }
          }
        ],
        "uri": "http://oireachtas.ie/ie/oireachtas/member/Jeremiah-Cronin.D.1965-04-21/dail/18"
      }
    },
    {
      "membership": {
        "dateRange": {
          "end": "1973-02-05",
          "start": "1969-07-02"
        },
        "house": {
          "showAs": "19th D\u00e1il",
          "uri": "http://oireachtas.ie/ie/oireachtas/house/dail/19"
        },
        "offices": [
          {
            "office": {
              "cabinet": {
                "showAs": "Government of the 19th D\u00e1il",
                "uri": "http://oireachtas.ie/ie/oireachtas/cabinet/dail/19"
              },
              "dateRange": {
                "end": "1973-03-14",
                "start": "1970-05-09"
              },
              "officeName": {
                "showAs": "Minister for Defence",
                "uri": "http://oireachtas.ie/ie/oireachtas/office/minister/defence"
              }
            }
          }
        ],
        "parties": [
          {
            "party": {
              "dateRange": {
                "end": "1973-02-05",
                "start": "1969-06-18"
              },
              "showAs": "Fianna F\u00e1il",
              "uri": "http://oireachtas.ie/ie/oireachtas/party/dail/19/Fianna_F\u00e1il"
            }
          }
        ],
        "represents": [
          {
            "represent": {
              "showAs": "Cork North\u2013East",
              "uri": "http://oireachtas.ie/ie/oireachtas/house/dail/19/constituency/Cork-North\u2013East"
            }
          }
        ],
        "uri": "http://oireachtas.ie/ie/oireachtas/member/Jeremiah-Cronin.D.1965-04-21/dail/19"
      }
    },
    {
      "membership": {
        "dateRange": {
          "end": "1977-05-25",
          "start": "1973-03-14"
        },
        "house": {
          "showAs": "20th D\u00e1il",
          "uri": "http://oireachtas.ie/ie/oireachtas/house/dail/20"
        },
        "offices": [],
        "parties": [
          {
            "party": {
              "dateRange": {
                "end": "1977-05-25",
                "start": "1973-02-28"
              },
              "showAs": "Fianna F\u00e1il",
              "uri": "http://oireachtas.ie/ie/oireachtas/party/dail/20/Fianna_F\u00e1il"
            }
          }
        ],
        "represents": [
          {
            "represent": {
              "showAs": "Cork North\u2013East",
              "uri": "http://oireachtas.ie/ie/oireachtas/house/dail/20/constituency/Cork-North\u2013East"
            }
          }
        ],
        "uri": "http://oireachtas.ie/ie/oireachtas/member/Jeremiah-Cronin.D.1965-04-21/dail/20"
      }
    },
    {
      "membership": {
        "dateRange": {
          "end": "1981-05-21",
          "start": "1977-07-05"
        },
        "house": {
          "showAs": "21st D\u00e1il",
          "uri": "http://oireachtas.ie/ie/oireachtas/house/dail/21"
        },
        "offices": [],
        "parties": [
          {
            "party": {
              "dateRange": {
                "end": "1981-05-21",
                "start": "1977-06-16"
              },
              "showAs": "Fianna F\u00e1il",
              "uri": "http://oireachtas.ie/ie/oireachtas/party/dail/21/Fianna_F\u00e1il"
            }
          }
        ],
        "represents": [
          {
            "represent": {
              "showAs": "Cork North\u2013East",
              "uri": "http://oireachtas.ie/ie/oireachtas/house/dail/21/constituency/Cork-North\u2013East"
            }
          }
        ],
        "uri": "http://oireachtas.ie/ie/oireachtas/member/Jeremiah-Cronin.D.1965-04-21/dail/21"
      }
    }
  ],
  "profession": "Secretary, Irish Sugar Beet Growers' Association",
  "showAs": "Mr. Jeremiah Cronin",
  "uri": "http://oireachtas.ie/ie/oireachtas/member/Jeremiah-Cronin.D.1965-04-21"
}