{
  "dateOfBirth": "1924-05-30",
  "dateOfDeath": "2004-03-05",
  "firstName": "Thomas",
  "fullName": "Thomas Leonard",
  "gender": null,
  "image": null,
  "lastName": "Leonard",
  "memberships": [
    {
      "membership": {
        "dateRange": {
          "end": "1981-05-21",
          "start": "1977-07-05"
        },
        "house": {
          "showAs": "21st D\u00e1il",
          "uri": "http://oireachtas.ie/ie/oireachtas/house/dail/21"
        },
        "offices": [],
        "parties": [
          {
            "party": {
              "dateRange": {
                "end": "1981-05-21",
                "start": "1977-06-16"
              },
              "showAs": "Fianna F\u00e1il",
              "uri": "http://oireachtas.ie/ie/oireachtas/party/dail/21/Fianna_F\u00e1il"
            }
          }
        ],
        "represents": [
          {
            "represent": {
              "showAs": "Dublin Cabra",
              "uri": "http://oireachtas.ie/ie/oireachtas/house/dail/21/constituency/Dublin-Cabra"
            }
          }
        ],
        "uri": "http://oireachtas.ie/ie/oireachtas/member/Thomas-Leonard.D.1977-07-05/dail/21"
      }
    },
    {
      "membership": {
        "dateRange": {
          "end": "1987-01-21",
          "start": "1983-11-23"
        },
        "house": {
          "showAs": "24th D\u00e1il",
          "uri": "http://oireachtas.ie/ie/oireachtas/house/dail/24"
        },
        "offices": [],
        "parties": [],
        "represents": [
          {
            "represent": {
              "showAs": "Dublin Central",
              "uri": "http://oireachtas.ie/ie/oireachtas/house/dail/24/constituency/Dublin-Central"
            }
          }
        ],
        "uri": "http://oireachtas.ie/ie/oireachtas/member/Thomas-Leonard.D.1977-07-05/dail/24"
      }
    }
  ],
  "profession": "Auctioneer",
  "showAs": "Mr. Thomas Leonard",
  "uri": "http://oireachtas.ie/ie/oireachtas/member/Thomas-Leonard.D.1977-07-05"
}