{
  "dateOfBirth": "1892-01-20",
  "dateOfDeath": "1973-04-14",
  "firstName": "Laurence",
  "fullName": "Laurence Brady",
  "gender": null,
  "image": null,
  "lastName": "Brady",
  "memberships": [
    {
      "membership": {
        "dateRange": {
          "end": "1927-05-23",
          "start": "1923-09-19"
        },
        "house": {
          "showAs": "4th D\u00e1il",
          "uri": "http://oireachtas.ie/ie/oireachtas/house/dail/4"
        },
        "offices": [],
        "parties": [
          {
            "party": {
              "dateRange": {
                "end": "1927-05-23",
                "start": "1923-08-27"
              },
              "showAs": "Republican",
              "uri": "http://oireachtas.ie/ie/oireachtas/party/dail/4/Republican"
            }
          }
        ],
        "represents": [
          {
            "represent": {
              "showAs": "Leix\u2013Offaly",
              "uri": "http://oireachtas.ie/ie/oireachtas/house/dail/4/constituency/Leix\u2013Offaly"
            }
          }
        ],
        "uri": "http://oireachtas.ie/ie/oireachtas/member/Laurence-Brady.D.1923-09-19/dail/4"
      }
    }
  ],
  "profession": null,
  "showAs": "Mr. Laurence Brady",
  "uri": "http://oireachtas.ie/ie/oireachtas/member/Laurence-Brady.D.1923-09-19"
}