{
  "dateOfBirth": null,
  "dateOfDeath": "1972-02-23",
  "firstName": "James",
  "fullName": "James Dunne",
  "gender": null,
  "image": null,
  "lastName": "Dunne",
  "memberships": [
    {
      "membership": {
        "dateRange": {
          "end": "1972-02-23",
          "start": "1969-11-05"
        },
        "house": {
          "showAs": "12th Seanad",
          "uri": "http://oireachtas.ie/ie/oireachtas/house/seanad/12"
        },
        "offices": [],
        "parties": [],
        "represents": [
          {
            "represent": {
              "showAs": "Labour Panel",
              "uri": "http://oireachtas.ie/ie/oireachtas/house/seanad/12/panel/Labour-Panel"
            }
          }
        ],
        "uri": "http://oireachtas.ie/ie/oireachtas/member/James-Dunne.S.1970-02-24/seanad/12"
      }
    }
  ],
  "profession": "General Secretary, Marine Port and General Workers Union",
  "showAs": "Mr. James Dunne",
  "uri": "http://oireachtas.ie/ie/oireachtas/member/James-Dunne.S.1970-02-24"
}