{
  "dateOfBirth": "1944-01-05",
  "dateOfDeath": "2014-03-13",
  "firstName": "Edward",
  "fullName": "Edward Haughey",
  "gender": null,
  "image": "/MembersImages/1930.jpg",
  "lastName": "Haughey",
  "memberships": [
    {
      "membership": {
        "dateRange": {
          "end": "1997-07-10",
          "start": "1994-12-13"
        },
        "house": {
          "showAs": "20th Seanad",
          "uri": "http://oireachtas.ie/ie/oireachtas/house/seanad/20"
        },
        "offices": [],
        "parties": [],
        "represents": [
          {
            "represent": {
              "showAs": "Nominated by the Taoiseach",
              "uri": "http://oireachtas.ie/ie/oireachtas/house/seanad/20/panel/Nominated-by-the-Taoiseach"
            }
          }
        ],
        "uri": "http://oireachtas.ie/ie/oireachtas/member/Edward-Haughey.S.1994-12-13/seanad/20"
      }
    },
    {
      "membership": {
        "dateRange": {
          "end": "2002-06-26",
          "start": "1997-09-17"
        },
        "house": {
          "showAs": "21st Seanad",
          "uri": "http://oireachtas.ie/ie/oireachtas/house/seanad/21"
        },
        "offices": [],
        "parties": [],
        "represents": [
          {
            "represent": {
              "showAs": "Nominated by the Taoiseach",
              "uri": "http://oireachtas.ie/ie/oireachtas/house/seanad/21/panel/Nominated-by-the-Taoiseach"
            }
          }
        ],
        "uri": "http://oireachtas.ie/ie/oireachtas/member/Edward-Haughey.S.1994-12-13/seanad/21"
      }
    }
  ],
  "profession": null,
  "showAs": "Dr. Edward Haughey",
  "uri": "http://oireachtas.ie/ie/oireachtas/member/Edward-Haughey.S.1994-12-13"
}