{
  "dateOfBirth": null,
  "dateOfDeath": "1945-01-01",
  "firstName": "David Leo",
  "fullName": "David Leo O'Gorman",
  "gender": null,
  "image": null,
  "lastName": "O'Gorman",
  "memberships": [
    {
      "membership": {
        "dateRange": {
          "end": "1927-08-25",
          "start": "1927-06-23"
        },
        "house": {
          "showAs": "5th D\u00e1il",
          "uri": "http://oireachtas.ie/ie/oireachtas/house/dail/5"
        },
        "offices": [],
        "parties": [
          {
            "party": {
              "dateRange": {
                "end": "1927-08-25",
                "start": "1927-06-09"
              },
              "showAs": "Farmers Party",
              "uri": "http://oireachtas.ie/ie/oireachtas/party/dail/5/Farmers_Party"
            }
          }
        ],
        "represents": [
          {
            "represent": {
              "showAs": "Cork East",
              "uri": "http://oireachtas.ie/ie/oireachtas/house/dail/5/constituency/Cork-East"
            }
          }
        ],
        "uri": "http://oireachtas.ie/ie/oireachtas/member/David-Leo-O'Gorman.D.1927-06-23/dail/5"
      }
    }
  ],
  "profession": null,
  "showAs": "Mr. David Leo O'Gorman",
  "uri": "http://oireachtas.ie/ie/oireachtas/member/David-Leo-O'Gorman.D.1927-06-23"
}