{
  "dateOfBirth": null,
  "dateOfDeath": null,
  "firstName": "Michael",
  "fullName": "Michael Fitzmaurice",
  "gender": null,
  "image": "/MembersImages/2400u.jpg",
  "lastName": "Fitzmaurice",
  "memberships": [
    {
      "membership": {
        "dateRange": {
          "end": "2016-03-09",
          "start": "2014-10-10"
        },
        "house": {
          "showAs": "31st D\u00e1il",
          "uri": "http://oireachtas.ie/ie/oireachtas/house/dail/31"
        },
        "offices": [],
        "parties": [],
        "represents": [
          {
            "represent": {
              "showAs": "Roscommon\u2013South Leitrim",
              "uri": "http://oireachtas.ie/ie/oireachtas/house/dail/31/constituency/Roscommon\u2013South-Leitrim"
            }
          }
        ],
        "uri": "http://oireachtas.ie/ie/oireachtas/member/Michael-Fitzmaurice.D.2014-10-10/dail/31"
      }
    }
  ],
  "profession": null,
  "showAs": "Mr. Michael Fitzmaurice",
  "uri": "http://oireachtas.ie/ie/oireachtas/member/Michael-Fitzmaurice.D.2014-10-10"
}