{
  "dateOfBirth": null,
  "dateOfDeath": "1966-08-01",
  "firstName": "Martin M.",
  "fullName": "Martin M. Nally",
  "gender": null,
  "image": null,
  "lastName": "Nally",
  "memberships": [
    {
      "membership": {
        "dateRange": {
          "end": "1927-05-23",
          "start": "1923-09-19"
        },
        "house": {
          "showAs": "4th D\u00e1il",
          "uri": "http://oireachtas.ie/ie/oireachtas/house/dail/4"
        },
        "offices": [],
        "parties": [
          {
            "party": {
              "dateRange": {
                "end": "1927-05-23",
                "start": "1923-08-27"
              },
              "showAs": "Cumann na nGaedheal",
              "uri": "http://oireachtas.ie/ie/oireachtas/party/dail/4/Cumann_na_nGaedheal"
            }
          }
        ],
        "represents": [
          {
            "represent": {
              "showAs": "Mayo South",
              "uri": "http://oireachtas.ie/ie/oireachtas/house/dail/4/constituency/Mayo-South"
            }
          }
        ],
        "uri": "http://oireachtas.ie/ie/oireachtas/member/Martin-M-Nally.D.1923-09-19/dail/4"
      }
    },
    {
      "membership": {
        "dateRange": {
          "end": "1927-08-25",
          "start": "1927-06-23"
        },
        "house": {
          "showAs": "5th D\u00e1il",
          "uri": "http://oireachtas.ie/ie/oireachtas/house/dail/5"
        },
        "offices": [],
        "parties": [
          {
            "party": {
              "dateRange": {
                "end": "1927-08-25",
                "start": "1927-06-09"
              },
              "showAs": "Cumann na nGaedheal",
              "uri": "http://oireachtas.ie/ie/oireachtas/party/dail/5/Cumann_na_nGaedheal"
            }
          }
        ],
        "represents": [
          {
            "represent": {
              "showAs": "Mayo South",
              "uri": "http://oireachtas.ie/ie/oireachtas/house/dail/5/constituency/Mayo-South"
            }
          }
        ],
        "uri": "http://oireachtas.ie/ie/oireachtas/member/Martin-M-Nally.D.1923-09-19/dail/5"
      }
    },
    {
      "membership": {
        "dateRange": {
          "end": "1932-01-29",
          "start": "1927-10-11"
        },
        "house": {
          "showAs": "6th D\u00e1il",
          "uri": "http://oireachtas.ie/ie/oireachtas/house/dail/6"
        },
        "offices": [],
        "parties": [
          {
            "party": {
              "dateRange": {
                "end": "1932-01-29",
                "start": "1927-09-15"
              },
              "showAs": "Cumann na nGaedheal",
              "uri": "http://oireachtas.ie/ie/oireachtas/party/dail/6/Cumann_na_nGaedheal"
            }
          }
        ],
        "represents": [
          {
            "represent": {
              "showAs": "Mayo South",
              "uri": "http://oireachtas.ie/ie/oireachtas/house/dail/6/constituency/Mayo-South"
            }
          }
        ],
        "uri": "http://oireachtas.ie/ie/oireachtas/member/Martin-M-Nally.D.1923-09-19/dail/6"
      }
    },
    {
      "membership": {
        "dateRange": {
          "end": "1933-01-02",
          "start": "1932-03-09"
        },
        "house": {
          "showAs": "7th D\u00e1il",
          "uri": "http://oireachtas.ie/ie/oireachtas/house/dail/7"
        },
        "offices": [],
        "parties": [
          {
            "party": {
              "dateRange": {
                "end": "1933-01-02",
                "start": "1932-02-16"
              },
              "showAs": "Cumann na nGaedheal",
              "uri": "http://oireachtas.ie/ie/oireachtas/party/dail/7/Cumann_na_nGaedheal"
            }
          }
        ],
        "represents": [
          {
            "represent": {
              "showAs": "Mayo South",
              "uri": "http://oireachtas.ie/ie/oireachtas/house/dail/7/constituency/Mayo-South"
            }
          }
        ],
        "uri": "http://oireachtas.ie/ie/oireachtas/member/Martin-M-Nally.D.1923-09-19/dail/7"
      }
    },
    {
      "membership": {
        "dateRange": {
          "end": "1937-06-14",
          "start": "1933-02-08"
        },
        "house": {
          "showAs": "8th D\u00e1il",
          "uri": "http://oireachtas.ie/ie/oireachtas/house/dail/8"
        },
        "offices": [],
        "parties": [
          {
            "party": {
              "dateRange": {
                "end": "1937-06-14",
                "start": "1933-01-24"
              },
              "showAs": "Cumann na nGaedheal",
              "uri": "http://oireachtas.ie/ie/oireachtas/party/dail/8/Cumann_na_nGaedheal"
            }
          }
        ],
        "represents": [
          {
            "represent": {
              "showAs": "Mayo South",
              "uri": "http://oireachtas.ie/ie/oireachtas/house/dail/8/constituency/Mayo-South"
            }
          }
        ],
        "uri": "http://oireachtas.ie/ie/oireachtas/member/Martin-M-Nally.D.1923-09-19/dail/8"
      }
    },
    {
      "membership": {
        "dateRange": {
          "end": "1938-05-27",
          "start": "1937-07-21"
        },
        "house": {
          "showAs": "9th D\u00e1il",
          "uri": "http://oireachtas.ie/ie/oireachtas/house/dail/9"
        },
        "offices": [],
        "parties": [
          {
            "party": {
              "dateRange": {
                "end": "1938-05-27",
                "start": "1937-07-01"
              },
              "showAs": "Fine Gael",
              "uri": "http://oireachtas.ie/ie/oireachtas/party/dail/9/Fine_Gael"
            }
          }
        ],
        "represents": [
          {
            "represent": {
              "showAs": "Mayo South",
              "uri": "http://oireachtas.ie/ie/oireachtas/house/dail/9/constituency/Mayo-South"
            }
          }
        ],
        "uri": "http://oireachtas.ie/ie/oireachtas/member/Martin-M-Nally.D.1923-09-19/dail/9"
      }
    },
    {
      "membership": {
        "dateRange": {
          "end": "1943-05-31",
          "start": "1938-06-30"
        },
        "house": {
          "showAs": "10th D\u00e1il",
          "uri": "http://oireachtas.ie/ie/oireachtas/house/dail/10"
        },
        "offices": [],
        "parties": [
          {
            "party": {
              "dateRange": {
                "end": "1943-05-31",
                "start": "1938-06-17"
              },
              "showAs": "Fine Gael",
              "uri": "http://oireachtas.ie/ie/oireachtas/party/dail/10/Fine_Gael"
            }
          }
        ],
        "represents": [
          {
            "represent": {
              "showAs": "Mayo South",
              "uri": "http://oireachtas.ie/ie/oireachtas/house/dail/10/constituency/Mayo-South"
            }
          }
        ],
        "uri": "http://oireachtas.ie/ie/oireachtas/member/Martin-M-Nally.D.1923-09-19/dail/10"
      }
    }
  ],
  "profession": "Farmer",
  "showAs": "Mr. Martin Nally",
  "uri": "http://oireachtas.ie/ie/oireachtas/member/Martin-M-Nally.D.1923-09-19"
}