{
  "dateOfBirth": "1957-09-09",
  "dateOfDeath": null,
  "firstName": "Geraldine",
  "fullName": "Geraldine Feeney",
  "gender": null,
  "image": "/MembersImages/2000y.jpg",
  "lastName": "Feeney",
  "memberships": [
    {
      "membership": {
        "dateRange": {
          "end": "2007-07-22",
          "start": "2002-09-12"
        },
        "house": {
          "showAs": "22nd Seanad",
          "uri": "http://oireachtas.ie/ie/oireachtas/house/seanad/22"
        },
        "offices": [],
        "parties": [],
        "represents": [
          {
            "represent": {
              "showAs": "Labour Panel",
              "uri": "http://oireachtas.ie/ie/oireachtas/house/seanad/22/panel/Labour-Panel"
            }
          }
        ],
        "uri": "http://oireachtas.ie/ie/oireachtas/member/Geraldine-Feeney.S.2002-09-12/seanad/22"
      }
    },
    {
      "membership": {
        "dateRange": {
          "end": "2011-04-25",
          "start": "2007-07-23"
        },
        "house": {
          "showAs": "23rd Seanad",
          "uri": "http://oireachtas.ie/ie/oireachtas/house/seanad/23"
        },
        "offices": [],
        "parties": [],
        "represents": [
          {
            "represent": {
              "showAs": "Labour Panel",
              "uri": "http://oireachtas.ie/ie/oireachtas/house/seanad/23/panel/Labour-Panel"
            }
          }
        ],
        "uri": "http://oireachtas.ie/ie/oireachtas/member/Geraldine-Feeney.S.2002-09-12/seanad/23"
      }
    }
  ],
  "profession": "Public Relations Consultant, Senator.",
  "showAs": "Ms. Geraldine Feeney",
  "uri": "http://oireachtas.ie/ie/oireachtas/member/Geraldine-Feeney.S.2002-09-12"
}