{
  "dateOfBirth": "1952-02-16",
  "dateOfDeath": null,
  "firstName": "Tom",
  "fullName": "Tom Hayes",
  "gender": null,
  "image": "http://www.oireachtas.ie//MembersImages/1807.jpg",
  "lastName": "Hayes",
  "memberships": [
    {
      "membership": {
        "dateRange": {
          "end": "2002-06-26",
          "start": "1997-09-17"
        },
        "house": {
          "showAs": "21st Seanad",
          "uri": "http://oireachtas.ie/ie/oireachtas/house/seanad/21"
        },
        "offices": [],
        "parties": [],
        "represents": [
          {
            "represent": {
              "showAs": "Agricultural",
              "uri": "http://oireachtas.ie/ie/oireachtas/house/seanad/21/panel/Agricultural"
            }
          }
        ],
        "uri": "http://oireachtas.ie/ie/oireachtas/member/Tom-Hayes.S.1997-09-17/seanad/21"
      }
    },
    {
      "membership": {
        "dateRange": {
          "end": "2002-04-25",
          "start": "2001-06-30"
        },
        "house": {
          "showAs": "28th D\u00e1il",
          "uri": "http://oireachtas.ie/ie/oireachtas/house/dail/28"
        },
        "offices": [],
        "parties": [],
        "represents": [
          {
            "represent": {
              "showAs": "Tipperary South",
              "uri": "http://oireachtas.ie/ie/oireachtas/house/dail/28/constituency/Tipperary-South"
            }
          }
        ],
        "uri": "http://oireachtas.ie/ie/oireachtas/member/Tom-Hayes.S.1997-09-17/dail/28"
      }
    },
    {
      "membership": {
        "dateRange": {
          "end": "2007-04-30",
          "start": "2002-06-06"
        },
        "house": {
          "showAs": "29th D\u00e1il",
          "uri": "http://oireachtas.ie/ie/oireachtas/house/dail/29"
        },
        "offices": [],
        "parties": [
          {
            "party": {
              "dateRange": {
                "end": "2007-04-30",
                "start": "2002-05-17"
              },
              "showAs": "Fine Gael",
              "uri": "http://oireachtas.ie/ie/oireachtas/party/dail/29/Fine_Gael"
            }
          }
        ],
        "represents": [
          {
            "represent": {
              "showAs": "Tipperary South",
              "uri": "http://oireachtas.ie/ie/oireachtas/house/dail/29/constituency/Tipperary-South"
            }
          }
        ],
        "uri": "http://oireachtas.ie/ie/oireachtas/member/Tom-Hayes.S.1997-09-17/dail/29"
      }
    },
    {
      "membership": {
        "dateRange": {
          "end": "2011-02-01",
          "start": "2007-06-14"
        },
        "house": {
          "showAs": "30th D\u00e1il",
          "uri": "http://oireachtas.ie/ie/oireachtas/house/dail/30"
        },
        "offices": [],
        "parties": [
          {
            "party": {
              "dateRange": {
                "end": "2011-02-01",
                "start": "2007-05-24"
              },
              "showAs": "Fine Gael",
              "uri": "http://oireachtas.ie/ie/oireachtas/party/dail/30/Fine_Gael"
            }
          }
        ],
        "represents": [
          {
            "represent": {
              "showAs": "Tipperary South",
              "uri": "http://oireachtas.ie/ie/oireachtas/house/dail/30/constituency/Tipperary-South"
            }
          }
        ],
        "uri": "http://oireachtas.ie/ie/oireachtas/member/Tom-Hayes.S.1997-09-17/dail/30"
      }
    },
    {
      "membership": {
        "dateRange": {
          "end": "2016-03-09",
          "start": "2011-03-09"
        },
        "house": {
          "showAs": "31st D\u00e1il",
          "uri": "http://oireachtas.ie/ie/oireachtas/house/dail/31"
        },
        "offices": [],
        "parties": [
          {
            "party": {
              "dateRange": {
                "end": "2016-03-09",
                "start": "2011-02-25"
              },
              "showAs": "Fine Gael",
              "uri": "http://oireachtas.ie/ie/oireachtas/party/dail/31/Fine_Gael"
            }
          }
        ],
        "represents": [
          {
            "represent": {
              "showAs": "Tipperary South",
              "uri": "http://oireachtas.ie/ie/oireachtas/house/dail/31/constituency/Tipperary-South"
            }
          }
        ],
        "uri": "http://oireachtas.ie/ie/oireachtas/member/Tom-Hayes.S.1997-09-17/dail/31"
      }
    }
  ],
  "profession": "Farmer",
  "showAs": "Mr. Tom Hayes",
  "uri": "http://oireachtas.ie/ie/oireachtas/member/Tom-Hayes.S.1997-09-17"
}