{
  "dateOfBirth": "1945-03-26",
  "dateOfDeath": null,
  "firstName": "Bernard",
  "fullName": "Bernard Durkan",
  "gender": null,
  "image": "http://www.oireachtas.ie//MembersImages/131.jpg",
  "lastName": "Durkan",
  "memberships": [
    {
      "membership": {
        "dateRange": {
          "end": "1982-02-27",
          "start": "1981-06-30"
        },
        "house": {
          "showAs": "22nd D\u00e1il",
          "uri": "http://oireachtas.ie/ie/oireachtas/house/dail/22"
        },
        "offices": [],
        "parties": [
          {
            "party": {
              "dateRange": {
                "end": "1982-02-27",
                "start": "1981-06-11"
              },
              "showAs": "Fine Gael",
              "uri": "http://oireachtas.ie/ie/oireachtas/party/dail/22/Fine_Gael"
            }
          }
        ],
        "represents": [
          {
            "represent": {
              "showAs": "Kildare",
              "uri": "http://oireachtas.ie/ie/oireachtas/house/dail/22/constituency/Kildare"
            }
          }
        ],
        "uri": "http://oireachtas.ie/ie/oireachtas/member/Bernard-Durkan.D.1981-06-30/dail/22"
      }
    },
    {
      "membership": {
        "dateRange": {
          "end": "1982-12-21",
          "start": "1982-05-13"
        },
        "house": {
          "showAs": "16th Seanad",
          "uri": "http://oireachtas.ie/ie/oireachtas/house/seanad/16"
        },
        "offices": [],
        "parties": [],
        "represents": [
          {
            "represent": {
              "showAs": "Agricultural Panel",
              "uri": "http://oireachtas.ie/ie/oireachtas/house/seanad/16/panel/Agricultural-Panel"
            }
          }
        ],
        "uri": "http://oireachtas.ie/ie/oireachtas/member/Bernard-Durkan.D.1981-06-30/seanad/16"
      }
    },
    {
      "membership": {
        "dateRange": {
          "end": "1987-01-21",
          "start": "1982-12-14"
        },
        "house": {
          "showAs": "24th D\u00e1il",
          "uri": "http://oireachtas.ie/ie/oireachtas/house/dail/24"
        },
        "offices": [],
        "parties": [
          {
            "party": {
              "dateRange": {
                "end": "1987-01-21",
                "start": "1982-11-24"
              },
              "showAs": "Fine Gael",
              "uri": "http://oireachtas.ie/ie/oireachtas/party/dail/24/Fine_Gael"
            }
          }
        ],
        "represents": [
          {
            "represent": {
              "showAs": "Kildare",
              "uri": "http://oireachtas.ie/ie/oireachtas/house/dail/24/constituency/Kildare"
            }
          }
        ],
        "uri": "http://oireachtas.ie/ie/oireachtas/member/Bernard-Durkan.D.1981-06-30/dail/24"
      }
    },
    {
      "membership": {
        "dateRange": {
          "end": "1989-05-25",
          "start": "1987-03-10"
        },
        "house": {
          "showAs": "25th D\u00e1il",
          "uri": "http://oireachtas.ie/ie/oireachtas/house/dail/25"
        },
        "offices": [],
        "parties": [
          {
            "party": {
              "dateRange": {
                "end": "1989-05-25",
                "start": "1987-02-17"
              },
              "showAs": "Fine Gael",
              "uri": "http://oireachtas.ie/ie/oireachtas/party/dail/25/Fine_Gael"
            }
          }
        ],
        "represents": [
          {
            "represent": {
              "showAs": "Kildare",
              "uri": "http://oireachtas.ie/ie/oireachtas/house/dail/25/constituency/Kildare"
            }
          }
        ],
        "uri": "http://oireachtas.ie/ie/oireachtas/member/Bernard-Durkan.D.1981-06-30/dail/25"
      }
    },
    {
      "membership": {
        "dateRange": {
          "end": "1992-11-05",
          "start": "1989-06-29"
        },
        "house": {
          "showAs": "26th D\u00e1il",
          "uri": "http://oireachtas.ie/ie/oireachtas/house/dail/26"
        },
        "offices": [],
        "parties": [
          {
            "party": {
              "dateRange": {
                "end": "1992-11-05",
                "start": "1989-06-15"
              },
              "showAs": "Fine Gael",
              "uri": "http://oireachtas.ie/ie/oireachtas/party/dail/26/Fine_Gael"
            }
          }
        ],
        "represents": [
          {
            "represent": {
              "showAs": "Kildare",
              "uri": "http://oireachtas.ie/ie/oireachtas/house/dail/26/constituency/Kildare"
            }
          }
        ],
        "uri": "http://oireachtas.ie/ie/oireachtas/member/Bernard-Durkan.D.1981-06-30/dail/26"
      }
    },
    {
      "membership": {
        "dateRange": {
          "end": "1997-05-15",
          "start": "1992-12-14"
        },
        "house": {
          "showAs": "27th D\u00e1il",
          "uri": "http://oireachtas.ie/ie/oireachtas/house/dail/27"
        },
        "offices": [],
        "parties": [
          {
            "party": {
              "dateRange": {
                "end": "1997-05-15",
                "start": "1992-11-25"
              },
              "showAs": "Fine Gael",
              "uri": "http://oireachtas.ie/ie/oireachtas/party/dail/27/Fine_Gael"
            }
          }
        ],
        "represents": [
          {
            "represent": {
              "showAs": "Kildare",
              "uri": "http://oireachtas.ie/ie/oireachtas/house/dail/27/constituency/Kildare"
            }
          }
        ],
        "uri": "http://oireachtas.ie/ie/oireachtas/member/Bernard-Durkan.D.1981-06-30/dail/27"
      }
    },
    {
      "membership": {
        "dateRange": {
          "end": "2002-04-25",
          "start": "1997-06-26"
        },
        "house": {
          "showAs": "28th D\u00e1il",
          "uri": "http://oireachtas.ie/ie/oireachtas/house/dail/28"
        },
        "offices": [],
        "parties": [
          {
            "party": {
              "dateRange": {
                "end": "2002-04-25",
                "start": "1997-06-06"
              },
              "showAs": "Fine Gael",
              "uri": "http://oireachtas.ie/ie/oireachtas/party/dail/28/Fine_Gael"
            }
          }
        ],
        "represents": [
          {
            "represent": {
              "showAs": "Kildare North",
              "uri": "http://oireachtas.ie/ie/oireachtas/house/dail/28/constituency/Kildare-North"
            }
          }
        ],
        "uri": "http://oireachtas.ie/ie/oireachtas/member/Bernard-Durkan.D.1981-06-30/dail/28"
      }
    },
    {
      "membership": {
        "dateRange": {
          "end": "2007-04-30",
          "start": "2002-06-06"
        },
        "house": {
          "showAs": "29th D\u00e1il",
          "uri": "http://oireachtas.ie/ie/oireachtas/house/dail/29"
        },
        "offices": [],
        "parties": [
          {
            "party": {
              "dateRange": {
                "end": "2007-04-30",
                "start": "2002-05-17"
              },
              "showAs": "Fine Gael",
              "uri": "http://oireachtas.ie/ie/oireachtas/party/dail/29/Fine_Gael"
            }
          }
        ],
        "represents": [
          {
            "represent": {
              "showAs": "Kildare North",
              "uri": "http://oireachtas.ie/ie/oireachtas/house/dail/29/constituency/Kildare-North"
            }
          }
        ],
        "uri": "http://oireachtas.ie/ie/oireachtas/member/Bernard-Durkan.D.1981-06-30/dail/29"
      }
    },
    {
      "membership": {
        "dateRange": {
          "end": "2011-02-01",
          "start": "2007-06-14"
        },
        "house": {
          "showAs": "30th D\u00e1il",
          "uri": "http://oireachtas.ie/ie/oireachtas/house/dail/30"
        },
        "offices": [],
        "parties": [
          {
            "party": {
              "dateRange": {
                "end": "2011-02-01",
                "start": "2007-05-24"
              },
              "showAs": "Fine Gael",
              "uri": "http://oireachtas.ie/ie/oireachtas/party/dail/30/Fine_Gael"
            }
          }
        ],
        "represents": [
          {
            "represent": {
              "showAs": "Kildare North",
              "uri": "http://oireachtas.ie/ie/oireachtas/house/dail/30/constituency/Kildare-North"
            }
          }
        ],
        "uri": "http://oireachtas.ie/ie/oireachtas/member/Bernard-Durkan.D.1981-06-30/dail/30"
      }
    },
    {
      "membership": {
        "dateRange": {
          "end": "2016-03-09",
          "start": "2011-03-09"
        },
        "house": {
          "showAs": "31st D\u00e1il",
          "uri": "http://oireachtas.ie/ie/oireachtas/house/dail/31"
        },
        "offices": [],
        "parties": [
          {
            "party": {
              "dateRange": {
                "end": "2016-03-09",
                "start": "2011-02-25"
              },
              "showAs": "Fine Gael",
              "uri": "http://oireachtas.ie/ie/oireachtas/party/dail/31/Fine_Gael"
            }
          }
        ],
        "represents": [
          {
            "represent": {
              "showAs": "Kildare North",
              "uri": "http://oireachtas.ie/ie/oireachtas/house/dail/31/constituency/Kildare-North"
            }
          }
        ],
        "uri": "http://oireachtas.ie/ie/oireachtas/member/Bernard-Durkan.D.1981-06-30/dail/31"
      }
    }
  ],
  "profession": "Full-Time Public Representative, formerly Agricultural Contractor and Farmer",
  "showAs": "Mr. Bernard Durkan",
  "uri": "http://oireachtas.ie/ie/oireachtas/member/Bernard-Durkan.D.1981-06-30"
}