{
  "dateOfBirth": null,
  "dateOfDeath": null,
  "firstName": "Bill",
  "fullName": "Bill Cashin",
  "gender": null,
  "image": null,
  "lastName": "Cashin",
  "memberships": [
    {
      "membership": {
        "dateRange": {
          "end": "1997-07-10",
          "start": "1993-02-17"
        },
        "house": {
          "showAs": "20th Seanad",
          "uri": "http://oireachtas.ie/ie/oireachtas/house/seanad/20"
        },
        "offices": [],
        "parties": [],
        "represents": [
          {
            "represent": {
              "showAs": "Nominated by the Taoiseach",
              "uri": "http://oireachtas.ie/ie/oireachtas/house/seanad/20/panel/Nominated-by-the-Taoiseach"
            }
          }
        ],
        "uri": "http://oireachtas.ie/ie/oireachtas/member/Bill-Cashin.S.1993-02-17/seanad/20"
      }
    }
  ],
  "profession": null,
  "showAs": "Mr. Bill Cashin",
  "uri": "http://oireachtas.ie/ie/oireachtas/member/Bill-Cashin.S.1993-02-17"
}