{
  "dateOfBirth": "1931-08-11",
  "dateOfDeath": null,
  "firstName": "Thomas J. V.",
  "fullName": "Thomas J. V. Meaney",
  "gender": null,
  "image": null,
  "lastName": "Meaney",
  "memberships": [
    {
      "membership": {
        "dateRange": {
          "end": "1969-05-22",
          "start": "1965-04-21"
        },
        "house": {
          "showAs": "18th D\u00e1il",
          "uri": "http://oireachtas.ie/ie/oireachtas/house/dail/18"
        },
        "offices": [],
        "parties": [
          {
            "party": {
              "dateRange": {
                "end": "1969-05-22",
                "start": "1965-04-07"
              },
              "showAs": "Fianna F\u00e1il",
              "uri": "http://oireachtas.ie/ie/oireachtas/party/dail/18/Fianna_F\u00e1il"
            }
          }
        ],
        "represents": [
          {
            "represent": {
              "showAs": "Cork Mid",
              "uri": "http://oireachtas.ie/ie/oireachtas/house/dail/18/constituency/Cork-Mid"
            }
          }
        ],
        "uri": "http://oireachtas.ie/ie/oireachtas/member/Thomas-J-V-Meaney.D.1965-04-21/dail/18"
      }
    },
    {
      "membership": {
        "dateRange": {
          "end": "1973-02-05",
          "start": "1969-07-02"
        },
        "house": {
          "showAs": "19th D\u00e1il",
          "uri": "http://oireachtas.ie/ie/oireachtas/house/dail/19"
        },
        "offices": [],
        "parties": [
          {
            "party": {
              "dateRange": {
                "end": "1973-02-05",
                "start": "1969-06-18"
              },
              "showAs": "Fianna F\u00e1il",
              "uri": "http://oireachtas.ie/ie/oireachtas/party/dail/19/Fianna_F\u00e1il"
            }
          }
        ],
        "represents": [
          {
            "represent": {
              "showAs": "Cork Mid",
              "uri": "http://oireachtas.ie/ie/oireachtas/house/dail/19/constituency/Cork-Mid"
            }
          }
        ],
        "uri": "http://oireachtas.ie/ie/oireachtas/member/Thomas-J-V-Meaney.D.1965-04-21/dail/19"
      }
    },
    {
      "membership": {
        "dateRange": {
          "end": "1977-05-25",
          "start": "1973-03-14"
        },
        "house": {
          "showAs": "20th D\u00e1il",
          "uri": "http://oireachtas.ie/ie/oireachtas/house/dail/20"
        },
        "offices": [],
        "parties": [
          {
            "party": {
              "dateRange": {
                "end": "1977-05-25",
                "start": "1973-02-28"
              },
              "showAs": "Fianna F\u00e1il",
              "uri": "http://oireachtas.ie/ie/oireachtas/party/dail/20/Fianna_F\u00e1il"
            }
          }
        ],
        "represents": [
          {
            "represent": {
              "showAs": "Cork Mid",
              "uri": "http://oireachtas.ie/ie/oireachtas/house/dail/20/constituency/Cork-Mid"
            }
          }
        ],
        "uri": "http://oireachtas.ie/ie/oireachtas/member/Thomas-J-V-Meaney.D.1965-04-21/dail/20"
      }
    },
    {
      "membership": {
        "dateRange": {
          "end": "1981-05-21",
          "start": "1977-07-05"
        },
        "house": {
          "showAs": "21st D\u00e1il",
          "uri": "http://oireachtas.ie/ie/oireachtas/house/dail/21"
        },
        "offices": [],
        "parties": [
          {
            "party": {
              "dateRange": {
                "end": "1981-05-21",
                "start": "1977-06-16"
              },
              "showAs": "Fianna F\u00e1il",
              "uri": "http://oireachtas.ie/ie/oireachtas/party/dail/21/Fianna_F\u00e1il"
            }
          }
        ],
        "represents": [
          {
            "represent": {
              "showAs": "Cork Mid",
              "uri": "http://oireachtas.ie/ie/oireachtas/house/dail/21/constituency/Cork-Mid"
            }
          }
        ],
        "uri": "http://oireachtas.ie/ie/oireachtas/member/Thomas-J-V-Meaney.D.1965-04-21/dail/21"
      }
    },
    {
      "membership": {
        "dateRange": {
          "end": "1982-02-27",
          "start": "1981-06-30"
        },
        "house": {
          "showAs": "22nd D\u00e1il",
          "uri": "http://oireachtas.ie/ie/oireachtas/house/dail/22"
        },
        "offices": [],
        "parties": [
          {
            "party": {
              "dateRange": {
                "end": "1982-02-27",
                "start": "1981-06-11"
              },
              "showAs": "Fianna F\u00e1il",
              "uri": "http://oireachtas.ie/ie/oireachtas/party/dail/22/Fianna_F\u00e1il"
            }
          }
        ],
        "represents": [
          {
            "represent": {
              "showAs": "Cork North\u2013West",
              "uri": "http://oireachtas.ie/ie/oireachtas/house/dail/22/constituency/Cork-North\u2013West"
            }
          }
        ],
        "uri": "http://oireachtas.ie/ie/oireachtas/member/Thomas-J-V-Meaney.D.1965-04-21/dail/22"
      }
    },
    {
      "membership": {
        "dateRange": {
          "end": "1982-11-04",
          "start": "1982-03-09"
        },
        "house": {
          "showAs": "23rd D\u00e1il",
          "uri": "http://oireachtas.ie/ie/oireachtas/house/dail/23"
        },
        "offices": [],
        "parties": [
          {
            "party": {
              "dateRange": {
                "end": "1982-11-04",
                "start": "1982-02-18"
              },
              "showAs": "Fianna F\u00e1il",
              "uri": "http://oireachtas.ie/ie/oireachtas/party/dail/23/Fianna_F\u00e1il"
            }
          }
        ],
        "represents": [
          {
            "represent": {
              "showAs": "Cork North\u2013West",
              "uri": "http://oireachtas.ie/ie/oireachtas/house/dail/23/constituency/Cork-North\u2013West"
            }
          }
        ],
        "uri": "http://oireachtas.ie/ie/oireachtas/member/Thomas-J-V-Meaney.D.1965-04-21/dail/23"
      }
    }
  ],
  "profession": "Farmer",
  "showAs": "Mr. Thomas Meaney",
  "uri": "http://oireachtas.ie/ie/oireachtas/member/Thomas-J-V-Meaney.D.1965-04-21"
}