{
  "dateOfBirth": "1916-08-12",
  "dateOfDeath": "1991-07-03",
  "firstName": "Joseph",
  "fullName": "Joseph McLoughlin",
  "gender": null,
  "image": null,
  "lastName": "McLoughlin",
  "memberships": [
    {
      "membership": {
        "dateRange": {
          "end": "1961-09-15",
          "start": "1961-03-01"
        },
        "house": {
          "showAs": "16th D\u00e1il",
          "uri": "http://oireachtas.ie/ie/oireachtas/house/dail/16"
        },
        "offices": [],
        "parties": [],
        "represents": [
          {
            "represent": {
              "showAs": "Sligo\u2013Leitrim",
              "uri": "http://oireachtas.ie/ie/oireachtas/house/dail/16/constituency/Sligo\u2013Leitrim"
            }
          }
        ],
        "uri": "http://oireachtas.ie/ie/oireachtas/member/Joseph-McLoughlin.D.1961-03-01/dail/16"
      }
    },
    {
      "membership": {
        "dateRange": {
          "end": "1965-03-18",
          "start": "1961-10-11"
        },
        "house": {
          "showAs": "17th D\u00e1il",
          "uri": "http://oireachtas.ie/ie/oireachtas/house/dail/17"
        },
        "offices": [],
        "parties": [
          {
            "party": {
              "dateRange": {
                "end": "1965-03-18",
                "start": "1961-10-04"
              },
              "showAs": "Fine Gael",
              "uri": "http://oireachtas.ie/ie/oireachtas/party/dail/17/Fine_Gael"
            }
          }
        ],
        "represents": [
          {
            "represent": {
              "showAs": "Sligo\u2013Leitrim",
              "uri": "http://oireachtas.ie/ie/oireachtas/house/dail/17/constituency/Sligo\u2013Leitrim"
            }
          }
        ],
        "uri": "http://oireachtas.ie/ie/oireachtas/member/Joseph-McLoughlin.D.1961-03-01/dail/17"
      }
    },
    {
      "membership": {
        "dateRange": {
          "end": "1969-05-22",
          "start": "1965-04-21"
        },
        "house": {
          "showAs": "18th D\u00e1il",
          "uri": "http://oireachtas.ie/ie/oireachtas/house/dail/18"
        },
        "offices": [],
        "parties": [
          {
            "party": {
              "dateRange": {
                "end": "1969-05-22",
                "start": "1965-04-07"
              },
              "showAs": "Fine Gael",
              "uri": "http://oireachtas.ie/ie/oireachtas/party/dail/18/Fine_Gael"
            }
          }
        ],
        "represents": [
          {
            "represent": {
              "showAs": "Sligo\u2013Leitrim",
              "uri": "http://oireachtas.ie/ie/oireachtas/house/dail/18/constituency/Sligo\u2013Leitrim"
            }
          }
        ],
        "uri": "http://oireachtas.ie/ie/oireachtas/member/Joseph-McLoughlin.D.1961-03-01/dail/18"
      }
    },
    {
      "membership": {
        "dateRange": {
          "end": "1973-02-05",
          "start": "1969-07-02"
        },
        "house": {
          "showAs": "19th D\u00e1il",
          "uri": "http://oireachtas.ie/ie/oireachtas/house/dail/19"
        },
        "offices": [],
        "parties": [
          {
            "party": {
              "dateRange": {
                "end": "1973-02-05",
                "start": "1969-06-18"
              },
              "showAs": "Fine Gael",
              "uri": "http://oireachtas.ie/ie/oireachtas/party/dail/19/Fine_Gael"
            }
          }
        ],
        "represents": [
          {
            "represent": {
              "showAs": "Sligo\u2013Leitrim",
              "uri": "http://oireachtas.ie/ie/oireachtas/house/dail/19/constituency/Sligo\u2013Leitrim"
            }
          }
        ],
        "uri": "http://oireachtas.ie/ie/oireachtas/member/Joseph-McLoughlin.D.1961-03-01/dail/19"
      }
    },
    {
      "membership": {
        "dateRange": {
          "end": "1977-05-25",
          "start": "1973-03-14"
        },
        "house": {
          "showAs": "20th D\u00e1il",
          "uri": "http://oireachtas.ie/ie/oireachtas/house/dail/20"
        },
        "offices": [],
        "parties": [
          {
            "party": {
              "dateRange": {
                "end": "1977-05-25",
                "start": "1973-02-28"
              },
              "showAs": "Fine Gael",
              "uri": "http://oireachtas.ie/ie/oireachtas/party/dail/20/Fine_Gael"
            }
          }
        ],
        "represents": [
          {
            "represent": {
              "showAs": "Sligo\u2013Leitrim",
              "uri": "http://oireachtas.ie/ie/oireachtas/house/dail/20/constituency/Sligo\u2013Leitrim"
            }
          }
        ],
        "uri": "http://oireachtas.ie/ie/oireachtas/member/Joseph-McLoughlin.D.1961-03-01/dail/20"
      }
    }
  ],
  "profession": "Farmer",
  "showAs": "Mr. Joseph McLoughlin",
  "uri": "http://oireachtas.ie/ie/oireachtas/member/Joseph-McLoughlin.D.1961-03-01"
}