{
  "dateOfBirth": "1885-01-19",
  "dateOfDeath": "1961-01-18",
  "firstName": "Joseph",
  "fullName": "Joseph Connolly",
  "gender": null,
  "image": null,
  "lastName": "Connolly",
  "memberships": [
    {
      "membership": {
        "dateRange": {
          "end": "1931-12-05",
          "start": "1928-12-06"
        },
        "house": {
          "showAs": "1928 Seanad",
          "uri": "http://oireachtas.ie/ie/oireachtas/house/seanad/1928"
        },
        "offices": [],
        "parties": [],
        "represents": [
          {
            "represent": {
              "showAs": "1928",
              "uri": "http://oireachtas.ie/ie/oireachtas/house/seanad/1928/panel/1928"
            }
          }
        ],
        "uri": "http://oireachtas.ie/ie/oireachtas/member/Joseph-Connolly.S.1928-06-12/seanad/1928"
      }
    },
    {
      "membership": {
        "dateRange": {
          "end": "1934-12-05",
          "start": "1931-12-06"
        },
        "house": {
          "showAs": "1931 Seanad",
          "uri": "http://oireachtas.ie/ie/oireachtas/house/seanad/1931"
        },
        "offices": [],
        "parties": [],
        "represents": [
          {
            "represent": {
              "showAs": "1931",
              "uri": "http://oireachtas.ie/ie/oireachtas/house/seanad/1931/panel/1931"
            }
          }
        ],
        "uri": "http://oireachtas.ie/ie/oireachtas/member/Joseph-Connolly.S.1928-06-12/seanad/1931"
      }
    },
    {
      "membership": {
        "dateRange": {
          "end": "1936-05-29",
          "start": "1934-12-06"
        },
        "house": {
          "showAs": "1934 Seanad",
          "uri": "http://oireachtas.ie/ie/oireachtas/house/seanad/1934"
        },
        "offices": [],
        "parties": [],
        "represents": [
          {
            "represent": {
              "showAs": "1934",
              "uri": "http://oireachtas.ie/ie/oireachtas/house/seanad/1934/panel/1934"
            }
          }
        ],
        "uri": "http://oireachtas.ie/ie/oireachtas/member/Joseph-Connolly.S.1928-06-12/seanad/1934"
      }
    }
  ],
  "profession": null,
  "showAs": "Mr. Joseph Connolly",
  "uri": "http://oireachtas.ie/ie/oireachtas/member/Joseph-Connolly.S.1928-06-12"
}