{
  "dateOfBirth": "1918-03-05",
  "dateOfDeath": "1987-07-20",
  "firstName": "Denis",
  "fullName": "Denis O'Sullivan",
  "gender": null,
  "image": null,
  "lastName": "O'Sullivan",
  "memberships": [
    {
      "membership": {
        "dateRange": {
          "end": "1954-04-24",
          "start": "1951-06-13"
        },
        "house": {
          "showAs": "14th D\u00e1il",
          "uri": "http://oireachtas.ie/ie/oireachtas/house/dail/14"
        },
        "offices": [],
        "parties": [
          {
            "party": {
              "dateRange": {
                "end": "1954-04-24",
                "start": "1951-05-30"
              },
              "showAs": "Fine Gael",
              "uri": "http://oireachtas.ie/ie/oireachtas/party/dail/14/Fine_Gael"
            }
          }
        ],
        "represents": [
          {
            "represent": {
              "showAs": "Cork North",
              "uri": "http://oireachtas.ie/ie/oireachtas/house/dail/14/constituency/Cork-North"
            }
          }
        ],
        "uri": "http://oireachtas.ie/ie/oireachtas/member/Denis-O'Sullivan.D.1951-06-13/dail/14"
      }
    },
    {
      "membership": {
        "dateRange": {
          "end": "1957-02-12",
          "start": "1954-06-02"
        },
        "house": {
          "showAs": "15th D\u00e1il",
          "uri": "http://oireachtas.ie/ie/oireachtas/house/dail/15"
        },
        "offices": [],
        "parties": [
          {
            "party": {
              "dateRange": {
                "end": "1957-02-12",
                "start": "1954-05-18"
              },
              "showAs": "Fine Gael",
              "uri": "http://oireachtas.ie/ie/oireachtas/party/dail/15/Fine_Gael"
            }
          }
        ],
        "represents": [
          {
            "represent": {
              "showAs": "Cork North",
              "uri": "http://oireachtas.ie/ie/oireachtas/house/dail/15/constituency/Cork-North"
            }
          }
        ],
        "uri": "http://oireachtas.ie/ie/oireachtas/member/Denis-O'Sullivan.D.1951-06-13/dail/15"
      }
    },
    {
      "membership": {
        "dateRange": {
          "end": "1961-09-15",
          "start": "1957-03-20"
        },
        "house": {
          "showAs": "16th D\u00e1il",
          "uri": "http://oireachtas.ie/ie/oireachtas/house/dail/16"
        },
        "offices": [],
        "parties": [
          {
            "party": {
              "dateRange": {
                "end": "1961-09-15",
                "start": "1957-03-05"
              },
              "showAs": "Fine Gael",
              "uri": "http://oireachtas.ie/ie/oireachtas/party/dail/16/Fine_Gael"
            }
          }
        ],
        "represents": [
          {
            "represent": {
              "showAs": "Cork North",
              "uri": "http://oireachtas.ie/ie/oireachtas/house/dail/16/constituency/Cork-North"
            }
          }
        ],
        "uri": "http://oireachtas.ie/ie/oireachtas/member/Denis-O'Sullivan.D.1951-06-13/dail/16"
      }
    },
    {
      "membership": {
        "dateRange": {
          "end": "1965-03-18",
          "start": "1961-10-11"
        },
        "house": {
          "showAs": "17th D\u00e1il",
          "uri": "http://oireachtas.ie/ie/oireachtas/house/dail/17"
        },
        "offices": [],
        "parties": [
          {
            "party": {
              "dateRange": {
                "end": "1965-03-18",
                "start": "1961-10-04"
              },
              "showAs": "Fine Gael",
              "uri": "http://oireachtas.ie/ie/oireachtas/party/dail/17/Fine_Gael"
            }
          }
        ],
        "represents": [
          {
            "represent": {
              "showAs": "Cork Mid",
              "uri": "http://oireachtas.ie/ie/oireachtas/house/dail/17/constituency/Cork-Mid"
            }
          }
        ],
        "uri": "http://oireachtas.ie/ie/oireachtas/member/Denis-O'Sullivan.D.1951-06-13/dail/17"
      }
    },
    {
      "membership": {
        "dateRange": {
          "end": "1969-07-24",
          "start": "1965-06-23"
        },
        "house": {
          "showAs": "11th Seanad",
          "uri": "http://oireachtas.ie/ie/oireachtas/house/seanad/11"
        },
        "offices": [],
        "parties": [],
        "represents": [
          {
            "represent": {
              "showAs": "Industrial and Commercial Panel",
              "uri": "http://oireachtas.ie/ie/oireachtas/house/seanad/11/panel/Industrial-and-Commercial-Panel"
            }
          }
        ],
        "uri": "http://oireachtas.ie/ie/oireachtas/member/Denis-O'Sullivan.D.1951-06-13/seanad/11"
      }
    }
  ],
  "profession": "Merchant, Publican and Auctioneer",
  "showAs": "Mr. Denis J. O'Sullivan",
  "uri": "http://oireachtas.ie/ie/oireachtas/member/Denis-O'Sullivan.D.1951-06-13"
}