{
  "dateOfBirth": null,
  "dateOfDeath": "1943-07-26",
  "firstName": "Laurence",
  "fullName": "Laurence O'Neill",
  "gender": null,
  "image": null,
  "lastName": "O'Neill",
  "memberships": [
    {
      "membership": {
        "dateRange": {
          "end": "1923-08-09",
          "start": "1922-09-09"
        },
        "house": {
          "showAs": "3rd D\u00e1il",
          "uri": "http://oireachtas.ie/ie/oireachtas/house/dail/3"
        },
        "offices": [],
        "parties": [
          {
            "party": {
              "dateRange": {
                "end": "1923-08-09",
                "start": "1922-06-16"
              },
              "showAs": "Independent",
              "uri": "http://oireachtas.ie/ie/oireachtas/party/dail/3/Independent"
            }
          }
        ],
        "represents": [
          {
            "represent": {
              "showAs": "Dublin Mid",
              "uri": "http://oireachtas.ie/ie/oireachtas/house/dail/3/constituency/Dublin-Mid"
            }
          }
        ],
        "uri": "http://oireachtas.ie/ie/oireachtas/member/Laurence-O'Neill.D.1922-09-09/dail/3"
      }
    },
    {
      "membership": {
        "dateRange": {
          "end": "1931-12-05",
          "start": "1929-06-20"
        },
        "house": {
          "showAs": "1928 Seanad",
          "uri": "http://oireachtas.ie/ie/oireachtas/house/seanad/1928"
        },
        "offices": [],
        "parties": [],
        "represents": [
          {
            "represent": {
              "showAs": "1928",
              "uri": "http://oireachtas.ie/ie/oireachtas/house/seanad/1928/panel/1928"
            }
          }
        ],
        "uri": "http://oireachtas.ie/ie/oireachtas/member/Laurence-O'Neill.D.1922-09-09/seanad/1928"
      }
    },
    {
      "membership": {
        "dateRange": {
          "end": "1934-12-05",
          "start": "1931-12-06"
        },
        "house": {
          "showAs": "1931 Seanad",
          "uri": "http://oireachtas.ie/ie/oireachtas/house/seanad/1931"
        },
        "offices": [],
        "parties": [],
        "represents": [
          {
            "represent": {
              "showAs": "1931",
              "uri": "http://oireachtas.ie/ie/oireachtas/house/seanad/1931/panel/1931"
            }
          }
        ],
        "uri": "http://oireachtas.ie/ie/oireachtas/member/Laurence-O'Neill.D.1922-09-09/seanad/1931"
      }
    },
    {
      "membership": {
        "dateRange": {
          "end": "1936-05-29",
          "start": "1934-12-06"
        },
        "house": {
          "showAs": "1934 Seanad",
          "uri": "http://oireachtas.ie/ie/oireachtas/house/seanad/1934"
        },
        "offices": [],
        "parties": [],
        "represents": [
          {
            "represent": {
              "showAs": "1934",
              "uri": "http://oireachtas.ie/ie/oireachtas/house/seanad/1934/panel/1934"
            }
          }
        ],
        "uri": "http://oireachtas.ie/ie/oireachtas/member/Laurence-O'Neill.D.1922-09-09/seanad/1934"
      }
    },
    {
      "membership": {
        "dateRange": {
          "end": "1943-07-14",
          "start": "1940-01-02"
        },
        "house": {
          "showAs": "3rd Seanad",
          "uri": "http://oireachtas.ie/ie/oireachtas/house/seanad/3"
        },
        "offices": [],
        "parties": [],
        "represents": [
          {
            "represent": {
              "showAs": "Nominated by the Taoiseach",
              "uri": "http://oireachtas.ie/ie/oireachtas/house/seanad/3/panel/Nominated-by-the-Taoiseach"
            }
          }
        ],
        "uri": "http://oireachtas.ie/ie/oireachtas/member/Laurence-O'Neill.D.1922-09-09/seanad/3"
      }
    }
  ],
  "profession": "Corn Merchant",
  "showAs": "Mr. Laurence O'Neill",
  "uri": "http://oireachtas.ie/ie/oireachtas/member/Laurence-O'Neill.D.1922-09-09"
}