{
  "dateOfBirth": "1949-09-30",
  "dateOfDeath": null,
  "firstName": "Charlie",
  "fullName": "Charlie McCreevy",
  "gender": null,
  "image": "http://www.oireachtas.ie//MembersImages/709.jpg",
  "lastName": "McCreevy",
  "memberships": [
    {
      "membership": {
        "dateRange": {
          "end": "1981-05-21",
          "start": "1977-07-05"
        },
        "house": {
          "showAs": "21st D\u00e1il",
          "uri": "http://oireachtas.ie/ie/oireachtas/house/dail/21"
        },
        "offices": [],
        "parties": [
          {
            "party": {
              "dateRange": {
                "end": "1981-05-21",
                "start": "1977-06-16"
              },
              "showAs": "Fianna F\u00e1il",
              "uri": "http://oireachtas.ie/ie/oireachtas/party/dail/21/Fianna_F\u00e1il"
            }
          }
        ],
        "represents": [
          {
            "represent": {
              "showAs": "Kildare",
              "uri": "http://oireachtas.ie/ie/oireachtas/house/dail/21/constituency/Kildare"
            }
          }
        ],
        "uri": "http://oireachtas.ie/ie/oireachtas/member/Charlie-McCreevy.D.1977-07-05/dail/21"
      }
    },
    {
      "membership": {
        "dateRange": {
          "end": "1982-02-27",
          "start": "1981-06-30"
        },
        "house": {
          "showAs": "22nd D\u00e1il",
          "uri": "http://oireachtas.ie/ie/oireachtas/house/dail/22"
        },
        "offices": [],
        "parties": [
          {
            "party": {
              "dateRange": {
                "end": "1982-02-27",
                "start": "1981-06-11"
              },
              "showAs": "Fianna F\u00e1il",
              "uri": "http://oireachtas.ie/ie/oireachtas/party/dail/22/Fianna_F\u00e1il"
            }
          }
        ],
        "represents": [
          {
            "represent": {
              "showAs": "Kildare",
              "uri": "http://oireachtas.ie/ie/oireachtas/house/dail/22/constituency/Kildare"
            }
          }
        ],
        "uri": "http://oireachtas.ie/ie/oireachtas/member/Charlie-McCreevy.D.1977-07-05/dail/22"
      }
    },
    {
      "membership": {
        "dateRange": {
          "end": "1982-11-04",
          "start": "1982-03-09"
        },
        "house": {
          "showAs": "23rd D\u00e1il",
          "uri": "http://oireachtas.ie/ie/oireachtas/house/dail/23"
        },
        "offices": [],
        "parties": [
          {
            "party": {
              "dateRange": {
                "end": "1982-11-04",
                "start": "1982-02-18"
              },
              "showAs": "Fianna F\u00e1il",
              "uri": "http://oireachtas.ie/ie/oireachtas/party/dail/23/Fianna_F\u00e1il"
            }
          }
        ],
        "represents": [
          {
            "represent": {
              "showAs": "Kildare",
              "uri": "http://oireachtas.ie/ie/oireachtas/house/dail/23/constituency/Kildare"
            }
          }
        ],
        "uri": "http://oireachtas.ie/ie/oireachtas/member/Charlie-McCreevy.D.1977-07-05/dail/23"
      }
    },
    {
      "membership": {
        "dateRange": {
          "end": "1987-01-21",
          "start": "1982-12-14"
        },
        "house": {
          "showAs": "24th D\u00e1il",
          "uri": "http://oireachtas.ie/ie/oireachtas/house/dail/24"
        },
        "offices": [],
        "parties": [
          {
            "party": {
              "dateRange": {
                "end": "1987-01-21",
                "start": "1982-11-24"
              },
              "showAs": "Fianna F\u00e1il",
              "uri": "http://oireachtas.ie/ie/oireachtas/party/dail/24/Fianna_F\u00e1il"
            }
          }
        ],
        "represents": [
          {
            "represent": {
              "showAs": "Kildare",
              "uri": "http://oireachtas.ie/ie/oireachtas/house/dail/24/constituency/Kildare"
            }
          }
        ],
        "uri": "http://oireachtas.ie/ie/oireachtas/member/Charlie-McCreevy.D.1977-07-05/dail/24"
      }
    },
    {
      "membership": {
        "dateRange": {
          "end": "1989-05-25",
          "start": "1987-03-10"
        },
        "house": {
          "showAs": "25th D\u00e1il",
          "uri": "http://oireachtas.ie/ie/oireachtas/house/dail/25"
        },
        "offices": [],
        "parties": [
          {
            "party": {
              "dateRange": {
                "end": "1989-05-25",
                "start": "1987-02-17"
              },
              "showAs": "Fianna F\u00e1il",
              "uri": "http://oireachtas.ie/ie/oireachtas/party/dail/25/Fianna_F\u00e1il"
            }
          }
        ],
        "represents": [
          {
            "represent": {
              "showAs": "Kildare",
              "uri": "http://oireachtas.ie/ie/oireachtas/house/dail/25/constituency/Kildare"
            }
          }
        ],
        "uri": "http://oireachtas.ie/ie/oireachtas/member/Charlie-McCreevy.D.1977-07-05/dail/25"
      }
    },
    {
      "membership": {
        "dateRange": {
          "end": "1992-11-05",
          "start": "1989-06-29"
        },
        "house": {
          "showAs": "26th D\u00e1il",
          "uri": "http://oireachtas.ie/ie/oireachtas/house/dail/26"
        },
        "offices": [
          {
            "office": {
              "cabinet": {
                "showAs": "Government of the 26th D\u00e1il",
                "uri": "http://oireachtas.ie/ie/oireachtas/cabinet/dail/26"
              },
              "dateRange": {
                "end": "1992-12-14",
                "start": "1992-02-11"
              },
              "officeName": {
                "showAs": "Minister for Social Welfare",
                "uri": "http://oireachtas.ie/ie/oireachtas/office/minister/social_welfare"
              }
            }
          }
        ],
        "parties": [
          {
            "party": {
              "dateRange": {
                "end": "1992-11-05",
                "start": "1989-06-15"
              },
              "showAs": "Fianna F\u00e1il",
              "uri": "http://oireachtas.ie/ie/oireachtas/party/dail/26/Fianna_F\u00e1il"
            }
          }
        ],
        "represents": [
          {
            "represent": {
              "showAs": "Kildare",
              "uri": "http://oireachtas.ie/ie/oireachtas/house/dail/26/constituency/Kildare"
            }
          }
        ],
        "uri": "http://oireachtas.ie/ie/oireachtas/member/Charlie-McCreevy.D.1977-07-05/dail/26"
      }
    },
    {
      "membership": {
        "dateRange": {
          "end": "1997-05-15",
          "start": "1992-12-14"
        },
        "house": {
          "showAs": "27th D\u00e1il",
          "uri": "http://oireachtas.ie/ie/oireachtas/house/dail/27"
        },
        "offices": [
          {
            "office": {
              "cabinet": {
                "showAs": "Government of the 27th D\u00e1il",
                "uri": "http://oireachtas.ie/ie/oireachtas/cabinet/dail/27"
              },
              "dateRange": {
                "end": "1993-01-12",
                "start": "1992-12-14"
              },
              "officeName": {
                "showAs": "Minister for Social Welfare",
                "uri": "http://oireachtas.ie/ie/oireachtas/office/minister/social_welfare"
              }
            }
          },
          {
            "office": {
              "cabinet": {
                "showAs": "Government of the 27th D\u00e1il",
                "uri": "http://oireachtas.ie/ie/oireachtas/cabinet/dail/27"
              },
              "dateRange": {
                "end": "1993-01-22",
                "start": "1993-01-12"
              },
              "officeName": {
                "showAs": "Minister for Tourism, Transport and Communications",
                "uri": "http://oireachtas.ie/ie/oireachtas/office/minister/tourism__transport__communications"
              }
            }
          },
          {
            "office": {
              "cabinet": {
                "showAs": "Government of the 27th D\u00e1il",
                "uri": "http://oireachtas.ie/ie/oireachtas/cabinet/dail/27"
              },
              "dateRange": {
                "end": "1994-12-15",
                "start": "1993-01-22"
              },
              "officeName": {
                "showAs": "Minister for Tourism and Trade",
                "uri": "http://oireachtas.ie/ie/oireachtas/office/minister/tourism__trade"
              }
            }
          },
          {
            "office": {
              "cabinet": {
                "showAs": "Government of the 27th D\u00e1il",
                "uri": "http://oireachtas.ie/ie/oireachtas/cabinet/dail/27"
              },
              "dateRange": {
                "end": "1994-12-15",
                "start": "1994-11-18"
              },
              "officeName": {
                "showAs": "Minister for Enterprise and Employment",
                "uri": "http://oireachtas.ie/ie/oireachtas/office/minister/enterprise__employment"
              }
            }
          }
        ],
        "parties": [
          {
            "party": {
              "dateRange": {
                "end": "1997-05-15",
                "start": "1992-11-25"
              },
              "showAs": "Fianna F\u00e1il",
              "uri": "http://oireachtas.ie/ie/oireachtas/party/dail/27/Fianna_F\u00e1il"
            }
          }
        ],
        "represents": [
          {
            "represent": {
              "showAs": "Kildare",
              "uri": "http://oireachtas.ie/ie/oireachtas/house/dail/27/constituency/Kildare"
            }
          }
        ],
        "uri": "http://oireachtas.ie/ie/oireachtas/member/Charlie-McCreevy.D.1977-07-05/dail/27"
      }
    },
    {
      "membership": {
        "dateRange": {
          "end": "2002-04-25",
          "start": "1997-06-26"
        },
        "house": {
          "showAs": "28th D\u00e1il",
          "uri": "http://oireachtas.ie/ie/oireachtas/house/dail/28"
        },
        "offices": [
          {
            "office": {
              "cabinet": {
                "showAs": "Government of the 28th D\u00e1il",
                "uri": "http://oireachtas.ie/ie/oireachtas/cabinet/dail/28"
              },
              "dateRange": {
                "end": "2002-06-06",
                "start": "1997-06-26"
              },
              "officeName": {
                "showAs": "Minister for Finance",
                "uri": "http://oireachtas.ie/ie/oireachtas/office/minister/finance"
              }
            }
          }
        ],
        "parties": [
          {
            "party": {
              "dateRange": {
                "end": "2002-04-25",
                "start": "1997-06-06"
              },
              "showAs": "Fianna F\u00e1il",
              "uri": "http://oireachtas.ie/ie/oireachtas/party/dail/28/Fianna_F\u00e1il"
            }
          }
        ],
        "represents": [
          {
            "represent": {
              "showAs": "Kildare North",
              "uri": "http://oireachtas.ie/ie/oireachtas/house/dail/28/constituency/Kildare-North"
            }
          }
        ],
        "uri": "http://oireachtas.ie/ie/oireachtas/member/Charlie-McCreevy.D.1977-07-05/dail/28"
      }
    },
    {
      "membership": {
        "dateRange": {
          "end": "2005-03-11",
          "start": "2002-06-06"
        },
        "house": {
          "showAs": "29th D\u00e1il",
          "uri": "http://oireachtas.ie/ie/oireachtas/house/dail/29"
        },
        "offices": [
          {
            "office": {
              "cabinet": {
                "showAs": "Government of the 29th D\u00e1il",
                "uri": "http://oireachtas.ie/ie/oireachtas/cabinet/dail/29"
              },
              "dateRange": {
                "end": "2004-09-29",
                "start": "2002-06-06"
              },
              "officeName": {
                "showAs": "Minister for Finance",
                "uri": "http://oireachtas.ie/ie/oireachtas/office/minister/finance"
              }
            }
          }
        ],
        "parties": [
          {
            "party": {
              "dateRange": {
                "end": "2005-03-11",
                "start": "2002-05-17"
              },
              "showAs": "Fianna F\u00e1il",
              "uri": "http://oireachtas.ie/ie/oireachtas/party/dail/29/Fianna_F\u00e1il"
            }
          }
        ],
        "represents": [
          {
            "represent": {
              "showAs": "Kildare North",
              "uri": "http://oireachtas.ie/ie/oireachtas/house/dail/29/constituency/Kildare-North"
            }
          }
        ],
        "uri": "http://oireachtas.ie/ie/oireachtas/member/Charlie-McCreevy.D.1977-07-05/dail/29"
      }
    }
  ],
  "profession": "Chartered Accountant",
  "showAs": "Mr. Charlie McCreevy",
  "uri": "http://oireachtas.ie/ie/oireachtas/member/Charlie-McCreevy.D.1977-07-05"
}