{
  "dateOfBirth": null,
  "dateOfDeath": null,
  "firstName": "James",
  "fullName": "James Heffernan",
  "gender": null,
  "image": "/MembersImages/2362.jpg",
  "lastName": "Heffernan",
  "memberships": [
    {
      "membership": {
        "dateRange": {
          "end": "2016-06-07",
          "start": "2011-05-25"
        },
        "house": {
          "showAs": "24th Seanad",
          "uri": "http://oireachtas.ie/ie/oireachtas/house/seanad/24"
        },
        "offices": [],
        "parties": [],
        "represents": [
          {
            "represent": {
              "showAs": "Agricultural Panel",
              "uri": "http://oireachtas.ie/ie/oireachtas/house/seanad/24/panel/Agricultural-Panel"
            }
          }
        ],
        "uri": "http://oireachtas.ie/ie/oireachtas/member/James-Heffernan.S.2011-05-25/seanad/24"
      }
    }
  ],
  "profession": null,
  "showAs": "Mr. James Heffernan",
  "uri": "http://oireachtas.ie/ie/oireachtas/member/James-Heffernan.S.2011-05-25"
}