{
  "dateOfBirth": "1944-10-26",
  "dateOfDeath": "2006-04-02",
  "firstName": "John M.",
  "fullName": "John M. Mannion",
  "gender": null,
  "image": null,
  "lastName": "Mannion",
  "memberships": [
    {
      "membership": {
        "dateRange": {
          "end": "1973-03-30",
          "start": "1969-11-05"
        },
        "house": {
          "showAs": "12th Seanad",
          "uri": "http://oireachtas.ie/ie/oireachtas/house/seanad/12"
        },
        "offices": [],
        "parties": [],
        "represents": [
          {
            "represent": {
              "showAs": "Agricultural Panel",
              "uri": "http://oireachtas.ie/ie/oireachtas/house/seanad/12/panel/Agricultural-Panel"
            }
          }
        ],
        "uri": "http://oireachtas.ie/ie/oireachtas/member/John-M-Mannion.S.1969-11-05/seanad/12"
      }
    },
    {
      "membership": {
        "dateRange": {
          "end": "1977-05-26",
          "start": "1973-06-01"
        },
        "house": {
          "showAs": "13th Seanad",
          "uri": "http://oireachtas.ie/ie/oireachtas/house/seanad/13"
        },
        "offices": [],
        "parties": [],
        "represents": [
          {
            "represent": {
              "showAs": "Agricultural Panel",
              "uri": "http://oireachtas.ie/ie/oireachtas/house/seanad/13/panel/Agricultural-Panel"
            }
          }
        ],
        "uri": "http://oireachtas.ie/ie/oireachtas/member/John-M-Mannion.S.1969-11-05/seanad/13"
      }
    },
    {
      "membership": {
        "dateRange": {
          "end": "1981-05-21",
          "start": "1977-07-05"
        },
        "house": {
          "showAs": "21st D\u00e1il",
          "uri": "http://oireachtas.ie/ie/oireachtas/house/dail/21"
        },
        "offices": [],
        "parties": [
          {
            "party": {
              "dateRange": {
                "end": "1981-05-21",
                "start": "1977-06-16"
              },
              "showAs": "Fine Gael",
              "uri": "http://oireachtas.ie/ie/oireachtas/party/dail/21/Fine_Gael"
            }
          }
        ],
        "represents": [
          {
            "represent": {
              "showAs": "Galway West",
              "uri": "http://oireachtas.ie/ie/oireachtas/house/dail/21/constituency/Galway-West"
            }
          }
        ],
        "uri": "http://oireachtas.ie/ie/oireachtas/member/John-M-Mannion.S.1969-11-05/dail/21"
      }
    },
    {
      "membership": {
        "dateRange": {
          "end": "1982-04-16",
          "start": "1981-10-08"
        },
        "house": {
          "showAs": "15th Seanad",
          "uri": "http://oireachtas.ie/ie/oireachtas/house/seanad/15"
        },
        "offices": [],
        "parties": [],
        "represents": [
          {
            "represent": {
              "showAs": "Agricultural Panel",
              "uri": "http://oireachtas.ie/ie/oireachtas/house/seanad/15/panel/Agricultural-Panel"
            }
          }
        ],
        "uri": "http://oireachtas.ie/ie/oireachtas/member/John-M-Mannion.S.1969-11-05/seanad/15"
      }
    },
    {
      "membership": {
        "dateRange": {
          "end": "1982-12-21",
          "start": "1982-05-13"
        },
        "house": {
          "showAs": "16th Seanad",
          "uri": "http://oireachtas.ie/ie/oireachtas/house/seanad/16"
        },
        "offices": [],
        "parties": [],
        "represents": [
          {
            "represent": {
              "showAs": "Agricultural Panel",
              "uri": "http://oireachtas.ie/ie/oireachtas/house/seanad/16/panel/Agricultural-Panel"
            }
          }
        ],
        "uri": "http://oireachtas.ie/ie/oireachtas/member/John-M-Mannion.S.1969-11-05/seanad/16"
      }
    }
  ],
  "profession": "Farmer, Auctioneer and General Merchant",
  "showAs": "Mr. John Martin (Jnr.) Mannion",
  "uri": "http://oireachtas.ie/ie/oireachtas/member/John-M-Mannion.S.1969-11-05"
}