{
  "dateOfBirth": null,
  "dateOfDeath": "1961-03-16",
  "firstName": "Katherine",
  "fullName": "Katherine O'Callaghan",
  "gender": null,
  "image": "http://www.oireachtas.ie//MembersImages/835a.jpg",
  "lastName": "O'Callaghan",
  "memberships": [
    {
      "membership": {
        "dateRange": {
          "end": "1922-06-16",
          "start": "1921-08-16"
        },
        "house": {
          "showAs": "2nd D\u00e1il",
          "uri": "http://oireachtas.ie/ie/oireachtas/house/dail/2"
        },
        "offices": [],
        "parties": [
          {
            "party": {
              "dateRange": {
                "end": "1922-06-16",
                "start": "1921-05-24"
              },
              "showAs": "Sinn F\u00e9in",
              "uri": "http://oireachtas.ie/ie/oireachtas/party/dail/2/Sinn_F\u00e9in"
            }
          }
        ],
        "represents": [
          {
            "represent": {
              "showAs": "Limerick City\u2013Limerick East",
              "uri": "http://oireachtas.ie/ie/oireachtas/house/dail/2/constituency/Limerick-City\u2013Limerick-East"
            }
          }
        ],
        "uri": "http://oireachtas.ie/ie/oireachtas/member/Katherine-O'Callaghan.D.1921-08-16/dail/2"
      }
    },
    {
      "membership": {
        "dateRange": {
          "end": "1923-08-09",
          "start": "1922-09-09"
        },
        "house": {
          "showAs": "3rd D\u00e1il",
          "uri": "http://oireachtas.ie/ie/oireachtas/house/dail/3"
        },
        "offices": [],
        "parties": [
          {
            "party": {
              "dateRange": {
                "end": "1923-08-09",
                "start": "1922-06-16"
              },
              "showAs": "Sinn F\u00e9in",
              "uri": "http://oireachtas.ie/ie/oireachtas/party/dail/3/Sinn_F\u00e9in"
            }
          }
        ],
        "represents": [
          {
            "represent": {
              "showAs": "Limerick City\u2013Limerick East",
              "uri": "http://oireachtas.ie/ie/oireachtas/house/dail/3/constituency/Limerick-City\u2013Limerick-East"
            }
          }
        ],
        "uri": "http://oireachtas.ie/ie/oireachtas/member/Katherine-O'Callaghan.D.1921-08-16/dail/3"
      }
    }
  ],
  "profession": "Professor",
  "showAs": "Ms. Kathleen O'Callaghan",
  "uri": "http://oireachtas.ie/ie/oireachtas/member/Katherine-O'Callaghan.D.1921-08-16"
}