{
  "dateOfBirth": "1910-05-20",
  "dateOfDeath": "1982-06-15",
  "firstName": "John",
  "fullName": "John Callanan",
  "gender": null,
  "image": null,
  "lastName": "Callanan",
  "memberships": [
    {
      "membership": {
        "dateRange": {
          "end": "1977-05-25",
          "start": "1973-03-14"
        },
        "house": {
          "showAs": "20th D\u00e1il",
          "uri": "http://oireachtas.ie/ie/oireachtas/house/dail/20"
        },
        "offices": [],
        "parties": [
          {
            "party": {
              "dateRange": {
                "end": "1977-05-25",
                "start": "1973-02-28"
              },
              "showAs": "Fianna F\u00e1il",
              "uri": "http://oireachtas.ie/ie/oireachtas/party/dail/20/Fianna_F\u00e1il"
            }
          }
        ],
        "represents": [
          {
            "represent": {
              "showAs": "Clare\u2013Galway South",
              "uri": "http://oireachtas.ie/ie/oireachtas/house/dail/20/constituency/Clare\u2013Galway-South"
            }
          }
        ],
        "uri": "http://oireachtas.ie/ie/oireachtas/member/John-Callanan.D.1973-03-14/dail/20"
      }
    },
    {
      "membership": {
        "dateRange": {
          "end": "1981-05-21",
          "start": "1977-07-05"
        },
        "house": {
          "showAs": "21st D\u00e1il",
          "uri": "http://oireachtas.ie/ie/oireachtas/house/dail/21"
        },
        "offices": [],
        "parties": [
          {
            "party": {
              "dateRange": {
                "end": "1981-05-21",
                "start": "1977-06-16"
              },
              "showAs": "Fianna F\u00e1il",
              "uri": "http://oireachtas.ie/ie/oireachtas/party/dail/21/Fianna_F\u00e1il"
            }
          }
        ],
        "represents": [
          {
            "represent": {
              "showAs": "Galway East",
              "uri": "http://oireachtas.ie/ie/oireachtas/house/dail/21/constituency/Galway-East"
            }
          }
        ],
        "uri": "http://oireachtas.ie/ie/oireachtas/member/John-Callanan.D.1973-03-14/dail/21"
      }
    },
    {
      "membership": {
        "dateRange": {
          "end": "1982-02-27",
          "start": "1981-06-30"
        },
        "house": {
          "showAs": "22nd D\u00e1il",
          "uri": "http://oireachtas.ie/ie/oireachtas/house/dail/22"
        },
        "offices": [],
        "parties": [
          {
            "party": {
              "dateRange": {
                "end": "1982-02-27",
                "start": "1981-06-11"
              },
              "showAs": "Fianna F\u00e1il",
              "uri": "http://oireachtas.ie/ie/oireachtas/party/dail/22/Fianna_F\u00e1il"
            }
          }
        ],
        "represents": [
          {
            "represent": {
              "showAs": "Galway East",
              "uri": "http://oireachtas.ie/ie/oireachtas/house/dail/22/constituency/Galway-East"
            }
          }
        ],
        "uri": "http://oireachtas.ie/ie/oireachtas/member/John-Callanan.D.1973-03-14/dail/22"
      }
    },
    {
      "membership": {
        "dateRange": {
          "end": "1982-06-15",
          "start": "1982-03-09"
        },
        "house": {
          "showAs": "23rd D\u00e1il",
          "uri": "http://oireachtas.ie/ie/oireachtas/house/dail/23"
        },
        "offices": [],
        "parties": [
          {
            "party": {
              "dateRange": {
                "end": "1982-06-15",
                "start": "1982-02-18"
              },
              "showAs": "Fianna F\u00e1il",
              "uri": "http://oireachtas.ie/ie/oireachtas/party/dail/23/Fianna_F\u00e1il"
            }
          }
        ],
        "represents": [
          {
            "represent": {
              "showAs": "Galway East",
              "uri": "http://oireachtas.ie/ie/oireachtas/house/dail/23/constituency/Galway-East"
            }
          }
        ],
        "uri": "http://oireachtas.ie/ie/oireachtas/member/John-Callanan.D.1973-03-14/dail/23"
      }
    }
  ],
  "profession": "Farmer",
  "showAs": "Mr. John Callanan",
  "uri": "http://oireachtas.ie/ie/oireachtas/member/John-Callanan.D.1973-03-14"
}