{
  "dateOfBirth": null,
  "dateOfDeath": "1968-06-19",
  "firstName": "Dr. Patrick Joseph",
  "fullName": "Dr. Patrick Joseph O'Dowd",
  "gender": null,
  "image": null,
  "lastName": "O'Dowd",
  "memberships": [
    {
      "membership": {
        "dateRange": {
          "end": "1927-08-25",
          "start": "1927-06-23"
        },
        "house": {
          "showAs": "5th D\u00e1il",
          "uri": "http://oireachtas.ie/ie/oireachtas/house/dail/5"
        },
        "offices": [],
        "parties": [
          {
            "party": {
              "dateRange": {
                "end": "1927-08-25",
                "start": "1927-06-09"
              },
              "showAs": "Fianna F\u00e1il",
              "uri": "http://oireachtas.ie/ie/oireachtas/party/dail/5/Fianna_F\u00e1il"
            }
          }
        ],
        "represents": [
          {
            "represent": {
              "showAs": "Roscommon",
              "uri": "http://oireachtas.ie/ie/oireachtas/house/dail/5/constituency/Roscommon"
            }
          }
        ],
        "uri": "http://oireachtas.ie/ie/oireachtas/member/Dr-Patrick-Joseph-O'Dowd.D.1927-06-23/dail/5"
      }
    },
    {
      "membership": {
        "dateRange": {
          "end": "1932-01-29",
          "start": "1927-10-11"
        },
        "house": {
          "showAs": "6th D\u00e1il",
          "uri": "http://oireachtas.ie/ie/oireachtas/house/dail/6"
        },
        "offices": [],
        "parties": [
          {
            "party": {
              "dateRange": {
                "end": "1932-01-29",
                "start": "1927-09-15"
              },
              "showAs": "Fianna F\u00e1il",
              "uri": "http://oireachtas.ie/ie/oireachtas/party/dail/6/Fianna_F\u00e1il"
            }
          }
        ],
        "represents": [
          {
            "represent": {
              "showAs": "Roscommon",
              "uri": "http://oireachtas.ie/ie/oireachtas/house/dail/6/constituency/Roscommon"
            }
          }
        ],
        "uri": "http://oireachtas.ie/ie/oireachtas/member/Dr-Patrick-Joseph-O'Dowd.D.1927-06-23/dail/6"
      }
    },
    {
      "membership": {
        "dateRange": {
          "end": "1937-06-14",
          "start": "1933-02-08"
        },
        "house": {
          "showAs": "8th D\u00e1il",
          "uri": "http://oireachtas.ie/ie/oireachtas/house/dail/8"
        },
        "offices": [],
        "parties": [
          {
            "party": {
              "dateRange": {
                "end": "1937-06-14",
                "start": "1933-01-24"
              },
              "showAs": "Fianna F\u00e1il",
              "uri": "http://oireachtas.ie/ie/oireachtas/party/dail/8/Fianna_F\u00e1il"
            }
          }
        ],
        "represents": [
          {
            "represent": {
              "showAs": "Roscommon",
              "uri": "http://oireachtas.ie/ie/oireachtas/house/dail/8/constituency/Roscommon"
            }
          }
        ],
        "uri": "http://oireachtas.ie/ie/oireachtas/member/Dr-Patrick-Joseph-O'Dowd.D.1927-06-23/dail/8"
      }
    }
  ],
  "profession": "Medical Practitioner",
  "showAs": "Mr. Patrick Joseph O'Dowd",
  "uri": "http://oireachtas.ie/ie/oireachtas/member/Dr-Patrick-Joseph-O'Dowd.D.1927-06-23"
}