{
  "dateOfBirth": "1973-06-23",
  "dateOfDeath": null,
  "firstName": "Denis",
  "fullName": "Denis Naughten",
  "gender": null,
  "image": "http://www.oireachtas.ie//MembersImages/149.jpg",
  "lastName": "Naughten",
  "memberships": [
    {
      "membership": {
        "dateRange": {
          "end": "1997-07-10",
          "start": "1997-01-28"
        },
        "house": {
          "showAs": "20th Seanad",
          "uri": "http://oireachtas.ie/ie/oireachtas/house/seanad/20"
        },
        "offices": [],
        "parties": [],
        "represents": [
          {
            "represent": {
              "showAs": "Agricultural",
              "uri": "http://oireachtas.ie/ie/oireachtas/house/seanad/20/panel/Agricultural"
            }
          }
        ],
        "uri": "http://oireachtas.ie/ie/oireachtas/member/Denis-Naughten.S.1997-01-28/seanad/20"
      }
    },
    {
      "membership": {
        "dateRange": {
          "end": "2002-04-25",
          "start": "1997-06-26"
        },
        "house": {
          "showAs": "28th D\u00e1il",
          "uri": "http://oireachtas.ie/ie/oireachtas/house/dail/28"
        },
        "offices": [],
        "parties": [
          {
            "party": {
              "dateRange": {
                "end": "2002-04-25",
                "start": "1997-06-06"
              },
              "showAs": "Fine Gael",
              "uri": "http://oireachtas.ie/ie/oireachtas/party/dail/28/Fine_Gael"
            }
          }
        ],
        "represents": [
          {
            "represent": {
              "showAs": "Longford\u2013Roscommon",
              "uri": "http://oireachtas.ie/ie/oireachtas/house/dail/28/constituency/Longford\u2013Roscommon"
            }
          }
        ],
        "uri": "http://oireachtas.ie/ie/oireachtas/member/Denis-Naughten.S.1997-01-28/dail/28"
      }
    },
    {
      "membership": {
        "dateRange": {
          "end": "2007-04-30",
          "start": "2002-06-06"
        },
        "house": {
          "showAs": "29th D\u00e1il",
          "uri": "http://oireachtas.ie/ie/oireachtas/house/dail/29"
        },
        "offices": [],
        "parties": [
          {
            "party": {
              "dateRange": {
                "end": "2007-04-30",
                "start": "2002-05-17"
              },
              "showAs": "Fine Gael",
              "uri": "http://oireachtas.ie/ie/oireachtas/party/dail/29/Fine_Gael"
            }
          }
        ],
        "represents": [
          {
            "represent": {
              "showAs": "Longford\u2013Roscommon",
              "uri": "http://oireachtas.ie/ie/oireachtas/house/dail/29/constituency/Longford\u2013Roscommon"
            }
          }
        ],
        "uri": "http://oireachtas.ie/ie/oireachtas/member/Denis-Naughten.S.1997-01-28/dail/29"
      }
    },
    {
      "membership": {
        "dateRange": {
          "end": "2011-02-01",
          "start": "2007-06-14"
        },
        "house": {
          "showAs": "30th D\u00e1il",
          "uri": "http://oireachtas.ie/ie/oireachtas/house/dail/30"
        },
        "offices": [],
        "parties": [
          {
            "party": {
              "dateRange": {
                "end": "2011-02-01",
                "start": "2007-05-24"
              },
              "showAs": "Fine Gael",
              "uri": "http://oireachtas.ie/ie/oireachtas/party/dail/30/Fine_Gael"
            }
          }
        ],
        "represents": [
          {
            "represent": {
              "showAs": "Roscommon\u2013South Leitrim",
              "uri": "http://oireachtas.ie/ie/oireachtas/house/dail/30/constituency/Roscommon\u2013South-Leitrim"
            }
          }
        ],
        "uri": "http://oireachtas.ie/ie/oireachtas/member/Denis-Naughten.S.1997-01-28/dail/30"
      }
    },
    {
      "membership": {
        "dateRange": {
          "end": "2016-03-09",
          "start": "2011-03-09"
        },
        "house": {
          "showAs": "31st D\u00e1il",
          "uri": "http://oireachtas.ie/ie/oireachtas/house/dail/31"
        },
        "offices": [],
        "parties": [
          {
            "party": {
              "dateRange": {
                "end": "2011-07-07",
                "start": "2011-02-25"
              },
              "showAs": "Fine Gael",
              "uri": "http://oireachtas.ie/ie/oireachtas/party/dail/31/Fine_Gael"
            }
          },
          {
            "party": {
              "dateRange": {
                "end": "2016-03-09",
                "start": "2011-07-07"
              },
              "showAs": "Independent",
              "uri": "http://oireachtas.ie/ie/oireachtas/party/dail/31/Independent"
            }
          }
        ],
        "represents": [
          {
            "represent": {
              "showAs": "Roscommon\u2013South Leitrim",
              "uri": "http://oireachtas.ie/ie/oireachtas/house/dail/31/constituency/Roscommon\u2013South-Leitrim"
            }
          }
        ],
        "uri": "http://oireachtas.ie/ie/oireachtas/member/Denis-Naughten.S.1997-01-28/dail/31"
      }
    }
  ],
  "profession": "Research Scientist",
  "showAs": "Mr. Denis Naughten",
  "uri": "http://oireachtas.ie/ie/oireachtas/member/Denis-Naughten.S.1997-01-28"
}