{
  "dateOfBirth": "1905-07-01",
  "dateOfDeath": "1999-11-24",
  "firstName": "Joseph",
  "fullName": "Joseph Farrell",
  "gender": null,
  "image": null,
  "lastName": "Farrell",
  "memberships": [
    {
      "membership": {
        "dateRange": {
          "end": "1965-04-28",
          "start": "1961-12-14"
        },
        "house": {
          "showAs": "10th Seanad",
          "uri": "http://oireachtas.ie/ie/oireachtas/house/seanad/10"
        },
        "offices": [],
        "parties": [],
        "represents": [
          {
            "represent": {
              "showAs": "Labour Panel",
              "uri": "http://oireachtas.ie/ie/oireachtas/house/seanad/10/panel/Labour-Panel"
            }
          }
        ],
        "uri": "http://oireachtas.ie/ie/oireachtas/member/Joseph-Farrell.S.1961-12-14/seanad/10"
      }
    },
    {
      "membership": {
        "dateRange": {
          "end": "1969-07-24",
          "start": "1965-06-23"
        },
        "house": {
          "showAs": "11th Seanad",
          "uri": "http://oireachtas.ie/ie/oireachtas/house/seanad/11"
        },
        "offices": [],
        "parties": [],
        "represents": [
          {
            "represent": {
              "showAs": "Labour Panel",
              "uri": "http://oireachtas.ie/ie/oireachtas/house/seanad/11/panel/Labour-Panel"
            }
          }
        ],
        "uri": "http://oireachtas.ie/ie/oireachtas/member/Joseph-Farrell.S.1961-12-14/seanad/11"
      }
    },
    {
      "membership": {
        "dateRange": {
          "end": "1973-03-30",
          "start": "1969-11-05"
        },
        "house": {
          "showAs": "12th Seanad",
          "uri": "http://oireachtas.ie/ie/oireachtas/house/seanad/12"
        },
        "offices": [],
        "parties": [],
        "represents": [
          {
            "represent": {
              "showAs": "Labour Panel",
              "uri": "http://oireachtas.ie/ie/oireachtas/house/seanad/12/panel/Labour-Panel"
            }
          }
        ],
        "uri": "http://oireachtas.ie/ie/oireachtas/member/Joseph-Farrell.S.1961-12-14/seanad/12"
      }
    },
    {
      "membership": {
        "dateRange": {
          "end": "1977-05-25",
          "start": "1973-03-14"
        },
        "house": {
          "showAs": "20th D\u00e1il",
          "uri": "http://oireachtas.ie/ie/oireachtas/house/dail/20"
        },
        "offices": [],
        "parties": [
          {
            "party": {
              "dateRange": {
                "end": "1977-05-25",
                "start": "1973-02-28"
              },
              "showAs": "Fianna F\u00e1il",
              "uri": "http://oireachtas.ie/ie/oireachtas/party/dail/20/Fianna_F\u00e1il"
            }
          }
        ],
        "represents": [
          {
            "represent": {
              "showAs": "Louth",
              "uri": "http://oireachtas.ie/ie/oireachtas/house/dail/20/constituency/Louth"
            }
          }
        ],
        "uri": "http://oireachtas.ie/ie/oireachtas/member/Joseph-Farrell.S.1961-12-14/dail/20"
      }
    },
    {
      "membership": {
        "dateRange": {
          "end": "1981-05-21",
          "start": "1977-07-05"
        },
        "house": {
          "showAs": "21st D\u00e1il",
          "uri": "http://oireachtas.ie/ie/oireachtas/house/dail/21"
        },
        "offices": [],
        "parties": [
          {
            "party": {
              "dateRange": {
                "end": "1981-05-21",
                "start": "1977-06-16"
              },
              "showAs": "Fianna F\u00e1il",
              "uri": "http://oireachtas.ie/ie/oireachtas/party/dail/21/Fianna_F\u00e1il"
            }
          }
        ],
        "represents": [
          {
            "represent": {
              "showAs": "Louth",
              "uri": "http://oireachtas.ie/ie/oireachtas/house/dail/21/constituency/Louth"
            }
          }
        ],
        "uri": "http://oireachtas.ie/ie/oireachtas/member/Joseph-Farrell.S.1961-12-14/dail/21"
      }
    }
  ],
  "profession": "Painter with Commercial Road Vehicles, Dundalk",
  "showAs": "Mr. Joseph Farrell",
  "uri": "http://oireachtas.ie/ie/oireachtas/member/Joseph-Farrell.S.1961-12-14"
}