{
  "dateOfBirth": "1883-03-06",
  "dateOfDeath": "1943-03-26",
  "firstName": "Edmond",
  "fullName": "Edmond Carey",
  "gender": null,
  "image": null,
  "lastName": "Carey",
  "memberships": [
    {
      "membership": {
        "dateRange": {
          "end": "1932-01-29",
          "start": "1927-10-11"
        },
        "house": {
          "showAs": "6th D\u00e1il",
          "uri": "http://oireachtas.ie/ie/oireachtas/house/dail/6"
        },
        "offices": [],
        "parties": [
          {
            "party": {
              "dateRange": {
                "end": "1932-01-29",
                "start": "1927-09-15"
              },
              "showAs": "Cumann na nGaedheal",
              "uri": "http://oireachtas.ie/ie/oireachtas/party/dail/6/Cumann_na_nGaedheal"
            }
          }
        ],
        "represents": [
          {
            "represent": {
              "showAs": "Cork East",
              "uri": "http://oireachtas.ie/ie/oireachtas/house/dail/6/constituency/Cork-East"
            }
          }
        ],
        "uri": "http://oireachtas.ie/ie/oireachtas/member/Edmond-Carey.D.1927-10-11/dail/6"
      }
    }
  ],
  "profession": "Vintner",
  "showAs": "Mr. Edmond Carey",
  "uri": "http://oireachtas.ie/ie/oireachtas/member/Edmond-Carey.D.1927-10-11"
}