{
  "dateOfBirth": null,
  "dateOfDeath": "1956-03-01",
  "firstName": "William",
  "fullName": "William Davin",
  "gender": null,
  "image": "http://www.oireachtas.ie//MembersImages/292k.jpg",
  "lastName": "Davin",
  "memberships": [
    {
      "membership": {
        "dateRange": {
          "end": "1923-08-09",
          "start": "1922-09-09"
        },
        "house": {
          "showAs": "3rd D\u00e1il",
          "uri": "http://oireachtas.ie/ie/oireachtas/house/dail/3"
        },
        "offices": [],
        "parties": [
          {
            "party": {
              "dateRange": {
                "end": "1923-08-09",
                "start": "1922-06-16"
              },
              "showAs": "Labour Party",
              "uri": "http://oireachtas.ie/ie/oireachtas/party/dail/3/Labour_Party"
            }
          }
        ],
        "represents": [
          {
            "represent": {
              "showAs": "Leix\u2013Offaly",
              "uri": "http://oireachtas.ie/ie/oireachtas/house/dail/3/constituency/Leix\u2013Offaly"
            }
          }
        ],
        "uri": "http://oireachtas.ie/ie/oireachtas/member/William-Davin.D.1922-09-09/dail/3"
      }
    },
    {
      "membership": {
        "dateRange": {
          "end": "1927-05-23",
          "start": "1923-09-19"
        },
        "house": {
          "showAs": "4th D\u00e1il",
          "uri": "http://oireachtas.ie/ie/oireachtas/house/dail/4"
        },
        "offices": [],
        "parties": [
          {
            "party": {
              "dateRange": {
                "end": "1927-05-23",
                "start": "1923-08-27"
              },
              "showAs": "Labour Party",
              "uri": "http://oireachtas.ie/ie/oireachtas/party/dail/4/Labour_Party"
            }
          }
        ],
        "represents": [
          {
            "represent": {
              "showAs": "Leix\u2013Offaly",
              "uri": "http://oireachtas.ie/ie/oireachtas/house/dail/4/constituency/Leix\u2013Offaly"
            }
          }
        ],
        "uri": "http://oireachtas.ie/ie/oireachtas/member/William-Davin.D.1922-09-09/dail/4"
      }
    },
    {
      "membership": {
        "dateRange": {
          "end": "1927-08-25",
          "start": "1927-06-23"
        },
        "house": {
          "showAs": "5th D\u00e1il",
          "uri": "http://oireachtas.ie/ie/oireachtas/house/dail/5"
        },
        "offices": [],
        "parties": [
          {
            "party": {
              "dateRange": {
                "end": "1927-08-25",
                "start": "1927-06-09"
              },
              "showAs": "Labour Party",
              "uri": "http://oireachtas.ie/ie/oireachtas/party/dail/5/Labour_Party"
            }
          }
        ],
        "represents": [
          {
            "represent": {
              "showAs": "Leix\u2013Offaly",
              "uri": "http://oireachtas.ie/ie/oireachtas/house/dail/5/constituency/Leix\u2013Offaly"
            }
          }
        ],
        "uri": "http://oireachtas.ie/ie/oireachtas/member/William-Davin.D.1922-09-09/dail/5"
      }
    },
    {
      "membership": {
        "dateRange": {
          "end": "1932-01-29",
          "start": "1927-10-11"
        },
        "house": {
          "showAs": "6th D\u00e1il",
          "uri": "http://oireachtas.ie/ie/oireachtas/house/dail/6"
        },
        "offices": [],
        "parties": [
          {
            "party": {
              "dateRange": {
                "end": "1932-01-29",
                "start": "1927-09-15"
              },
              "showAs": "Labour Party",
              "uri": "http://oireachtas.ie/ie/oireachtas/party/dail/6/Labour_Party"
            }
          }
        ],
        "represents": [
          {
            "represent": {
              "showAs": "Leix\u2013Offaly",
              "uri": "http://oireachtas.ie/ie/oireachtas/house/dail/6/constituency/Leix\u2013Offaly"
            }
          }
        ],
        "uri": "http://oireachtas.ie/ie/oireachtas/member/William-Davin.D.1922-09-09/dail/6"
      }
    },
    {
      "membership": {
        "dateRange": {
          "end": "1933-01-02",
          "start": "1932-03-09"
        },
        "house": {
          "showAs": "7th D\u00e1il",
          "uri": "http://oireachtas.ie/ie/oireachtas/house/dail/7"
        },
        "offices": [],
        "parties": [
          {
            "party": {
              "dateRange": {
                "end": "1933-01-02",
                "start": "1932-02-16"
              },
              "showAs": "Labour Party",
              "uri": "http://oireachtas.ie/ie/oireachtas/party/dail/7/Labour_Party"
            }
          }
        ],
        "represents": [
          {
            "represent": {
              "showAs": "Leix\u2013Offaly",
              "uri": "http://oireachtas.ie/ie/oireachtas/house/dail/7/constituency/Leix\u2013Offaly"
            }
          }
        ],
        "uri": "http://oireachtas.ie/ie/oireachtas/member/William-Davin.D.1922-09-09/dail/7"
      }
    },
    {
      "membership": {
        "dateRange": {
          "end": "1937-06-14",
          "start": "1933-02-08"
        },
        "house": {
          "showAs": "8th D\u00e1il",
          "uri": "http://oireachtas.ie/ie/oireachtas/house/dail/8"
        },
        "offices": [],
        "parties": [
          {
            "party": {
              "dateRange": {
                "end": "1937-06-14",
                "start": "1933-01-24"
              },
              "showAs": "Labour Party",
              "uri": "http://oireachtas.ie/ie/oireachtas/party/dail/8/Labour_Party"
            }
          }
        ],
        "represents": [
          {
            "represent": {
              "showAs": "Leix\u2013Offaly",
              "uri": "http://oireachtas.ie/ie/oireachtas/house/dail/8/constituency/Leix\u2013Offaly"
            }
          }
        ],
        "uri": "http://oireachtas.ie/ie/oireachtas/member/William-Davin.D.1922-09-09/dail/8"
      }
    },
    {
      "membership": {
        "dateRange": {
          "end": "1938-05-27",
          "start": "1937-07-21"
        },
        "house": {
          "showAs": "9th D\u00e1il",
          "uri": "http://oireachtas.ie/ie/oireachtas/house/dail/9"
        },
        "offices": [],
        "parties": [
          {
            "party": {
              "dateRange": {
                "end": "1938-05-27",
                "start": "1937-07-01"
              },
              "showAs": "Labour Party",
              "uri": "http://oireachtas.ie/ie/oireachtas/party/dail/9/Labour_Party"
            }
          }
        ],
        "represents": [
          {
            "represent": {
              "showAs": "Leix\u2013Offaly",
              "uri": "http://oireachtas.ie/ie/oireachtas/house/dail/9/constituency/Leix\u2013Offaly"
            }
          }
        ],
        "uri": "http://oireachtas.ie/ie/oireachtas/member/William-Davin.D.1922-09-09/dail/9"
      }
    },
    {
      "membership": {
        "dateRange": {
          "end": "1943-05-31",
          "start": "1938-06-30"
        },
        "house": {
          "showAs": "10th D\u00e1il",
          "uri": "http://oireachtas.ie/ie/oireachtas/house/dail/10"
        },
        "offices": [],
        "parties": [
          {
            "party": {
              "dateRange": {
                "end": "1943-05-31",
                "start": "1938-06-17"
              },
              "showAs": "Labour Party",
              "uri": "http://oireachtas.ie/ie/oireachtas/party/dail/10/Labour_Party"
            }
          }
        ],
        "represents": [
          {
            "represent": {
              "showAs": "Leix\u2013Offaly",
              "uri": "http://oireachtas.ie/ie/oireachtas/house/dail/10/constituency/Leix\u2013Offaly"
            }
          }
        ],
        "uri": "http://oireachtas.ie/ie/oireachtas/member/William-Davin.D.1922-09-09/dail/10"
      }
    },
    {
      "membership": {
        "dateRange": {
          "end": "1944-05-10",
          "start": "1943-07-01"
        },
        "house": {
          "showAs": "11th D\u00e1il",
          "uri": "http://oireachtas.ie/ie/oireachtas/house/dail/11"
        },
        "offices": [],
        "parties": [
          {
            "party": {
              "dateRange": {
                "end": "1944-05-10",
                "start": "1943-06-23"
              },
              "showAs": "Labour Party",
              "uri": "http://oireachtas.ie/ie/oireachtas/party/dail/11/Labour_Party"
            }
          }
        ],
        "represents": [
          {
            "represent": {
              "showAs": "Leix\u2013Offaly",
              "uri": "http://oireachtas.ie/ie/oireachtas/house/dail/11/constituency/Leix\u2013Offaly"
            }
          }
        ],
        "uri": "http://oireachtas.ie/ie/oireachtas/member/William-Davin.D.1922-09-09/dail/11"
      }
    },
    {
      "membership": {
        "dateRange": {
          "end": "1948-01-12",
          "start": "1944-06-09"
        },
        "house": {
          "showAs": "12th D\u00e1il",
          "uri": "http://oireachtas.ie/ie/oireachtas/house/dail/12"
        },
        "offices": [],
        "parties": [
          {
            "party": {
              "dateRange": {
                "end": "1948-01-12",
                "start": "1944-05-30"
              },
              "showAs": "Labour Party",
              "uri": "http://oireachtas.ie/ie/oireachtas/party/dail/12/Labour_Party"
            }
          }
        ],
        "represents": [
          {
            "represent": {
              "showAs": "Leix\u2013Offaly",
              "uri": "http://oireachtas.ie/ie/oireachtas/house/dail/12/constituency/Leix\u2013Offaly"
            }
          }
        ],
        "uri": "http://oireachtas.ie/ie/oireachtas/member/William-Davin.D.1922-09-09/dail/12"
      }
    },
    {
      "membership": {
        "dateRange": {
          "end": "1951-05-07",
          "start": "1948-02-18"
        },
        "house": {
          "showAs": "13th D\u00e1il",
          "uri": "http://oireachtas.ie/ie/oireachtas/house/dail/13"
        },
        "offices": [],
        "parties": [
          {
            "party": {
              "dateRange": {
                "end": "1951-05-07",
                "start": "1948-02-04"
              },
              "showAs": "Labour Party",
              "uri": "http://oireachtas.ie/ie/oireachtas/party/dail/13/Labour_Party"
            }
          }
        ],
        "represents": [
          {
            "represent": {
              "showAs": "Leix\u2013Offaly",
              "uri": "http://oireachtas.ie/ie/oireachtas/house/dail/13/constituency/Leix\u2013Offaly"
            }
          }
        ],
        "uri": "http://oireachtas.ie/ie/oireachtas/member/William-Davin.D.1922-09-09/dail/13"
      }
    },
    {
      "membership": {
        "dateRange": {
          "end": "1954-04-24",
          "start": "1951-06-13"
        },
        "house": {
          "showAs": "14th D\u00e1il",
          "uri": "http://oireachtas.ie/ie/oireachtas/house/dail/14"
        },
        "offices": [],
        "parties": [
          {
            "party": {
              "dateRange": {
                "end": "1954-04-24",
                "start": "1951-05-30"
              },
              "showAs": "Labour Party",
              "uri": "http://oireachtas.ie/ie/oireachtas/party/dail/14/Labour_Party"
            }
          }
        ],
        "represents": [
          {
            "represent": {
              "showAs": "Leix\u2013Offaly",
              "uri": "http://oireachtas.ie/ie/oireachtas/house/dail/14/constituency/Leix\u2013Offaly"
            }
          }
        ],
        "uri": "http://oireachtas.ie/ie/oireachtas/member/William-Davin.D.1922-09-09/dail/14"
      }
    },
    {
      "membership": {
        "dateRange": {
          "end": "1956-03-01",
          "start": "1954-06-02"
        },
        "house": {
          "showAs": "15th D\u00e1il",
          "uri": "http://oireachtas.ie/ie/oireachtas/house/dail/15"
        },
        "offices": [],
        "parties": [
          {
            "party": {
              "dateRange": {
                "end": "1956-03-01",
                "start": "1954-05-18"
              },
              "showAs": "Labour Party",
              "uri": "http://oireachtas.ie/ie/oireachtas/party/dail/15/Labour_Party"
            }
          }
        ],
        "represents": [
          {
            "represent": {
              "showAs": "Leix\u2013Offaly",
              "uri": "http://oireachtas.ie/ie/oireachtas/house/dail/15/constituency/Leix\u2013Offaly"
            }
          }
        ],
        "uri": "http://oireachtas.ie/ie/oireachtas/member/William-Davin.D.1922-09-09/dail/15"
      }
    }
  ],
  "profession": "Station Master",
  "showAs": "Mr. William Davin",
  "uri": "http://oireachtas.ie/ie/oireachtas/member/William-Davin.D.1922-09-09"
}