{
  "dateOfBirth": "1893-06-14",
  "dateOfDeath": "1967-01-01",
  "firstName": "S\u00e9amus Aloysius",
  "fullName": "S\u00e9amus Aloysius Bourke",
  "gender": null,
  "image": null,
  "lastName": "Bourke",
  "memberships": [
    {
      "membership": {
        "dateRange": {
          "end": "1921-05-10",
          "start": "1919-01-21"
        },
        "house": {
          "showAs": "1st D\u00e1il",
          "uri": "http://oireachtas.ie/ie/oireachtas/house/dail/1"
        },
        "offices": [],
        "parties": [],
        "represents": [
          {
            "represent": {
              "showAs": "Tipperary Mid",
              "uri": "http://oireachtas.ie/ie/oireachtas/house/dail/1/constituency/Tipperary-Mid"
            }
          }
        ],
        "uri": "http://oireachtas.ie/ie/oireachtas/member/S\u00e9amus-Aloysius-Bourke.D.1919-01-21/dail/1"
      }
    },
    {
      "membership": {
        "dateRange": {
          "end": "1922-06-16",
          "start": "1921-08-16"
        },
        "house": {
          "showAs": "2nd D\u00e1il",
          "uri": "http://oireachtas.ie/ie/oireachtas/house/dail/2"
        },
        "offices": [],
        "parties": [
          {
            "party": {
              "dateRange": {
                "end": "1922-06-16",
                "start": "1921-05-24"
              },
              "showAs": "Sinn F\u00e9in",
              "uri": "http://oireachtas.ie/ie/oireachtas/party/dail/2/Sinn_F\u00e9in"
            }
          }
        ],
        "represents": [
          {
            "represent": {
              "showAs": "Tipperary Mid, North and South",
              "uri": "http://oireachtas.ie/ie/oireachtas/house/dail/2/constituency/Tipperary-Mid-North-and-South"
            }
          }
        ],
        "uri": "http://oireachtas.ie/ie/oireachtas/member/S\u00e9amus-Aloysius-Bourke.D.1919-01-21/dail/2"
      }
    },
    {
      "membership": {
        "dateRange": {
          "end": "1923-08-09",
          "start": "1922-09-09"
        },
        "house": {
          "showAs": "3rd D\u00e1il",
          "uri": "http://oireachtas.ie/ie/oireachtas/house/dail/3"
        },
        "offices": [],
        "parties": [
          {
            "party": {
              "dateRange": {
                "end": "1923-08-09",
                "start": "1922-06-16"
              },
              "showAs": "Sinn F\u00e9in",
              "uri": "http://oireachtas.ie/ie/oireachtas/party/dail/3/Sinn_F\u00e9in"
            }
          }
        ],
        "represents": [
          {
            "represent": {
              "showAs": "Tipperary Mid, North and South",
              "uri": "http://oireachtas.ie/ie/oireachtas/house/dail/3/constituency/Tipperary-Mid-North-and-South"
            }
          }
        ],
        "uri": "http://oireachtas.ie/ie/oireachtas/member/S\u00e9amus-Aloysius-Bourke.D.1919-01-21/dail/3"
      }
    },
    {
      "membership": {
        "dateRange": {
          "end": "1927-05-23",
          "start": "1923-09-19"
        },
        "house": {
          "showAs": "4th D\u00e1il",
          "uri": "http://oireachtas.ie/ie/oireachtas/house/dail/4"
        },
        "offices": [
          {
            "office": {
              "cabinet": {
                "showAs": "Government of the 4th D\u00e1il",
                "uri": "http://oireachtas.ie/ie/oireachtas/cabinet/dail/4"
              },
              "dateRange": {
                "end": "1924-06-02",
                "start": "1923-10-15"
              },
              "officeName": {
                "showAs": "Minister for Local Government",
                "uri": "http://oireachtas.ie/ie/oireachtas/office/minister/local_government"
              }
            }
          },
          {
            "office": {
              "cabinet": {
                "showAs": "Government of the 4th D\u00e1il",
                "uri": "http://oireachtas.ie/ie/oireachtas/cabinet/dail/4"
              },
              "dateRange": {
                "end": "1927-06-23",
                "start": "1924-06-02"
              },
              "officeName": {
                "showAs": "Minister for Local Government and Public Health",
                "uri": "http://oireachtas.ie/ie/oireachtas/office/minister/local_government__public_health"
              }
            }
          },
          {
            "office": {
              "cabinet": {
                "showAs": "Government of the 4th D\u00e1il",
                "uri": "http://oireachtas.ie/ie/oireachtas/cabinet/dail/4"
              },
              "dateRange": {
                "end": "1927-06-23",
                "start": "1924-06-02"
              },
              "officeName": {
                "showAs": "Minister for Local Government and Public Health",
                "uri": "http://oireachtas.ie/ie/oireachtas/office/minister/local_government__public_health"
              }
            }
          }
        ],
        "parties": [
          {
            "party": {
              "dateRange": {
                "end": "1927-05-23",
                "start": "1923-08-27"
              },
              "showAs": "Cumann na nGaedheal",
              "uri": "http://oireachtas.ie/ie/oireachtas/party/dail/4/Cumann_na_nGaedheal"
            }
          }
        ],
        "represents": [
          {
            "represent": {
              "showAs": "Tipperary",
              "uri": "http://oireachtas.ie/ie/oireachtas/house/dail/4/constituency/Tipperary"
            }
          }
        ],
        "uri": "http://oireachtas.ie/ie/oireachtas/member/S\u00e9amus-Aloysius-Bourke.D.1919-01-21/dail/4"
      }
    },
    {
      "membership": {
        "dateRange": {
          "end": "1927-08-25",
          "start": "1927-06-23"
        },
        "house": {
          "showAs": "5th D\u00e1il",
          "uri": "http://oireachtas.ie/ie/oireachtas/house/dail/5"
        },
        "offices": [],
        "parties": [
          {
            "party": {
              "dateRange": {
                "end": "1927-08-25",
                "start": "1927-06-09"
              },
              "showAs": "Cumann na nGaedheal",
              "uri": "http://oireachtas.ie/ie/oireachtas/party/dail/5/Cumann_na_nGaedheal"
            }
          }
        ],
        "represents": [
          {
            "represent": {
              "showAs": "Tipperary",
              "uri": "http://oireachtas.ie/ie/oireachtas/house/dail/5/constituency/Tipperary"
            }
          }
        ],
        "uri": "http://oireachtas.ie/ie/oireachtas/member/S\u00e9amus-Aloysius-Bourke.D.1919-01-21/dail/5"
      }
    },
    {
      "membership": {
        "dateRange": {
          "end": "1932-01-29",
          "start": "1927-10-11"
        },
        "house": {
          "showAs": "6th D\u00e1il",
          "uri": "http://oireachtas.ie/ie/oireachtas/house/dail/6"
        },
        "offices": [],
        "parties": [
          {
            "party": {
              "dateRange": {
                "end": "1932-01-29",
                "start": "1927-09-15"
              },
              "showAs": "Cumann na nGaedheal",
              "uri": "http://oireachtas.ie/ie/oireachtas/party/dail/6/Cumann_na_nGaedheal"
            }
          }
        ],
        "represents": [
          {
            "represent": {
              "showAs": "Tipperary",
              "uri": "http://oireachtas.ie/ie/oireachtas/house/dail/6/constituency/Tipperary"
            }
          }
        ],
        "uri": "http://oireachtas.ie/ie/oireachtas/member/S\u00e9amus-Aloysius-Bourke.D.1919-01-21/dail/6"
      }
    },
    {
      "membership": {
        "dateRange": {
          "end": "1933-01-02",
          "start": "1932-03-09"
        },
        "house": {
          "showAs": "7th D\u00e1il",
          "uri": "http://oireachtas.ie/ie/oireachtas/house/dail/7"
        },
        "offices": [],
        "parties": [
          {
            "party": {
              "dateRange": {
                "end": "1933-01-02",
                "start": "1932-02-16"
              },
              "showAs": "Cumann na nGaedheal",
              "uri": "http://oireachtas.ie/ie/oireachtas/party/dail/7/Cumann_na_nGaedheal"
            }
          }
        ],
        "represents": [
          {
            "represent": {
              "showAs": "Tipperary",
              "uri": "http://oireachtas.ie/ie/oireachtas/house/dail/7/constituency/Tipperary"
            }
          }
        ],
        "uri": "http://oireachtas.ie/ie/oireachtas/member/S\u00e9amus-Aloysius-Bourke.D.1919-01-21/dail/7"
      }
    },
    {
      "membership": {
        "dateRange": {
          "end": "1937-06-14",
          "start": "1933-02-08"
        },
        "house": {
          "showAs": "8th D\u00e1il",
          "uri": "http://oireachtas.ie/ie/oireachtas/house/dail/8"
        },
        "offices": [],
        "parties": [
          {
            "party": {
              "dateRange": {
                "end": "1937-06-14",
                "start": "1933-01-24"
              },
              "showAs": "Cumann na nGaedheal",
              "uri": "http://oireachtas.ie/ie/oireachtas/party/dail/8/Cumann_na_nGaedheal"
            }
          }
        ],
        "represents": [
          {
            "represent": {
              "showAs": "Tipperary",
              "uri": "http://oireachtas.ie/ie/oireachtas/house/dail/8/constituency/Tipperary"
            }
          }
        ],
        "uri": "http://oireachtas.ie/ie/oireachtas/member/S\u00e9amus-Aloysius-Bourke.D.1919-01-21/dail/8"
      }
    },
    {
      "membership": {
        "dateRange": {
          "end": "1938-05-27",
          "start": "1937-07-21"
        },
        "house": {
          "showAs": "9th D\u00e1il",
          "uri": "http://oireachtas.ie/ie/oireachtas/house/dail/9"
        },
        "offices": [],
        "parties": [
          {
            "party": {
              "dateRange": {
                "end": "1938-05-27",
                "start": "1937-07-01"
              },
              "showAs": "Fine Gael",
              "uri": "http://oireachtas.ie/ie/oireachtas/party/dail/9/Fine_Gael"
            }
          }
        ],
        "represents": [
          {
            "represent": {
              "showAs": "Tipperary",
              "uri": "http://oireachtas.ie/ie/oireachtas/house/dail/9/constituency/Tipperary"
            }
          }
        ],
        "uri": "http://oireachtas.ie/ie/oireachtas/member/S\u00e9amus-Aloysius-Bourke.D.1919-01-21/dail/9"
      }
    }
  ],
  "profession": "Barrister-at-Law",
  "showAs": "Mr. Seamus Aloysius Bourke",
  "uri": "http://oireachtas.ie/ie/oireachtas/member/S\u00e9amus-Aloysius-Bourke.D.1919-01-21"
}