{
  "dateOfBirth": "1944-06-02",
  "dateOfDeath": null,
  "firstName": "Fintan A.",
  "fullName": "Fintan A. Coogan",
  "gender": null,
  "image": "http://www.oireachtas.ie//MembersImages/221t.jpg",
  "lastName": "Coogan",
  "memberships": [
    {
      "membership": {
        "dateRange": {
          "end": "1987-01-21",
          "start": "1982-12-14"
        },
        "house": {
          "showAs": "24th D\u00e1il",
          "uri": "http://oireachtas.ie/ie/oireachtas/house/dail/24"
        },
        "offices": [],
        "parties": [
          {
            "party": {
              "dateRange": {
                "end": "1987-01-21",
                "start": "1982-11-24"
              },
              "showAs": "Fine Gael",
              "uri": "http://oireachtas.ie/ie/oireachtas/party/dail/24/Fine_Gael"
            }
          }
        ],
        "represents": [
          {
            "represent": {
              "showAs": "Galway West",
              "uri": "http://oireachtas.ie/ie/oireachtas/house/dail/24/constituency/Galway-West"
            }
          }
        ],
        "uri": "http://oireachtas.ie/ie/oireachtas/member/Fintan-A-Coogan.D.1982-12-14/dail/24"
      }
    },
    {
      "membership": {
        "dateRange": {
          "end": "2002-06-26",
          "start": "1997-09-17"
        },
        "house": {
          "showAs": "21st Seanad",
          "uri": "http://oireachtas.ie/ie/oireachtas/house/seanad/21"
        },
        "offices": [],
        "parties": [],
        "represents": [
          {
            "represent": {
              "showAs": "Administrative",
              "uri": "http://oireachtas.ie/ie/oireachtas/house/seanad/21/panel/Administrative"
            }
          }
        ],
        "uri": "http://oireachtas.ie/ie/oireachtas/member/Fintan-A-Coogan.D.1982-12-14/seanad/21"
      }
    }
  ],
  "profession": "College Lecturer",
  "showAs": "Mr. Fintan (Junior) Coogan",
  "uri": "http://oireachtas.ie/ie/oireachtas/member/Fintan-A-Coogan.D.1982-12-14"
}