{
  "dateOfBirth": "1951-05-01",
  "dateOfDeath": null,
  "firstName": "Michael",
  "fullName": "Michael McDowell",
  "gender": null,
  "image": "http://www.oireachtas.ie//MembersImages/103.jpg",
  "lastName": "McDowell",
  "memberships": [
    {
      "membership": {
        "dateRange": {
          "end": "1989-05-25",
          "start": "1987-03-10"
        },
        "house": {
          "showAs": "25th D\u00e1il",
          "uri": "http://oireachtas.ie/ie/oireachtas/house/dail/25"
        },
        "offices": [],
        "parties": [
          {
            "party": {
              "dateRange": {
                "end": "1989-05-25",
                "start": "1987-02-17"
              },
              "showAs": "Progressive Democrats",
              "uri": "http://oireachtas.ie/ie/oireachtas/party/dail/25/Progressive_Democrats"
            }
          }
        ],
        "represents": [
          {
            "represent": {
              "showAs": "Dublin South\u2013East",
              "uri": "http://oireachtas.ie/ie/oireachtas/house/dail/25/constituency/Dublin-South\u2013East"
            }
          }
        ],
        "uri": "http://oireachtas.ie/ie/oireachtas/member/Michael-McDowell.D.1987-03-10/dail/25"
      }
    },
    {
      "membership": {
        "dateRange": {
          "end": "1997-05-15",
          "start": "1992-12-14"
        },
        "house": {
          "showAs": "27th D\u00e1il",
          "uri": "http://oireachtas.ie/ie/oireachtas/house/dail/27"
        },
        "offices": [],
        "parties": [
          {
            "party": {
              "dateRange": {
                "end": "1997-05-15",
                "start": "1992-11-25"
              },
              "showAs": "Progressive Democrats",
              "uri": "http://oireachtas.ie/ie/oireachtas/party/dail/27/Progressive_Democrats"
            }
          }
        ],
        "represents": [
          {
            "represent": {
              "showAs": "Dublin South\u2013East",
              "uri": "http://oireachtas.ie/ie/oireachtas/house/dail/27/constituency/Dublin-South\u2013East"
            }
          }
        ],
        "uri": "http://oireachtas.ie/ie/oireachtas/member/Michael-McDowell.D.1987-03-10/dail/27"
      }
    },
    {
      "membership": {
        "dateRange": {
          "end": "2007-04-30",
          "start": "2002-06-06"
        },
        "house": {
          "showAs": "29th D\u00e1il",
          "uri": "http://oireachtas.ie/ie/oireachtas/house/dail/29"
        },
        "offices": [
          {
            "office": {
              "cabinet": {
                "showAs": "Government of the 29th D\u00e1il",
                "uri": "http://oireachtas.ie/ie/oireachtas/cabinet/dail/29"
              },
              "dateRange": {
                "end": "2007-06-14",
                "start": "2002-06-06"
              },
              "officeName": {
                "showAs": "Minister for Justice, Equality and Law Reform",
                "uri": "http://oireachtas.ie/ie/oireachtas/office/minister/justice__equality__law_reform"
              }
            }
          },
          {
            "office": {
              "cabinet": {
                "showAs": "Government of the 29th D\u00e1il",
                "uri": "http://oireachtas.ie/ie/oireachtas/cabinet/dail/29"
              },
              "dateRange": {
                "end": "2007-06-14",
                "start": "2006-09-13"
              },
              "officeName": {
                "showAs": "T\u00e1naiste",
                "uri": "http://oireachtas.ie/ie/oireachtas/office/tanaiste"
              }
            }
          }
        ],
        "parties": [
          {
            "party": {
              "dateRange": {
                "end": "2007-04-30",
                "start": "2002-05-17"
              },
              "showAs": "Progressive Democrats",
              "uri": "http://oireachtas.ie/ie/oireachtas/party/dail/29/Progressive_Democrats"
            }
          }
        ],
        "represents": [
          {
            "represent": {
              "showAs": "Dublin South\u2013East",
              "uri": "http://oireachtas.ie/ie/oireachtas/house/dail/29/constituency/Dublin-South\u2013East"
            }
          }
        ],
        "uri": "http://oireachtas.ie/ie/oireachtas/member/Michael-McDowell.D.1987-03-10/dail/29"
      }
    }
  ],
  "profession": "Senior Counsel",
  "showAs": "Mr. Michael McDowell",
  "uri": "http://oireachtas.ie/ie/oireachtas/member/Michael-McDowell.D.1987-03-10"
}