{
  "dateOfBirth": "1946-12-31",
  "dateOfDeath": null,
  "firstName": "Dr Martin",
  "fullName": "Dr Martin Mansergh",
  "gender": null,
  "image": "http://www.oireachtas.ie//MembersImages/2002j.jpg",
  "lastName": "Mansergh",
  "memberships": [
    {
      "membership": {
        "dateRange": {
          "end": "2007-07-22",
          "start": "2002-09-12"
        },
        "house": {
          "showAs": "22nd Seanad",
          "uri": "http://oireachtas.ie/ie/oireachtas/house/seanad/22"
        },
        "offices": [],
        "parties": [],
        "represents": [
          {
            "represent": {
              "showAs": "Agricultural Panel",
              "uri": "http://oireachtas.ie/ie/oireachtas/house/seanad/22/panel/Agricultural-Panel"
            }
          }
        ],
        "uri": "http://oireachtas.ie/ie/oireachtas/member/Dr-Martin-Mansergh.S.2002-09-12/seanad/22"
      }
    },
    {
      "membership": {
        "dateRange": {
          "end": "2011-02-01",
          "start": "2007-06-14"
        },
        "house": {
          "showAs": "30th D\u00e1il",
          "uri": "http://oireachtas.ie/ie/oireachtas/house/dail/30"
        },
        "offices": [],
        "parties": [
          {
            "party": {
              "dateRange": {
                "end": "2011-02-01",
                "start": "2007-05-24"
              },
              "showAs": "Fianna F\u00e1il",
              "uri": "http://oireachtas.ie/ie/oireachtas/party/dail/30/Fianna_F\u00e1il"
            }
          }
        ],
        "represents": [
          {
            "represent": {
              "showAs": "Tipperary South",
              "uri": "http://oireachtas.ie/ie/oireachtas/house/dail/30/constituency/Tipperary-South"
            }
          }
        ],
        "uri": "http://oireachtas.ie/ie/oireachtas/member/Dr-Martin-Mansergh.S.2002-09-12/dail/30"
      }
    }
  ],
  "profession": "Former Special Adviser to the Taoiseach (Charles Haughey)",
  "showAs": "Dr. Martin Mansergh",
  "uri": "http://oireachtas.ie/ie/oireachtas/member/Dr-Martin-Mansergh.S.2002-09-12"
}