{
  "dateOfBirth": null,
  "dateOfDeath": "1952-05-08",
  "firstName": "Patrick Joseph",
  "fullName": "Patrick Joseph Ruttledge",
  "gender": null,
  "image": null,
  "lastName": "Ruttledge",
  "memberships": [
    {
      "membership": {
        "dateRange": {
          "end": "1922-06-16",
          "start": "1921-08-16"
        },
        "house": {
          "showAs": "2nd D\u00e1il",
          "uri": "http://oireachtas.ie/ie/oireachtas/house/dail/2"
        },
        "offices": [],
        "parties": [
          {
            "party": {
              "dateRange": {
                "end": "1922-06-16",
                "start": "1921-05-24"
              },
              "showAs": "Sinn F\u00e9in",
              "uri": "http://oireachtas.ie/ie/oireachtas/party/dail/2/Sinn_F\u00e9in"
            }
          }
        ],
        "represents": [
          {
            "represent": {
              "showAs": "Mayo North and West",
              "uri": "http://oireachtas.ie/ie/oireachtas/house/dail/2/constituency/Mayo-North-and-West"
            }
          }
        ],
        "uri": "http://oireachtas.ie/ie/oireachtas/member/Patrick-Joseph-Ruttledge.D.1921-08-16/dail/2"
      }
    },
    {
      "membership": {
        "dateRange": {
          "end": "1923-08-09",
          "start": "1922-09-09"
        },
        "house": {
          "showAs": "3rd D\u00e1il",
          "uri": "http://oireachtas.ie/ie/oireachtas/house/dail/3"
        },
        "offices": [],
        "parties": [
          {
            "party": {
              "dateRange": {
                "end": "1923-08-09",
                "start": "1922-06-16"
              },
              "showAs": "Sinn F\u00e9in",
              "uri": "http://oireachtas.ie/ie/oireachtas/party/dail/3/Sinn_F\u00e9in"
            }
          }
        ],
        "represents": [
          {
            "represent": {
              "showAs": "Mayo North and West",
              "uri": "http://oireachtas.ie/ie/oireachtas/house/dail/3/constituency/Mayo-North-and-West"
            }
          }
        ],
        "uri": "http://oireachtas.ie/ie/oireachtas/member/Patrick-Joseph-Ruttledge.D.1921-08-16/dail/3"
      }
    },
    {
      "membership": {
        "dateRange": {
          "end": "1927-05-23",
          "start": "1923-09-19"
        },
        "house": {
          "showAs": "4th D\u00e1il",
          "uri": "http://oireachtas.ie/ie/oireachtas/house/dail/4"
        },
        "offices": [],
        "parties": [
          {
            "party": {
              "dateRange": {
                "end": "1927-05-23",
                "start": "1923-08-27"
              },
              "showAs": "Republican",
              "uri": "http://oireachtas.ie/ie/oireachtas/party/dail/4/Republican"
            }
          }
        ],
        "represents": [
          {
            "represent": {
              "showAs": "Mayo North",
              "uri": "http://oireachtas.ie/ie/oireachtas/house/dail/4/constituency/Mayo-North"
            }
          }
        ],
        "uri": "http://oireachtas.ie/ie/oireachtas/member/Patrick-Joseph-Ruttledge.D.1921-08-16/dail/4"
      }
    },
    {
      "membership": {
        "dateRange": {
          "end": "1927-08-25",
          "start": "1927-06-23"
        },
        "house": {
          "showAs": "5th D\u00e1il",
          "uri": "http://oireachtas.ie/ie/oireachtas/house/dail/5"
        },
        "offices": [],
        "parties": [
          {
            "party": {
              "dateRange": {
                "end": "1927-08-25",
                "start": "1927-06-09"
              },
              "showAs": "Fianna F\u00e1il",
              "uri": "http://oireachtas.ie/ie/oireachtas/party/dail/5/Fianna_F\u00e1il"
            }
          }
        ],
        "represents": [
          {
            "represent": {
              "showAs": "Mayo North",
              "uri": "http://oireachtas.ie/ie/oireachtas/house/dail/5/constituency/Mayo-North"
            }
          }
        ],
        "uri": "http://oireachtas.ie/ie/oireachtas/member/Patrick-Joseph-Ruttledge.D.1921-08-16/dail/5"
      }
    },
    {
      "membership": {
        "dateRange": {
          "end": "1932-01-29",
          "start": "1927-10-11"
        },
        "house": {
          "showAs": "6th D\u00e1il",
          "uri": "http://oireachtas.ie/ie/oireachtas/house/dail/6"
        },
        "offices": [],
        "parties": [
          {
            "party": {
              "dateRange": {
                "end": "1932-01-29",
                "start": "1927-09-15"
              },
              "showAs": "Fianna F\u00e1il",
              "uri": "http://oireachtas.ie/ie/oireachtas/party/dail/6/Fianna_F\u00e1il"
            }
          }
        ],
        "represents": [
          {
            "represent": {
              "showAs": "Mayo North",
              "uri": "http://oireachtas.ie/ie/oireachtas/house/dail/6/constituency/Mayo-North"
            }
          }
        ],
        "uri": "http://oireachtas.ie/ie/oireachtas/member/Patrick-Joseph-Ruttledge.D.1921-08-16/dail/6"
      }
    },
    {
      "membership": {
        "dateRange": {
          "end": "1933-01-02",
          "start": "1932-03-09"
        },
        "house": {
          "showAs": "7th D\u00e1il",
          "uri": "http://oireachtas.ie/ie/oireachtas/house/dail/7"
        },
        "offices": [
          {
            "office": {
              "cabinet": {
                "showAs": "Government of the 7th D\u00e1il",
                "uri": "http://oireachtas.ie/ie/oireachtas/cabinet/dail/7"
              },
              "dateRange": {
                "end": "1933-02-08",
                "start": "1932-03-09"
              },
              "officeName": {
                "showAs": "Minister for Lands and Fisheries",
                "uri": "http://oireachtas.ie/ie/oireachtas/office/minister/lands__fisheries"
              }
            }
          }
        ],
        "parties": [
          {
            "party": {
              "dateRange": {
                "end": "1933-01-02",
                "start": "1932-02-16"
              },
              "showAs": "Fianna F\u00e1il",
              "uri": "http://oireachtas.ie/ie/oireachtas/party/dail/7/Fianna_F\u00e1il"
            }
          }
        ],
        "represents": [
          {
            "represent": {
              "showAs": "Mayo North",
              "uri": "http://oireachtas.ie/ie/oireachtas/house/dail/7/constituency/Mayo-North"
            }
          }
        ],
        "uri": "http://oireachtas.ie/ie/oireachtas/member/Patrick-Joseph-Ruttledge.D.1921-08-16/dail/7"
      }
    },
    {
      "membership": {
        "dateRange": {
          "end": "1937-06-14",
          "start": "1933-02-08"
        },
        "house": {
          "showAs": "8th D\u00e1il",
          "uri": "http://oireachtas.ie/ie/oireachtas/house/dail/8"
        },
        "offices": [
          {
            "office": {
              "cabinet": {
                "showAs": "Government of the 8th D\u00e1il",
                "uri": "http://oireachtas.ie/ie/oireachtas/cabinet/dail/8"
              },
              "dateRange": {
                "end": "1937-07-21",
                "start": "1933-02-08"
              },
              "officeName": {
                "showAs": "Minister for Justice",
                "uri": "http://oireachtas.ie/ie/oireachtas/office/minister/justice"
              }
            }
          }
        ],
        "parties": [
          {
            "party": {
              "dateRange": {
                "end": "1937-06-14",
                "start": "1933-01-24"
              },
              "showAs": "Fianna F\u00e1il",
              "uri": "http://oireachtas.ie/ie/oireachtas/party/dail/8/Fianna_F\u00e1il"
            }
          }
        ],
        "represents": [
          {
            "represent": {
              "showAs": "Mayo North",
              "uri": "http://oireachtas.ie/ie/oireachtas/house/dail/8/constituency/Mayo-North"
            }
          }
        ],
        "uri": "http://oireachtas.ie/ie/oireachtas/member/Patrick-Joseph-Ruttledge.D.1921-08-16/dail/8"
      }
    },
    {
      "membership": {
        "dateRange": {
          "end": "1938-05-27",
          "start": "1937-07-21"
        },
        "house": {
          "showAs": "9th D\u00e1il",
          "uri": "http://oireachtas.ie/ie/oireachtas/house/dail/9"
        },
        "offices": [
          {
            "office": {
              "cabinet": {
                "showAs": "Government of the 9th D\u00e1il",
                "uri": "http://oireachtas.ie/ie/oireachtas/cabinet/dail/9"
              },
              "dateRange": {
                "end": "1938-06-30",
                "start": "1937-07-21"
              },
              "officeName": {
                "showAs": "Minister for Justice",
                "uri": "http://oireachtas.ie/ie/oireachtas/office/minister/justice"
              }
            }
          }
        ],
        "parties": [
          {
            "party": {
              "dateRange": {
                "end": "1938-05-27",
                "start": "1937-07-01"
              },
              "showAs": "Fianna F\u00e1il",
              "uri": "http://oireachtas.ie/ie/oireachtas/party/dail/9/Fianna_F\u00e1il"
            }
          }
        ],
        "represents": [
          {
            "represent": {
              "showAs": "Mayo North",
              "uri": "http://oireachtas.ie/ie/oireachtas/house/dail/9/constituency/Mayo-North"
            }
          }
        ],
        "uri": "http://oireachtas.ie/ie/oireachtas/member/Patrick-Joseph-Ruttledge.D.1921-08-16/dail/9"
      }
    },
    {
      "membership": {
        "dateRange": {
          "end": "1943-05-31",
          "start": "1938-06-30"
        },
        "house": {
          "showAs": "10th D\u00e1il",
          "uri": "http://oireachtas.ie/ie/oireachtas/house/dail/10"
        },
        "offices": [
          {
            "office": {
              "cabinet": {
                "showAs": "Government of the 10th D\u00e1il",
                "uri": "http://oireachtas.ie/ie/oireachtas/cabinet/dail/10"
              },
              "dateRange": {
                "end": "1939-09-08",
                "start": "1938-06-30"
              },
              "officeName": {
                "showAs": "Minister for Justice",
                "uri": "http://oireachtas.ie/ie/oireachtas/office/minister/justice"
              }
            }
          },
          {
            "office": {
              "cabinet": {
                "showAs": "Government of the 10th D\u00e1il",
                "uri": "http://oireachtas.ie/ie/oireachtas/cabinet/dail/10"
              },
              "dateRange": {
                "end": "1941-08-14",
                "start": "1939-09-08"
              },
              "officeName": {
                "showAs": "Minister for Local Government and Public Health",
                "uri": "http://oireachtas.ie/ie/oireachtas/office/minister/local_government__public_health"
              }
            }
          },
          {
            "office": {
              "cabinet": {
                "showAs": "Government of the 10th D\u00e1il",
                "uri": "http://oireachtas.ie/ie/oireachtas/cabinet/dail/10"
              },
              "dateRange": {
                "end": "1941-08-14",
                "start": "1939-09-08"
              },
              "officeName": {
                "showAs": "Minister for Local Government and Public Health",
                "uri": "http://oireachtas.ie/ie/oireachtas/office/minister/local_government__public_health"
              }
            }
          }
        ],
        "parties": [
          {
            "party": {
              "dateRange": {
                "end": "1943-05-31",
                "start": "1938-06-17"
              },
              "showAs": "Fianna F\u00e1il",
              "uri": "http://oireachtas.ie/ie/oireachtas/party/dail/10/Fianna_F\u00e1il"
            }
          }
        ],
        "represents": [
          {
            "represent": {
              "showAs": "Mayo North",
              "uri": "http://oireachtas.ie/ie/oireachtas/house/dail/10/constituency/Mayo-North"
            }
          }
        ],
        "uri": "http://oireachtas.ie/ie/oireachtas/member/Patrick-Joseph-Ruttledge.D.1921-08-16/dail/10"
      }
    },
    {
      "membership": {
        "dateRange": {
          "end": "1944-05-10",
          "start": "1943-07-01"
        },
        "house": {
          "showAs": "11th D\u00e1il",
          "uri": "http://oireachtas.ie/ie/oireachtas/house/dail/11"
        },
        "offices": [],
        "parties": [
          {
            "party": {
              "dateRange": {
                "end": "1944-05-10",
                "start": "1943-06-23"
              },
              "showAs": "Fianna F\u00e1il",
              "uri": "http://oireachtas.ie/ie/oireachtas/party/dail/11/Fianna_F\u00e1il"
            }
          }
        ],
        "represents": [
          {
            "represent": {
              "showAs": "Mayo North",
              "uri": "http://oireachtas.ie/ie/oireachtas/house/dail/11/constituency/Mayo-North"
            }
          }
        ],
        "uri": "http://oireachtas.ie/ie/oireachtas/member/Patrick-Joseph-Ruttledge.D.1921-08-16/dail/11"
      }
    },
    {
      "membership": {
        "dateRange": {
          "end": "1948-01-12",
          "start": "1944-06-09"
        },
        "house": {
          "showAs": "12th D\u00e1il",
          "uri": "http://oireachtas.ie/ie/oireachtas/house/dail/12"
        },
        "offices": [],
        "parties": [
          {
            "party": {
              "dateRange": {
                "end": "1948-01-12",
                "start": "1944-05-30"
              },
              "showAs": "Fianna F\u00e1il",
              "uri": "http://oireachtas.ie/ie/oireachtas/party/dail/12/Fianna_F\u00e1il"
            }
          }
        ],
        "represents": [
          {
            "represent": {
              "showAs": "Mayo North",
              "uri": "http://oireachtas.ie/ie/oireachtas/house/dail/12/constituency/Mayo-North"
            }
          }
        ],
        "uri": "http://oireachtas.ie/ie/oireachtas/member/Patrick-Joseph-Ruttledge.D.1921-08-16/dail/12"
      }
    },
    {
      "membership": {
        "dateRange": {
          "end": "1951-05-07",
          "start": "1948-02-18"
        },
        "house": {
          "showAs": "13th D\u00e1il",
          "uri": "http://oireachtas.ie/ie/oireachtas/house/dail/13"
        },
        "offices": [],
        "parties": [
          {
            "party": {
              "dateRange": {
                "end": "1951-05-07",
                "start": "1948-02-04"
              },
              "showAs": "Fianna F\u00e1il",
              "uri": "http://oireachtas.ie/ie/oireachtas/party/dail/13/Fianna_F\u00e1il"
            }
          }
        ],
        "represents": [
          {
            "represent": {
              "showAs": "Mayo North",
              "uri": "http://oireachtas.ie/ie/oireachtas/house/dail/13/constituency/Mayo-North"
            }
          }
        ],
        "uri": "http://oireachtas.ie/ie/oireachtas/member/Patrick-Joseph-Ruttledge.D.1921-08-16/dail/13"
      }
    },
    {
      "membership": {
        "dateRange": {
          "end": "1952-05-08",
          "start": "1951-06-13"
        },
        "house": {
          "showAs": "14th D\u00e1il",
          "uri": "http://oireachtas.ie/ie/oireachtas/house/dail/14"
        },
        "offices": [],
        "parties": [
          {
            "party": {
              "dateRange": {
                "end": "1952-05-08",
                "start": "1951-05-30"
              },
              "showAs": "Fianna F\u00e1il",
              "uri": "http://oireachtas.ie/ie/oireachtas/party/dail/14/Fianna_F\u00e1il"
            }
          }
        ],
        "represents": [
          {
            "represent": {
              "showAs": "Mayo North",
              "uri": "http://oireachtas.ie/ie/oireachtas/house/dail/14/constituency/Mayo-North"
            }
          }
        ],
        "uri": "http://oireachtas.ie/ie/oireachtas/member/Patrick-Joseph-Ruttledge.D.1921-08-16/dail/14"
      }
    }
  ],
  "profession": "Solicitor",
  "showAs": "Mr. Patrick J. Ruttledge",
  "uri": "http://oireachtas.ie/ie/oireachtas/member/Patrick-Joseph-Ruttledge.D.1921-08-16"
}