{
  "dateOfBirth": null,
  "dateOfDeath": null,
  "firstName": "Ann",
  "fullName": "Ann Phelan",
  "gender": null,
  "image": "http://www.oireachtas.ie//MembersImages/2293s.jpg",
  "lastName": "Phelan",
  "memberships": [
    {
      "membership": {
        "dateRange": {
          "end": "2016-03-09",
          "start": "2011-03-09"
        },
        "house": {
          "showAs": "31st D\u00e1il",
          "uri": "http://oireachtas.ie/ie/oireachtas/house/dail/31"
        },
        "offices": [],
        "parties": [
          {
            "party": {
              "dateRange": {
                "end": "2016-03-09",
                "start": "2011-02-25"
              },
              "showAs": "Labour Party",
              "uri": "http://oireachtas.ie/ie/oireachtas/party/dail/31/Labour_Party"
            }
          }
        ],
        "represents": [
          {
            "represent": {
              "showAs": "Carlow\u2013Kilkenny",
              "uri": "http://oireachtas.ie/ie/oireachtas/house/dail/31/constituency/Carlow\u2013Kilkenny"
            }
          }
        ],
        "uri": "http://oireachtas.ie/ie/oireachtas/member/Ann-Phelan.D.2011-03-09/dail/31"
      }
    }
  ],
  "profession": null,
  "showAs": "Ms. Ann Phelan",
  "uri": "http://oireachtas.ie/ie/oireachtas/member/Ann-Phelan.D.2011-03-09"
}