{
  "dateOfBirth": "1951-07-01",
  "dateOfDeath": null,
  "firstName": "Declan",
  "fullName": "Declan Bree",
  "gender": null,
  "image": "http://www.oireachtas.ie//MembersImages/87h.jpg",
  "lastName": "Bree",
  "memberships": [
    {
      "membership": {
        "dateRange": {
          "end": "1997-05-15",
          "start": "1992-12-14"
        },
        "house": {
          "showAs": "27th D\u00e1il",
          "uri": "http://oireachtas.ie/ie/oireachtas/house/dail/27"
        },
        "offices": [],
        "parties": [
          {
            "party": {
              "dateRange": {
                "end": "1997-05-15",
                "start": "1992-11-25"
              },
              "showAs": "Labour Party",
              "uri": "http://oireachtas.ie/ie/oireachtas/party/dail/27/Labour_Party"
            }
          }
        ],
        "represents": [
          {
            "represent": {
              "showAs": "Sligo\u2013Leitrim",
              "uri": "http://oireachtas.ie/ie/oireachtas/house/dail/27/constituency/Sligo\u2013Leitrim"
            }
          }
        ],
        "uri": "http://oireachtas.ie/ie/oireachtas/member/Declan-Bree.D.1992-12-14/dail/27"
      }
    }
  ],
  "profession": "Public Representative",
  "showAs": "Mr. Declan Bree",
  "uri": "http://oireachtas.ie/ie/oireachtas/member/Declan-Bree.D.1992-12-14"
}