{
  "dateOfBirth": null,
  "dateOfDeath": null,
  "firstName": "Richard",
  "fullName": "Richard Conroy",
  "gender": null,
  "image": null,
  "lastName": "Conroy",
  "memberships": [
    {
      "membership": {
        "dateRange": {
          "end": "1981-07-16",
          "start": "1977-10-27"
        },
        "house": {
          "showAs": "14th Seanad",
          "uri": "http://oireachtas.ie/ie/oireachtas/house/seanad/14"
        },
        "offices": [],
        "parties": [],
        "represents": [
          {
            "represent": {
              "showAs": "Cultural and Educational Panel",
              "uri": "http://oireachtas.ie/ie/oireachtas/house/seanad/14/panel/Cultural-and-Educational-Panel"
            }
          }
        ],
        "uri": "http://oireachtas.ie/ie/oireachtas/member/Richard-Conroy.S.1977-10-27/seanad/14"
      }
    },
    {
      "membership": {
        "dateRange": {
          "end": "1992-12-17",
          "start": "1989-10-01"
        },
        "house": {
          "showAs": "19th Seanad",
          "uri": "http://oireachtas.ie/ie/oireachtas/house/seanad/19"
        },
        "offices": [],
        "parties": [],
        "represents": [
          {
            "represent": {
              "showAs": "Industrial and Commercial Panel",
              "uri": "http://oireachtas.ie/ie/oireachtas/house/seanad/19/panel/Industrial-and-Commercial-Panel"
            }
          }
        ],
        "uri": "http://oireachtas.ie/ie/oireachtas/member/Richard-Conroy.S.1977-10-27/seanad/19"
      }
    }
  ],
  "profession": "Formerly a Professor, Director of mining and Exploration Company",
  "showAs": "Mr. Richard Conroy",
  "uri": "http://oireachtas.ie/ie/oireachtas/member/Richard-Conroy.S.1977-10-27"
}