{
  "dateOfBirth": "1883-01-24",
  "dateOfDeath": "1968-09-11",
  "firstName": "Denis",
  "fullName": "Denis McCullough",
  "gender": null,
  "image": null,
  "lastName": "McCullough",
  "memberships": [
    {
      "membership": {
        "dateRange": {
          "end": "1927-05-23",
          "start": "1924-11-20"
        },
        "house": {
          "showAs": "4th D\u00e1il",
          "uri": "http://oireachtas.ie/ie/oireachtas/house/dail/4"
        },
        "offices": [],
        "parties": [],
        "represents": [
          {
            "represent": {
              "showAs": "Donegal",
              "uri": "http://oireachtas.ie/ie/oireachtas/house/dail/4/constituency/Donegal"
            }
          }
        ],
        "uri": "http://oireachtas.ie/ie/oireachtas/member/Denis-McCullough.D.1924-11-20/dail/4"
      }
    }
  ],
  "profession": null,
  "showAs": "Mr. Denis McCullough",
  "uri": "http://oireachtas.ie/ie/oireachtas/member/Denis-McCullough.D.1924-11-20"
}