{
  "dateOfBirth": null,
  "dateOfDeath": "1964-05-12",
  "firstName": "James J.",
  "fullName": "James J. Burke",
  "gender": null,
  "image": null,
  "lastName": "Burke",
  "memberships": [
    {
      "membership": {
        "dateRange": {
          "end": "1957-02-12",
          "start": "1954-06-02"
        },
        "house": {
          "showAs": "15th D\u00e1il",
          "uri": "http://oireachtas.ie/ie/oireachtas/house/dail/15"
        },
        "offices": [],
        "parties": [
          {
            "party": {
              "dateRange": {
                "end": "1957-02-12",
                "start": "1954-05-18"
              },
              "showAs": "Fine Gael",
              "uri": "http://oireachtas.ie/ie/oireachtas/party/dail/15/Fine_Gael"
            }
          }
        ],
        "represents": [
          {
            "represent": {
              "showAs": "Roscommon",
              "uri": "http://oireachtas.ie/ie/oireachtas/house/dail/15/constituency/Roscommon"
            }
          }
        ],
        "uri": "http://oireachtas.ie/ie/oireachtas/member/James-J-Burke.D.1954-06-02/dail/15"
      }
    },
    {
      "membership": {
        "dateRange": {
          "end": "1961-09-15",
          "start": "1957-03-20"
        },
        "house": {
          "showAs": "16th D\u00e1il",
          "uri": "http://oireachtas.ie/ie/oireachtas/house/dail/16"
        },
        "offices": [],
        "parties": [
          {
            "party": {
              "dateRange": {
                "end": "1961-09-15",
                "start": "1957-03-05"
              },
              "showAs": "Fine Gael",
              "uri": "http://oireachtas.ie/ie/oireachtas/party/dail/16/Fine_Gael"
            }
          }
        ],
        "represents": [
          {
            "represent": {
              "showAs": "Roscommon",
              "uri": "http://oireachtas.ie/ie/oireachtas/house/dail/16/constituency/Roscommon"
            }
          }
        ],
        "uri": "http://oireachtas.ie/ie/oireachtas/member/James-J-Burke.D.1954-06-02/dail/16"
      }
    },
    {
      "membership": {
        "dateRange": {
          "end": "1964-05-12",
          "start": "1961-10-11"
        },
        "house": {
          "showAs": "17th D\u00e1il",
          "uri": "http://oireachtas.ie/ie/oireachtas/house/dail/17"
        },
        "offices": [],
        "parties": [
          {
            "party": {
              "dateRange": {
                "end": "1964-05-12",
                "start": "1961-10-04"
              },
              "showAs": "Fine Gael",
              "uri": "http://oireachtas.ie/ie/oireachtas/party/dail/17/Fine_Gael"
            }
          }
        ],
        "represents": [
          {
            "represent": {
              "showAs": "Roscommon",
              "uri": "http://oireachtas.ie/ie/oireachtas/house/dail/17/constituency/Roscommon"
            }
          }
        ],
        "uri": "http://oireachtas.ie/ie/oireachtas/member/James-J-Burke.D.1954-06-02/dail/17"
      }
    }
  ],
  "profession": "Farmer",
  "showAs": "Mr. James J. Burke",
  "uri": "http://oireachtas.ie/ie/oireachtas/member/James-J-Burke.D.1954-06-02"
}