{
  "dateOfBirth": null,
  "dateOfDeath": null,
  "firstName": "Jim",
  "fullName": "Jim D'Arcy",
  "gender": null,
  "image": "/MembersImages/2383j.jpg",
  "lastName": "D'Arcy",
  "memberships": [
    {
      "membership": {
        "dateRange": {
          "end": "2016-06-07",
          "start": "2011-05-25"
        },
        "house": {
          "showAs": "24th Seanad",
          "uri": "http://oireachtas.ie/ie/oireachtas/house/seanad/24"
        },
        "offices": [],
        "parties": [],
        "represents": [
          {
            "represent": {
              "showAs": "Nominated by the Taoiseach",
              "uri": "http://oireachtas.ie/ie/oireachtas/house/seanad/24/panel/Nominated-by-the-Taoiseach"
            }
          }
        ],
        "uri": "http://oireachtas.ie/ie/oireachtas/member/Jim-D'Arcy.S.2011-05-25/seanad/24"
      }
    }
  ],
  "profession": null,
  "showAs": "Mr. Jim D'Arcy",
  "uri": "http://oireachtas.ie/ie/oireachtas/member/Jim-D'Arcy.S.2011-05-25"
}