{
  "dateOfBirth": "1900-10-31",
  "dateOfDeath": "1967-09-01",
  "firstName": "James J.",
  "fullName": "James J. Collins",
  "gender": null,
  "image": null,
  "lastName": "Collins",
  "memberships": [
    {
      "membership": {
        "dateRange": {
          "end": "1951-05-07",
          "start": "1948-02-18"
        },
        "house": {
          "showAs": "13th D\u00e1il",
          "uri": "http://oireachtas.ie/ie/oireachtas/house/dail/13"
        },
        "offices": [],
        "parties": [
          {
            "party": {
              "dateRange": {
                "end": "1951-05-07",
                "start": "1948-02-04"
              },
              "showAs": "Fianna F\u00e1il",
              "uri": "http://oireachtas.ie/ie/oireachtas/party/dail/13/Fianna_F\u00e1il"
            }
          }
        ],
        "represents": [
          {
            "represent": {
              "showAs": "Limerick West",
              "uri": "http://oireachtas.ie/ie/oireachtas/house/dail/13/constituency/Limerick-West"
            }
          }
        ],
        "uri": "http://oireachtas.ie/ie/oireachtas/member/James-J-Collins.D.1948-02-18/dail/13"
      }
    },
    {
      "membership": {
        "dateRange": {
          "end": "1954-04-24",
          "start": "1951-06-13"
        },
        "house": {
          "showAs": "14th D\u00e1il",
          "uri": "http://oireachtas.ie/ie/oireachtas/house/dail/14"
        },
        "offices": [],
        "parties": [
          {
            "party": {
              "dateRange": {
                "end": "1954-04-24",
                "start": "1951-05-30"
              },
              "showAs": "Fianna F\u00e1il",
              "uri": "http://oireachtas.ie/ie/oireachtas/party/dail/14/Fianna_F\u00e1il"
            }
          }
        ],
        "represents": [
          {
            "represent": {
              "showAs": "Limerick West",
              "uri": "http://oireachtas.ie/ie/oireachtas/house/dail/14/constituency/Limerick-West"
            }
          }
        ],
        "uri": "http://oireachtas.ie/ie/oireachtas/member/James-J-Collins.D.1948-02-18/dail/14"
      }
    },
    {
      "membership": {
        "dateRange": {
          "end": "1957-02-12",
          "start": "1954-06-02"
        },
        "house": {
          "showAs": "15th D\u00e1il",
          "uri": "http://oireachtas.ie/ie/oireachtas/house/dail/15"
        },
        "offices": [],
        "parties": [
          {
            "party": {
              "dateRange": {
                "end": "1957-02-12",
                "start": "1954-05-18"
              },
              "showAs": "Fianna F\u00e1il",
              "uri": "http://oireachtas.ie/ie/oireachtas/party/dail/15/Fianna_F\u00e1il"
            }
          }
        ],
        "represents": [
          {
            "represent": {
              "showAs": "Limerick West",
              "uri": "http://oireachtas.ie/ie/oireachtas/house/dail/15/constituency/Limerick-West"
            }
          }
        ],
        "uri": "http://oireachtas.ie/ie/oireachtas/member/James-J-Collins.D.1948-02-18/dail/15"
      }
    },
    {
      "membership": {
        "dateRange": {
          "end": "1961-09-15",
          "start": "1957-03-20"
        },
        "house": {
          "showAs": "16th D\u00e1il",
          "uri": "http://oireachtas.ie/ie/oireachtas/house/dail/16"
        },
        "offices": [],
        "parties": [
          {
            "party": {
              "dateRange": {
                "end": "1961-09-15",
                "start": "1957-03-05"
              },
              "showAs": "Fianna F\u00e1il",
              "uri": "http://oireachtas.ie/ie/oireachtas/party/dail/16/Fianna_F\u00e1il"
            }
          }
        ],
        "represents": [
          {
            "represent": {
              "showAs": "Limerick West",
              "uri": "http://oireachtas.ie/ie/oireachtas/house/dail/16/constituency/Limerick-West"
            }
          }
        ],
        "uri": "http://oireachtas.ie/ie/oireachtas/member/James-J-Collins.D.1948-02-18/dail/16"
      }
    },
    {
      "membership": {
        "dateRange": {
          "end": "1965-03-18",
          "start": "1961-10-11"
        },
        "house": {
          "showAs": "17th D\u00e1il",
          "uri": "http://oireachtas.ie/ie/oireachtas/house/dail/17"
        },
        "offices": [],
        "parties": [
          {
            "party": {
              "dateRange": {
                "end": "1965-03-18",
                "start": "1961-10-04"
              },
              "showAs": "Fianna F\u00e1il",
              "uri": "http://oireachtas.ie/ie/oireachtas/party/dail/17/Fianna_F\u00e1il"
            }
          }
        ],
        "represents": [
          {
            "represent": {
              "showAs": "Limerick West",
              "uri": "http://oireachtas.ie/ie/oireachtas/house/dail/17/constituency/Limerick-West"
            }
          }
        ],
        "uri": "http://oireachtas.ie/ie/oireachtas/member/James-J-Collins.D.1948-02-18/dail/17"
      }
    },
    {
      "membership": {
        "dateRange": {
          "end": "1967-09-01",
          "start": "1965-04-21"
        },
        "house": {
          "showAs": "18th D\u00e1il",
          "uri": "http://oireachtas.ie/ie/oireachtas/house/dail/18"
        },
        "offices": [],
        "parties": [
          {
            "party": {
              "dateRange": {
                "end": "1967-09-01",
                "start": "1965-04-07"
              },
              "showAs": "Fianna F\u00e1il",
              "uri": "http://oireachtas.ie/ie/oireachtas/party/dail/18/Fianna_F\u00e1il"
            }
          }
        ],
        "represents": [
          {
            "represent": {
              "showAs": "Limerick West",
              "uri": "http://oireachtas.ie/ie/oireachtas/house/dail/18/constituency/Limerick-West"
            }
          }
        ],
        "uri": "http://oireachtas.ie/ie/oireachtas/member/James-J-Collins.D.1948-02-18/dail/18"
      }
    }
  ],
  "profession": null,
  "showAs": "Mr. James J. Collins",
  "uri": "http://oireachtas.ie/ie/oireachtas/member/James-J-Collins.D.1948-02-18"
}