{
  "dateOfBirth": null,
  "dateOfDeath": "1963-12-04",
  "firstName": "William",
  "fullName": "William Norton",
  "gender": null,
  "image": "http://www.oireachtas.ie//MembersImages/825c.jpg",
  "lastName": "Norton",
  "memberships": [
    {
      "membership": {
        "dateRange": {
          "end": "1927-05-23",
          "start": "1926-02-18"
        },
        "house": {
          "showAs": "4th D\u00e1il",
          "uri": "http://oireachtas.ie/ie/oireachtas/house/dail/4"
        },
        "offices": [],
        "parties": [],
        "represents": [
          {
            "represent": {
              "showAs": "Dublin County",
              "uri": "http://oireachtas.ie/ie/oireachtas/house/dail/4/constituency/Dublin-County"
            }
          }
        ],
        "uri": "http://oireachtas.ie/ie/oireachtas/member/William-Norton.D.1926-02-18/dail/4"
      }
    },
    {
      "membership": {
        "dateRange": {
          "end": "1933-01-02",
          "start": "1932-03-09"
        },
        "house": {
          "showAs": "7th D\u00e1il",
          "uri": "http://oireachtas.ie/ie/oireachtas/house/dail/7"
        },
        "offices": [],
        "parties": [
          {
            "party": {
              "dateRange": {
                "end": "1933-01-02",
                "start": "1932-02-16"
              },
              "showAs": "Labour Party",
              "uri": "http://oireachtas.ie/ie/oireachtas/party/dail/7/Labour_Party"
            }
          }
        ],
        "represents": [
          {
            "represent": {
              "showAs": "Kildare",
              "uri": "http://oireachtas.ie/ie/oireachtas/house/dail/7/constituency/Kildare"
            }
          }
        ],
        "uri": "http://oireachtas.ie/ie/oireachtas/member/William-Norton.D.1926-02-18/dail/7"
      }
    },
    {
      "membership": {
        "dateRange": {
          "end": "1937-06-14",
          "start": "1933-02-08"
        },
        "house": {
          "showAs": "8th D\u00e1il",
          "uri": "http://oireachtas.ie/ie/oireachtas/house/dail/8"
        },
        "offices": [],
        "parties": [
          {
            "party": {
              "dateRange": {
                "end": "1937-06-14",
                "start": "1933-01-24"
              },
              "showAs": "Labour Party",
              "uri": "http://oireachtas.ie/ie/oireachtas/party/dail/8/Labour_Party"
            }
          }
        ],
        "represents": [
          {
            "represent": {
              "showAs": "Kildare",
              "uri": "http://oireachtas.ie/ie/oireachtas/house/dail/8/constituency/Kildare"
            }
          }
        ],
        "uri": "http://oireachtas.ie/ie/oireachtas/member/William-Norton.D.1926-02-18/dail/8"
      }
    },
    {
      "membership": {
        "dateRange": {
          "end": "1938-05-27",
          "start": "1937-07-21"
        },
        "house": {
          "showAs": "9th D\u00e1il",
          "uri": "http://oireachtas.ie/ie/oireachtas/house/dail/9"
        },
        "offices": [],
        "parties": [
          {
            "party": {
              "dateRange": {
                "end": "1938-05-27",
                "start": "1937-07-01"
              },
              "showAs": "Labour Party",
              "uri": "http://oireachtas.ie/ie/oireachtas/party/dail/9/Labour_Party"
            }
          }
        ],
        "represents": [
          {
            "represent": {
              "showAs": "Carlow\u2013Kildare",
              "uri": "http://oireachtas.ie/ie/oireachtas/house/dail/9/constituency/Carlow\u2013Kildare"
            }
          }
        ],
        "uri": "http://oireachtas.ie/ie/oireachtas/member/William-Norton.D.1926-02-18/dail/9"
      }
    },
    {
      "membership": {
        "dateRange": {
          "end": "1943-05-31",
          "start": "1938-06-30"
        },
        "house": {
          "showAs": "10th D\u00e1il",
          "uri": "http://oireachtas.ie/ie/oireachtas/house/dail/10"
        },
        "offices": [],
        "parties": [
          {
            "party": {
              "dateRange": {
                "end": "1943-05-31",
                "start": "1938-06-17"
              },
              "showAs": "Labour Party",
              "uri": "http://oireachtas.ie/ie/oireachtas/party/dail/10/Labour_Party"
            }
          }
        ],
        "represents": [
          {
            "represent": {
              "showAs": "Carlow\u2013Kildare",
              "uri": "http://oireachtas.ie/ie/oireachtas/house/dail/10/constituency/Carlow\u2013Kildare"
            }
          }
        ],
        "uri": "http://oireachtas.ie/ie/oireachtas/member/William-Norton.D.1926-02-18/dail/10"
      }
    },
    {
      "membership": {
        "dateRange": {
          "end": "1944-05-10",
          "start": "1943-07-01"
        },
        "house": {
          "showAs": "11th D\u00e1il",
          "uri": "http://oireachtas.ie/ie/oireachtas/house/dail/11"
        },
        "offices": [],
        "parties": [
          {
            "party": {
              "dateRange": {
                "end": "1944-05-10",
                "start": "1943-06-23"
              },
              "showAs": "Labour Party",
              "uri": "http://oireachtas.ie/ie/oireachtas/party/dail/11/Labour_Party"
            }
          }
        ],
        "represents": [
          {
            "represent": {
              "showAs": "Carlow\u2013Kildare",
              "uri": "http://oireachtas.ie/ie/oireachtas/house/dail/11/constituency/Carlow\u2013Kildare"
            }
          }
        ],
        "uri": "http://oireachtas.ie/ie/oireachtas/member/William-Norton.D.1926-02-18/dail/11"
      }
    },
    {
      "membership": {
        "dateRange": {
          "end": "1948-01-12",
          "start": "1944-06-09"
        },
        "house": {
          "showAs": "12th D\u00e1il",
          "uri": "http://oireachtas.ie/ie/oireachtas/house/dail/12"
        },
        "offices": [],
        "parties": [
          {
            "party": {
              "dateRange": {
                "end": "1948-01-12",
                "start": "1944-05-30"
              },
              "showAs": "Labour Party",
              "uri": "http://oireachtas.ie/ie/oireachtas/party/dail/12/Labour_Party"
            }
          }
        ],
        "represents": [
          {
            "represent": {
              "showAs": "Carlow\u2013Kildare",
              "uri": "http://oireachtas.ie/ie/oireachtas/house/dail/12/constituency/Carlow\u2013Kildare"
            }
          }
        ],
        "uri": "http://oireachtas.ie/ie/oireachtas/member/William-Norton.D.1926-02-18/dail/12"
      }
    },
    {
      "membership": {
        "dateRange": {
          "end": "1951-05-07",
          "start": "1948-02-18"
        },
        "house": {
          "showAs": "13th D\u00e1il",
          "uri": "http://oireachtas.ie/ie/oireachtas/house/dail/13"
        },
        "offices": [
          {
            "office": {
              "cabinet": {
                "showAs": "Government of the 13th D\u00e1il",
                "uri": "http://oireachtas.ie/ie/oireachtas/cabinet/dail/13"
              },
              "dateRange": {
                "end": "1951-06-13",
                "start": "1948-02-18"
              },
              "officeName": {
                "showAs": "T\u00e1naiste",
                "uri": "http://oireachtas.ie/ie/oireachtas/office/tanaiste"
              }
            }
          },
          {
            "office": {
              "cabinet": {
                "showAs": "Government of the 13th D\u00e1il",
                "uri": "http://oireachtas.ie/ie/oireachtas/cabinet/dail/13"
              },
              "dateRange": {
                "end": "1951-06-13",
                "start": "1948-02-18"
              },
              "officeName": {
                "showAs": "Minister for Social Welfare",
                "uri": "http://oireachtas.ie/ie/oireachtas/office/minister/social_welfare"
              }
            }
          },
          {
            "office": {
              "cabinet": {
                "showAs": "Government of the 13th D\u00e1il",
                "uri": "http://oireachtas.ie/ie/oireachtas/cabinet/dail/13"
              },
              "dateRange": {
                "end": "1949-05-11",
                "start": "1949-05-03"
              },
              "officeName": {
                "showAs": "Minister for Local Government",
                "uri": "http://oireachtas.ie/ie/oireachtas/office/minister/local_government"
              }
            }
          }
        ],
        "parties": [
          {
            "party": {
              "dateRange": {
                "end": "1951-05-07",
                "start": "1948-02-04"
              },
              "showAs": "Labour Party",
              "uri": "http://oireachtas.ie/ie/oireachtas/party/dail/13/Labour_Party"
            }
          }
        ],
        "represents": [
          {
            "represent": {
              "showAs": "Kildare",
              "uri": "http://oireachtas.ie/ie/oireachtas/house/dail/13/constituency/Kildare"
            }
          }
        ],
        "uri": "http://oireachtas.ie/ie/oireachtas/member/William-Norton.D.1926-02-18/dail/13"
      }
    },
    {
      "membership": {
        "dateRange": {
          "end": "1954-04-24",
          "start": "1951-06-13"
        },
        "house": {
          "showAs": "14th D\u00e1il",
          "uri": "http://oireachtas.ie/ie/oireachtas/house/dail/14"
        },
        "offices": [
          {
            "office": {
              "cabinet": {
                "showAs": "Government of the 14th D\u00e1il",
                "uri": "http://oireachtas.ie/ie/oireachtas/cabinet/dail/14"
              },
              "dateRange": {
                "end": "1951-06-14",
                "start": "1951-06-13"
              },
              "officeName": {
                "showAs": "Minister for Social Welfare",
                "uri": "http://oireachtas.ie/ie/oireachtas/office/minister/social_welfare"
              }
            }
          }
        ],
        "parties": [
          {
            "party": {
              "dateRange": {
                "end": "1954-04-24",
                "start": "1951-05-30"
              },
              "showAs": "Labour Party",
              "uri": "http://oireachtas.ie/ie/oireachtas/party/dail/14/Labour_Party"
            }
          }
        ],
        "represents": [
          {
            "represent": {
              "showAs": "Kildare",
              "uri": "http://oireachtas.ie/ie/oireachtas/house/dail/14/constituency/Kildare"
            }
          }
        ],
        "uri": "http://oireachtas.ie/ie/oireachtas/member/William-Norton.D.1926-02-18/dail/14"
      }
    },
    {
      "membership": {
        "dateRange": {
          "end": "1957-02-12",
          "start": "1954-06-02"
        },
        "house": {
          "showAs": "15th D\u00e1il",
          "uri": "http://oireachtas.ie/ie/oireachtas/house/dail/15"
        },
        "offices": [
          {
            "office": {
              "cabinet": {
                "showAs": "Government of the 15th D\u00e1il",
                "uri": "http://oireachtas.ie/ie/oireachtas/cabinet/dail/15"
              },
              "dateRange": {
                "end": "1957-03-20",
                "start": "1954-06-02"
              },
              "officeName": {
                "showAs": "T\u00e1naiste",
                "uri": "http://oireachtas.ie/ie/oireachtas/office/tanaiste"
              }
            }
          },
          {
            "office": {
              "cabinet": {
                "showAs": "Government of the 15th D\u00e1il",
                "uri": "http://oireachtas.ie/ie/oireachtas/cabinet/dail/15"
              },
              "dateRange": {
                "end": "1957-03-20",
                "start": "1954-06-02"
              },
              "officeName": {
                "showAs": "Minister for Industry and Commerce",
                "uri": "http://oireachtas.ie/ie/oireachtas/office/minister/industry__commerce"
              }
            }
          }
        ],
        "parties": [
          {
            "party": {
              "dateRange": {
                "end": "1957-02-12",
                "start": "1954-05-18"
              },
              "showAs": "Labour Party",
              "uri": "http://oireachtas.ie/ie/oireachtas/party/dail/15/Labour_Party"
            }
          }
        ],
        "represents": [
          {
            "represent": {
              "showAs": "Kildare",
              "uri": "http://oireachtas.ie/ie/oireachtas/house/dail/15/constituency/Kildare"
            }
          }
        ],
        "uri": "http://oireachtas.ie/ie/oireachtas/member/William-Norton.D.1926-02-18/dail/15"
      }
    },
    {
      "membership": {
        "dateRange": {
          "end": "1961-09-15",
          "start": "1957-03-20"
        },
        "house": {
          "showAs": "16th D\u00e1il",
          "uri": "http://oireachtas.ie/ie/oireachtas/house/dail/16"
        },
        "offices": [
          {
            "office": {
              "cabinet": {
                "showAs": "Government of the 16th D\u00e1il",
                "uri": "http://oireachtas.ie/ie/oireachtas/cabinet/dail/16"
              },
              "dateRange": {
                "end": "1959-06-23",
                "start": "1957-03-20"
              },
              "officeName": {
                "showAs": "T\u00e1naiste",
                "uri": "http://oireachtas.ie/ie/oireachtas/office/tanaiste"
              }
            }
          }
        ],
        "parties": [
          {
            "party": {
              "dateRange": {
                "end": "1961-09-15",
                "start": "1957-03-05"
              },
              "showAs": "Labour Party",
              "uri": "http://oireachtas.ie/ie/oireachtas/party/dail/16/Labour_Party"
            }
          }
        ],
        "represents": [
          {
            "represent": {
              "showAs": "Kildare",
              "uri": "http://oireachtas.ie/ie/oireachtas/house/dail/16/constituency/Kildare"
            }
          }
        ],
        "uri": "http://oireachtas.ie/ie/oireachtas/member/William-Norton.D.1926-02-18/dail/16"
      }
    },
    {
      "membership": {
        "dateRange": {
          "end": "1963-12-04",
          "start": "1961-10-11"
        },
        "house": {
          "showAs": "17th D\u00e1il",
          "uri": "http://oireachtas.ie/ie/oireachtas/house/dail/17"
        },
        "offices": [],
        "parties": [
          {
            "party": {
              "dateRange": {
                "end": "1963-12-04",
                "start": "1961-10-04"
              },
              "showAs": "Labour Party",
              "uri": "http://oireachtas.ie/ie/oireachtas/party/dail/17/Labour_Party"
            }
          }
        ],
        "represents": [
          {
            "represent": {
              "showAs": "Kildare",
              "uri": "http://oireachtas.ie/ie/oireachtas/house/dail/17/constituency/Kildare"
            }
          }
        ],
        "uri": "http://oireachtas.ie/ie/oireachtas/member/William-Norton.D.1926-02-18/dail/17"
      }
    }
  ],
  "profession": "Trade Union Official",
  "showAs": "Mr. William Norton",
  "uri": "http://oireachtas.ie/ie/oireachtas/member/William-Norton.D.1926-02-18"
}