{
  "dateOfBirth": "1931-06-15",
  "dateOfDeath": null,
  "firstName": "Gerard",
  "fullName": "Gerard Lynch",
  "gender": null,
  "image": null,
  "lastName": "Lynch",
  "memberships": [
    {
      "membership": {
        "dateRange": {
          "end": "1973-02-05",
          "start": "1969-07-02"
        },
        "house": {
          "showAs": "19th D\u00e1il",
          "uri": "http://oireachtas.ie/ie/oireachtas/house/dail/19"
        },
        "offices": [],
        "parties": [
          {
            "party": {
              "dateRange": {
                "end": "1973-02-05",
                "start": "1969-06-18"
              },
              "showAs": "Fine Gael",
              "uri": "http://oireachtas.ie/ie/oireachtas/party/dail/19/Fine_Gael"
            }
          }
        ],
        "represents": [
          {
            "represent": {
              "showAs": "Kerry North",
              "uri": "http://oireachtas.ie/ie/oireachtas/house/dail/19/constituency/Kerry-North"
            }
          }
        ],
        "uri": "http://oireachtas.ie/ie/oireachtas/member/Gerard-Lynch.D.1969-07-02/dail/19"
      }
    },
    {
      "membership": {
        "dateRange": {
          "end": "1977-05-25",
          "start": "1973-03-14"
        },
        "house": {
          "showAs": "20th D\u00e1il",
          "uri": "http://oireachtas.ie/ie/oireachtas/house/dail/20"
        },
        "offices": [],
        "parties": [
          {
            "party": {
              "dateRange": {
                "end": "1977-05-25",
                "start": "1973-02-28"
              },
              "showAs": "Fine Gael",
              "uri": "http://oireachtas.ie/ie/oireachtas/party/dail/20/Fine_Gael"
            }
          }
        ],
        "represents": [
          {
            "represent": {
              "showAs": "Kerry North",
              "uri": "http://oireachtas.ie/ie/oireachtas/house/dail/20/constituency/Kerry-North"
            }
          }
        ],
        "uri": "http://oireachtas.ie/ie/oireachtas/member/Gerard-Lynch.D.1969-07-02/dail/20"
      }
    },
    {
      "membership": {
        "dateRange": {
          "end": "1981-07-16",
          "start": "1977-10-27"
        },
        "house": {
          "showAs": "14th Seanad",
          "uri": "http://oireachtas.ie/ie/oireachtas/house/seanad/14"
        },
        "offices": [],
        "parties": [],
        "represents": [
          {
            "represent": {
              "showAs": "Agricultural Panel",
              "uri": "http://oireachtas.ie/ie/oireachtas/house/seanad/14/panel/Agricultural-Panel"
            }
          }
        ],
        "uri": "http://oireachtas.ie/ie/oireachtas/member/Gerard-Lynch.D.1969-07-02/seanad/14"
      }
    }
  ],
  "profession": "Baker and Farmer",
  "showAs": "Mr. Gerard M. Lynch",
  "uri": "http://oireachtas.ie/ie/oireachtas/member/Gerard-Lynch.D.1969-07-02"
}