{
  "dateOfBirth": "1883-08-01",
  "dateOfDeath": "1962-08-11",
  "firstName": "Laurence Joseph",
  "fullName": "Laurence Joseph Walsh",
  "gender": null,
  "image": null,
  "lastName": "Walsh",
  "memberships": [
    {
      "membership": {
        "dateRange": {
          "end": "1938-05-27",
          "start": "1937-07-21"
        },
        "house": {
          "showAs": "9th D\u00e1il",
          "uri": "http://oireachtas.ie/ie/oireachtas/house/dail/9"
        },
        "offices": [],
        "parties": [
          {
            "party": {
              "dateRange": {
                "end": "1938-05-27",
                "start": "1937-07-01"
              },
              "showAs": "Fianna F\u00e1il",
              "uri": "http://oireachtas.ie/ie/oireachtas/party/dail/9/Fianna_F\u00e1il"
            }
          }
        ],
        "represents": [
          {
            "represent": {
              "showAs": "Louth",
              "uri": "http://oireachtas.ie/ie/oireachtas/house/dail/9/constituency/Louth"
            }
          }
        ],
        "uri": "http://oireachtas.ie/ie/oireachtas/member/Laurence-Joseph-Walsh.D.1937-07-21/dail/9"
      }
    },
    {
      "membership": {
        "dateRange": {
          "end": "1943-05-31",
          "start": "1938-06-30"
        },
        "house": {
          "showAs": "10th D\u00e1il",
          "uri": "http://oireachtas.ie/ie/oireachtas/house/dail/10"
        },
        "offices": [],
        "parties": [
          {
            "party": {
              "dateRange": {
                "end": "1943-05-31",
                "start": "1938-06-17"
              },
              "showAs": "Fianna F\u00e1il",
              "uri": "http://oireachtas.ie/ie/oireachtas/party/dail/10/Fianna_F\u00e1il"
            }
          }
        ],
        "represents": [
          {
            "represent": {
              "showAs": "Louth",
              "uri": "http://oireachtas.ie/ie/oireachtas/house/dail/10/constituency/Louth"
            }
          }
        ],
        "uri": "http://oireachtas.ie/ie/oireachtas/member/Laurence-Joseph-Walsh.D.1937-07-21/dail/10"
      }
    },
    {
      "membership": {
        "dateRange": {
          "end": "1948-01-12",
          "start": "1944-06-09"
        },
        "house": {
          "showAs": "12th D\u00e1il",
          "uri": "http://oireachtas.ie/ie/oireachtas/house/dail/12"
        },
        "offices": [],
        "parties": [
          {
            "party": {
              "dateRange": {
                "end": "1948-01-12",
                "start": "1944-05-30"
              },
              "showAs": "Fianna F\u00e1il",
              "uri": "http://oireachtas.ie/ie/oireachtas/party/dail/12/Fianna_F\u00e1il"
            }
          }
        ],
        "represents": [
          {
            "represent": {
              "showAs": "Louth",
              "uri": "http://oireachtas.ie/ie/oireachtas/house/dail/12/constituency/Louth"
            }
          }
        ],
        "uri": "http://oireachtas.ie/ie/oireachtas/member/Laurence-Joseph-Walsh.D.1937-07-21/dail/12"
      }
    },
    {
      "membership": {
        "dateRange": {
          "end": "1954-04-24",
          "start": "1951-06-13"
        },
        "house": {
          "showAs": "14th D\u00e1il",
          "uri": "http://oireachtas.ie/ie/oireachtas/house/dail/14"
        },
        "offices": [],
        "parties": [
          {
            "party": {
              "dateRange": {
                "end": "1954-04-24",
                "start": "1951-05-30"
              },
              "showAs": "Fianna F\u00e1il",
              "uri": "http://oireachtas.ie/ie/oireachtas/party/dail/14/Fianna_F\u00e1il"
            }
          }
        ],
        "represents": [
          {
            "represent": {
              "showAs": "Louth",
              "uri": "http://oireachtas.ie/ie/oireachtas/house/dail/14/constituency/Louth"
            }
          }
        ],
        "uri": "http://oireachtas.ie/ie/oireachtas/member/Laurence-Joseph-Walsh.D.1937-07-21/dail/14"
      }
    },
    {
      "membership": {
        "dateRange": {
          "end": "1961-09-01",
          "start": "1957-05-22"
        },
        "house": {
          "showAs": "9th Seanad",
          "uri": "http://oireachtas.ie/ie/oireachtas/house/seanad/9"
        },
        "offices": [],
        "parties": [],
        "represents": [
          {
            "represent": {
              "showAs": "Nominated by the Taoiseach",
              "uri": "http://oireachtas.ie/ie/oireachtas/house/seanad/9/panel/Nominated-by-the-Taoiseach"
            }
          }
        ],
        "uri": "http://oireachtas.ie/ie/oireachtas/member/Laurence-Joseph-Walsh.D.1937-07-21/seanad/9"
      }
    }
  ],
  "profession": "Farmer, Grocer - Corn and Provision Merchant",
  "showAs": "Mr. Laurence Joseph Walsh",
  "uri": "http://oireachtas.ie/ie/oireachtas/member/Laurence-Joseph-Walsh.D.1937-07-21"
}