{
  "dateOfBirth": null,
  "dateOfDeath": null,
  "firstName": "Thomas Alexander",
  "fullName": "Thomas Alexander Nagle",
  "gender": null,
  "image": "http://www.oireachtas.ie//MembersImages/807n.jpg",
  "lastName": "Nagle",
  "memberships": [
    {
      "membership": {
        "dateRange": {
          "end": "1923-08-09",
          "start": "1922-09-09"
        },
        "house": {
          "showAs": "3rd D\u00e1il",
          "uri": "http://oireachtas.ie/ie/oireachtas/house/dail/3"
        },
        "offices": [],
        "parties": [
          {
            "party": {
              "dateRange": {
                "end": "1923-08-09",
                "start": "1922-06-16"
              },
              "showAs": "Labour Party",
              "uri": "http://oireachtas.ie/ie/oireachtas/party/dail/3/Labour_Party"
            }
          }
        ],
        "represents": [
          {
            "represent": {
              "showAs": "Cork Mid, North, South, South East and West",
              "uri": "http://oireachtas.ie/ie/oireachtas/house/dail/3/constituency/Cork-Mid-North-South-South-East-and-West"
            }
          }
        ],
        "uri": "http://oireachtas.ie/ie/oireachtas/member/Thomas-Alexander-Nagle.D.1922-09-09/dail/3"
      }
    },
    {
      "membership": {
        "dateRange": {
          "end": "1927-05-23",
          "start": "1923-09-19"
        },
        "house": {
          "showAs": "4th D\u00e1il",
          "uri": "http://oireachtas.ie/ie/oireachtas/house/dail/4"
        },
        "offices": [],
        "parties": [
          {
            "party": {
              "dateRange": {
                "end": "1927-05-23",
                "start": "1923-08-27"
              },
              "showAs": "Labour Party",
              "uri": "http://oireachtas.ie/ie/oireachtas/party/dail/4/Labour_Party"
            }
          }
        ],
        "represents": [
          {
            "represent": {
              "showAs": "Cork North",
              "uri": "http://oireachtas.ie/ie/oireachtas/house/dail/4/constituency/Cork-North"
            }
          }
        ],
        "uri": "http://oireachtas.ie/ie/oireachtas/member/Thomas-Alexander-Nagle.D.1922-09-09/dail/4"
      }
    }
  ],
  "profession": null,
  "showAs": "Mr. Thomas Alexander Nagle",
  "uri": "http://oireachtas.ie/ie/oireachtas/member/Thomas-Alexander-Nagle.D.1922-09-09"
}