{
  "dateOfBirth": "1935-08-01",
  "dateOfDeath": "2014-07-07",
  "firstName": "Denis",
  "fullName": "Denis Lyons",
  "gender": null,
  "image": null,
  "lastName": "Lyons",
  "memberships": [
    {
      "membership": {
        "dateRange": {
          "end": "1982-02-27",
          "start": "1981-06-30"
        },
        "house": {
          "showAs": "22nd D\u00e1il",
          "uri": "http://oireachtas.ie/ie/oireachtas/house/dail/22"
        },
        "offices": [],
        "parties": [
          {
            "party": {
              "dateRange": {
                "end": "1982-02-27",
                "start": "1981-06-11"
              },
              "showAs": "Fianna F\u00e1il",
              "uri": "http://oireachtas.ie/ie/oireachtas/party/dail/22/Fianna_F\u00e1il"
            }
          }
        ],
        "represents": [
          {
            "represent": {
              "showAs": "Cork North\u2013Central",
              "uri": "http://oireachtas.ie/ie/oireachtas/house/dail/22/constituency/Cork-North\u2013Central"
            }
          }
        ],
        "uri": "http://oireachtas.ie/ie/oireachtas/member/Denis-Lyons.D.1981-06-30/dail/22"
      }
    },
    {
      "membership": {
        "dateRange": {
          "end": "1982-11-04",
          "start": "1982-03-09"
        },
        "house": {
          "showAs": "23rd D\u00e1il",
          "uri": "http://oireachtas.ie/ie/oireachtas/house/dail/23"
        },
        "offices": [],
        "parties": [
          {
            "party": {
              "dateRange": {
                "end": "1982-11-04",
                "start": "1982-02-18"
              },
              "showAs": "Fianna F\u00e1il",
              "uri": "http://oireachtas.ie/ie/oireachtas/party/dail/23/Fianna_F\u00e1il"
            }
          }
        ],
        "represents": [
          {
            "represent": {
              "showAs": "Cork North\u2013Central",
              "uri": "http://oireachtas.ie/ie/oireachtas/house/dail/23/constituency/Cork-North\u2013Central"
            }
          }
        ],
        "uri": "http://oireachtas.ie/ie/oireachtas/member/Denis-Lyons.D.1981-06-30/dail/23"
      }
    },
    {
      "membership": {
        "dateRange": {
          "end": "1987-01-21",
          "start": "1982-12-14"
        },
        "house": {
          "showAs": "24th D\u00e1il",
          "uri": "http://oireachtas.ie/ie/oireachtas/house/dail/24"
        },
        "offices": [],
        "parties": [
          {
            "party": {
              "dateRange": {
                "end": "1987-01-21",
                "start": "1982-11-24"
              },
              "showAs": "Fianna F\u00e1il",
              "uri": "http://oireachtas.ie/ie/oireachtas/party/dail/24/Fianna_F\u00e1il"
            }
          }
        ],
        "represents": [
          {
            "represent": {
              "showAs": "Cork North\u2013Central",
              "uri": "http://oireachtas.ie/ie/oireachtas/house/dail/24/constituency/Cork-North\u2013Central"
            }
          }
        ],
        "uri": "http://oireachtas.ie/ie/oireachtas/member/Denis-Lyons.D.1981-06-30/dail/24"
      }
    },
    {
      "membership": {
        "dateRange": {
          "end": "1989-05-25",
          "start": "1987-03-10"
        },
        "house": {
          "showAs": "25th D\u00e1il",
          "uri": "http://oireachtas.ie/ie/oireachtas/house/dail/25"
        },
        "offices": [],
        "parties": [
          {
            "party": {
              "dateRange": {
                "end": "1989-05-25",
                "start": "1987-02-17"
              },
              "showAs": "Fianna F\u00e1il",
              "uri": "http://oireachtas.ie/ie/oireachtas/party/dail/25/Fianna_F\u00e1il"
            }
          }
        ],
        "represents": [
          {
            "represent": {
              "showAs": "Cork North\u2013Central",
              "uri": "http://oireachtas.ie/ie/oireachtas/house/dail/25/constituency/Cork-North\u2013Central"
            }
          }
        ],
        "uri": "http://oireachtas.ie/ie/oireachtas/member/Denis-Lyons.D.1981-06-30/dail/25"
      }
    },
    {
      "membership": {
        "dateRange": {
          "end": "1992-11-05",
          "start": "1989-06-29"
        },
        "house": {
          "showAs": "26th D\u00e1il",
          "uri": "http://oireachtas.ie/ie/oireachtas/house/dail/26"
        },
        "offices": [],
        "parties": [
          {
            "party": {
              "dateRange": {
                "end": "1992-11-05",
                "start": "1989-06-15"
              },
              "showAs": "Fianna F\u00e1il",
              "uri": "http://oireachtas.ie/ie/oireachtas/party/dail/26/Fianna_F\u00e1il"
            }
          }
        ],
        "represents": [
          {
            "represent": {
              "showAs": "Cork North\u2013Central",
              "uri": "http://oireachtas.ie/ie/oireachtas/house/dail/26/constituency/Cork-North\u2013Central"
            }
          }
        ],
        "uri": "http://oireachtas.ie/ie/oireachtas/member/Denis-Lyons.D.1981-06-30/dail/26"
      }
    }
  ],
  "profession": "Public Representative, Sheet Metal Worker",
  "showAs": "Mr. Denis Lyons",
  "uri": "http://oireachtas.ie/ie/oireachtas/member/Denis-Lyons.D.1981-06-30"
}