{
  "dateOfBirth": "1920-08-30",
  "dateOfDeath": "1998-03-08",
  "firstName": "John",
  "fullName": "John McQuillan",
  "gender": null,
  "image": "http://www.oireachtas.ie//MembersImages/751k.jpg",
  "lastName": "McQuillan",
  "memberships": [
    {
      "membership": {
        "dateRange": {
          "end": "1951-05-07",
          "start": "1948-02-18"
        },
        "house": {
          "showAs": "13th D\u00e1il",
          "uri": "http://oireachtas.ie/ie/oireachtas/house/dail/13"
        },
        "offices": [],
        "parties": [
          {
            "party": {
              "dateRange": {
                "end": "1951-05-07",
                "start": "1948-02-04"
              },
              "showAs": "Clann na Poblachta",
              "uri": "http://oireachtas.ie/ie/oireachtas/party/dail/13/Clann_na_Poblachta"
            }
          }
        ],
        "represents": [
          {
            "represent": {
              "showAs": "Roscommon",
              "uri": "http://oireachtas.ie/ie/oireachtas/house/dail/13/constituency/Roscommon"
            }
          }
        ],
        "uri": "http://oireachtas.ie/ie/oireachtas/member/John-McQuillan.D.1948-02-18/dail/13"
      }
    },
    {
      "membership": {
        "dateRange": {
          "end": "1954-04-24",
          "start": "1951-06-13"
        },
        "house": {
          "showAs": "14th D\u00e1il",
          "uri": "http://oireachtas.ie/ie/oireachtas/house/dail/14"
        },
        "offices": [],
        "parties": [
          {
            "party": {
              "dateRange": {
                "end": "1954-04-24",
                "start": "1951-05-30"
              },
              "showAs": "Independent",
              "uri": "http://oireachtas.ie/ie/oireachtas/party/dail/14/Independent"
            }
          }
        ],
        "represents": [
          {
            "represent": {
              "showAs": "Roscommon",
              "uri": "http://oireachtas.ie/ie/oireachtas/house/dail/14/constituency/Roscommon"
            }
          }
        ],
        "uri": "http://oireachtas.ie/ie/oireachtas/member/John-McQuillan.D.1948-02-18/dail/14"
      }
    },
    {
      "membership": {
        "dateRange": {
          "end": "1957-02-12",
          "start": "1954-06-02"
        },
        "house": {
          "showAs": "15th D\u00e1il",
          "uri": "http://oireachtas.ie/ie/oireachtas/house/dail/15"
        },
        "offices": [],
        "parties": [
          {
            "party": {
              "dateRange": {
                "end": "1957-02-12",
                "start": "1954-05-18"
              },
              "showAs": "Independent",
              "uri": "http://oireachtas.ie/ie/oireachtas/party/dail/15/Independent"
            }
          }
        ],
        "represents": [
          {
            "represent": {
              "showAs": "Roscommon",
              "uri": "http://oireachtas.ie/ie/oireachtas/house/dail/15/constituency/Roscommon"
            }
          }
        ],
        "uri": "http://oireachtas.ie/ie/oireachtas/member/John-McQuillan.D.1948-02-18/dail/15"
      }
    },
    {
      "membership": {
        "dateRange": {
          "end": "1961-09-15",
          "start": "1957-03-20"
        },
        "house": {
          "showAs": "16th D\u00e1il",
          "uri": "http://oireachtas.ie/ie/oireachtas/house/dail/16"
        },
        "offices": [],
        "parties": [
          {
            "party": {
              "dateRange": {
                "end": "1958-05-16",
                "start": "1957-03-05"
              },
              "showAs": "Independent",
              "uri": "http://oireachtas.ie/ie/oireachtas/party/dail/16/Independent"
            }
          },
          {
            "party": {
              "dateRange": {
                "end": "1961-09-15",
                "start": "1958-05-16"
              },
              "showAs": "National Progressive Democrats",
              "uri": "http://oireachtas.ie/ie/oireachtas/party/dail/16/National_Progressive_Democrats"
            }
          }
        ],
        "represents": [
          {
            "represent": {
              "showAs": "Roscommon",
              "uri": "http://oireachtas.ie/ie/oireachtas/house/dail/16/constituency/Roscommon"
            }
          }
        ],
        "uri": "http://oireachtas.ie/ie/oireachtas/member/John-McQuillan.D.1948-02-18/dail/16"
      }
    },
    {
      "membership": {
        "dateRange": {
          "end": "1965-03-18",
          "start": "1961-10-11"
        },
        "house": {
          "showAs": "17th D\u00e1il",
          "uri": "http://oireachtas.ie/ie/oireachtas/house/dail/17"
        },
        "offices": [],
        "parties": [
          {
            "party": {
              "dateRange": {
                "end": "1963-10-27",
                "start": "1961-10-04"
              },
              "showAs": "National Progressive Democrats",
              "uri": "http://oireachtas.ie/ie/oireachtas/party/dail/17/National_Progressive_Democrats"
            }
          },
          {
            "party": {
              "dateRange": {
                "end": "1965-03-18",
                "start": "1963-10-27"
              },
              "showAs": "Labour Party",
              "uri": "http://oireachtas.ie/ie/oireachtas/party/dail/17/Labour_Party"
            }
          }
        ],
        "represents": [
          {
            "represent": {
              "showAs": "Roscommon",
              "uri": "http://oireachtas.ie/ie/oireachtas/house/dail/17/constituency/Roscommon"
            }
          }
        ],
        "uri": "http://oireachtas.ie/ie/oireachtas/member/John-McQuillan.D.1948-02-18/dail/17"
      }
    },
    {
      "membership": {
        "dateRange": {
          "end": "1969-07-24",
          "start": "1965-06-23"
        },
        "house": {
          "showAs": "11th Seanad",
          "uri": "http://oireachtas.ie/ie/oireachtas/house/seanad/11"
        },
        "offices": [],
        "parties": [],
        "represents": [
          {
            "represent": {
              "showAs": "Administrative Panel",
              "uri": "http://oireachtas.ie/ie/oireachtas/house/seanad/11/panel/Administrative-Panel"
            }
          }
        ],
        "uri": "http://oireachtas.ie/ie/oireachtas/member/John-McQuillan.D.1948-02-18/seanad/11"
      }
    }
  ],
  "profession": "Member of Local Authority, Trade Union Official and Former Army Officer",
  "showAs": "Mr. John (Jack) McQuillan",
  "uri": "http://oireachtas.ie/ie/oireachtas/member/John-McQuillan.D.1948-02-18"
}