{
  "dateOfBirth": "1890-12-12",
  "dateOfDeath": "1979-02-14",
  "firstName": "Martin John",
  "fullName": "Martin John Corry",
  "gender": null,
  "image": null,
  "lastName": "Corry",
  "memberships": [
    {
      "membership": {
        "dateRange": {
          "end": "1927-08-25",
          "start": "1927-06-23"
        },
        "house": {
          "showAs": "5th D\u00e1il",
          "uri": "http://oireachtas.ie/ie/oireachtas/house/dail/5"
        },
        "offices": [],
        "parties": [
          {
            "party": {
              "dateRange": {
                "end": "1927-08-25",
                "start": "1927-06-09"
              },
              "showAs": "Fianna F\u00e1il",
              "uri": "http://oireachtas.ie/ie/oireachtas/party/dail/5/Fianna_F\u00e1il"
            }
          }
        ],
        "represents": [
          {
            "represent": {
              "showAs": "Cork East",
              "uri": "http://oireachtas.ie/ie/oireachtas/house/dail/5/constituency/Cork-East"
            }
          }
        ],
        "uri": "http://oireachtas.ie/ie/oireachtas/member/Martin-John-Corry.D.1927-06-23/dail/5"
      }
    },
    {
      "membership": {
        "dateRange": {
          "end": "1932-01-29",
          "start": "1927-10-11"
        },
        "house": {
          "showAs": "6th D\u00e1il",
          "uri": "http://oireachtas.ie/ie/oireachtas/house/dail/6"
        },
        "offices": [],
        "parties": [
          {
            "party": {
              "dateRange": {
                "end": "1932-01-29",
                "start": "1927-09-15"
              },
              "showAs": "Fianna F\u00e1il",
              "uri": "http://oireachtas.ie/ie/oireachtas/party/dail/6/Fianna_F\u00e1il"
            }
          }
        ],
        "represents": [
          {
            "represent": {
              "showAs": "Cork East",
              "uri": "http://oireachtas.ie/ie/oireachtas/house/dail/6/constituency/Cork-East"
            }
          }
        ],
        "uri": "http://oireachtas.ie/ie/oireachtas/member/Martin-John-Corry.D.1927-06-23/dail/6"
      }
    },
    {
      "membership": {
        "dateRange": {
          "end": "1933-01-02",
          "start": "1932-03-09"
        },
        "house": {
          "showAs": "7th D\u00e1il",
          "uri": "http://oireachtas.ie/ie/oireachtas/house/dail/7"
        },
        "offices": [],
        "parties": [
          {
            "party": {
              "dateRange": {
                "end": "1933-01-02",
                "start": "1932-02-16"
              },
              "showAs": "Fianna F\u00e1il",
              "uri": "http://oireachtas.ie/ie/oireachtas/party/dail/7/Fianna_F\u00e1il"
            }
          }
        ],
        "represents": [
          {
            "represent": {
              "showAs": "Cork East",
              "uri": "http://oireachtas.ie/ie/oireachtas/house/dail/7/constituency/Cork-East"
            }
          }
        ],
        "uri": "http://oireachtas.ie/ie/oireachtas/member/Martin-John-Corry.D.1927-06-23/dail/7"
      }
    },
    {
      "membership": {
        "dateRange": {
          "end": "1937-06-14",
          "start": "1933-02-08"
        },
        "house": {
          "showAs": "8th D\u00e1il",
          "uri": "http://oireachtas.ie/ie/oireachtas/house/dail/8"
        },
        "offices": [],
        "parties": [
          {
            "party": {
              "dateRange": {
                "end": "1937-06-14",
                "start": "1933-01-24"
              },
              "showAs": "Fianna F\u00e1il",
              "uri": "http://oireachtas.ie/ie/oireachtas/party/dail/8/Fianna_F\u00e1il"
            }
          }
        ],
        "represents": [
          {
            "represent": {
              "showAs": "Cork East",
              "uri": "http://oireachtas.ie/ie/oireachtas/house/dail/8/constituency/Cork-East"
            }
          }
        ],
        "uri": "http://oireachtas.ie/ie/oireachtas/member/Martin-John-Corry.D.1927-06-23/dail/8"
      }
    },
    {
      "membership": {
        "dateRange": {
          "end": "1938-05-27",
          "start": "1937-07-21"
        },
        "house": {
          "showAs": "9th D\u00e1il",
          "uri": "http://oireachtas.ie/ie/oireachtas/house/dail/9"
        },
        "offices": [],
        "parties": [
          {
            "party": {
              "dateRange": {
                "end": "1938-05-27",
                "start": "1937-07-01"
              },
              "showAs": "Fianna F\u00e1il",
              "uri": "http://oireachtas.ie/ie/oireachtas/party/dail/9/Fianna_F\u00e1il"
            }
          }
        ],
        "represents": [
          {
            "represent": {
              "showAs": "Cork South\u2013East",
              "uri": "http://oireachtas.ie/ie/oireachtas/house/dail/9/constituency/Cork-South\u2013East"
            }
          }
        ],
        "uri": "http://oireachtas.ie/ie/oireachtas/member/Martin-John-Corry.D.1927-06-23/dail/9"
      }
    },
    {
      "membership": {
        "dateRange": {
          "end": "1943-05-31",
          "start": "1938-06-30"
        },
        "house": {
          "showAs": "10th D\u00e1il",
          "uri": "http://oireachtas.ie/ie/oireachtas/house/dail/10"
        },
        "offices": [],
        "parties": [
          {
            "party": {
              "dateRange": {
                "end": "1943-05-31",
                "start": "1938-06-17"
              },
              "showAs": "Fianna F\u00e1il",
              "uri": "http://oireachtas.ie/ie/oireachtas/party/dail/10/Fianna_F\u00e1il"
            }
          }
        ],
        "represents": [
          {
            "represent": {
              "showAs": "Cork South\u2013East",
              "uri": "http://oireachtas.ie/ie/oireachtas/house/dail/10/constituency/Cork-South\u2013East"
            }
          }
        ],
        "uri": "http://oireachtas.ie/ie/oireachtas/member/Martin-John-Corry.D.1927-06-23/dail/10"
      }
    },
    {
      "membership": {
        "dateRange": {
          "end": "1944-05-10",
          "start": "1943-07-01"
        },
        "house": {
          "showAs": "11th D\u00e1il",
          "uri": "http://oireachtas.ie/ie/oireachtas/house/dail/11"
        },
        "offices": [],
        "parties": [
          {
            "party": {
              "dateRange": {
                "end": "1944-05-10",
                "start": "1943-06-23"
              },
              "showAs": "Fianna F\u00e1il",
              "uri": "http://oireachtas.ie/ie/oireachtas/party/dail/11/Fianna_F\u00e1il"
            }
          }
        ],
        "represents": [
          {
            "represent": {
              "showAs": "Cork South\u2013East",
              "uri": "http://oireachtas.ie/ie/oireachtas/house/dail/11/constituency/Cork-South\u2013East"
            }
          }
        ],
        "uri": "http://oireachtas.ie/ie/oireachtas/member/Martin-John-Corry.D.1927-06-23/dail/11"
      }
    },
    {
      "membership": {
        "dateRange": {
          "end": "1948-01-12",
          "start": "1944-06-09"
        },
        "house": {
          "showAs": "12th D\u00e1il",
          "uri": "http://oireachtas.ie/ie/oireachtas/house/dail/12"
        },
        "offices": [],
        "parties": [
          {
            "party": {
              "dateRange": {
                "end": "1948-01-12",
                "start": "1944-05-30"
              },
              "showAs": "Fianna F\u00e1il",
              "uri": "http://oireachtas.ie/ie/oireachtas/party/dail/12/Fianna_F\u00e1il"
            }
          }
        ],
        "represents": [
          {
            "represent": {
              "showAs": "Cork South\u2013East",
              "uri": "http://oireachtas.ie/ie/oireachtas/house/dail/12/constituency/Cork-South\u2013East"
            }
          }
        ],
        "uri": "http://oireachtas.ie/ie/oireachtas/member/Martin-John-Corry.D.1927-06-23/dail/12"
      }
    },
    {
      "membership": {
        "dateRange": {
          "end": "1951-05-07",
          "start": "1948-02-18"
        },
        "house": {
          "showAs": "13th D\u00e1il",
          "uri": "http://oireachtas.ie/ie/oireachtas/house/dail/13"
        },
        "offices": [],
        "parties": [
          {
            "party": {
              "dateRange": {
                "end": "1951-05-07",
                "start": "1948-02-04"
              },
              "showAs": "Fianna F\u00e1il",
              "uri": "http://oireachtas.ie/ie/oireachtas/party/dail/13/Fianna_F\u00e1il"
            }
          }
        ],
        "represents": [
          {
            "represent": {
              "showAs": "Cork East",
              "uri": "http://oireachtas.ie/ie/oireachtas/house/dail/13/constituency/Cork-East"
            }
          }
        ],
        "uri": "http://oireachtas.ie/ie/oireachtas/member/Martin-John-Corry.D.1927-06-23/dail/13"
      }
    },
    {
      "membership": {
        "dateRange": {
          "end": "1954-04-24",
          "start": "1951-06-13"
        },
        "house": {
          "showAs": "14th D\u00e1il",
          "uri": "http://oireachtas.ie/ie/oireachtas/house/dail/14"
        },
        "offices": [],
        "parties": [
          {
            "party": {
              "dateRange": {
                "end": "1954-04-24",
                "start": "1951-05-30"
              },
              "showAs": "Fianna F\u00e1il",
              "uri": "http://oireachtas.ie/ie/oireachtas/party/dail/14/Fianna_F\u00e1il"
            }
          }
        ],
        "represents": [
          {
            "represent": {
              "showAs": "Cork East",
              "uri": "http://oireachtas.ie/ie/oireachtas/house/dail/14/constituency/Cork-East"
            }
          }
        ],
        "uri": "http://oireachtas.ie/ie/oireachtas/member/Martin-John-Corry.D.1927-06-23/dail/14"
      }
    },
    {
      "membership": {
        "dateRange": {
          "end": "1957-02-12",
          "start": "1954-06-02"
        },
        "house": {
          "showAs": "15th D\u00e1il",
          "uri": "http://oireachtas.ie/ie/oireachtas/house/dail/15"
        },
        "offices": [],
        "parties": [
          {
            "party": {
              "dateRange": {
                "end": "1957-02-12",
                "start": "1954-05-18"
              },
              "showAs": "Fianna F\u00e1il",
              "uri": "http://oireachtas.ie/ie/oireachtas/party/dail/15/Fianna_F\u00e1il"
            }
          }
        ],
        "represents": [
          {
            "represent": {
              "showAs": "Cork East",
              "uri": "http://oireachtas.ie/ie/oireachtas/house/dail/15/constituency/Cork-East"
            }
          }
        ],
        "uri": "http://oireachtas.ie/ie/oireachtas/member/Martin-John-Corry.D.1927-06-23/dail/15"
      }
    },
    {
      "membership": {
        "dateRange": {
          "end": "1961-09-15",
          "start": "1957-03-20"
        },
        "house": {
          "showAs": "16th D\u00e1il",
          "uri": "http://oireachtas.ie/ie/oireachtas/house/dail/16"
        },
        "offices": [],
        "parties": [
          {
            "party": {
              "dateRange": {
                "end": "1961-09-15",
                "start": "1957-03-05"
              },
              "showAs": "Fianna F\u00e1il",
              "uri": "http://oireachtas.ie/ie/oireachtas/party/dail/16/Fianna_F\u00e1il"
            }
          }
        ],
        "represents": [
          {
            "represent": {
              "showAs": "Cork East",
              "uri": "http://oireachtas.ie/ie/oireachtas/house/dail/16/constituency/Cork-East"
            }
          }
        ],
        "uri": "http://oireachtas.ie/ie/oireachtas/member/Martin-John-Corry.D.1927-06-23/dail/16"
      }
    },
    {
      "membership": {
        "dateRange": {
          "end": "1965-03-18",
          "start": "1961-10-11"
        },
        "house": {
          "showAs": "17th D\u00e1il",
          "uri": "http://oireachtas.ie/ie/oireachtas/house/dail/17"
        },
        "offices": [],
        "parties": [
          {
            "party": {
              "dateRange": {
                "end": "1965-03-18",
                "start": "1961-10-04"
              },
              "showAs": "Fianna F\u00e1il",
              "uri": "http://oireachtas.ie/ie/oireachtas/party/dail/17/Fianna_F\u00e1il"
            }
          }
        ],
        "represents": [
          {
            "represent": {
              "showAs": "Cork North\u2013East",
              "uri": "http://oireachtas.ie/ie/oireachtas/house/dail/17/constituency/Cork-North\u2013East"
            }
          }
        ],
        "uri": "http://oireachtas.ie/ie/oireachtas/member/Martin-John-Corry.D.1927-06-23/dail/17"
      }
    },
    {
      "membership": {
        "dateRange": {
          "end": "1969-05-22",
          "start": "1965-04-21"
        },
        "house": {
          "showAs": "18th D\u00e1il",
          "uri": "http://oireachtas.ie/ie/oireachtas/house/dail/18"
        },
        "offices": [],
        "parties": [
          {
            "party": {
              "dateRange": {
                "end": "1969-05-22",
                "start": "1965-04-07"
              },
              "showAs": "Fianna F\u00e1il",
              "uri": "http://oireachtas.ie/ie/oireachtas/party/dail/18/Fianna_F\u00e1il"
            }
          }
        ],
        "represents": [
          {
            "represent": {
              "showAs": "Cork North\u2013East",
              "uri": "http://oireachtas.ie/ie/oireachtas/house/dail/18/constituency/Cork-North\u2013East"
            }
          }
        ],
        "uri": "http://oireachtas.ie/ie/oireachtas/member/Martin-John-Corry.D.1927-06-23/dail/18"
      }
    }
  ],
  "profession": "Farmer",
  "showAs": "Mr. Martin John Corry",
  "uri": "http://oireachtas.ie/ie/oireachtas/member/Martin-John-Corry.D.1927-06-23"
}