{
  "dateOfBirth": "1915-09-16",
  "dateOfDeath": null,
  "firstName": "Edward",
  "fullName": "Edward Filgate",
  "gender": null,
  "image": null,
  "lastName": "Filgate",
  "memberships": [
    {
      "membership": {
        "dateRange": {
          "end": "1981-05-21",
          "start": "1977-07-05"
        },
        "house": {
          "showAs": "21st D\u00e1il",
          "uri": "http://oireachtas.ie/ie/oireachtas/house/dail/21"
        },
        "offices": [],
        "parties": [
          {
            "party": {
              "dateRange": {
                "end": "1981-05-21",
                "start": "1977-06-16"
              },
              "showAs": "Fianna F\u00e1il",
              "uri": "http://oireachtas.ie/ie/oireachtas/party/dail/21/Fianna_F\u00e1il"
            }
          }
        ],
        "represents": [
          {
            "represent": {
              "showAs": "Louth",
              "uri": "http://oireachtas.ie/ie/oireachtas/house/dail/21/constituency/Louth"
            }
          }
        ],
        "uri": "http://oireachtas.ie/ie/oireachtas/member/Edward-Filgate.D.1977-07-05/dail/21"
      }
    },
    {
      "membership": {
        "dateRange": {
          "end": "1982-02-27",
          "start": "1981-06-30"
        },
        "house": {
          "showAs": "22nd D\u00e1il",
          "uri": "http://oireachtas.ie/ie/oireachtas/house/dail/22"
        },
        "offices": [],
        "parties": [
          {
            "party": {
              "dateRange": {
                "end": "1982-02-27",
                "start": "1981-06-11"
              },
              "showAs": "Fianna F\u00e1il",
              "uri": "http://oireachtas.ie/ie/oireachtas/party/dail/22/Fianna_F\u00e1il"
            }
          }
        ],
        "represents": [
          {
            "represent": {
              "showAs": "Louth",
              "uri": "http://oireachtas.ie/ie/oireachtas/house/dail/22/constituency/Louth"
            }
          }
        ],
        "uri": "http://oireachtas.ie/ie/oireachtas/member/Edward-Filgate.D.1977-07-05/dail/22"
      }
    },
    {
      "membership": {
        "dateRange": {
          "end": "1982-11-04",
          "start": "1982-03-09"
        },
        "house": {
          "showAs": "23rd D\u00e1il",
          "uri": "http://oireachtas.ie/ie/oireachtas/house/dail/23"
        },
        "offices": [],
        "parties": [
          {
            "party": {
              "dateRange": {
                "end": "1982-11-04",
                "start": "1982-02-18"
              },
              "showAs": "Fianna F\u00e1il",
              "uri": "http://oireachtas.ie/ie/oireachtas/party/dail/23/Fianna_F\u00e1il"
            }
          }
        ],
        "represents": [
          {
            "represent": {
              "showAs": "Louth",
              "uri": "http://oireachtas.ie/ie/oireachtas/house/dail/23/constituency/Louth"
            }
          }
        ],
        "uri": "http://oireachtas.ie/ie/oireachtas/member/Edward-Filgate.D.1977-07-05/dail/23"
      }
    }
  ],
  "profession": "Sales Manager",
  "showAs": "Mr. Eddie Filgate",
  "uri": "http://oireachtas.ie/ie/oireachtas/member/Edward-Filgate.D.1977-07-05"
}