{
  "dateOfBirth": "1943-05-01",
  "dateOfDeath": "2014-11-08",
  "firstName": "Joe",
  "fullName": "Joe Walsh",
  "gender": null,
  "image": "http://www.oireachtas.ie//MembersImages/56.jpg",
  "lastName": "Walsh",
  "memberships": [
    {
      "membership": {
        "dateRange": {
          "end": "1981-05-21",
          "start": "1977-07-05"
        },
        "house": {
          "showAs": "21st D\u00e1il",
          "uri": "http://oireachtas.ie/ie/oireachtas/house/dail/21"
        },
        "offices": [],
        "parties": [
          {
            "party": {
              "dateRange": {
                "end": "1981-05-21",
                "start": "1977-06-16"
              },
              "showAs": "Fianna F\u00e1il",
              "uri": "http://oireachtas.ie/ie/oireachtas/party/dail/21/Fianna_F\u00e1il"
            }
          }
        ],
        "represents": [
          {
            "represent": {
              "showAs": "Cork South\u2013West",
              "uri": "http://oireachtas.ie/ie/oireachtas/house/dail/21/constituency/Cork-South\u2013West"
            }
          }
        ],
        "uri": "http://oireachtas.ie/ie/oireachtas/member/Joe-Walsh.D.1977-07-05/dail/21"
      }
    },
    {
      "membership": {
        "dateRange": {
          "end": "1982-04-16",
          "start": "1981-10-08"
        },
        "house": {
          "showAs": "15th Seanad",
          "uri": "http://oireachtas.ie/ie/oireachtas/house/seanad/15"
        },
        "offices": [],
        "parties": [],
        "represents": [
          {
            "represent": {
              "showAs": "Cultural and Educational Panel",
              "uri": "http://oireachtas.ie/ie/oireachtas/house/seanad/15/panel/Cultural-and-Educational-Panel"
            }
          }
        ],
        "uri": "http://oireachtas.ie/ie/oireachtas/member/Joe-Walsh.D.1977-07-05/seanad/15"
      }
    },
    {
      "membership": {
        "dateRange": {
          "end": "1982-11-04",
          "start": "1982-03-09"
        },
        "house": {
          "showAs": "23rd D\u00e1il",
          "uri": "http://oireachtas.ie/ie/oireachtas/house/dail/23"
        },
        "offices": [],
        "parties": [
          {
            "party": {
              "dateRange": {
                "end": "1982-11-04",
                "start": "1982-02-18"
              },
              "showAs": "Fianna F\u00e1il",
              "uri": "http://oireachtas.ie/ie/oireachtas/party/dail/23/Fianna_F\u00e1il"
            }
          }
        ],
        "represents": [
          {
            "represent": {
              "showAs": "Cork South\u2013West",
              "uri": "http://oireachtas.ie/ie/oireachtas/house/dail/23/constituency/Cork-South\u2013West"
            }
          }
        ],
        "uri": "http://oireachtas.ie/ie/oireachtas/member/Joe-Walsh.D.1977-07-05/dail/23"
      }
    },
    {
      "membership": {
        "dateRange": {
          "end": "1987-01-21",
          "start": "1982-12-14"
        },
        "house": {
          "showAs": "24th D\u00e1il",
          "uri": "http://oireachtas.ie/ie/oireachtas/house/dail/24"
        },
        "offices": [],
        "parties": [
          {
            "party": {
              "dateRange": {
                "end": "1987-01-21",
                "start": "1982-11-24"
              },
              "showAs": "Fianna F\u00e1il",
              "uri": "http://oireachtas.ie/ie/oireachtas/party/dail/24/Fianna_F\u00e1il"
            }
          }
        ],
        "represents": [
          {
            "represent": {
              "showAs": "Cork South\u2013West",
              "uri": "http://oireachtas.ie/ie/oireachtas/house/dail/24/constituency/Cork-South\u2013West"
            }
          }
        ],
        "uri": "http://oireachtas.ie/ie/oireachtas/member/Joe-Walsh.D.1977-07-05/dail/24"
      }
    },
    {
      "membership": {
        "dateRange": {
          "end": "1989-05-25",
          "start": "1987-03-10"
        },
        "house": {
          "showAs": "25th D\u00e1il",
          "uri": "http://oireachtas.ie/ie/oireachtas/house/dail/25"
        },
        "offices": [],
        "parties": [
          {
            "party": {
              "dateRange": {
                "end": "1989-05-25",
                "start": "1987-02-17"
              },
              "showAs": "Fianna F\u00e1il",
              "uri": "http://oireachtas.ie/ie/oireachtas/party/dail/25/Fianna_F\u00e1il"
            }
          }
        ],
        "represents": [
          {
            "represent": {
              "showAs": "Cork South\u2013West",
              "uri": "http://oireachtas.ie/ie/oireachtas/house/dail/25/constituency/Cork-South\u2013West"
            }
          }
        ],
        "uri": "http://oireachtas.ie/ie/oireachtas/member/Joe-Walsh.D.1977-07-05/dail/25"
      }
    },
    {
      "membership": {
        "dateRange": {
          "end": "1992-11-05",
          "start": "1989-06-29"
        },
        "house": {
          "showAs": "26th D\u00e1il",
          "uri": "http://oireachtas.ie/ie/oireachtas/house/dail/26"
        },
        "offices": [
          {
            "office": {
              "cabinet": {
                "showAs": "Government of the 26th D\u00e1il",
                "uri": "http://oireachtas.ie/ie/oireachtas/cabinet/dail/26"
              },
              "dateRange": {
                "end": "1992-12-14",
                "start": "1992-02-11"
              },
              "officeName": {
                "showAs": "Minister for Agriculture and Food",
                "uri": "http://oireachtas.ie/ie/oireachtas/office/minister/agriculture__food"
              }
            }
          }
        ],
        "parties": [
          {
            "party": {
              "dateRange": {
                "end": "1992-11-05",
                "start": "1989-06-15"
              },
              "showAs": "Fianna F\u00e1il",
              "uri": "http://oireachtas.ie/ie/oireachtas/party/dail/26/Fianna_F\u00e1il"
            }
          }
        ],
        "represents": [
          {
            "represent": {
              "showAs": "Cork South\u2013West",
              "uri": "http://oireachtas.ie/ie/oireachtas/house/dail/26/constituency/Cork-South\u2013West"
            }
          }
        ],
        "uri": "http://oireachtas.ie/ie/oireachtas/member/Joe-Walsh.D.1977-07-05/dail/26"
      }
    },
    {
      "membership": {
        "dateRange": {
          "end": "1997-05-15",
          "start": "1992-12-14"
        },
        "house": {
          "showAs": "27th D\u00e1il",
          "uri": "http://oireachtas.ie/ie/oireachtas/house/dail/27"
        },
        "offices": [
          {
            "office": {
              "cabinet": {
                "showAs": "Government of the 27th D\u00e1il",
                "uri": "http://oireachtas.ie/ie/oireachtas/cabinet/dail/27"
              },
              "dateRange": {
                "end": "1993-01-21",
                "start": "1992-12-14"
              },
              "officeName": {
                "showAs": "Minister for Agriculture and Food",
                "uri": "http://oireachtas.ie/ie/oireachtas/office/minister/agriculture__food"
              }
            }
          },
          {
            "office": {
              "cabinet": {
                "showAs": "Government of the 27th D\u00e1il",
                "uri": "http://oireachtas.ie/ie/oireachtas/cabinet/dail/27"
              },
              "dateRange": {
                "end": "1994-12-15",
                "start": "1993-01-21"
              },
              "officeName": {
                "showAs": "Minister for Agriculture, Food and Forestry",
                "uri": "http://oireachtas.ie/ie/oireachtas/office/minister/agriculture__food__forestry"
              }
            }
          }
        ],
        "parties": [
          {
            "party": {
              "dateRange": {
                "end": "1997-05-15",
                "start": "1992-11-25"
              },
              "showAs": "Fianna F\u00e1il",
              "uri": "http://oireachtas.ie/ie/oireachtas/party/dail/27/Fianna_F\u00e1il"
            }
          }
        ],
        "represents": [
          {
            "represent": {
              "showAs": "Cork South\u2013West",
              "uri": "http://oireachtas.ie/ie/oireachtas/house/dail/27/constituency/Cork-South\u2013West"
            }
          }
        ],
        "uri": "http://oireachtas.ie/ie/oireachtas/member/Joe-Walsh.D.1977-07-05/dail/27"
      }
    },
    {
      "membership": {
        "dateRange": {
          "end": "2002-04-25",
          "start": "1997-06-26"
        },
        "house": {
          "showAs": "28th D\u00e1il",
          "uri": "http://oireachtas.ie/ie/oireachtas/house/dail/28"
        },
        "offices": [
          {
            "office": {
              "cabinet": {
                "showAs": "Government of the 28th D\u00e1il",
                "uri": "http://oireachtas.ie/ie/oireachtas/cabinet/dail/28"
              },
              "dateRange": {
                "end": "1997-07-12",
                "start": "1997-06-26"
              },
              "officeName": {
                "showAs": "Minister for Agriculture, Food and Forestry",
                "uri": "http://oireachtas.ie/ie/oireachtas/office/minister/agriculture__food__forestry"
              }
            }
          },
          {
            "office": {
              "cabinet": {
                "showAs": "Government of the 28th D\u00e1il",
                "uri": "http://oireachtas.ie/ie/oireachtas/cabinet/dail/28"
              },
              "dateRange": {
                "end": "1999-09-27",
                "start": "1997-07-12"
              },
              "officeName": {
                "showAs": "Minister for Agriculture and Food",
                "uri": "http://oireachtas.ie/ie/oireachtas/office/minister/agriculture__food"
              }
            }
          },
          {
            "office": {
              "cabinet": {
                "showAs": "Government of the 28th D\u00e1il",
                "uri": "http://oireachtas.ie/ie/oireachtas/cabinet/dail/28"
              },
              "dateRange": {
                "end": "2002-06-06",
                "start": "1999-09-29"
              },
              "officeName": {
                "showAs": "Minister for Agriculture, Food and Rural Development",
                "uri": "http://oireachtas.ie/ie/oireachtas/office/minister/agriculture__food__rural_development"
              }
            }
          }
        ],
        "parties": [
          {
            "party": {
              "dateRange": {
                "end": "2002-04-25",
                "start": "1997-06-06"
              },
              "showAs": "Fianna F\u00e1il",
              "uri": "http://oireachtas.ie/ie/oireachtas/party/dail/28/Fianna_F\u00e1il"
            }
          }
        ],
        "represents": [
          {
            "represent": {
              "showAs": "Cork South\u2013West",
              "uri": "http://oireachtas.ie/ie/oireachtas/house/dail/28/constituency/Cork-South\u2013West"
            }
          }
        ],
        "uri": "http://oireachtas.ie/ie/oireachtas/member/Joe-Walsh.D.1977-07-05/dail/28"
      }
    },
    {
      "membership": {
        "dateRange": {
          "end": "2007-04-30",
          "start": "2002-06-06"
        },
        "house": {
          "showAs": "29th D\u00e1il",
          "uri": "http://oireachtas.ie/ie/oireachtas/house/dail/29"
        },
        "offices": [
          {
            "office": {
              "cabinet": {
                "showAs": "Government of the 29th D\u00e1il",
                "uri": "http://oireachtas.ie/ie/oireachtas/cabinet/dail/29"
              },
              "dateRange": {
                "end": "2004-09-29",
                "start": "2002-06-06"
              },
              "officeName": {
                "showAs": "Minister for Agriculture and Food",
                "uri": "http://oireachtas.ie/ie/oireachtas/office/minister/agriculture__food"
              }
            }
          }
        ],
        "parties": [
          {
            "party": {
              "dateRange": {
                "end": "2007-04-30",
                "start": "2002-05-17"
              },
              "showAs": "Fianna F\u00e1il",
              "uri": "http://oireachtas.ie/ie/oireachtas/party/dail/29/Fianna_F\u00e1il"
            }
          }
        ],
        "represents": [
          {
            "represent": {
              "showAs": "Cork South\u2013West",
              "uri": "http://oireachtas.ie/ie/oireachtas/house/dail/29/constituency/Cork-South\u2013West"
            }
          }
        ],
        "uri": "http://oireachtas.ie/ie/oireachtas/member/Joe-Walsh.D.1977-07-05/dail/29"
      }
    }
  ],
  "profession": "Dairy Manager",
  "showAs": "Mr. Joe Walsh",
  "uri": "http://oireachtas.ie/ie/oireachtas/member/Joe-Walsh.D.1977-07-05"
}