{
  "dateOfBirth": null,
  "dateOfDeath": "1968-02-16",
  "firstName": "John",
  "fullName": "John Butler",
  "gender": null,
  "image": "http://www.oireachtas.ie//MembersImages/1180u.jpg",
  "lastName": "Butler",
  "memberships": [
    {
      "membership": {
        "dateRange": {
          "end": "1923-08-09",
          "start": "1922-09-09"
        },
        "house": {
          "showAs": "3rd D\u00e1il",
          "uri": "http://oireachtas.ie/ie/oireachtas/house/dail/3"
        },
        "offices": [],
        "parties": [
          {
            "party": {
              "dateRange": {
                "end": "1923-08-09",
                "start": "1922-06-16"
              },
              "showAs": "Labour Party",
              "uri": "http://oireachtas.ie/ie/oireachtas/party/dail/3/Labour_Party"
            }
          }
        ],
        "represents": [
          {
            "represent": {
              "showAs": "Waterford\u2013Tipperary East",
              "uri": "http://oireachtas.ie/ie/oireachtas/house/dail/3/constituency/Waterford\u2013Tipperary-East"
            }
          }
        ],
        "uri": "http://oireachtas.ie/ie/oireachtas/member/John-Butler.D.1922-09-09/dail/3"
      }
    },
    {
      "membership": {
        "dateRange": {
          "end": "1927-05-23",
          "start": "1923-09-19"
        },
        "house": {
          "showAs": "4th D\u00e1il",
          "uri": "http://oireachtas.ie/ie/oireachtas/house/dail/4"
        },
        "offices": [],
        "parties": [
          {
            "party": {
              "dateRange": {
                "end": "1927-05-23",
                "start": "1923-08-27"
              },
              "showAs": "Labour Party",
              "uri": "http://oireachtas.ie/ie/oireachtas/party/dail/4/Labour_Party"
            }
          }
        ],
        "represents": [
          {
            "represent": {
              "showAs": "Waterford",
              "uri": "http://oireachtas.ie/ie/oireachtas/house/dail/4/constituency/Waterford"
            }
          }
        ],
        "uri": "http://oireachtas.ie/ie/oireachtas/member/John-Butler.D.1922-09-09/dail/4"
      }
    },
    {
      "membership": {
        "dateRange": {
          "end": "1938-07-22",
          "start": "1938-04-27"
        },
        "house": {
          "showAs": "2nd Seanad",
          "uri": "http://oireachtas.ie/ie/oireachtas/house/seanad/2"
        },
        "offices": [],
        "parties": [],
        "represents": [
          {
            "represent": {
              "showAs": "Labour Panel",
              "uri": "http://oireachtas.ie/ie/oireachtas/house/seanad/2/panel/Labour-Panel"
            }
          }
        ],
        "uri": "http://oireachtas.ie/ie/oireachtas/member/John-Butler.D.1922-09-09/seanad/2"
      }
    },
    {
      "membership": {
        "dateRange": {
          "end": "1943-07-14",
          "start": "1938-09-07"
        },
        "house": {
          "showAs": "3rd Seanad",
          "uri": "http://oireachtas.ie/ie/oireachtas/house/seanad/3"
        },
        "offices": [],
        "parties": [],
        "represents": [
          {
            "represent": {
              "showAs": "Labour Panel",
              "uri": "http://oireachtas.ie/ie/oireachtas/house/seanad/3/panel/Labour-Panel"
            }
          }
        ],
        "uri": "http://oireachtas.ie/ie/oireachtas/member/John-Butler.D.1922-09-09/seanad/3"
      }
    },
    {
      "membership": {
        "dateRange": {
          "end": "1944-07-05",
          "start": "1943-09-08"
        },
        "house": {
          "showAs": "4th Seanad",
          "uri": "http://oireachtas.ie/ie/oireachtas/house/seanad/4"
        },
        "offices": [],
        "parties": [],
        "represents": [
          {
            "represent": {
              "showAs": "Labour Panel",
              "uri": "http://oireachtas.ie/ie/oireachtas/house/seanad/4/panel/Labour-Panel"
            }
          }
        ],
        "uri": "http://oireachtas.ie/ie/oireachtas/member/John-Butler.D.1922-09-09/seanad/4"
      }
    },
    {
      "membership": {
        "dateRange": {
          "end": "1948-03-12",
          "start": "1944-08-18"
        },
        "house": {
          "showAs": "5th Seanad",
          "uri": "http://oireachtas.ie/ie/oireachtas/house/seanad/5"
        },
        "offices": [],
        "parties": [],
        "represents": [
          {
            "represent": {
              "showAs": "Labour Panel",
              "uri": "http://oireachtas.ie/ie/oireachtas/house/seanad/5/panel/Labour-Panel"
            }
          }
        ],
        "uri": "http://oireachtas.ie/ie/oireachtas/member/John-Butler.D.1922-09-09/seanad/5"
      }
    },
    {
      "membership": {
        "dateRange": {
          "end": "1951-07-25",
          "start": "1948-04-21"
        },
        "house": {
          "showAs": "6th Seanad",
          "uri": "http://oireachtas.ie/ie/oireachtas/house/seanad/6"
        },
        "offices": [],
        "parties": [],
        "represents": [
          {
            "represent": {
              "showAs": "Labour Panel",
              "uri": "http://oireachtas.ie/ie/oireachtas/house/seanad/6/panel/Labour-Panel"
            }
          }
        ],
        "uri": "http://oireachtas.ie/ie/oireachtas/member/John-Butler.D.1922-09-09/seanad/6"
      }
    },
    {
      "membership": {
        "dateRange": {
          "end": "1954-07-07",
          "start": "1951-08-14"
        },
        "house": {
          "showAs": "7th Seanad",
          "uri": "http://oireachtas.ie/ie/oireachtas/house/seanad/7"
        },
        "offices": [],
        "parties": [],
        "represents": [
          {
            "represent": {
              "showAs": "Labour Panel",
              "uri": "http://oireachtas.ie/ie/oireachtas/house/seanad/7/panel/Labour-Panel"
            }
          }
        ],
        "uri": "http://oireachtas.ie/ie/oireachtas/member/John-Butler.D.1922-09-09/seanad/7"
      }
    },
    {
      "membership": {
        "dateRange": {
          "end": "1957-03-28",
          "start": "1954-07-22"
        },
        "house": {
          "showAs": "8th Seanad",
          "uri": "http://oireachtas.ie/ie/oireachtas/house/seanad/8"
        },
        "offices": [],
        "parties": [],
        "represents": [
          {
            "represent": {
              "showAs": "Labour Panel",
              "uri": "http://oireachtas.ie/ie/oireachtas/house/seanad/8/panel/Labour-Panel"
            }
          }
        ],
        "uri": "http://oireachtas.ie/ie/oireachtas/member/John-Butler.D.1922-09-09/seanad/8"
      }
    },
    {
      "membership": {
        "dateRange": {
          "end": "1965-04-28",
          "start": "1961-12-14"
        },
        "house": {
          "showAs": "10th Seanad",
          "uri": "http://oireachtas.ie/ie/oireachtas/house/seanad/10"
        },
        "offices": [],
        "parties": [],
        "represents": [
          {
            "represent": {
              "showAs": "Labour Panel",
              "uri": "http://oireachtas.ie/ie/oireachtas/house/seanad/10/panel/Labour-Panel"
            }
          }
        ],
        "uri": "http://oireachtas.ie/ie/oireachtas/member/John-Butler.D.1922-09-09/seanad/10"
      }
    }
  ],
  "profession": "Farmer, Trade Union Official",
  "showAs": "Mr. John Butler",
  "uri": "http://oireachtas.ie/ie/oireachtas/member/John-Butler.D.1922-09-09"
}