{
  "dateOfBirth": "1975-01-01",
  "dateOfDeath": null,
  "firstName": "Terence",
  "fullName": "Terence Flanagan",
  "gender": null,
  "image": "http://www.oireachtas.ie//MembersImages/2182d.jpg",
  "lastName": "Flanagan",
  "memberships": [
    {
      "membership": {
        "dateRange": {
          "end": "2011-02-01",
          "start": "2007-06-14"
        },
        "house": {
          "showAs": "30th D\u00e1il",
          "uri": "http://oireachtas.ie/ie/oireachtas/house/dail/30"
        },
        "offices": [],
        "parties": [
          {
            "party": {
              "dateRange": {
                "end": "2011-02-01",
                "start": "2007-05-24"
              },
              "showAs": "Fine Gael",
              "uri": "http://oireachtas.ie/ie/oireachtas/party/dail/30/Fine_Gael"
            }
          }
        ],
        "represents": [
          {
            "represent": {
              "showAs": "Dublin North\u2013East",
              "uri": "http://oireachtas.ie/ie/oireachtas/house/dail/30/constituency/Dublin-North\u2013East"
            }
          }
        ],
        "uri": "http://oireachtas.ie/ie/oireachtas/member/Terence-Flanagan.D.2007-06-14/dail/30"
      }
    },
    {
      "membership": {
        "dateRange": {
          "end": "2016-03-09",
          "start": "2011-03-09"
        },
        "house": {
          "showAs": "31st D\u00e1il",
          "uri": "http://oireachtas.ie/ie/oireachtas/house/dail/31"
        },
        "offices": [],
        "parties": [
          {
            "party": {
              "dateRange": {
                "end": "2013-07-02",
                "start": "2011-02-25"
              },
              "showAs": "Fine Gael",
              "uri": "http://oireachtas.ie/ie/oireachtas/party/dail/31/Fine_Gael"
            }
          },
          {
            "party": {
              "dateRange": {
                "end": "2015-03-13",
                "start": "2013-07-02"
              },
              "showAs": "Independent",
              "uri": "http://oireachtas.ie/ie/oireachtas/party/dail/31/Independent"
            }
          },
          {
            "party": {
              "dateRange": {
                "end": "2016-03-09",
                "start": "2015-03-13"
              },
              "showAs": "Renua",
              "uri": "http://oireachtas.ie/ie/oireachtas/party/dail/31/Renua"
            }
          }
        ],
        "represents": [
          {
            "represent": {
              "showAs": "Dublin North\u2013East",
              "uri": "http://oireachtas.ie/ie/oireachtas/house/dail/31/constituency/Dublin-North\u2013East"
            }
          }
        ],
        "uri": "http://oireachtas.ie/ie/oireachtas/member/Terence-Flanagan.D.2007-06-14/dail/31"
      }
    }
  ],
  "profession": "Public Representative. Accountant",
  "showAs": "Mr. Terence Flanagan",
  "uri": "http://oireachtas.ie/ie/oireachtas/member/Terence-Flanagan.D.2007-06-14"
}