{
  "dateOfBirth": "1916-05-30",
  "dateOfDeath": "1993-12-03",
  "firstName": "Patrick",
  "fullName": "Patrick Malone",
  "gender": null,
  "image": null,
  "lastName": "Malone",
  "memberships": [
    {
      "membership": {
        "dateRange": {
          "end": "1969-07-24",
          "start": "1965-06-23"
        },
        "house": {
          "showAs": "11th Seanad",
          "uri": "http://oireachtas.ie/ie/oireachtas/house/seanad/11"
        },
        "offices": [],
        "parties": [],
        "represents": [
          {
            "represent": {
              "showAs": "Agricultural Panel",
              "uri": "http://oireachtas.ie/ie/oireachtas/house/seanad/11/panel/Agricultural-Panel"
            }
          }
        ],
        "uri": "http://oireachtas.ie/ie/oireachtas/member/Patrick-Malone.S.1965-06-23/seanad/11"
      }
    },
    {
      "membership": {
        "dateRange": {
          "end": "1973-03-30",
          "start": "1969-11-05"
        },
        "house": {
          "showAs": "12th Seanad",
          "uri": "http://oireachtas.ie/ie/oireachtas/house/seanad/12"
        },
        "offices": [],
        "parties": [],
        "represents": [
          {
            "represent": {
              "showAs": "Administrative Panel",
              "uri": "http://oireachtas.ie/ie/oireachtas/house/seanad/12/panel/Administrative-Panel"
            }
          }
        ],
        "uri": "http://oireachtas.ie/ie/oireachtas/member/Patrick-Malone.S.1965-06-23/seanad/12"
      }
    },
    {
      "membership": {
        "dateRange": {
          "end": "1973-02-05",
          "start": "1970-04-14"
        },
        "house": {
          "showAs": "19th D\u00e1il",
          "uri": "http://oireachtas.ie/ie/oireachtas/house/dail/19"
        },
        "offices": [],
        "parties": [],
        "represents": [
          {
            "represent": {
              "showAs": "Kildare",
              "uri": "http://oireachtas.ie/ie/oireachtas/house/dail/19/constituency/Kildare"
            }
          }
        ],
        "uri": "http://oireachtas.ie/ie/oireachtas/member/Patrick-Malone.S.1965-06-23/dail/19"
      }
    },
    {
      "membership": {
        "dateRange": {
          "end": "1977-05-25",
          "start": "1973-03-14"
        },
        "house": {
          "showAs": "20th D\u00e1il",
          "uri": "http://oireachtas.ie/ie/oireachtas/house/dail/20"
        },
        "offices": [],
        "parties": [
          {
            "party": {
              "dateRange": {
                "end": "1977-05-25",
                "start": "1973-02-28"
              },
              "showAs": "Fine Gael",
              "uri": "http://oireachtas.ie/ie/oireachtas/party/dail/20/Fine_Gael"
            }
          }
        ],
        "represents": [
          {
            "represent": {
              "showAs": "Kildare",
              "uri": "http://oireachtas.ie/ie/oireachtas/house/dail/20/constituency/Kildare"
            }
          }
        ],
        "uri": "http://oireachtas.ie/ie/oireachtas/member/Patrick-Malone.S.1965-06-23/dail/20"
      }
    }
  ],
  "profession": "Farmer",
  "showAs": "Mr. Patrick Malone",
  "uri": "http://oireachtas.ie/ie/oireachtas/member/Patrick-Malone.S.1965-06-23"
}