{
  "dateOfBirth": null,
  "dateOfDeath": null,
  "firstName": "Se\u00e1n",
  "fullName": "Se\u00e1n MacSwiney",
  "gender": null,
  "image": null,
  "lastName": "MacSwiney",
  "memberships": [
    {
      "membership": {
        "dateRange": {
          "end": "1922-06-16",
          "start": "1921-08-16"
        },
        "house": {
          "showAs": "2nd D\u00e1il",
          "uri": "http://oireachtas.ie/ie/oireachtas/house/dail/2"
        },
        "offices": [],
        "parties": [
          {
            "party": {
              "dateRange": {
                "end": "1922-06-16",
                "start": "1921-05-24"
              },
              "showAs": "Sinn F\u00e9in",
              "uri": "http://oireachtas.ie/ie/oireachtas/party/dail/2/Sinn_F\u00e9in"
            }
          }
        ],
        "represents": [
          {
            "represent": {
              "showAs": "Cork Mid, North, South, South East and West",
              "uri": "http://oireachtas.ie/ie/oireachtas/house/dail/2/constituency/Cork-Mid-North-South-South-East-and-West"
            }
          }
        ],
        "uri": "http://oireachtas.ie/ie/oireachtas/member/Se\u00e1n-MacSwiney.D.1921-08-16/dail/2"
      }
    }
  ],
  "profession": null,
  "showAs": "Mr. Se\u00e1n Mac Swiney",
  "uri": "http://oireachtas.ie/ie/oireachtas/member/Se\u00e1n-MacSwiney.D.1921-08-16"
}