{
  "dateOfBirth": null,
  "dateOfDeath": null,
  "firstName": "Daniel",
  "fullName": "Daniel O'Callaghan",
  "gender": null,
  "image": "http://www.oireachtas.ie//MembersImages/2093x.jpg",
  "lastName": "O'Callaghan",
  "memberships": [
    {
      "membership": {
        "dateRange": {
          "end": "1923-08-09",
          "start": "1922-09-09"
        },
        "house": {
          "showAs": "3rd D\u00e1il",
          "uri": "http://oireachtas.ie/ie/oireachtas/house/dail/3"
        },
        "offices": [],
        "parties": [
          {
            "party": {
              "dateRange": {
                "end": "1923-08-09",
                "start": "1922-06-16"
              },
              "showAs": "Labour Party",
              "uri": "http://oireachtas.ie/ie/oireachtas/party/dail/3/Labour_Party"
            }
          }
        ],
        "represents": [
          {
            "represent": {
              "showAs": "Wexford",
              "uri": "http://oireachtas.ie/ie/oireachtas/house/dail/3/constituency/Wexford"
            }
          }
        ],
        "uri": "http://oireachtas.ie/ie/oireachtas/member/Daniel-O'Callaghan.D.1922-09-09/dail/3"
      }
    }
  ],
  "profession": null,
  "showAs": "Mr. Daniel O'Callaghan",
  "uri": "http://oireachtas.ie/ie/oireachtas/member/Daniel-O'Callaghan.D.1922-09-09"
}