{
  "dateOfBirth": "1952-09-01",
  "dateOfDeath": null,
  "firstName": "S\u00e9amus",
  "fullName": "S\u00e9amus Hughes",
  "gender": null,
  "image": null,
  "lastName": "Hughes",
  "memberships": [
    {
      "membership": {
        "dateRange": {
          "end": "1997-05-15",
          "start": "1992-12-14"
        },
        "house": {
          "showAs": "27th D\u00e1il",
          "uri": "http://oireachtas.ie/ie/oireachtas/house/dail/27"
        },
        "offices": [],
        "parties": [
          {
            "party": {
              "dateRange": {
                "end": "1997-05-15",
                "start": "1992-11-25"
              },
              "showAs": "Fianna F\u00e1il",
              "uri": "http://oireachtas.ie/ie/oireachtas/party/dail/27/Fianna_F\u00e1il"
            }
          }
        ],
        "represents": [
          {
            "represent": {
              "showAs": "Mayo West",
              "uri": "http://oireachtas.ie/ie/oireachtas/house/dail/27/constituency/Mayo-West"
            }
          }
        ],
        "uri": "http://oireachtas.ie/ie/oireachtas/member/S\u00e9amus-Hughes.D.1992-12-14/dail/27"
      }
    }
  ],
  "profession": "Solicitor",
  "showAs": "Mr. Seamus Hughes",
  "uri": "http://oireachtas.ie/ie/oireachtas/member/S\u00e9amus-Hughes.D.1992-12-14"
}