{
  "dateOfBirth": null,
  "dateOfDeath": "1969-02-18",
  "firstName": "James",
  "fullName": "James Larkin Jnr.",
  "gender": null,
  "image": "http://www.oireachtas.ie//MembersImages/611i.jpg",
  "lastName": "Larkin Jnr.",
  "memberships": [
    {
      "membership": {
        "dateRange": {
          "end": "1944-05-10",
          "start": "1943-07-01"
        },
        "house": {
          "showAs": "11th D\u00e1il",
          "uri": "http://oireachtas.ie/ie/oireachtas/house/dail/11"
        },
        "offices": [],
        "parties": [
          {
            "party": {
              "dateRange": {
                "end": "1944-05-10",
                "start": "1943-06-23"
              },
              "showAs": "Labour Party",
              "uri": "http://oireachtas.ie/ie/oireachtas/party/dail/11/Labour_Party"
            }
          }
        ],
        "represents": [
          {
            "represent": {
              "showAs": "Dublin South",
              "uri": "http://oireachtas.ie/ie/oireachtas/house/dail/11/constituency/Dublin-South"
            }
          }
        ],
        "uri": "http://oireachtas.ie/ie/oireachtas/member/James-Larkin-Jnr.D.1943-07-01/dail/11"
      }
    },
    {
      "membership": {
        "dateRange": {
          "end": "1948-01-12",
          "start": "1944-06-09"
        },
        "house": {
          "showAs": "12th D\u00e1il",
          "uri": "http://oireachtas.ie/ie/oireachtas/house/dail/12"
        },
        "offices": [],
        "parties": [
          {
            "party": {
              "dateRange": {
                "end": "1948-01-12",
                "start": "1944-05-30"
              },
              "showAs": "Labour Party",
              "uri": "http://oireachtas.ie/ie/oireachtas/party/dail/12/Labour_Party"
            }
          }
        ],
        "represents": [
          {
            "represent": {
              "showAs": "Dublin South",
              "uri": "http://oireachtas.ie/ie/oireachtas/house/dail/12/constituency/Dublin-South"
            }
          }
        ],
        "uri": "http://oireachtas.ie/ie/oireachtas/member/James-Larkin-Jnr.D.1943-07-01/dail/12"
      }
    },
    {
      "membership": {
        "dateRange": {
          "end": "1951-05-07",
          "start": "1948-02-18"
        },
        "house": {
          "showAs": "13th D\u00e1il",
          "uri": "http://oireachtas.ie/ie/oireachtas/house/dail/13"
        },
        "offices": [],
        "parties": [
          {
            "party": {
              "dateRange": {
                "end": "1951-05-07",
                "start": "1948-02-04"
              },
              "showAs": "Labour Party",
              "uri": "http://oireachtas.ie/ie/oireachtas/party/dail/13/Labour_Party"
            }
          }
        ],
        "represents": [
          {
            "represent": {
              "showAs": "Dublin South\u2013Central",
              "uri": "http://oireachtas.ie/ie/oireachtas/house/dail/13/constituency/Dublin-South\u2013Central"
            }
          }
        ],
        "uri": "http://oireachtas.ie/ie/oireachtas/member/James-Larkin-Jnr.D.1943-07-01/dail/13"
      }
    },
    {
      "membership": {
        "dateRange": {
          "end": "1954-04-24",
          "start": "1951-06-13"
        },
        "house": {
          "showAs": "14th D\u00e1il",
          "uri": "http://oireachtas.ie/ie/oireachtas/house/dail/14"
        },
        "offices": [],
        "parties": [
          {
            "party": {
              "dateRange": {
                "end": "1954-04-24",
                "start": "1951-05-30"
              },
              "showAs": "Labour Party",
              "uri": "http://oireachtas.ie/ie/oireachtas/party/dail/14/Labour_Party"
            }
          }
        ],
        "represents": [
          {
            "represent": {
              "showAs": "Dublin South\u2013Central",
              "uri": "http://oireachtas.ie/ie/oireachtas/house/dail/14/constituency/Dublin-South\u2013Central"
            }
          }
        ],
        "uri": "http://oireachtas.ie/ie/oireachtas/member/James-Larkin-Jnr.D.1943-07-01/dail/14"
      }
    },
    {
      "membership": {
        "dateRange": {
          "end": "1957-02-12",
          "start": "1954-06-02"
        },
        "house": {
          "showAs": "15th D\u00e1il",
          "uri": "http://oireachtas.ie/ie/oireachtas/house/dail/15"
        },
        "offices": [],
        "parties": [
          {
            "party": {
              "dateRange": {
                "end": "1957-02-12",
                "start": "1954-05-18"
              },
              "showAs": "Labour Party",
              "uri": "http://oireachtas.ie/ie/oireachtas/party/dail/15/Labour_Party"
            }
          }
        ],
        "represents": [
          {
            "represent": {
              "showAs": "Dublin South\u2013Central",
              "uri": "http://oireachtas.ie/ie/oireachtas/house/dail/15/constituency/Dublin-South\u2013Central"
            }
          }
        ],
        "uri": "http://oireachtas.ie/ie/oireachtas/member/James-Larkin-Jnr.D.1943-07-01/dail/15"
      }
    }
  ],
  "profession": "Trade Union Official",
  "showAs": "Mr. James (Junior) Larkin",
  "uri": "http://oireachtas.ie/ie/oireachtas/member/James-Larkin-Jnr.D.1943-07-01"
}