{
  "dateOfBirth": "1907-03-29",
  "dateOfDeath": "1973-07-30",
  "firstName": "James",
  "fullName": "James Carroll",
  "gender": null,
  "image": null,
  "lastName": "Carroll",
  "memberships": [
    {
      "membership": {
        "dateRange": {
          "end": "1961-09-15",
          "start": "1957-03-20"
        },
        "house": {
          "showAs": "16th D\u00e1il",
          "uri": "http://oireachtas.ie/ie/oireachtas/house/dail/16"
        },
        "offices": [],
        "parties": [
          {
            "party": {
              "dateRange": {
                "end": "1961-09-15",
                "start": "1957-03-05"
              },
              "showAs": "Independent",
              "uri": "http://oireachtas.ie/ie/oireachtas/party/dail/16/Independent"
            }
          }
        ],
        "represents": [
          {
            "represent": {
              "showAs": "Dublin South\u2013West",
              "uri": "http://oireachtas.ie/ie/oireachtas/house/dail/16/constituency/Dublin-South\u2013West"
            }
          }
        ],
        "uri": "http://oireachtas.ie/ie/oireachtas/member/James-Carroll.D.1957-03-20/dail/16"
      }
    },
    {
      "membership": {
        "dateRange": {
          "end": "1965-03-18",
          "start": "1961-10-11"
        },
        "house": {
          "showAs": "17th D\u00e1il",
          "uri": "http://oireachtas.ie/ie/oireachtas/house/dail/17"
        },
        "offices": [],
        "parties": [
          {
            "party": {
              "dateRange": {
                "end": "1965-03-18",
                "start": "1961-10-04"
              },
              "showAs": "Independent",
              "uri": "http://oireachtas.ie/ie/oireachtas/party/dail/17/Independent"
            }
          }
        ],
        "represents": [
          {
            "represent": {
              "showAs": "Dublin South\u2013West",
              "uri": "http://oireachtas.ie/ie/oireachtas/house/dail/17/constituency/Dublin-South\u2013West"
            }
          }
        ],
        "uri": "http://oireachtas.ie/ie/oireachtas/member/James-Carroll.D.1957-03-20/dail/17"
      }
    }
  ],
  "profession": "Contractor",
  "showAs": "Mr. James Carroll",
  "uri": "http://oireachtas.ie/ie/oireachtas/member/James-Carroll.D.1957-03-20"
}