{
  "dateOfBirth": null,
  "dateOfDeath": null,
  "firstName": "Peadar",
  "fullName": "Peadar T\u00f3ib\u00edn",
  "gender": null,
  "image": "http://www.oireachtas.ie//MembersImages/2304q.jpg",
  "lastName": "T\u00f3ib\u00edn",
  "memberships": [
    {
      "membership": {
        "dateRange": {
          "end": "2016-03-09",
          "start": "2011-03-09"
        },
        "house": {
          "showAs": "31st D\u00e1il",
          "uri": "http://oireachtas.ie/ie/oireachtas/house/dail/31"
        },
        "offices": [],
        "parties": [
          {
            "party": {
              "dateRange": {
                "end": "2013-07-12",
                "start": "2011-02-25"
              },
              "showAs": "Sinn F\u00e9in",
              "uri": "http://oireachtas.ie/ie/oireachtas/party/dail/31/Sinn_F\u00e9in"
            }
          },
          {
            "party": {
              "dateRange": {
                "end": "2014-01-12",
                "start": "2013-07-12"
              },
              "showAs": "Independent",
              "uri": "http://oireachtas.ie/ie/oireachtas/party/dail/31/Independent"
            }
          },
          {
            "party": {
              "dateRange": {
                "end": "2016-03-09",
                "start": "2014-01-12"
              },
              "showAs": "Sinn F\u00e9in",
              "uri": "http://oireachtas.ie/ie/oireachtas/party/dail/31/Sinn_F\u00e9in"
            }
          }
        ],
        "represents": [
          {
            "represent": {
              "showAs": "Meath West",
              "uri": "http://oireachtas.ie/ie/oireachtas/house/dail/31/constituency/Meath-West"
            }
          }
        ],
        "uri": "http://oireachtas.ie/ie/oireachtas/member/Peadar-T\u00f3ib\u00edn.D.2011-03-09/dail/31"
      }
    }
  ],
  "profession": null,
  "showAs": "Mr. Peadar T\u00f3ib\u00edn",
  "uri": "http://oireachtas.ie/ie/oireachtas/member/Peadar-T\u00f3ib\u00edn.D.2011-03-09"
}