{
  "dateOfBirth": "1894-10-06",
  "dateOfDeath": "1967-12-16",
  "firstName": "Cecil",
  "fullName": "Cecil Lavery",
  "gender": null,
  "image": null,
  "lastName": "Lavery",
  "memberships": [
    {
      "membership": {
        "dateRange": {
          "end": "1937-06-14",
          "start": "1935-06-17"
        },
        "house": {
          "showAs": "8th D\u00e1il",
          "uri": "http://oireachtas.ie/ie/oireachtas/house/dail/8"
        },
        "offices": [],
        "parties": [],
        "represents": [
          {
            "represent": {
              "showAs": "Dublin County",
              "uri": "http://oireachtas.ie/ie/oireachtas/house/dail/8/constituency/Dublin-County"
            }
          }
        ],
        "uri": "http://oireachtas.ie/ie/oireachtas/member/Cecil-Lavery.D.1935-06-17/dail/8"
      }
    },
    {
      "membership": {
        "dateRange": {
          "end": "1938-05-27",
          "start": "1937-07-21"
        },
        "house": {
          "showAs": "9th D\u00e1il",
          "uri": "http://oireachtas.ie/ie/oireachtas/house/dail/9"
        },
        "offices": [],
        "parties": [
          {
            "party": {
              "dateRange": {
                "end": "1938-05-27",
                "start": "1937-07-01"
              },
              "showAs": "Fine Gael",
              "uri": "http://oireachtas.ie/ie/oireachtas/party/dail/9/Fine_Gael"
            }
          }
        ],
        "represents": [
          {
            "represent": {
              "showAs": "Dublin County",
              "uri": "http://oireachtas.ie/ie/oireachtas/house/dail/9/constituency/Dublin-County"
            }
          }
        ],
        "uri": "http://oireachtas.ie/ie/oireachtas/member/Cecil-Lavery.D.1935-06-17/dail/9"
      }
    },
    {
      "membership": {
        "dateRange": {
          "end": "1951-07-25",
          "start": "1948-04-21"
        },
        "house": {
          "showAs": "6th Seanad",
          "uri": "http://oireachtas.ie/ie/oireachtas/house/seanad/6"
        },
        "offices": [],
        "parties": [],
        "represents": [
          {
            "represent": {
              "showAs": "Cultural and Educational Panel",
              "uri": "http://oireachtas.ie/ie/oireachtas/house/seanad/6/panel/Cultural-and-Educational-Panel"
            }
          }
        ],
        "uri": "http://oireachtas.ie/ie/oireachtas/member/Cecil-Lavery.D.1935-06-17/seanad/6"
      }
    }
  ],
  "profession": "Barrister-at-law",
  "showAs": "Mr. Cecil Patrick Lavery",
  "uri": "http://oireachtas.ie/ie/oireachtas/member/Cecil-Lavery.D.1935-06-17"
}