{
  "dateOfBirth": "1933-09-19",
  "dateOfDeath": "2009-02-17",
  "firstName": "Michael",
  "fullName": "Michael Howard",
  "gender": null,
  "image": null,
  "lastName": "Howard",
  "memberships": [
    {
      "membership": {
        "dateRange": {
          "end": "1981-07-16",
          "start": "1977-10-27"
        },
        "house": {
          "showAs": "14th Seanad",
          "uri": "http://oireachtas.ie/ie/oireachtas/house/seanad/14"
        },
        "offices": [],
        "parties": [],
        "represents": [
          {
            "represent": {
              "showAs": "Industrial and Commercial Panel",
              "uri": "http://oireachtas.ie/ie/oireachtas/house/seanad/14/panel/Industrial-and-Commercial-Panel"
            }
          }
        ],
        "uri": "http://oireachtas.ie/ie/oireachtas/member/Michael-Howard.S.1980-04-16/seanad/14"
      }
    },
    {
      "membership": {
        "dateRange": {
          "end": "1982-04-16",
          "start": "1981-10-08"
        },
        "house": {
          "showAs": "15th Seanad",
          "uri": "http://oireachtas.ie/ie/oireachtas/house/seanad/15"
        },
        "offices": [],
        "parties": [],
        "represents": [
          {
            "represent": {
              "showAs": "Industrial and Commercial Panel",
              "uri": "http://oireachtas.ie/ie/oireachtas/house/seanad/15/panel/Industrial-and-Commercial-Panel"
            }
          }
        ],
        "uri": "http://oireachtas.ie/ie/oireachtas/member/Michael-Howard.S.1980-04-16/seanad/15"
      }
    },
    {
      "membership": {
        "dateRange": {
          "end": "1982-12-21",
          "start": "1982-05-13"
        },
        "house": {
          "showAs": "16th Seanad",
          "uri": "http://oireachtas.ie/ie/oireachtas/house/seanad/16"
        },
        "offices": [],
        "parties": [],
        "represents": [
          {
            "represent": {
              "showAs": "Industrial and Commercial Panel",
              "uri": "http://oireachtas.ie/ie/oireachtas/house/seanad/16/panel/Industrial-and-Commercial-Panel"
            }
          }
        ],
        "uri": "http://oireachtas.ie/ie/oireachtas/member/Michael-Howard.S.1980-04-16/seanad/16"
      }
    },
    {
      "membership": {
        "dateRange": {
          "end": "1987-04-03",
          "start": "1983-02-23"
        },
        "house": {
          "showAs": "17th Seanad",
          "uri": "http://oireachtas.ie/ie/oireachtas/house/seanad/17"
        },
        "offices": [],
        "parties": [],
        "represents": [
          {
            "represent": {
              "showAs": "Industrial and Commercial Panel",
              "uri": "http://oireachtas.ie/ie/oireachtas/house/seanad/17/panel/Industrial-and-Commercial-Panel"
            }
          }
        ],
        "uri": "http://oireachtas.ie/ie/oireachtas/member/Michael-Howard.S.1980-04-16/seanad/17"
      }
    },
    {
      "membership": {
        "dateRange": {
          "end": "1992-12-17",
          "start": "1989-10-01"
        },
        "house": {
          "showAs": "19th Seanad",
          "uri": "http://oireachtas.ie/ie/oireachtas/house/seanad/19"
        },
        "offices": [],
        "parties": [],
        "represents": [
          {
            "represent": {
              "showAs": "Industrial and Commercial Panel",
              "uri": "http://oireachtas.ie/ie/oireachtas/house/seanad/19/panel/Industrial-and-Commercial-Panel"
            }
          }
        ],
        "uri": "http://oireachtas.ie/ie/oireachtas/member/Michael-Howard.S.1980-04-16/seanad/19"
      }
    },
    {
      "membership": {
        "dateRange": {
          "end": "1997-07-10",
          "start": "1993-02-17"
        },
        "house": {
          "showAs": "20th Seanad",
          "uri": "http://oireachtas.ie/ie/oireachtas/house/seanad/20"
        },
        "offices": [],
        "parties": [],
        "represents": [
          {
            "represent": {
              "showAs": "Industrial and Commercial Panel",
              "uri": "http://oireachtas.ie/ie/oireachtas/house/seanad/20/panel/Industrial-and-Commercial-Panel"
            }
          }
        ],
        "uri": "http://oireachtas.ie/ie/oireachtas/member/Michael-Howard.S.1980-04-16/seanad/20"
      }
    }
  ],
  "profession": "Publican and Farmer",
  "showAs": "Mr. Michael Howard",
  "uri": "http://oireachtas.ie/ie/oireachtas/member/Michael-Howard.S.1980-04-16"
}