{
  "dateOfBirth": "1934-11-14",
  "dateOfDeath": null,
  "firstName": "Catherine",
  "fullName": "Catherine McGuinness",
  "gender": null,
  "image": "/MembersImages/CatherineMcGuiness.jpg",
  "lastName": "McGuinness",
  "memberships": [
    {
      "membership": {
        "dateRange": {
          "end": "1981-07-16",
          "start": "1979-12-11"
        },
        "house": {
          "showAs": "14th Seanad",
          "uri": "http://oireachtas.ie/ie/oireachtas/house/seanad/14"
        },
        "offices": [],
        "parties": [],
        "represents": [
          {
            "represent": {
              "showAs": "University of Dublin",
              "uri": "http://oireachtas.ie/ie/oireachtas/house/seanad/14/panel/University-of-Dublin"
            }
          }
        ],
        "uri": "http://oireachtas.ie/ie/oireachtas/member/Catherine-McGuinness.S.1979-12-11/seanad/14"
      }
    },
    {
      "membership": {
        "dateRange": {
          "end": "1982-04-16",
          "start": "1981-10-08"
        },
        "house": {
          "showAs": "15th Seanad",
          "uri": "http://oireachtas.ie/ie/oireachtas/house/seanad/15"
        },
        "offices": [],
        "parties": [],
        "represents": [
          {
            "represent": {
              "showAs": "University of Dublin",
              "uri": "http://oireachtas.ie/ie/oireachtas/house/seanad/15/panel/University-of-Dublin"
            }
          }
        ],
        "uri": "http://oireachtas.ie/ie/oireachtas/member/Catherine-McGuinness.S.1979-12-11/seanad/15"
      }
    },
    {
      "membership": {
        "dateRange": {
          "end": "1987-04-03",
          "start": "1983-02-23"
        },
        "house": {
          "showAs": "17th Seanad",
          "uri": "http://oireachtas.ie/ie/oireachtas/house/seanad/17"
        },
        "offices": [],
        "parties": [],
        "represents": [
          {
            "represent": {
              "showAs": "University of Dublin",
              "uri": "http://oireachtas.ie/ie/oireachtas/house/seanad/17/panel/University-of-Dublin"
            }
          }
        ],
        "uri": "http://oireachtas.ie/ie/oireachtas/member/Catherine-McGuinness.S.1979-12-11/seanad/17"
      }
    }
  ],
  "profession": "Barrister-at-Law, Senior Counsel, Judge of the Circuit Court, High Court and Supreme Court - President of the Law Reform Commission",
  "showAs": "Ms. Catherine McGuinness",
  "uri": "http://oireachtas.ie/ie/oireachtas/member/Catherine-McGuinness.S.1979-12-11"
}