{
  "dateOfBirth": "1935-07-31",
  "dateOfDeath": "1978-06-18",
  "firstName": "David",
  "fullName": "David Thornley",
  "gender": null,
  "image": "http://www.oireachtas.ie//MembersImages/1066d.jpg",
  "lastName": "Thornley",
  "memberships": [
    {
      "membership": {
        "dateRange": {
          "end": "1973-02-05",
          "start": "1969-07-02"
        },
        "house": {
          "showAs": "19th D\u00e1il",
          "uri": "http://oireachtas.ie/ie/oireachtas/house/dail/19"
        },
        "offices": [],
        "parties": [
          {
            "party": {
              "dateRange": {
                "end": "1973-02-05",
                "start": "1969-06-18"
              },
              "showAs": "Labour Party",
              "uri": "http://oireachtas.ie/ie/oireachtas/party/dail/19/Labour_Party"
            }
          }
        ],
        "represents": [
          {
            "represent": {
              "showAs": "Dublin North\u2013West",
              "uri": "http://oireachtas.ie/ie/oireachtas/house/dail/19/constituency/Dublin-North\u2013West"
            }
          }
        ],
        "uri": "http://oireachtas.ie/ie/oireachtas/member/David-Thornley.D.1969-07-02/dail/19"
      }
    },
    {
      "membership": {
        "dateRange": {
          "end": "1977-05-25",
          "start": "1973-03-14"
        },
        "house": {
          "showAs": "20th D\u00e1il",
          "uri": "http://oireachtas.ie/ie/oireachtas/house/dail/20"
        },
        "offices": [],
        "parties": [
          {
            "party": {
              "dateRange": {
                "end": "1977-05-25",
                "start": "1973-02-28"
              },
              "showAs": "Labour Party",
              "uri": "http://oireachtas.ie/ie/oireachtas/party/dail/20/Labour_Party"
            }
          }
        ],
        "represents": [
          {
            "represent": {
              "showAs": "Dublin North\u2013West",
              "uri": "http://oireachtas.ie/ie/oireachtas/house/dail/20/constituency/Dublin-North\u2013West"
            }
          }
        ],
        "uri": "http://oireachtas.ie/ie/oireachtas/member/David-Thornley.D.1969-07-02/dail/20"
      }
    }
  ],
  "profession": "University Professor",
  "showAs": "Mr. David A. Thornley",
  "uri": "http://oireachtas.ie/ie/oireachtas/member/David-Thornley.D.1969-07-02"
}