{
  "dateOfBirth": "1917-08-15",
  "dateOfDeath": "1999-10-20",
  "firstName": "John",
  "fullName": "John Lynch",
  "gender": null,
  "image": "http://www.oireachtas.ie//MembersImages/652.jpg",
  "lastName": "Lynch",
  "memberships": [
    {
      "membership": {
        "dateRange": {
          "end": "1951-05-07",
          "start": "1948-02-18"
        },
        "house": {
          "showAs": "13th D\u00e1il",
          "uri": "http://oireachtas.ie/ie/oireachtas/house/dail/13"
        },
        "offices": [],
        "parties": [
          {
            "party": {
              "dateRange": {
                "end": "1951-05-07",
                "start": "1948-02-04"
              },
              "showAs": "Fianna F\u00e1il",
              "uri": "http://oireachtas.ie/ie/oireachtas/party/dail/13/Fianna_F\u00e1il"
            }
          }
        ],
        "represents": [
          {
            "represent": {
              "showAs": "Cork Borough",
              "uri": "http://oireachtas.ie/ie/oireachtas/house/dail/13/constituency/Cork-Borough"
            }
          }
        ],
        "uri": "http://oireachtas.ie/ie/oireachtas/member/John-Lynch.D.1948-02-18/dail/13"
      }
    },
    {
      "membership": {
        "dateRange": {
          "end": "1954-04-24",
          "start": "1951-06-13"
        },
        "house": {
          "showAs": "14th D\u00e1il",
          "uri": "http://oireachtas.ie/ie/oireachtas/house/dail/14"
        },
        "offices": [],
        "parties": [
          {
            "party": {
              "dateRange": {
                "end": "1954-04-24",
                "start": "1951-05-30"
              },
              "showAs": "Fianna F\u00e1il",
              "uri": "http://oireachtas.ie/ie/oireachtas/party/dail/14/Fianna_F\u00e1il"
            }
          }
        ],
        "represents": [
          {
            "represent": {
              "showAs": "Cork Borough",
              "uri": "http://oireachtas.ie/ie/oireachtas/house/dail/14/constituency/Cork-Borough"
            }
          }
        ],
        "uri": "http://oireachtas.ie/ie/oireachtas/member/John-Lynch.D.1948-02-18/dail/14"
      }
    },
    {
      "membership": {
        "dateRange": {
          "end": "1957-02-12",
          "start": "1954-06-02"
        },
        "house": {
          "showAs": "15th D\u00e1il",
          "uri": "http://oireachtas.ie/ie/oireachtas/house/dail/15"
        },
        "offices": [],
        "parties": [
          {
            "party": {
              "dateRange": {
                "end": "1957-02-12",
                "start": "1954-05-18"
              },
              "showAs": "Fianna F\u00e1il",
              "uri": "http://oireachtas.ie/ie/oireachtas/party/dail/15/Fianna_F\u00e1il"
            }
          }
        ],
        "represents": [
          {
            "represent": {
              "showAs": "Cork Borough",
              "uri": "http://oireachtas.ie/ie/oireachtas/house/dail/15/constituency/Cork-Borough"
            }
          }
        ],
        "uri": "http://oireachtas.ie/ie/oireachtas/member/John-Lynch.D.1948-02-18/dail/15"
      }
    },
    {
      "membership": {
        "dateRange": {
          "end": "1961-09-15",
          "start": "1957-03-20"
        },
        "house": {
          "showAs": "16th D\u00e1il",
          "uri": "http://oireachtas.ie/ie/oireachtas/house/dail/16"
        },
        "offices": [
          {
            "office": {
              "cabinet": {
                "showAs": "Government of the 16th D\u00e1il",
                "uri": "http://oireachtas.ie/ie/oireachtas/cabinet/dail/16"
              },
              "dateRange": {
                "end": "1959-06-23",
                "start": "1957-03-20"
              },
              "officeName": {
                "showAs": "Minister for Education",
                "uri": "http://oireachtas.ie/ie/oireachtas/office/minister/education"
              }
            }
          },
          {
            "office": {
              "cabinet": {
                "showAs": "Government of the 16th D\u00e1il",
                "uri": "http://oireachtas.ie/ie/oireachtas/cabinet/dail/16"
              },
              "dateRange": {
                "end": "1957-06-26",
                "start": "1957-03-20"
              },
              "officeName": {
                "showAs": "Minister for the Gaeltacht",
                "uri": "http://oireachtas.ie/ie/oireachtas/office/minister/gaeltacht"
              }
            }
          },
          {
            "office": {
              "cabinet": {
                "showAs": "Government of the 16th D\u00e1il",
                "uri": "http://oireachtas.ie/ie/oireachtas/cabinet/dail/16"
              },
              "dateRange": {
                "end": "1961-10-11",
                "start": "1959-06-23"
              },
              "officeName": {
                "showAs": "Minister for Industry and Commerce",
                "uri": "http://oireachtas.ie/ie/oireachtas/office/minister/industry__commerce"
              }
            }
          }
        ],
        "parties": [
          {
            "party": {
              "dateRange": {
                "end": "1961-09-15",
                "start": "1957-03-05"
              },
              "showAs": "Fianna F\u00e1il",
              "uri": "http://oireachtas.ie/ie/oireachtas/party/dail/16/Fianna_F\u00e1il"
            }
          }
        ],
        "represents": [
          {
            "represent": {
              "showAs": "Cork Borough",
              "uri": "http://oireachtas.ie/ie/oireachtas/house/dail/16/constituency/Cork-Borough"
            }
          }
        ],
        "uri": "http://oireachtas.ie/ie/oireachtas/member/John-Lynch.D.1948-02-18/dail/16"
      }
    },
    {
      "membership": {
        "dateRange": {
          "end": "1965-03-18",
          "start": "1961-10-11"
        },
        "house": {
          "showAs": "17th D\u00e1il",
          "uri": "http://oireachtas.ie/ie/oireachtas/house/dail/17"
        },
        "offices": [
          {
            "office": {
              "cabinet": {
                "showAs": "Government of the 17th D\u00e1il",
                "uri": "http://oireachtas.ie/ie/oireachtas/cabinet/dail/17"
              },
              "dateRange": {
                "end": "1965-04-21",
                "start": "1961-10-11"
              },
              "officeName": {
                "showAs": "Minister for Industry and Commerce",
                "uri": "http://oireachtas.ie/ie/oireachtas/office/minister/industry__commerce"
              }
            }
          }
        ],
        "parties": [
          {
            "party": {
              "dateRange": {
                "end": "1965-03-18",
                "start": "1961-10-04"
              },
              "showAs": "Fianna F\u00e1il",
              "uri": "http://oireachtas.ie/ie/oireachtas/party/dail/17/Fianna_F\u00e1il"
            }
          }
        ],
        "represents": [
          {
            "represent": {
              "showAs": "Cork Borough",
              "uri": "http://oireachtas.ie/ie/oireachtas/house/dail/17/constituency/Cork-Borough"
            }
          }
        ],
        "uri": "http://oireachtas.ie/ie/oireachtas/member/John-Lynch.D.1948-02-18/dail/17"
      }
    },
    {
      "membership": {
        "dateRange": {
          "end": "1969-05-22",
          "start": "1965-04-21"
        },
        "house": {
          "showAs": "18th D\u00e1il",
          "uri": "http://oireachtas.ie/ie/oireachtas/house/dail/18"
        },
        "offices": [
          {
            "office": {
              "cabinet": {
                "showAs": "Government of the 18th D\u00e1il",
                "uri": "http://oireachtas.ie/ie/oireachtas/cabinet/dail/18"
              },
              "dateRange": {
                "end": "1966-11-10",
                "start": "1965-04-21"
              },
              "officeName": {
                "showAs": "Minister for Finance",
                "uri": "http://oireachtas.ie/ie/oireachtas/office/minister/finance"
              }
            }
          },
          {
            "office": {
              "cabinet": {
                "showAs": "Government of the 18th D\u00e1il",
                "uri": "http://oireachtas.ie/ie/oireachtas/cabinet/dail/18"
              },
              "dateRange": {
                "end": "1969-07-02",
                "start": "1966-11-10"
              },
              "officeName": {
                "showAs": "Taoiseach",
                "uri": "http://oireachtas.ie/ie/oireachtas/office/taoiseach"
              }
            }
          },
          {
            "office": {
              "cabinet": {
                "showAs": "Government of the 18th D\u00e1il",
                "uri": "http://oireachtas.ie/ie/oireachtas/cabinet/dail/18"
              },
              "dateRange": {
                "end": "1968-03-26",
                "start": "1968-03-10"
              },
              "officeName": {
                "showAs": "Minister for Education",
                "uri": "http://oireachtas.ie/ie/oireachtas/office/minister/education"
              }
            }
          }
        ],
        "parties": [
          {
            "party": {
              "dateRange": {
                "end": "1969-05-22",
                "start": "1965-04-07"
              },
              "showAs": "Fianna F\u00e1il",
              "uri": "http://oireachtas.ie/ie/oireachtas/party/dail/18/Fianna_F\u00e1il"
            }
          }
        ],
        "represents": [
          {
            "represent": {
              "showAs": "Cork Borough",
              "uri": "http://oireachtas.ie/ie/oireachtas/house/dail/18/constituency/Cork-Borough"
            }
          }
        ],
        "uri": "http://oireachtas.ie/ie/oireachtas/member/John-Lynch.D.1948-02-18/dail/18"
      }
    },
    {
      "membership": {
        "dateRange": {
          "end": "1973-02-05",
          "start": "1969-07-02"
        },
        "house": {
          "showAs": "19th D\u00e1il",
          "uri": "http://oireachtas.ie/ie/oireachtas/house/dail/19"
        },
        "offices": [
          {
            "office": {
              "cabinet": {
                "showAs": "Government of the 19th D\u00e1il",
                "uri": "http://oireachtas.ie/ie/oireachtas/cabinet/dail/19"
              },
              "dateRange": {
                "end": "1973-03-14",
                "start": "1969-07-02"
              },
              "officeName": {
                "showAs": "Taoiseach",
                "uri": "http://oireachtas.ie/ie/oireachtas/office/taoiseach"
              }
            }
          }
        ],
        "parties": [
          {
            "party": {
              "dateRange": {
                "end": "1973-02-05",
                "start": "1969-06-18"
              },
              "showAs": "Fianna F\u00e1il",
              "uri": "http://oireachtas.ie/ie/oireachtas/party/dail/19/Fianna_F\u00e1il"
            }
          }
        ],
        "represents": [
          {
            "represent": {
              "showAs": "Cork City North\u2013West",
              "uri": "http://oireachtas.ie/ie/oireachtas/house/dail/19/constituency/Cork-City-North\u2013West"
            }
          }
        ],
        "uri": "http://oireachtas.ie/ie/oireachtas/member/John-Lynch.D.1948-02-18/dail/19"
      }
    },
    {
      "membership": {
        "dateRange": {
          "end": "1977-05-25",
          "start": "1973-03-14"
        },
        "house": {
          "showAs": "20th D\u00e1il",
          "uri": "http://oireachtas.ie/ie/oireachtas/house/dail/20"
        },
        "offices": [],
        "parties": [
          {
            "party": {
              "dateRange": {
                "end": "1977-05-25",
                "start": "1973-02-28"
              },
              "showAs": "Fianna F\u00e1il",
              "uri": "http://oireachtas.ie/ie/oireachtas/party/dail/20/Fianna_F\u00e1il"
            }
          }
        ],
        "represents": [
          {
            "represent": {
              "showAs": "Cork City North\u2013West",
              "uri": "http://oireachtas.ie/ie/oireachtas/house/dail/20/constituency/Cork-City-North\u2013West"
            }
          }
        ],
        "uri": "http://oireachtas.ie/ie/oireachtas/member/John-Lynch.D.1948-02-18/dail/20"
      }
    },
    {
      "membership": {
        "dateRange": {
          "end": "1981-05-21",
          "start": "1977-07-05"
        },
        "house": {
          "showAs": "21st D\u00e1il",
          "uri": "http://oireachtas.ie/ie/oireachtas/house/dail/21"
        },
        "offices": [
          {
            "office": {
              "cabinet": {
                "showAs": "Government of the 21st D\u00e1il",
                "uri": "http://oireachtas.ie/ie/oireachtas/cabinet/dail/21"
              },
              "dateRange": {
                "end": "1979-12-11",
                "start": "1977-07-05"
              },
              "officeName": {
                "showAs": "Taoiseach",
                "uri": "http://oireachtas.ie/ie/oireachtas/office/taoiseach"
              }
            }
          }
        ],
        "parties": [
          {
            "party": {
              "dateRange": {
                "end": "1981-05-21",
                "start": "1977-06-16"
              },
              "showAs": "Fianna F\u00e1il",
              "uri": "http://oireachtas.ie/ie/oireachtas/party/dail/21/Fianna_F\u00e1il"
            }
          }
        ],
        "represents": [
          {
            "represent": {
              "showAs": "Cork City",
              "uri": "http://oireachtas.ie/ie/oireachtas/house/dail/21/constituency/Cork-City"
            }
          }
        ],
        "uri": "http://oireachtas.ie/ie/oireachtas/member/John-Lynch.D.1948-02-18/dail/21"
      }
    }
  ],
  "profession": "Barrister-in-law",
  "showAs": "Mr. Jack Lynch",
  "uri": "http://oireachtas.ie/ie/oireachtas/member/John-Lynch.D.1948-02-18"
}