{
  "dateOfBirth": "1977-10-18",
  "dateOfDeath": null,
  "firstName": "Brian",
  "fullName": "Brian \u00d3 Domhnaill",
  "gender": null,
  "image": "/MembersImages/2261d.jpg",
  "lastName": "\u00d3 Domhnaill",
  "memberships": [
    {
      "membership": {
        "dateRange": {
          "end": "2011-04-25",
          "start": "2007-07-23"
        },
        "house": {
          "showAs": "23rd Seanad",
          "uri": "http://oireachtas.ie/ie/oireachtas/house/seanad/23"
        },
        "offices": [],
        "parties": [],
        "represents": [
          {
            "represent": {
              "showAs": "Nominated by the Taoiseach",
              "uri": "http://oireachtas.ie/ie/oireachtas/house/seanad/23/panel/Nominated-by-the-Taoiseach"
            }
          }
        ],
        "uri": "http://oireachtas.ie/ie/oireachtas/member/Brian-\u00d3-Domhnaill.S.2007-07-23/seanad/23"
      }
    },
    {
      "membership": {
        "dateRange": {
          "end": "2016-06-07",
          "start": "2011-05-25"
        },
        "house": {
          "showAs": "24th Seanad",
          "uri": "http://oireachtas.ie/ie/oireachtas/house/seanad/24"
        },
        "offices": [],
        "parties": [],
        "represents": [
          {
            "represent": {
              "showAs": "Agricultural Panel",
              "uri": "http://oireachtas.ie/ie/oireachtas/house/seanad/24/panel/Agricultural-Panel"
            }
          }
        ],
        "uri": "http://oireachtas.ie/ie/oireachtas/member/Brian-\u00d3-Domhnaill.S.2007-07-23/seanad/24"
      }
    }
  ],
  "profession": "Public Representative",
  "showAs": "Mr. Brian \u00d3 Domhnaill",
  "uri": "http://oireachtas.ie/ie/oireachtas/member/Brian-\u00d3-Domhnaill.S.2007-07-23"
}