{
  "dateOfBirth": null,
  "dateOfDeath": "1936-09-10",
  "firstName": "James Michael",
  "fullName": "James Michael Burke",
  "gender": null,
  "image": null,
  "lastName": "Burke",
  "memberships": [
    {
      "membership": {
        "dateRange": {
          "end": "1936-09-10",
          "start": "1933-02-08"
        },
        "house": {
          "showAs": "8th D\u00e1il",
          "uri": "http://oireachtas.ie/ie/oireachtas/house/dail/8"
        },
        "offices": [],
        "parties": [
          {
            "party": {
              "dateRange": {
                "end": "1936-09-10",
                "start": "1933-01-24"
              },
              "showAs": "Cumann na nGaedheal",
              "uri": "http://oireachtas.ie/ie/oireachtas/party/dail/8/Cumann_na_nGaedheal"
            }
          }
        ],
        "represents": [
          {
            "represent": {
              "showAs": "Cork West",
              "uri": "http://oireachtas.ie/ie/oireachtas/house/dail/8/constituency/Cork-West"
            }
          }
        ],
        "uri": "http://oireachtas.ie/ie/oireachtas/member/James-Michael-Burke.D.1933-02-08/dail/8"
      }
    }
  ],
  "profession": "Barrister",
  "showAs": "Mr. James Michael Burke",
  "uri": "http://oireachtas.ie/ie/oireachtas/member/James-Michael-Burke.D.1933-02-08"
}