{
  "dateOfBirth": null,
  "dateOfDeath": "1979-05-20",
  "firstName": "Eamon",
  "fullName": "Eamon Kissane",
  "gender": null,
  "image": null,
  "lastName": "Kissane",
  "memberships": [
    {
      "membership": {
        "dateRange": {
          "end": "1933-01-02",
          "start": "1932-03-09"
        },
        "house": {
          "showAs": "7th D\u00e1il",
          "uri": "http://oireachtas.ie/ie/oireachtas/house/dail/7"
        },
        "offices": [],
        "parties": [
          {
            "party": {
              "dateRange": {
                "end": "1933-01-02",
                "start": "1932-02-16"
              },
              "showAs": "Fianna F\u00e1il",
              "uri": "http://oireachtas.ie/ie/oireachtas/party/dail/7/Fianna_F\u00e1il"
            }
          }
        ],
        "represents": [
          {
            "represent": {
              "showAs": "Kerry",
              "uri": "http://oireachtas.ie/ie/oireachtas/house/dail/7/constituency/Kerry"
            }
          }
        ],
        "uri": "http://oireachtas.ie/ie/oireachtas/member/Eamon-Kissane.D.1932-03-09/dail/7"
      }
    },
    {
      "membership": {
        "dateRange": {
          "end": "1937-06-14",
          "start": "1933-02-08"
        },
        "house": {
          "showAs": "8th D\u00e1il",
          "uri": "http://oireachtas.ie/ie/oireachtas/house/dail/8"
        },
        "offices": [],
        "parties": [
          {
            "party": {
              "dateRange": {
                "end": "1937-06-14",
                "start": "1933-01-24"
              },
              "showAs": "Fianna F\u00e1il",
              "uri": "http://oireachtas.ie/ie/oireachtas/party/dail/8/Fianna_F\u00e1il"
            }
          }
        ],
        "represents": [
          {
            "represent": {
              "showAs": "Kerry",
              "uri": "http://oireachtas.ie/ie/oireachtas/house/dail/8/constituency/Kerry"
            }
          }
        ],
        "uri": "http://oireachtas.ie/ie/oireachtas/member/Eamon-Kissane.D.1932-03-09/dail/8"
      }
    },
    {
      "membership": {
        "dateRange": {
          "end": "1938-05-27",
          "start": "1937-07-21"
        },
        "house": {
          "showAs": "9th D\u00e1il",
          "uri": "http://oireachtas.ie/ie/oireachtas/house/dail/9"
        },
        "offices": [],
        "parties": [
          {
            "party": {
              "dateRange": {
                "end": "1938-05-27",
                "start": "1937-07-01"
              },
              "showAs": "Fianna F\u00e1il",
              "uri": "http://oireachtas.ie/ie/oireachtas/party/dail/9/Fianna_F\u00e1il"
            }
          }
        ],
        "represents": [
          {
            "represent": {
              "showAs": "Kerry North",
              "uri": "http://oireachtas.ie/ie/oireachtas/house/dail/9/constituency/Kerry-North"
            }
          }
        ],
        "uri": "http://oireachtas.ie/ie/oireachtas/member/Eamon-Kissane.D.1932-03-09/dail/9"
      }
    },
    {
      "membership": {
        "dateRange": {
          "end": "1943-05-31",
          "start": "1938-06-30"
        },
        "house": {
          "showAs": "10th D\u00e1il",
          "uri": "http://oireachtas.ie/ie/oireachtas/house/dail/10"
        },
        "offices": [],
        "parties": [
          {
            "party": {
              "dateRange": {
                "end": "1943-05-31",
                "start": "1938-06-17"
              },
              "showAs": "Fianna F\u00e1il",
              "uri": "http://oireachtas.ie/ie/oireachtas/party/dail/10/Fianna_F\u00e1il"
            }
          }
        ],
        "represents": [
          {
            "represent": {
              "showAs": "Kerry North",
              "uri": "http://oireachtas.ie/ie/oireachtas/house/dail/10/constituency/Kerry-North"
            }
          }
        ],
        "uri": "http://oireachtas.ie/ie/oireachtas/member/Eamon-Kissane.D.1932-03-09/dail/10"
      }
    },
    {
      "membership": {
        "dateRange": {
          "end": "1944-05-10",
          "start": "1943-07-01"
        },
        "house": {
          "showAs": "11th D\u00e1il",
          "uri": "http://oireachtas.ie/ie/oireachtas/house/dail/11"
        },
        "offices": [],
        "parties": [
          {
            "party": {
              "dateRange": {
                "end": "1944-05-10",
                "start": "1943-06-23"
              },
              "showAs": "Fianna F\u00e1il",
              "uri": "http://oireachtas.ie/ie/oireachtas/party/dail/11/Fianna_F\u00e1il"
            }
          }
        ],
        "represents": [
          {
            "represent": {
              "showAs": "Kerry North",
              "uri": "http://oireachtas.ie/ie/oireachtas/house/dail/11/constituency/Kerry-North"
            }
          }
        ],
        "uri": "http://oireachtas.ie/ie/oireachtas/member/Eamon-Kissane.D.1932-03-09/dail/11"
      }
    },
    {
      "membership": {
        "dateRange": {
          "end": "1948-01-12",
          "start": "1944-06-09"
        },
        "house": {
          "showAs": "12th D\u00e1il",
          "uri": "http://oireachtas.ie/ie/oireachtas/house/dail/12"
        },
        "offices": [],
        "parties": [
          {
            "party": {
              "dateRange": {
                "end": "1948-01-12",
                "start": "1944-05-30"
              },
              "showAs": "Fianna F\u00e1il",
              "uri": "http://oireachtas.ie/ie/oireachtas/party/dail/12/Fianna_F\u00e1il"
            }
          }
        ],
        "represents": [
          {
            "represent": {
              "showAs": "Kerry North",
              "uri": "http://oireachtas.ie/ie/oireachtas/house/dail/12/constituency/Kerry-North"
            }
          }
        ],
        "uri": "http://oireachtas.ie/ie/oireachtas/member/Eamon-Kissane.D.1932-03-09/dail/12"
      }
    },
    {
      "membership": {
        "dateRange": {
          "end": "1951-05-07",
          "start": "1948-02-18"
        },
        "house": {
          "showAs": "13th D\u00e1il",
          "uri": "http://oireachtas.ie/ie/oireachtas/house/dail/13"
        },
        "offices": [],
        "parties": [
          {
            "party": {
              "dateRange": {
                "end": "1951-05-07",
                "start": "1948-02-04"
              },
              "showAs": "Fianna F\u00e1il",
              "uri": "http://oireachtas.ie/ie/oireachtas/party/dail/13/Fianna_F\u00e1il"
            }
          }
        ],
        "represents": [
          {
            "represent": {
              "showAs": "Kerry North",
              "uri": "http://oireachtas.ie/ie/oireachtas/house/dail/13/constituency/Kerry-North"
            }
          }
        ],
        "uri": "http://oireachtas.ie/ie/oireachtas/member/Eamon-Kissane.D.1932-03-09/dail/13"
      }
    },
    {
      "membership": {
        "dateRange": {
          "end": "1954-07-07",
          "start": "1951-08-14"
        },
        "house": {
          "showAs": "7th Seanad",
          "uri": "http://oireachtas.ie/ie/oireachtas/house/seanad/7"
        },
        "offices": [],
        "parties": [],
        "represents": [
          {
            "represent": {
              "showAs": "Nominated by the Taoiseach",
              "uri": "http://oireachtas.ie/ie/oireachtas/house/seanad/7/panel/Nominated-by-the-Taoiseach"
            }
          }
        ],
        "uri": "http://oireachtas.ie/ie/oireachtas/member/Eamon-Kissane.D.1932-03-09/seanad/7"
      }
    },
    {
      "membership": {
        "dateRange": {
          "end": "1957-03-28",
          "start": "1954-07-22"
        },
        "house": {
          "showAs": "8th Seanad",
          "uri": "http://oireachtas.ie/ie/oireachtas/house/seanad/8"
        },
        "offices": [],
        "parties": [],
        "represents": [
          {
            "represent": {
              "showAs": "Cultural and Educational Panel",
              "uri": "http://oireachtas.ie/ie/oireachtas/house/seanad/8/panel/Cultural-and-Educational-Panel"
            }
          }
        ],
        "uri": "http://oireachtas.ie/ie/oireachtas/member/Eamon-Kissane.D.1932-03-09/seanad/8"
      }
    },
    {
      "membership": {
        "dateRange": {
          "end": "1961-09-01",
          "start": "1957-05-22"
        },
        "house": {
          "showAs": "9th Seanad",
          "uri": "http://oireachtas.ie/ie/oireachtas/house/seanad/9"
        },
        "offices": [],
        "parties": [],
        "represents": [
          {
            "represent": {
              "showAs": "Cultural and Educational Panel",
              "uri": "http://oireachtas.ie/ie/oireachtas/house/seanad/9/panel/Cultural-and-Educational-Panel"
            }
          }
        ],
        "uri": "http://oireachtas.ie/ie/oireachtas/member/Eamon-Kissane.D.1932-03-09/seanad/9"
      }
    },
    {
      "membership": {
        "dateRange": {
          "end": "1965-04-28",
          "start": "1961-12-14"
        },
        "house": {
          "showAs": "10th Seanad",
          "uri": "http://oireachtas.ie/ie/oireachtas/house/seanad/10"
        },
        "offices": [],
        "parties": [],
        "represents": [
          {
            "represent": {
              "showAs": "Cultural and Educational Panel",
              "uri": "http://oireachtas.ie/ie/oireachtas/house/seanad/10/panel/Cultural-and-Educational-Panel"
            }
          }
        ],
        "uri": "http://oireachtas.ie/ie/oireachtas/member/Eamon-Kissane.D.1932-03-09/seanad/10"
      }
    }
  ],
  "profession": "Teacher, Barrister at Law",
  "showAs": "Mr. Eamon Kissane",
  "uri": "http://oireachtas.ie/ie/oireachtas/member/Eamon-Kissane.D.1932-03-09"
}