{
  "dateOfBirth": "1937-05-16",
  "dateOfDeath": null,
  "firstName": "Se\u00e1n",
  "fullName": "Se\u00e1n Byrne",
  "gender": null,
  "image": null,
  "lastName": "Byrne",
  "memberships": [
    {
      "membership": {
        "dateRange": {
          "end": "1982-11-04",
          "start": "1982-03-09"
        },
        "house": {
          "showAs": "23rd D\u00e1il",
          "uri": "http://oireachtas.ie/ie/oireachtas/house/dail/23"
        },
        "offices": [],
        "parties": [
          {
            "party": {
              "dateRange": {
                "end": "1982-11-04",
                "start": "1982-02-18"
              },
              "showAs": "Fianna F\u00e1il",
              "uri": "http://oireachtas.ie/ie/oireachtas/party/dail/23/Fianna_F\u00e1il"
            }
          }
        ],
        "represents": [
          {
            "represent": {
              "showAs": "Tipperary South",
              "uri": "http://oireachtas.ie/ie/oireachtas/house/dail/23/constituency/Tipperary-South"
            }
          }
        ],
        "uri": "http://oireachtas.ie/ie/oireachtas/member/Se\u00e1n-Byrne.D.1982-03-09/dail/23"
      }
    },
    {
      "membership": {
        "dateRange": {
          "end": "1987-01-21",
          "start": "1982-12-14"
        },
        "house": {
          "showAs": "24th D\u00e1il",
          "uri": "http://oireachtas.ie/ie/oireachtas/house/dail/24"
        },
        "offices": [],
        "parties": [
          {
            "party": {
              "dateRange": {
                "end": "1987-01-21",
                "start": "1982-11-24"
              },
              "showAs": "Fianna F\u00e1il",
              "uri": "http://oireachtas.ie/ie/oireachtas/party/dail/24/Fianna_F\u00e1il"
            }
          }
        ],
        "represents": [
          {
            "represent": {
              "showAs": "Tipperary South",
              "uri": "http://oireachtas.ie/ie/oireachtas/house/dail/24/constituency/Tipperary-South"
            }
          }
        ],
        "uri": "http://oireachtas.ie/ie/oireachtas/member/Se\u00e1n-Byrne.D.1982-03-09/dail/24"
      }
    },
    {
      "membership": {
        "dateRange": {
          "end": "1989-07-05",
          "start": "1987-04-25"
        },
        "house": {
          "showAs": "18th Seanad",
          "uri": "http://oireachtas.ie/ie/oireachtas/house/seanad/18"
        },
        "offices": [],
        "parties": [],
        "represents": [
          {
            "represent": {
              "showAs": "Cultural and Educational Panel",
              "uri": "http://oireachtas.ie/ie/oireachtas/house/seanad/18/panel/Cultural-and-Educational-Panel"
            }
          }
        ],
        "uri": "http://oireachtas.ie/ie/oireachtas/member/Se\u00e1n-Byrne.D.1982-03-09/seanad/18"
      }
    },
    {
      "membership": {
        "dateRange": {
          "end": "1992-12-17",
          "start": "1989-10-01"
        },
        "house": {
          "showAs": "19th Seanad",
          "uri": "http://oireachtas.ie/ie/oireachtas/house/seanad/19"
        },
        "offices": [],
        "parties": [],
        "represents": [
          {
            "represent": {
              "showAs": "Cultural and Educational Panel",
              "uri": "http://oireachtas.ie/ie/oireachtas/house/seanad/19/panel/Cultural-and-Educational-Panel"
            }
          }
        ],
        "uri": "http://oireachtas.ie/ie/oireachtas/member/Se\u00e1n-Byrne.D.1982-03-09/seanad/19"
      }
    },
    {
      "membership": {
        "dateRange": {
          "end": "1997-07-10",
          "start": "1993-02-17"
        },
        "house": {
          "showAs": "20th Seanad",
          "uri": "http://oireachtas.ie/ie/oireachtas/house/seanad/20"
        },
        "offices": [],
        "parties": [],
        "represents": [
          {
            "represent": {
              "showAs": "Nominated by the Taoiseach",
              "uri": "http://oireachtas.ie/ie/oireachtas/house/seanad/20/panel/Nominated-by-the-Taoiseach"
            }
          }
        ],
        "uri": "http://oireachtas.ie/ie/oireachtas/member/Se\u00e1n-Byrne.D.1982-03-09/seanad/20"
      }
    }
  ],
  "profession": "Public Representative, Farmer",
  "showAs": "Mr. Sean Byrne",
  "uri": "http://oireachtas.ie/ie/oireachtas/member/Se\u00e1n-Byrne.D.1982-03-09"
}