{
  "dateOfBirth": "1872-08-03",
  "dateOfDeath": "1952-08-27",
  "firstName": "Jasper Travers",
  "fullName": "Jasper Travers Wolfe",
  "gender": null,
  "image": null,
  "lastName": "Wolfe",
  "memberships": [
    {
      "membership": {
        "dateRange": {
          "end": "1927-08-25",
          "start": "1927-06-23"
        },
        "house": {
          "showAs": "5th D\u00e1il",
          "uri": "http://oireachtas.ie/ie/oireachtas/house/dail/5"
        },
        "offices": [],
        "parties": [
          {
            "party": {
              "dateRange": {
                "end": "1927-08-25",
                "start": "1927-06-09"
              },
              "showAs": "Independent",
              "uri": "http://oireachtas.ie/ie/oireachtas/party/dail/5/Independent"
            }
          }
        ],
        "represents": [
          {
            "represent": {
              "showAs": "Cork West",
              "uri": "http://oireachtas.ie/ie/oireachtas/house/dail/5/constituency/Cork-West"
            }
          }
        ],
        "uri": "http://oireachtas.ie/ie/oireachtas/member/Jasper-Travers-Wolfe.D.1927-06-23/dail/5"
      }
    },
    {
      "membership": {
        "dateRange": {
          "end": "1932-01-29",
          "start": "1927-10-11"
        },
        "house": {
          "showAs": "6th D\u00e1il",
          "uri": "http://oireachtas.ie/ie/oireachtas/house/dail/6"
        },
        "offices": [],
        "parties": [
          {
            "party": {
              "dateRange": {
                "end": "1932-01-29",
                "start": "1927-09-15"
              },
              "showAs": "Independent",
              "uri": "http://oireachtas.ie/ie/oireachtas/party/dail/6/Independent"
            }
          }
        ],
        "represents": [
          {
            "represent": {
              "showAs": "Cork West",
              "uri": "http://oireachtas.ie/ie/oireachtas/house/dail/6/constituency/Cork-West"
            }
          }
        ],
        "uri": "http://oireachtas.ie/ie/oireachtas/member/Jasper-Travers-Wolfe.D.1927-06-23/dail/6"
      }
    },
    {
      "membership": {
        "dateRange": {
          "end": "1933-01-02",
          "start": "1932-03-09"
        },
        "house": {
          "showAs": "7th D\u00e1il",
          "uri": "http://oireachtas.ie/ie/oireachtas/house/dail/7"
        },
        "offices": [],
        "parties": [
          {
            "party": {
              "dateRange": {
                "end": "1933-01-02",
                "start": "1932-02-16"
              },
              "showAs": "Independent",
              "uri": "http://oireachtas.ie/ie/oireachtas/party/dail/7/Independent"
            }
          }
        ],
        "represents": [
          {
            "represent": {
              "showAs": "Cork West",
              "uri": "http://oireachtas.ie/ie/oireachtas/house/dail/7/constituency/Cork-West"
            }
          }
        ],
        "uri": "http://oireachtas.ie/ie/oireachtas/member/Jasper-Travers-Wolfe.D.1927-06-23/dail/7"
      }
    }
  ],
  "profession": "Solicitor",
  "showAs": "Mr. Jasper Travers Wolfe",
  "uri": "http://oireachtas.ie/ie/oireachtas/member/Jasper-Travers-Wolfe.D.1927-06-23"
}