{
  "dateOfBirth": "1955-08-16",
  "dateOfDeath": null,
  "firstName": "James",
  "fullName": "James Reilly",
  "gender": null,
  "image": "http://www.oireachtas.ie//MembersImages/2180c.jpg",
  "lastName": "Reilly",
  "memberships": [
    {
      "membership": {
        "dateRange": {
          "end": "2011-02-01",
          "start": "2007-06-14"
        },
        "house": {
          "showAs": "30th D\u00e1il",
          "uri": "http://oireachtas.ie/ie/oireachtas/house/dail/30"
        },
        "offices": [],
        "parties": [
          {
            "party": {
              "dateRange": {
                "end": "2011-02-01",
                "start": "2007-05-24"
              },
              "showAs": "Fine Gael",
              "uri": "http://oireachtas.ie/ie/oireachtas/party/dail/30/Fine_Gael"
            }
          }
        ],
        "represents": [
          {
            "represent": {
              "showAs": "Dublin North",
              "uri": "http://oireachtas.ie/ie/oireachtas/house/dail/30/constituency/Dublin-North"
            }
          }
        ],
        "uri": "http://oireachtas.ie/ie/oireachtas/member/James-Reilly.D.2007-06-14/dail/30"
      }
    },
    {
      "membership": {
        "dateRange": {
          "end": "2016-03-09",
          "start": "2011-03-09"
        },
        "house": {
          "showAs": "31st D\u00e1il",
          "uri": "http://oireachtas.ie/ie/oireachtas/house/dail/31"
        },
        "offices": [
          {
            "office": {
              "cabinet": {
                "showAs": "Government of the 31st D\u00e1il",
                "uri": "http://oireachtas.ie/ie/oireachtas/cabinet/dail/31"
              },
              "dateRange": {
                "end": "2016-05-06",
                "start": "2014-07-11"
              },
              "officeName": {
                "showAs": "Minister for Children and Youth Affairs",
                "uri": "http://oireachtas.ie/ie/oireachtas/office/minister/children__youth_affairs"
              }
            }
          }
        ],
        "parties": [
          {
            "party": {
              "dateRange": {
                "end": "2016-03-09",
                "start": "2011-02-25"
              },
              "showAs": "Fine Gael",
              "uri": "http://oireachtas.ie/ie/oireachtas/party/dail/31/Fine_Gael"
            }
          }
        ],
        "represents": [
          {
            "represent": {
              "showAs": "Dublin North",
              "uri": "http://oireachtas.ie/ie/oireachtas/house/dail/31/constituency/Dublin-North"
            }
          }
        ],
        "uri": "http://oireachtas.ie/ie/oireachtas/member/James-Reilly.D.2007-06-14/dail/31"
      }
    }
  ],
  "profession": "Public Representative. General Practitioner",
  "showAs": "Dr. James Reilly",
  "uri": "http://oireachtas.ie/ie/oireachtas/member/James-Reilly.D.2007-06-14"
}