{
  "dateOfBirth": null,
  "dateOfDeath": "1934-11-24",
  "firstName": "Martin",
  "fullName": "Martin McDonagh",
  "gender": null,
  "image": null,
  "lastName": "McDonagh",
  "memberships": [
    {
      "membership": {
        "dateRange": {
          "end": "1927-08-25",
          "start": "1927-06-23"
        },
        "house": {
          "showAs": "5th D\u00e1il",
          "uri": "http://oireachtas.ie/ie/oireachtas/house/dail/5"
        },
        "offices": [],
        "parties": [
          {
            "party": {
              "dateRange": {
                "end": "1927-08-25",
                "start": "1927-06-09"
              },
              "showAs": "Cumann na nGaedheal",
              "uri": "http://oireachtas.ie/ie/oireachtas/party/dail/5/Cumann_na_nGaedheal"
            }
          }
        ],
        "represents": [
          {
            "represent": {
              "showAs": "Galway",
              "uri": "http://oireachtas.ie/ie/oireachtas/house/dail/5/constituency/Galway"
            }
          }
        ],
        "uri": "http://oireachtas.ie/ie/oireachtas/member/Martin-McDonagh.D.1927-06-23/dail/5"
      }
    },
    {
      "membership": {
        "dateRange": {
          "end": "1932-01-29",
          "start": "1927-10-11"
        },
        "house": {
          "showAs": "6th D\u00e1il",
          "uri": "http://oireachtas.ie/ie/oireachtas/house/dail/6"
        },
        "offices": [],
        "parties": [
          {
            "party": {
              "dateRange": {
                "end": "1932-01-29",
                "start": "1927-09-15"
              },
              "showAs": "Cumann na nGaedheal",
              "uri": "http://oireachtas.ie/ie/oireachtas/party/dail/6/Cumann_na_nGaedheal"
            }
          }
        ],
        "represents": [
          {
            "represent": {
              "showAs": "Galway",
              "uri": "http://oireachtas.ie/ie/oireachtas/house/dail/6/constituency/Galway"
            }
          }
        ],
        "uri": "http://oireachtas.ie/ie/oireachtas/member/Martin-McDonagh.D.1927-06-23/dail/6"
      }
    },
    {
      "membership": {
        "dateRange": {
          "end": "1934-11-24",
          "start": "1933-02-08"
        },
        "house": {
          "showAs": "8th D\u00e1il",
          "uri": "http://oireachtas.ie/ie/oireachtas/house/dail/8"
        },
        "offices": [],
        "parties": [
          {
            "party": {
              "dateRange": {
                "end": "1934-11-24",
                "start": "1933-01-24"
              },
              "showAs": "Cumann na nGaedheal",
              "uri": "http://oireachtas.ie/ie/oireachtas/party/dail/8/Cumann_na_nGaedheal"
            }
          }
        ],
        "represents": [
          {
            "represent": {
              "showAs": "Galway",
              "uri": "http://oireachtas.ie/ie/oireachtas/house/dail/8/constituency/Galway"
            }
          }
        ],
        "uri": "http://oireachtas.ie/ie/oireachtas/member/Martin-McDonagh.D.1927-06-23/dail/8"
      }
    }
  ],
  "profession": "Merchant",
  "showAs": "Mr. Martin McDonogh",
  "uri": "http://oireachtas.ie/ie/oireachtas/member/Martin-McDonagh.D.1927-06-23"
}