{
  "dateOfBirth": null,
  "dateOfDeath": null,
  "firstName": "Robert",
  "fullName": "Robert Dowds",
  "gender": null,
  "image": "http://www.oireachtas.ie//MembersImages/2299r.jpg",
  "lastName": "Dowds",
  "memberships": [
    {
      "membership": {
        "dateRange": {
          "end": "2016-03-09",
          "start": "2011-03-09"
        },
        "house": {
          "showAs": "31st D\u00e1il",
          "uri": "http://oireachtas.ie/ie/oireachtas/house/dail/31"
        },
        "offices": [],
        "parties": [
          {
            "party": {
              "dateRange": {
                "end": "2016-03-09",
                "start": "2011-02-25"
              },
              "showAs": "Labour Party",
              "uri": "http://oireachtas.ie/ie/oireachtas/party/dail/31/Labour_Party"
            }
          }
        ],
        "represents": [
          {
            "represent": {
              "showAs": "Dublin Mid\u2013West",
              "uri": "http://oireachtas.ie/ie/oireachtas/house/dail/31/constituency/Dublin-Mid\u2013West"
            }
          }
        ],
        "uri": "http://oireachtas.ie/ie/oireachtas/member/Robert-Dowds.D.2011-03-09/dail/31"
      }
    }
  ],
  "profession": null,
  "showAs": "Mr. Robert Dowds",
  "uri": "http://oireachtas.ie/ie/oireachtas/member/Robert-Dowds.D.2011-03-09"
}