{
  "dateOfBirth": "1874-07-18",
  "dateOfDeath": "1922-07-07",
  "firstName": "Cathal",
  "fullName": "Cathal Brugha",
  "gender": null,
  "image": "http://www.oireachtas.ie//MembersImages/116k.jpg",
  "lastName": "Brugha",
  "memberships": [
    {
      "membership": {
        "dateRange": {
          "end": "1921-05-10",
          "start": "1919-01-21"
        },
        "house": {
          "showAs": "1st D\u00e1il",
          "uri": "http://oireachtas.ie/ie/oireachtas/house/dail/1"
        },
        "offices": [
          {
            "office": {
              "cabinet": {
                "showAs": "Government of the 1st D\u00e1il",
                "uri": "http://oireachtas.ie/ie/oireachtas/cabinet/dail/1"
              },
              "dateRange": {
                "end": "1921-08-16",
                "start": "1919-04-01"
              },
              "officeName": {
                "showAs": "Minister for Defence",
                "uri": "http://oireachtas.ie/ie/oireachtas/office/minister/defence"
              }
            }
          }
        ],
        "parties": [],
        "represents": [
          {
            "represent": {
              "showAs": "Waterford County",
              "uri": "http://oireachtas.ie/ie/oireachtas/house/dail/1/constituency/Waterford-County"
            }
          }
        ],
        "uri": "http://oireachtas.ie/ie/oireachtas/member/Cathal-Brugha.D.1919-01-21/dail/1"
      }
    },
    {
      "membership": {
        "dateRange": {
          "end": "1922-06-16",
          "start": "1921-08-16"
        },
        "house": {
          "showAs": "2nd D\u00e1il",
          "uri": "http://oireachtas.ie/ie/oireachtas/house/dail/2"
        },
        "offices": [
          {
            "office": {
              "cabinet": {
                "showAs": "Government of the 2nd D\u00e1il",
                "uri": "http://oireachtas.ie/ie/oireachtas/cabinet/dail/2"
              },
              "dateRange": {
                "end": "1922-01-09",
                "start": "1921-08-16"
              },
              "officeName": {
                "showAs": "Minister for Defence",
                "uri": "http://oireachtas.ie/ie/oireachtas/office/minister/defence"
              }
            }
          }
        ],
        "parties": [
          {
            "party": {
              "dateRange": {
                "end": "1922-06-16",
                "start": "1921-05-24"
              },
              "showAs": "Sinn F\u00e9in",
              "uri": "http://oireachtas.ie/ie/oireachtas/party/dail/2/Sinn_F\u00e9in"
            }
          }
        ],
        "represents": [
          {
            "represent": {
              "showAs": "Waterford\u2013Tipperary East",
              "uri": "http://oireachtas.ie/ie/oireachtas/house/dail/2/constituency/Waterford\u2013Tipperary-East"
            }
          }
        ],
        "uri": "http://oireachtas.ie/ie/oireachtas/member/Cathal-Brugha.D.1919-01-21/dail/2"
      }
    },
    {
      "membership": {
        "dateRange": {
          "end": "1922-07-07",
          "start": "1922-09-09"
        },
        "house": {
          "showAs": "3rd D\u00e1il",
          "uri": "http://oireachtas.ie/ie/oireachtas/house/dail/3"
        },
        "offices": [],
        "parties": [
          {
            "party": {
              "dateRange": {
                "end": "1922-07-07",
                "start": "1922-06-16"
              },
              "showAs": "Sinn F\u00e9in",
              "uri": "http://oireachtas.ie/ie/oireachtas/party/dail/3/Sinn_F\u00e9in"
            }
          }
        ],
        "represents": [
          {
            "represent": {
              "showAs": "Waterford\u2013Tipperary East",
              "uri": "http://oireachtas.ie/ie/oireachtas/house/dail/3/constituency/Waterford\u2013Tipperary-East"
            }
          }
        ],
        "uri": "http://oireachtas.ie/ie/oireachtas/member/Cathal-Brugha.D.1919-01-21/dail/3"
      }
    }
  ],
  "profession": "Company Director",
  "showAs": "Mr. Cathal Brugha",
  "uri": "http://oireachtas.ie/ie/oireachtas/member/Cathal-Brugha.D.1919-01-21"
}