{
  "dateOfBirth": "1953-06-08",
  "dateOfDeath": null,
  "firstName": "John",
  "fullName": "John O'Mahony",
  "gender": null,
  "image": "http://www.oireachtas.ie//MembersImages/2202p.jpg",
  "lastName": "O'Mahony",
  "memberships": [
    {
      "membership": {
        "dateRange": {
          "end": "2011-02-01",
          "start": "2007-06-14"
        },
        "house": {
          "showAs": "30th D\u00e1il",
          "uri": "http://oireachtas.ie/ie/oireachtas/house/dail/30"
        },
        "offices": [],
        "parties": [
          {
            "party": {
              "dateRange": {
                "end": "2011-02-01",
                "start": "2007-05-24"
              },
              "showAs": "Fine Gael",
              "uri": "http://oireachtas.ie/ie/oireachtas/party/dail/30/Fine_Gael"
            }
          }
        ],
        "represents": [
          {
            "represent": {
              "showAs": "Mayo",
              "uri": "http://oireachtas.ie/ie/oireachtas/house/dail/30/constituency/Mayo"
            }
          }
        ],
        "uri": "http://oireachtas.ie/ie/oireachtas/member/John-O'Mahony.D.2007-06-14/dail/30"
      }
    },
    {
      "membership": {
        "dateRange": {
          "end": "2016-03-09",
          "start": "2011-03-09"
        },
        "house": {
          "showAs": "31st D\u00e1il",
          "uri": "http://oireachtas.ie/ie/oireachtas/house/dail/31"
        },
        "offices": [],
        "parties": [
          {
            "party": {
              "dateRange": {
                "end": "2016-03-09",
                "start": "2011-02-25"
              },
              "showAs": "Fine Gael",
              "uri": "http://oireachtas.ie/ie/oireachtas/party/dail/31/Fine_Gael"
            }
          }
        ],
        "represents": [
          {
            "represent": {
              "showAs": "Mayo",
              "uri": "http://oireachtas.ie/ie/oireachtas/house/dail/31/constituency/Mayo"
            }
          }
        ],
        "uri": "http://oireachtas.ie/ie/oireachtas/member/John-O'Mahony.D.2007-06-14/dail/31"
      }
    }
  ],
  "profession": "Public Representative, Formerly Teacher",
  "showAs": "Mr. John O'Mahony",
  "uri": "http://oireachtas.ie/ie/oireachtas/member/John-O'Mahony.D.2007-06-14"
}