{
  "dateOfBirth": "1878-06-12",
  "dateOfDeath": "1943-01-29",
  "firstName": "Geoffrey",
  "fullName": "Geoffrey Taylour",
  "gender": null,
  "image": null,
  "lastName": "Taylour",
  "memberships": [
    {
      "membership": {
        "dateRange": {
          "end": "1925-12-05",
          "start": "1922-12-06"
        },
        "house": {
          "showAs": "1922 Seanad",
          "uri": "http://oireachtas.ie/ie/oireachtas/house/seanad/1922"
        },
        "offices": [],
        "parties": [],
        "represents": [
          {
            "represent": {
              "showAs": "1922",
              "uri": "http://oireachtas.ie/ie/oireachtas/house/seanad/1922/panel/1922"
            }
          }
        ],
        "uri": "http://oireachtas.ie/ie/oireachtas/member/Geoffrey-Taylour.S.1922-06-12/seanad/1922"
      }
    },
    {
      "membership": {
        "dateRange": {
          "end": "1928-12-05",
          "start": "1925-12-06"
        },
        "house": {
          "showAs": "1925 Seanad",
          "uri": "http://oireachtas.ie/ie/oireachtas/house/seanad/1925"
        },
        "offices": [],
        "parties": [],
        "represents": [
          {
            "represent": {
              "showAs": "1925",
              "uri": "http://oireachtas.ie/ie/oireachtas/house/seanad/1925/panel/1925"
            }
          }
        ],
        "uri": "http://oireachtas.ie/ie/oireachtas/member/Geoffrey-Taylour.S.1922-06-12/seanad/1925"
      }
    }
  ],
  "profession": "Landowner",
  "showAs": "Geoffrey Taylour, 4th Marquess of Headfort",
  "uri": "http://oireachtas.ie/ie/oireachtas/member/Geoffrey-Taylour.S.1922-06-12"
}