{
  "dateOfBirth": null,
  "dateOfDeath": null,
  "firstName": "Herbert",
  "fullName": "Herbert Mellows",
  "gender": null,
  "image": null,
  "lastName": "Mellows",
  "memberships": [
    {
      "membership": {
        "dateRange": {
          "end": "1927-05-23",
          "start": "1923-09-19"
        },
        "house": {
          "showAs": "4th D\u00e1il",
          "uri": "http://oireachtas.ie/ie/oireachtas/house/dail/4"
        },
        "offices": [],
        "parties": [
          {
            "party": {
              "dateRange": {
                "end": "1927-05-23",
                "start": "1923-08-27"
              },
              "showAs": "Republican",
              "uri": "http://oireachtas.ie/ie/oireachtas/party/dail/4/Republican"
            }
          }
        ],
        "represents": [
          {
            "represent": {
              "showAs": "Galway",
              "uri": "http://oireachtas.ie/ie/oireachtas/house/dail/4/constituency/Galway"
            }
          }
        ],
        "uri": "http://oireachtas.ie/ie/oireachtas/member/Herbert-Mellows.D.1923-09-19/dail/4"
      }
    }
  ],
  "profession": null,
  "showAs": "Mr. George Mellows",
  "uri": "http://oireachtas.ie/ie/oireachtas/member/Herbert-Mellows.D.1923-09-19"
}