{
  "dateOfBirth": "1890-08-02",
  "dateOfDeath": "1973-07-11",
  "firstName": "Edward",
  "fullName": "Edward Moane",
  "gender": null,
  "image": null,
  "lastName": "Moane",
  "memberships": [
    {
      "membership": {
        "dateRange": {
          "end": "1933-01-02",
          "start": "1932-03-09"
        },
        "house": {
          "showAs": "7th D\u00e1il",
          "uri": "http://oireachtas.ie/ie/oireachtas/house/dail/7"
        },
        "offices": [],
        "parties": [
          {
            "party": {
              "dateRange": {
                "end": "1933-01-02",
                "start": "1932-02-16"
              },
              "showAs": "Fianna F\u00e1il",
              "uri": "http://oireachtas.ie/ie/oireachtas/party/dail/7/Fianna_F\u00e1il"
            }
          }
        ],
        "represents": [
          {
            "represent": {
              "showAs": "Mayo South",
              "uri": "http://oireachtas.ie/ie/oireachtas/house/dail/7/constituency/Mayo-South"
            }
          }
        ],
        "uri": "http://oireachtas.ie/ie/oireachtas/member/Edward-Moane.D.1932-03-09/dail/7"
      }
    },
    {
      "membership": {
        "dateRange": {
          "end": "1937-06-14",
          "start": "1933-02-08"
        },
        "house": {
          "showAs": "8th D\u00e1il",
          "uri": "http://oireachtas.ie/ie/oireachtas/house/dail/8"
        },
        "offices": [],
        "parties": [
          {
            "party": {
              "dateRange": {
                "end": "1937-06-14",
                "start": "1933-01-24"
              },
              "showAs": "Fianna F\u00e1il",
              "uri": "http://oireachtas.ie/ie/oireachtas/party/dail/8/Fianna_F\u00e1il"
            }
          }
        ],
        "represents": [
          {
            "represent": {
              "showAs": "Mayo South",
              "uri": "http://oireachtas.ie/ie/oireachtas/house/dail/8/constituency/Mayo-South"
            }
          }
        ],
        "uri": "http://oireachtas.ie/ie/oireachtas/member/Edward-Moane.D.1932-03-09/dail/8"
      }
    },
    {
      "membership": {
        "dateRange": {
          "end": "1938-05-27",
          "start": "1937-07-21"
        },
        "house": {
          "showAs": "9th D\u00e1il",
          "uri": "http://oireachtas.ie/ie/oireachtas/house/dail/9"
        },
        "offices": [],
        "parties": [
          {
            "party": {
              "dateRange": {
                "end": "1938-05-27",
                "start": "1937-07-01"
              },
              "showAs": "Fianna F\u00e1il",
              "uri": "http://oireachtas.ie/ie/oireachtas/party/dail/9/Fianna_F\u00e1il"
            }
          }
        ],
        "represents": [
          {
            "represent": {
              "showAs": "Mayo South",
              "uri": "http://oireachtas.ie/ie/oireachtas/house/dail/9/constituency/Mayo-South"
            }
          }
        ],
        "uri": "http://oireachtas.ie/ie/oireachtas/member/Edward-Moane.D.1932-03-09/dail/9"
      }
    }
  ],
  "profession": "Farmer",
  "showAs": "Mr. Edward Moane",
  "uri": "http://oireachtas.ie/ie/oireachtas/member/Edward-Moane.D.1932-03-09"
}