{
  "dateOfBirth": null,
  "dateOfDeath": null,
  "firstName": "Denis",
  "fullName": "Denis Landy",
  "gender": null,
  "image": "/MembersImages/2349q.jpg",
  "lastName": "Landy",
  "memberships": [
    {
      "membership": {
        "dateRange": {
          "end": "2016-06-07",
          "start": "2011-05-25"
        },
        "house": {
          "showAs": "24th Seanad",
          "uri": "http://oireachtas.ie/ie/oireachtas/house/seanad/24"
        },
        "offices": [],
        "parties": [],
        "represents": [
          {
            "represent": {
              "showAs": "Administrative Panel",
              "uri": "http://oireachtas.ie/ie/oireachtas/house/seanad/24/panel/Administrative-Panel"
            }
          }
        ],
        "uri": "http://oireachtas.ie/ie/oireachtas/member/Denis-Landy.S.2011-05-25/seanad/24"
      }
    }
  ],
  "profession": null,
  "showAs": "Mr. Denis Landy",
  "uri": "http://oireachtas.ie/ie/oireachtas/member/Denis-Landy.S.2011-05-25"
}