{
  "dateOfBirth": "1879-12-11",
  "dateOfDeath": "1959-12-01",
  "firstName": "Caitl\u00edn",
  "fullName": "Caitl\u00edn Brugha",
  "gender": null,
  "image": "http://www.oireachtas.ie//MembersImages/115d.jpg",
  "lastName": "Brugha",
  "memberships": [
    {
      "membership": {
        "dateRange": {
          "end": "1927-05-23",
          "start": "1923-09-19"
        },
        "house": {
          "showAs": "4th D\u00e1il",
          "uri": "http://oireachtas.ie/ie/oireachtas/house/dail/4"
        },
        "offices": [],
        "parties": [
          {
            "party": {
              "dateRange": {
                "end": "1927-05-23",
                "start": "1923-08-27"
              },
              "showAs": "Republican",
              "uri": "http://oireachtas.ie/ie/oireachtas/party/dail/4/Republican"
            }
          }
        ],
        "represents": [
          {
            "represent": {
              "showAs": "Waterford",
              "uri": "http://oireachtas.ie/ie/oireachtas/house/dail/4/constituency/Waterford"
            }
          }
        ],
        "uri": "http://oireachtas.ie/ie/oireachtas/member/Caitl\u00edn-Brugha.D.1923-09-19/dail/4"
      }
    },
    {
      "membership": {
        "dateRange": {
          "end": "1927-08-25",
          "start": "1927-06-23"
        },
        "house": {
          "showAs": "5th D\u00e1il",
          "uri": "http://oireachtas.ie/ie/oireachtas/house/dail/5"
        },
        "offices": [],
        "parties": [
          {
            "party": {
              "dateRange": {
                "end": "1927-08-25",
                "start": "1927-06-09"
              },
              "showAs": "Sinn F\u00e9in",
              "uri": "http://oireachtas.ie/ie/oireachtas/party/dail/5/Sinn_F\u00e9in"
            }
          }
        ],
        "represents": [
          {
            "represent": {
              "showAs": "Waterford",
              "uri": "http://oireachtas.ie/ie/oireachtas/house/dail/5/constituency/Waterford"
            }
          }
        ],
        "uri": "http://oireachtas.ie/ie/oireachtas/member/Caitl\u00edn-Brugha.D.1923-09-19/dail/5"
      }
    }
  ],
  "profession": "Householder",
  "showAs": "Ms. Caitl\u00edn Brugha",
  "uri": "http://oireachtas.ie/ie/oireachtas/member/Caitl\u00edn-Brugha.D.1923-09-19"
}