{
  "dateOfBirth": null,
  "dateOfDeath": "1935-02-07",
  "firstName": "Bartholomew",
  "fullName": "Bartholomew O'Connor",
  "gender": null,
  "image": null,
  "lastName": "O'Connor",
  "memberships": [
    {
      "membership": {
        "dateRange": {
          "end": "1927-05-23",
          "start": "1924-03-19"
        },
        "house": {
          "showAs": "4th D\u00e1il",
          "uri": "http://oireachtas.ie/ie/oireachtas/house/dail/4"
        },
        "offices": [],
        "parties": [],
        "represents": [
          {
            "represent": {
              "showAs": "Dublin County",
              "uri": "http://oireachtas.ie/ie/oireachtas/house/dail/4/constituency/Dublin-County"
            }
          }
        ],
        "uri": "http://oireachtas.ie/ie/oireachtas/member/Bartholomew-O'Connor.D.1924-03-19/dail/4"
      }
    },
    {
      "membership": {
        "dateRange": {
          "end": "1927-08-25",
          "start": "1927-06-23"
        },
        "house": {
          "showAs": "5th D\u00e1il",
          "uri": "http://oireachtas.ie/ie/oireachtas/house/dail/5"
        },
        "offices": [],
        "parties": [
          {
            "party": {
              "dateRange": {
                "end": "1927-08-25",
                "start": "1927-06-09"
              },
              "showAs": "Cumann na nGaedheal",
              "uri": "http://oireachtas.ie/ie/oireachtas/party/dail/5/Cumann_na_nGaedheal"
            }
          }
        ],
        "represents": [
          {
            "represent": {
              "showAs": "Dublin County",
              "uri": "http://oireachtas.ie/ie/oireachtas/house/dail/5/constituency/Dublin-County"
            }
          }
        ],
        "uri": "http://oireachtas.ie/ie/oireachtas/member/Bartholomew-O'Connor.D.1924-03-19/dail/5"
      }
    },
    {
      "membership": {
        "dateRange": {
          "end": "1932-01-29",
          "start": "1927-10-11"
        },
        "house": {
          "showAs": "6th D\u00e1il",
          "uri": "http://oireachtas.ie/ie/oireachtas/house/dail/6"
        },
        "offices": [],
        "parties": [
          {
            "party": {
              "dateRange": {
                "end": "1932-01-29",
                "start": "1927-09-15"
              },
              "showAs": "Cumann na nGaedheal",
              "uri": "http://oireachtas.ie/ie/oireachtas/party/dail/6/Cumann_na_nGaedheal"
            }
          }
        ],
        "represents": [
          {
            "represent": {
              "showAs": "Dublin County",
              "uri": "http://oireachtas.ie/ie/oireachtas/house/dail/6/constituency/Dublin-County"
            }
          }
        ],
        "uri": "http://oireachtas.ie/ie/oireachtas/member/Bartholomew-O'Connor.D.1924-03-19/dail/6"
      }
    },
    {
      "membership": {
        "dateRange": {
          "end": "1933-01-02",
          "start": "1932-03-09"
        },
        "house": {
          "showAs": "7th D\u00e1il",
          "uri": "http://oireachtas.ie/ie/oireachtas/house/dail/7"
        },
        "offices": [],
        "parties": [
          {
            "party": {
              "dateRange": {
                "end": "1933-01-02",
                "start": "1932-02-16"
              },
              "showAs": "Cumann na nGaedheal",
              "uri": "http://oireachtas.ie/ie/oireachtas/party/dail/7/Cumann_na_nGaedheal"
            }
          }
        ],
        "represents": [
          {
            "represent": {
              "showAs": "Dublin County",
              "uri": "http://oireachtas.ie/ie/oireachtas/house/dail/7/constituency/Dublin-County"
            }
          }
        ],
        "uri": "http://oireachtas.ie/ie/oireachtas/member/Bartholomew-O'Connor.D.1924-03-19/dail/7"
      }
    },
    {
      "membership": {
        "dateRange": {
          "end": "1935-02-07",
          "start": "1933-02-08"
        },
        "house": {
          "showAs": "8th D\u00e1il",
          "uri": "http://oireachtas.ie/ie/oireachtas/house/dail/8"
        },
        "offices": [],
        "parties": [
          {
            "party": {
              "dateRange": {
                "end": "1935-02-07",
                "start": "1933-01-24"
              },
              "showAs": "Cumann na nGaedheal",
              "uri": "http://oireachtas.ie/ie/oireachtas/party/dail/8/Cumann_na_nGaedheal"
            }
          }
        ],
        "represents": [
          {
            "represent": {
              "showAs": "Dublin County",
              "uri": "http://oireachtas.ie/ie/oireachtas/house/dail/8/constituency/Dublin-County"
            }
          }
        ],
        "uri": "http://oireachtas.ie/ie/oireachtas/member/Bartholomew-O'Connor.D.1924-03-19/dail/8"
      }
    }
  ],
  "profession": "Building Contractor",
  "showAs": "Mr. Bartholomew O'Connor",
  "uri": "http://oireachtas.ie/ie/oireachtas/member/Bartholomew-O'Connor.D.1924-03-19"
}