{
  "dateOfBirth": "1956-08-01",
  "dateOfDeath": null,
  "firstName": "Willie",
  "fullName": "Willie Penrose",
  "gender": null,
  "image": "http://www.oireachtas.ie//MembersImages/973.jpg",
  "lastName": "Penrose",
  "memberships": [
    {
      "membership": {
        "dateRange": {
          "end": "1997-05-15",
          "start": "1992-12-14"
        },
        "house": {
          "showAs": "27th D\u00e1il",
          "uri": "http://oireachtas.ie/ie/oireachtas/house/dail/27"
        },
        "offices": [],
        "parties": [
          {
            "party": {
              "dateRange": {
                "end": "1997-05-15",
                "start": "1992-11-25"
              },
              "showAs": "Labour Party",
              "uri": "http://oireachtas.ie/ie/oireachtas/party/dail/27/Labour_Party"
            }
          }
        ],
        "represents": [
          {
            "represent": {
              "showAs": "Westmeath",
              "uri": "http://oireachtas.ie/ie/oireachtas/house/dail/27/constituency/Westmeath"
            }
          }
        ],
        "uri": "http://oireachtas.ie/ie/oireachtas/member/Willie-Penrose.D.1992-12-14/dail/27"
      }
    },
    {
      "membership": {
        "dateRange": {
          "end": "2002-04-25",
          "start": "1997-06-26"
        },
        "house": {
          "showAs": "28th D\u00e1il",
          "uri": "http://oireachtas.ie/ie/oireachtas/house/dail/28"
        },
        "offices": [],
        "parties": [
          {
            "party": {
              "dateRange": {
                "end": "2002-04-25",
                "start": "1997-06-06"
              },
              "showAs": "Labour Party",
              "uri": "http://oireachtas.ie/ie/oireachtas/party/dail/28/Labour_Party"
            }
          }
        ],
        "represents": [
          {
            "represent": {
              "showAs": "Westmeath",
              "uri": "http://oireachtas.ie/ie/oireachtas/house/dail/28/constituency/Westmeath"
            }
          }
        ],
        "uri": "http://oireachtas.ie/ie/oireachtas/member/Willie-Penrose.D.1992-12-14/dail/28"
      }
    },
    {
      "membership": {
        "dateRange": {
          "end": "2007-04-30",
          "start": "2002-06-06"
        },
        "house": {
          "showAs": "29th D\u00e1il",
          "uri": "http://oireachtas.ie/ie/oireachtas/house/dail/29"
        },
        "offices": [],
        "parties": [
          {
            "party": {
              "dateRange": {
                "end": "2007-04-30",
                "start": "2002-05-17"
              },
              "showAs": "Labour Party",
              "uri": "http://oireachtas.ie/ie/oireachtas/party/dail/29/Labour_Party"
            }
          }
        ],
        "represents": [
          {
            "represent": {
              "showAs": "Westmeath",
              "uri": "http://oireachtas.ie/ie/oireachtas/house/dail/29/constituency/Westmeath"
            }
          }
        ],
        "uri": "http://oireachtas.ie/ie/oireachtas/member/Willie-Penrose.D.1992-12-14/dail/29"
      }
    },
    {
      "membership": {
        "dateRange": {
          "end": "2011-02-01",
          "start": "2007-06-14"
        },
        "house": {
          "showAs": "30th D\u00e1il",
          "uri": "http://oireachtas.ie/ie/oireachtas/house/dail/30"
        },
        "offices": [],
        "parties": [
          {
            "party": {
              "dateRange": {
                "end": "2011-02-01",
                "start": "2007-05-24"
              },
              "showAs": "Labour Party",
              "uri": "http://oireachtas.ie/ie/oireachtas/party/dail/30/Labour_Party"
            }
          }
        ],
        "represents": [
          {
            "represent": {
              "showAs": "Longford\u2013Westmeath",
              "uri": "http://oireachtas.ie/ie/oireachtas/house/dail/30/constituency/Longford\u2013Westmeath"
            }
          }
        ],
        "uri": "http://oireachtas.ie/ie/oireachtas/member/Willie-Penrose.D.1992-12-14/dail/30"
      }
    },
    {
      "membership": {
        "dateRange": {
          "end": "2016-03-09",
          "start": "2011-03-09"
        },
        "house": {
          "showAs": "31st D\u00e1il",
          "uri": "http://oireachtas.ie/ie/oireachtas/house/dail/31"
        },
        "offices": [],
        "parties": [
          {
            "party": {
              "dateRange": {
                "end": "2011-11-15",
                "start": "2011-02-25"
              },
              "showAs": "Labour Party",
              "uri": "http://oireachtas.ie/ie/oireachtas/party/dail/31/Labour_Party"
            }
          },
          {
            "party": {
              "dateRange": {
                "end": "2013-10-07",
                "start": "2011-11-15"
              },
              "showAs": "Independent",
              "uri": "http://oireachtas.ie/ie/oireachtas/party/dail/31/Independent"
            }
          },
          {
            "party": {
              "dateRange": {
                "end": "2016-03-09",
                "start": "2013-10-07"
              },
              "showAs": "Labour Party",
              "uri": "http://oireachtas.ie/ie/oireachtas/party/dail/31/Labour_Party"
            }
          }
        ],
        "represents": [
          {
            "represent": {
              "showAs": "Longford\u2013Westmeath",
              "uri": "http://oireachtas.ie/ie/oireachtas/house/dail/31/constituency/Longford\u2013Westmeath"
            }
          }
        ],
        "uri": "http://oireachtas.ie/ie/oireachtas/member/Willie-Penrose.D.1992-12-14/dail/31"
      }
    }
  ],
  "profession": "Barrister-at-Law",
  "showAs": "Mr. Willie Penrose",
  "uri": "http://oireachtas.ie/ie/oireachtas/member/Willie-Penrose.D.1992-12-14"
}