{
  "dateOfBirth": null,
  "dateOfDeath": "1954-01-01",
  "firstName": "John Anthony",
  "fullName": "John Anthony Madden",
  "gender": null,
  "image": null,
  "lastName": "Madden",
  "memberships": [
    {
      "membership": {
        "dateRange": {
          "end": "1927-05-23",
          "start": "1924-11-18"
        },
        "house": {
          "showAs": "4th D\u00e1il",
          "uri": "http://oireachtas.ie/ie/oireachtas/house/dail/4"
        },
        "offices": [],
        "parties": [],
        "represents": [
          {
            "represent": {
              "showAs": "Mayo North",
              "uri": "http://oireachtas.ie/ie/oireachtas/house/dail/4/constituency/Mayo-North"
            }
          }
        ],
        "uri": "http://oireachtas.ie/ie/oireachtas/member/John-Anthony-Madden.D.1924-11-18/dail/4"
      }
    },
    {
      "membership": {
        "dateRange": {
          "end": "1927-08-25",
          "start": "1927-06-23"
        },
        "house": {
          "showAs": "5th D\u00e1il",
          "uri": "http://oireachtas.ie/ie/oireachtas/house/dail/5"
        },
        "offices": [],
        "parties": [
          {
            "party": {
              "dateRange": {
                "end": "1927-08-25",
                "start": "1927-06-09"
              },
              "showAs": "Sinn F\u00e9in",
              "uri": "http://oireachtas.ie/ie/oireachtas/party/dail/5/Sinn_F\u00e9in"
            }
          }
        ],
        "represents": [
          {
            "represent": {
              "showAs": "Mayo North",
              "uri": "http://oireachtas.ie/ie/oireachtas/house/dail/5/constituency/Mayo-North"
            }
          }
        ],
        "uri": "http://oireachtas.ie/ie/oireachtas/member/John-Anthony-Madden.D.1924-11-18/dail/5"
      }
    }
  ],
  "profession": "Medical Practitioner",
  "showAs": "Mr. John Anthony Madden",
  "uri": "http://oireachtas.ie/ie/oireachtas/member/John-Anthony-Madden.D.1924-11-18"
}