{
  "dateOfBirth": "1941-04-18",
  "dateOfDeath": null,
  "firstName": "Michael D.",
  "fullName": "Michael D. Higgins",
  "gender": null,
  "image": "http://www.oireachtas.ie//MembersImages/120.jpg",
  "lastName": "Higgins",
  "memberships": [
    {
      "membership": {
        "dateRange": {
          "end": "1977-05-26",
          "start": "1973-06-01"
        },
        "house": {
          "showAs": "13th Seanad",
          "uri": "http://oireachtas.ie/ie/oireachtas/house/seanad/13"
        },
        "offices": [],
        "parties": [],
        "represents": [
          {
            "represent": {
              "showAs": "Nominated by the Taoiseach",
              "uri": "http://oireachtas.ie/ie/oireachtas/house/seanad/13/panel/Nominated-by-the-Taoiseach"
            }
          }
        ],
        "uri": "http://oireachtas.ie/ie/oireachtas/member/Michael-D-Higgins.S.1973-06-01/seanad/13"
      }
    },
    {
      "membership": {
        "dateRange": {
          "end": "1982-02-27",
          "start": "1981-06-30"
        },
        "house": {
          "showAs": "22nd D\u00e1il",
          "uri": "http://oireachtas.ie/ie/oireachtas/house/dail/22"
        },
        "offices": [],
        "parties": [
          {
            "party": {
              "dateRange": {
                "end": "1982-02-27",
                "start": "1981-06-11"
              },
              "showAs": "Labour Party",
              "uri": "http://oireachtas.ie/ie/oireachtas/party/dail/22/Labour_Party"
            }
          }
        ],
        "represents": [
          {
            "represent": {
              "showAs": "Galway West",
              "uri": "http://oireachtas.ie/ie/oireachtas/house/dail/22/constituency/Galway-West"
            }
          }
        ],
        "uri": "http://oireachtas.ie/ie/oireachtas/member/Michael-D-Higgins.S.1973-06-01/dail/22"
      }
    },
    {
      "membership": {
        "dateRange": {
          "end": "1982-11-04",
          "start": "1982-03-09"
        },
        "house": {
          "showAs": "23rd D\u00e1il",
          "uri": "http://oireachtas.ie/ie/oireachtas/house/dail/23"
        },
        "offices": [],
        "parties": [
          {
            "party": {
              "dateRange": {
                "end": "1982-11-04",
                "start": "1982-02-18"
              },
              "showAs": "Labour Party",
              "uri": "http://oireachtas.ie/ie/oireachtas/party/dail/23/Labour_Party"
            }
          }
        ],
        "represents": [
          {
            "represent": {
              "showAs": "Galway West",
              "uri": "http://oireachtas.ie/ie/oireachtas/house/dail/23/constituency/Galway-West"
            }
          }
        ],
        "uri": "http://oireachtas.ie/ie/oireachtas/member/Michael-D-Higgins.S.1973-06-01/dail/23"
      }
    },
    {
      "membership": {
        "dateRange": {
          "end": "1987-04-03",
          "start": "1983-02-23"
        },
        "house": {
          "showAs": "17th Seanad",
          "uri": "http://oireachtas.ie/ie/oireachtas/house/seanad/17"
        },
        "offices": [],
        "parties": [],
        "represents": [
          {
            "represent": {
              "showAs": "National University of Ireland",
              "uri": "http://oireachtas.ie/ie/oireachtas/house/seanad/17/panel/National-University-of-Ireland"
            }
          }
        ],
        "uri": "http://oireachtas.ie/ie/oireachtas/member/Michael-D-Higgins.S.1973-06-01/seanad/17"
      }
    },
    {
      "membership": {
        "dateRange": {
          "end": "1989-05-25",
          "start": "1987-03-10"
        },
        "house": {
          "showAs": "25th D\u00e1il",
          "uri": "http://oireachtas.ie/ie/oireachtas/house/dail/25"
        },
        "offices": [],
        "parties": [
          {
            "party": {
              "dateRange": {
                "end": "1989-05-25",
                "start": "1987-02-17"
              },
              "showAs": "Labour Party",
              "uri": "http://oireachtas.ie/ie/oireachtas/party/dail/25/Labour_Party"
            }
          }
        ],
        "represents": [
          {
            "represent": {
              "showAs": "Galway West",
              "uri": "http://oireachtas.ie/ie/oireachtas/house/dail/25/constituency/Galway-West"
            }
          }
        ],
        "uri": "http://oireachtas.ie/ie/oireachtas/member/Michael-D-Higgins.S.1973-06-01/dail/25"
      }
    },
    {
      "membership": {
        "dateRange": {
          "end": "1992-11-05",
          "start": "1989-06-29"
        },
        "house": {
          "showAs": "26th D\u00e1il",
          "uri": "http://oireachtas.ie/ie/oireachtas/house/dail/26"
        },
        "offices": [],
        "parties": [
          {
            "party": {
              "dateRange": {
                "end": "1992-11-05",
                "start": "1989-06-15"
              },
              "showAs": "Labour Party",
              "uri": "http://oireachtas.ie/ie/oireachtas/party/dail/26/Labour_Party"
            }
          }
        ],
        "represents": [
          {
            "represent": {
              "showAs": "Galway West",
              "uri": "http://oireachtas.ie/ie/oireachtas/house/dail/26/constituency/Galway-West"
            }
          }
        ],
        "uri": "http://oireachtas.ie/ie/oireachtas/member/Michael-D-Higgins.S.1973-06-01/dail/26"
      }
    },
    {
      "membership": {
        "dateRange": {
          "end": "1997-05-15",
          "start": "1992-12-14"
        },
        "house": {
          "showAs": "27th D\u00e1il",
          "uri": "http://oireachtas.ie/ie/oireachtas/house/dail/27"
        },
        "offices": [
          {
            "office": {
              "cabinet": {
                "showAs": "Government of the 27th D\u00e1il",
                "uri": "http://oireachtas.ie/ie/oireachtas/cabinet/dail/27"
              },
              "dateRange": {
                "end": "1993-01-21",
                "start": "1993-01-12"
              },
              "officeName": {
                "showAs": "Minister for the Gaeltacht",
                "uri": "http://oireachtas.ie/ie/oireachtas/office/minister/gaeltacht"
              }
            }
          },
          {
            "office": {
              "cabinet": {
                "showAs": "Government of the 27th D\u00e1il",
                "uri": "http://oireachtas.ie/ie/oireachtas/cabinet/dail/27"
              },
              "dateRange": {
                "end": "1994-11-17",
                "start": "1993-01-21"
              },
              "officeName": {
                "showAs": "Minister for Arts, Culture and the Gaeltacht",
                "uri": "http://oireachtas.ie/ie/oireachtas/office/minister/arts__culture__gaeltacht"
              }
            }
          },
          {
            "office": {
              "cabinet": {
                "showAs": "Government of the 27th D\u00e1il",
                "uri": "http://oireachtas.ie/ie/oireachtas/cabinet/dail/27"
              },
              "dateRange": {
                "end": "1997-06-26",
                "start": "1994-12-15"
              },
              "officeName": {
                "showAs": "Minister for Arts, Culture and the Gaeltacht",
                "uri": "http://oireachtas.ie/ie/oireachtas/office/minister/arts__culture__gaeltacht"
              }
            }
          }
        ],
        "parties": [
          {
            "party": {
              "dateRange": {
                "end": "1997-05-15",
                "start": "1992-11-25"
              },
              "showAs": "Labour Party",
              "uri": "http://oireachtas.ie/ie/oireachtas/party/dail/27/Labour_Party"
            }
          }
        ],
        "represents": [
          {
            "represent": {
              "showAs": "Galway West",
              "uri": "http://oireachtas.ie/ie/oireachtas/house/dail/27/constituency/Galway-West"
            }
          }
        ],
        "uri": "http://oireachtas.ie/ie/oireachtas/member/Michael-D-Higgins.S.1973-06-01/dail/27"
      }
    },
    {
      "membership": {
        "dateRange": {
          "end": "2002-04-25",
          "start": "1997-06-26"
        },
        "house": {
          "showAs": "28th D\u00e1il",
          "uri": "http://oireachtas.ie/ie/oireachtas/house/dail/28"
        },
        "offices": [],
        "parties": [
          {
            "party": {
              "dateRange": {
                "end": "2002-04-25",
                "start": "1997-06-06"
              },
              "showAs": "Labour Party",
              "uri": "http://oireachtas.ie/ie/oireachtas/party/dail/28/Labour_Party"
            }
          }
        ],
        "represents": [
          {
            "represent": {
              "showAs": "Galway West",
              "uri": "http://oireachtas.ie/ie/oireachtas/house/dail/28/constituency/Galway-West"
            }
          }
        ],
        "uri": "http://oireachtas.ie/ie/oireachtas/member/Michael-D-Higgins.S.1973-06-01/dail/28"
      }
    },
    {
      "membership": {
        "dateRange": {
          "end": "2007-04-30",
          "start": "2002-06-06"
        },
        "house": {
          "showAs": "29th D\u00e1il",
          "uri": "http://oireachtas.ie/ie/oireachtas/house/dail/29"
        },
        "offices": [],
        "parties": [
          {
            "party": {
              "dateRange": {
                "end": "2007-04-30",
                "start": "2002-05-17"
              },
              "showAs": "Labour Party",
              "uri": "http://oireachtas.ie/ie/oireachtas/party/dail/29/Labour_Party"
            }
          }
        ],
        "represents": [
          {
            "represent": {
              "showAs": "Galway West",
              "uri": "http://oireachtas.ie/ie/oireachtas/house/dail/29/constituency/Galway-West"
            }
          }
        ],
        "uri": "http://oireachtas.ie/ie/oireachtas/member/Michael-D-Higgins.S.1973-06-01/dail/29"
      }
    },
    {
      "membership": {
        "dateRange": {
          "end": "2011-02-01",
          "start": "2007-06-14"
        },
        "house": {
          "showAs": "30th D\u00e1il",
          "uri": "http://oireachtas.ie/ie/oireachtas/house/dail/30"
        },
        "offices": [],
        "parties": [
          {
            "party": {
              "dateRange": {
                "end": "2011-02-01",
                "start": "2007-05-24"
              },
              "showAs": "Labour Party",
              "uri": "http://oireachtas.ie/ie/oireachtas/party/dail/30/Labour_Party"
            }
          }
        ],
        "represents": [
          {
            "represent": {
              "showAs": "Galway West",
              "uri": "http://oireachtas.ie/ie/oireachtas/house/dail/30/constituency/Galway-West"
            }
          }
        ],
        "uri": "http://oireachtas.ie/ie/oireachtas/member/Michael-D-Higgins.S.1973-06-01/dail/30"
      }
    }
  ],
  "profession": "Public Representative, University Lecturer",
  "showAs": "Mr. Michael D. Higgins",
  "uri": "http://oireachtas.ie/ie/oireachtas/member/Michael-D-Higgins.S.1973-06-01"
}