{
  "dateOfBirth": null,
  "dateOfDeath": null,
  "firstName": "Patrick",
  "fullName": "Patrick Brennan",
  "gender": null,
  "image": null,
  "lastName": "Brennan",
  "memberships": [
    {
      "membership": {
        "dateRange": {
          "end": "1922-06-16",
          "start": "1921-08-16"
        },
        "house": {
          "showAs": "2nd D\u00e1il",
          "uri": "http://oireachtas.ie/ie/oireachtas/house/dail/2"
        },
        "offices": [],
        "parties": [
          {
            "party": {
              "dateRange": {
                "end": "1922-06-16",
                "start": "1921-05-24"
              },
              "showAs": "Sinn F\u00e9in",
              "uri": "http://oireachtas.ie/ie/oireachtas/party/dail/2/Sinn_F\u00e9in"
            }
          }
        ],
        "represents": [
          {
            "represent": {
              "showAs": "Clare",
              "uri": "http://oireachtas.ie/ie/oireachtas/house/dail/2/constituency/Clare"
            }
          }
        ],
        "uri": "http://oireachtas.ie/ie/oireachtas/member/Patrick-Brennan.D.1921-08-16/dail/2"
      }
    },
    {
      "membership": {
        "dateRange": {
          "end": "1923-08-09",
          "start": "1922-09-09"
        },
        "house": {
          "showAs": "3rd D\u00e1il",
          "uri": "http://oireachtas.ie/ie/oireachtas/house/dail/3"
        },
        "offices": [],
        "parties": [
          {
            "party": {
              "dateRange": {
                "end": "1923-08-09",
                "start": "1922-06-16"
              },
              "showAs": "Sinn F\u00e9in",
              "uri": "http://oireachtas.ie/ie/oireachtas/party/dail/3/Sinn_F\u00e9in"
            }
          }
        ],
        "represents": [
          {
            "represent": {
              "showAs": "Clare",
              "uri": "http://oireachtas.ie/ie/oireachtas/house/dail/3/constituency/Clare"
            }
          }
        ],
        "uri": "http://oireachtas.ie/ie/oireachtas/member/Patrick-Brennan.D.1921-08-16/dail/3"
      }
    }
  ],
  "profession": "Assistant Commissioner G\u00e1rda Sioch\u00e1na",
  "showAs": "Mr. Patrick Brennan",
  "uri": "http://oireachtas.ie/ie/oireachtas/member/Patrick-Brennan.D.1921-08-16"
}