{
  "dateOfBirth": null,
  "dateOfDeath": null,
  "firstName": "Patrick",
  "fullName": "Patrick McKenna",
  "gender": null,
  "image": null,
  "lastName": "McKenna",
  "memberships": [
    {
      "membership": {
        "dateRange": {
          "end": "1927-05-23",
          "start": "1923-09-19"
        },
        "house": {
          "showAs": "4th D\u00e1il",
          "uri": "http://oireachtas.ie/ie/oireachtas/house/dail/4"
        },
        "offices": [],
        "parties": [
          {
            "party": {
              "dateRange": {
                "end": "1927-05-23",
                "start": "1923-08-27"
              },
              "showAs": "Farmers Party",
              "uri": "http://oireachtas.ie/ie/oireachtas/party/dail/4/Farmers_Party"
            }
          }
        ],
        "represents": [
          {
            "represent": {
              "showAs": "Longford\u2013Westmeath",
              "uri": "http://oireachtas.ie/ie/oireachtas/house/dail/4/constituency/Longford\u2013Westmeath"
            }
          }
        ],
        "uri": "http://oireachtas.ie/ie/oireachtas/member/Patrick-McKenna.D.1923-09-19/dail/4"
      }
    }
  ],
  "profession": null,
  "showAs": "Mr. Patrick McKenna",
  "uri": "http://oireachtas.ie/ie/oireachtas/member/Patrick-McKenna.D.1923-09-19"
}