{
  "dateOfBirth": null,
  "dateOfDeath": "1966-03-01",
  "firstName": "Joseph",
  "fullName": "Joseph McGrath",
  "gender": null,
  "image": null,
  "lastName": "McGrath",
  "memberships": [
    {
      "membership": {
        "dateRange": {
          "end": "1921-05-10",
          "start": "1919-01-21"
        },
        "house": {
          "showAs": "1st D\u00e1il",
          "uri": "http://oireachtas.ie/ie/oireachtas/house/dail/1"
        },
        "offices": [],
        "parties": [],
        "represents": [
          {
            "represent": {
              "showAs": "Dublin St James's",
              "uri": "http://oireachtas.ie/ie/oireachtas/house/dail/1/constituency/Dublin-St-James's"
            }
          }
        ],
        "uri": "http://oireachtas.ie/ie/oireachtas/member/Joseph-McGrath.D.1919-01-21/dail/1"
      }
    },
    {
      "membership": {
        "dateRange": {
          "end": "1922-06-16",
          "start": "1921-08-16"
        },
        "house": {
          "showAs": "2nd D\u00e1il",
          "uri": "http://oireachtas.ie/ie/oireachtas/house/dail/2"
        },
        "offices": [
          {
            "office": {
              "cabinet": {
                "showAs": "Government of the 2nd D\u00e1il",
                "uri": "http://oireachtas.ie/ie/oireachtas/cabinet/dail/2"
              },
              "dateRange": {
                "end": "1922-09-09",
                "start": "1922-01-11"
              },
              "officeName": {
                "showAs": "Minister for Labour",
                "uri": "http://oireachtas.ie/ie/oireachtas/office/minister/labour"
              }
            }
          },
          {
            "office": {
              "cabinet": {
                "showAs": "Government of the 2nd D\u00e1il",
                "uri": "http://oireachtas.ie/ie/oireachtas/cabinet/dail/2"
              },
              "dateRange": {
                "end": "1922-09-09",
                "start": "1922-08-30"
              },
              "officeName": {
                "showAs": "Minister for Industry and Commerce",
                "uri": "http://oireachtas.ie/ie/oireachtas/office/minister/industry__commerce"
              }
            }
          }
        ],
        "parties": [
          {
            "party": {
              "dateRange": {
                "end": "1922-06-16",
                "start": "1921-05-24"
              },
              "showAs": "Sinn F\u00e9in",
              "uri": "http://oireachtas.ie/ie/oireachtas/party/dail/2/Sinn_F\u00e9in"
            }
          }
        ],
        "represents": [
          {
            "represent": {
              "showAs": "Dublin North\u2013West",
              "uri": "http://oireachtas.ie/ie/oireachtas/house/dail/2/constituency/Dublin-North\u2013West"
            }
          }
        ],
        "uri": "http://oireachtas.ie/ie/oireachtas/member/Joseph-McGrath.D.1919-01-21/dail/2"
      }
    },
    {
      "membership": {
        "dateRange": {
          "end": "1923-08-09",
          "start": "1922-09-09"
        },
        "house": {
          "showAs": "3rd D\u00e1il",
          "uri": "http://oireachtas.ie/ie/oireachtas/house/dail/3"
        },
        "offices": [
          {
            "office": {
              "cabinet": {
                "showAs": "Government of the 3rd D\u00e1il",
                "uri": "http://oireachtas.ie/ie/oireachtas/cabinet/dail/3"
              },
              "dateRange": {
                "end": "1923-09-19",
                "start": "1922-09-09"
              },
              "officeName": {
                "showAs": "Minister for Industry and Commerce",
                "uri": "http://oireachtas.ie/ie/oireachtas/office/minister/industry__commerce"
              }
            }
          }
        ],
        "parties": [
          {
            "party": {
              "dateRange": {
                "end": "1923-08-09",
                "start": "1922-06-16"
              },
              "showAs": "Sinn F\u00e9in",
              "uri": "http://oireachtas.ie/ie/oireachtas/party/dail/3/Sinn_F\u00e9in"
            }
          }
        ],
        "represents": [
          {
            "represent": {
              "showAs": "Dublin North\u2013West",
              "uri": "http://oireachtas.ie/ie/oireachtas/house/dail/3/constituency/Dublin-North\u2013West"
            }
          }
        ],
        "uri": "http://oireachtas.ie/ie/oireachtas/member/Joseph-McGrath.D.1919-01-21/dail/3"
      }
    },
    {
      "membership": {
        "dateRange": {
          "end": "1925-03-11",
          "start": "1923-09-19"
        },
        "house": {
          "showAs": "4th D\u00e1il",
          "uri": "http://oireachtas.ie/ie/oireachtas/house/dail/4"
        },
        "offices": [
          {
            "office": {
              "cabinet": {
                "showAs": "Government of the 4th D\u00e1il",
                "uri": "http://oireachtas.ie/ie/oireachtas/cabinet/dail/4"
              },
              "dateRange": {
                "end": "1924-03-07",
                "start": "1923-09-19"
              },
              "officeName": {
                "showAs": "Minister for Industry and Commerce",
                "uri": "http://oireachtas.ie/ie/oireachtas/office/minister/industry__commerce"
              }
            }
          }
        ],
        "parties": [
          {
            "party": {
              "dateRange": {
                "end": "1925-03-11",
                "start": "1923-08-27"
              },
              "showAs": "Cumann na nGaedheal",
              "uri": "http://oireachtas.ie/ie/oireachtas/party/dail/4/Cumann_na_nGaedheal"
            }
          }
        ],
        "represents": [
          {
            "represent": {
              "showAs": "Mayo North",
              "uri": "http://oireachtas.ie/ie/oireachtas/house/dail/4/constituency/Mayo-North"
            }
          }
        ],
        "uri": "http://oireachtas.ie/ie/oireachtas/member/Joseph-McGrath.D.1919-01-21/dail/4"
      }
    }
  ],
  "profession": "Company Director (Hospitals Trust)",
  "showAs": "Mr. Joseph McGrath",
  "uri": "http://oireachtas.ie/ie/oireachtas/member/Joseph-McGrath.D.1919-01-21"
}