{
  "dateOfBirth": null,
  "dateOfDeath": null,
  "firstName": "Donal",
  "fullName": "Donal O'Sullivan",
  "gender": null,
  "image": null,
  "lastName": "O'Sullivan",
  "memberships": [
    {
      "membership": {
        "dateRange": {
          "end": "1944-07-05",
          "start": "1943-09-08"
        },
        "house": {
          "showAs": "4th Seanad",
          "uri": "http://oireachtas.ie/ie/oireachtas/house/seanad/4"
        },
        "offices": [],
        "parties": [],
        "represents": [
          {
            "represent": {
              "showAs": "Cultural and Educational Panel",
              "uri": "http://oireachtas.ie/ie/oireachtas/house/seanad/4/panel/Cultural-and-Educational-Panel"
            }
          }
        ],
        "uri": "http://oireachtas.ie/ie/oireachtas/member/Donal-O'Sullivan.S.1943-08-09/seanad/4"
      }
    }
  ],
  "profession": "Former Clerk of the Seanad",
  "showAs": "Mr. Donal O'Sullivan",
  "uri": "http://oireachtas.ie/ie/oireachtas/member/Donal-O'Sullivan.S.1943-08-09"
}