{
  "dateOfBirth": null,
  "dateOfDeath": null,
  "firstName": "Jonathan",
  "fullName": "Jonathan O'Brien",
  "gender": null,
  "image": "http://www.oireachtas.ie//MembersImages/2322j.jpg",
  "lastName": "O'Brien",
  "memberships": [
    {
      "membership": {
        "dateRange": {
          "end": "2016-03-09",
          "start": "2011-03-09"
        },
        "house": {
          "showAs": "31st D\u00e1il",
          "uri": "http://oireachtas.ie/ie/oireachtas/house/dail/31"
        },
        "offices": [],
        "parties": [
          {
            "party": {
              "dateRange": {
                "end": "2016-03-09",
                "start": "2011-02-25"
              },
              "showAs": "Sinn F\u00e9in",
              "uri": "http://oireachtas.ie/ie/oireachtas/party/dail/31/Sinn_F\u00e9in"
            }
          }
        ],
        "represents": [
          {
            "represent": {
              "showAs": "Cork North\u2013Central",
              "uri": "http://oireachtas.ie/ie/oireachtas/house/dail/31/constituency/Cork-North\u2013Central"
            }
          }
        ],
        "uri": "http://oireachtas.ie/ie/oireachtas/member/Jonathan-O'Brien.D.2011-03-09/dail/31"
      }
    }
  ],
  "profession": null,
  "showAs": "Mr. Jonathan O'Brien",
  "uri": "http://oireachtas.ie/ie/oireachtas/member/Jonathan-O'Brien.D.2011-03-09"
}