{
  "dateOfBirth": "1914-05-30",
  "dateOfDeath": "1989-04-15",
  "firstName": "Francis",
  "fullName": "Francis Taylor",
  "gender": null,
  "image": null,
  "lastName": "Taylor",
  "memberships": [
    {
      "membership": {
        "dateRange": {
          "end": "1973-02-05",
          "start": "1969-07-02"
        },
        "house": {
          "showAs": "19th D\u00e1il",
          "uri": "http://oireachtas.ie/ie/oireachtas/house/dail/19"
        },
        "offices": [],
        "parties": [
          {
            "party": {
              "dateRange": {
                "end": "1973-02-05",
                "start": "1969-06-18"
              },
              "showAs": "Fine Gael",
              "uri": "http://oireachtas.ie/ie/oireachtas/party/dail/19/Fine_Gael"
            }
          }
        ],
        "represents": [
          {
            "represent": {
              "showAs": "Clare",
              "uri": "http://oireachtas.ie/ie/oireachtas/house/dail/19/constituency/Clare"
            }
          }
        ],
        "uri": "http://oireachtas.ie/ie/oireachtas/member/Francis-Taylor.D.1969-07-02/dail/19"
      }
    },
    {
      "membership": {
        "dateRange": {
          "end": "1977-05-25",
          "start": "1973-03-14"
        },
        "house": {
          "showAs": "20th D\u00e1il",
          "uri": "http://oireachtas.ie/ie/oireachtas/house/dail/20"
        },
        "offices": [],
        "parties": [
          {
            "party": {
              "dateRange": {
                "end": "1977-05-25",
                "start": "1973-02-28"
              },
              "showAs": "Fine Gael",
              "uri": "http://oireachtas.ie/ie/oireachtas/party/dail/20/Fine_Gael"
            }
          }
        ],
        "represents": [
          {
            "represent": {
              "showAs": "Clare",
              "uri": "http://oireachtas.ie/ie/oireachtas/house/dail/20/constituency/Clare"
            }
          }
        ],
        "uri": "http://oireachtas.ie/ie/oireachtas/member/Francis-Taylor.D.1969-07-02/dail/20"
      }
    },
    {
      "membership": {
        "dateRange": {
          "end": "1981-05-21",
          "start": "1977-07-05"
        },
        "house": {
          "showAs": "21st D\u00e1il",
          "uri": "http://oireachtas.ie/ie/oireachtas/house/dail/21"
        },
        "offices": [],
        "parties": [
          {
            "party": {
              "dateRange": {
                "end": "1981-05-21",
                "start": "1977-06-16"
              },
              "showAs": "Fine Gael",
              "uri": "http://oireachtas.ie/ie/oireachtas/party/dail/21/Fine_Gael"
            }
          }
        ],
        "represents": [
          {
            "represent": {
              "showAs": "Clare",
              "uri": "http://oireachtas.ie/ie/oireachtas/house/dail/21/constituency/Clare"
            }
          }
        ],
        "uri": "http://oireachtas.ie/ie/oireachtas/member/Francis-Taylor.D.1969-07-02/dail/21"
      }
    }
  ],
  "profession": "Farmer",
  "showAs": "Mr. Frank Taylor",
  "uri": "http://oireachtas.ie/ie/oireachtas/member/Francis-Taylor.D.1969-07-02"
}