{
  "dateOfBirth": null,
  "dateOfDeath": null,
  "firstName": "Patrick J",
  "fullName": "Patrick J Brady",
  "gender": null,
  "image": null,
  "lastName": "Brady",
  "memberships": [
    {
      "membership": {
        "dateRange": {
          "end": "1928-12-05",
          "start": "1927-01-26"
        },
        "house": {
          "showAs": "1925 Seanad",
          "uri": "http://oireachtas.ie/ie/oireachtas/house/seanad/1925"
        },
        "offices": [],
        "parties": [],
        "represents": [
          {
            "represent": {
              "showAs": "1925",
              "uri": "http://oireachtas.ie/ie/oireachtas/house/seanad/1925/panel/1925"
            }
          }
        ],
        "uri": "http://oireachtas.ie/ie/oireachtas/member/Patrick-J-Brady.S.1927-01-26/seanad/1925"
      }
    }
  ],
  "profession": "Solicitor",
  "showAs": "Mr. Patrick. J Brady",
  "uri": "http://oireachtas.ie/ie/oireachtas/member/Patrick-J-Brady.S.1927-01-26"
}