{
  "dateOfBirth": null,
  "dateOfDeath": null,
  "firstName": "Terry",
  "fullName": "Terry Brennan",
  "gender": null,
  "image": "/MembersImages/2360t.jpg",
  "lastName": "Brennan",
  "memberships": [
    {
      "membership": {
        "dateRange": {
          "end": "2016-06-07",
          "start": "2011-05-25"
        },
        "house": {
          "showAs": "24th Seanad",
          "uri": "http://oireachtas.ie/ie/oireachtas/house/seanad/24"
        },
        "offices": [],
        "parties": [],
        "represents": [
          {
            "represent": {
              "showAs": "Labour Panel",
              "uri": "http://oireachtas.ie/ie/oireachtas/house/seanad/24/panel/Labour-Panel"
            }
          }
        ],
        "uri": "http://oireachtas.ie/ie/oireachtas/member/Terry-Brennan.S.2011-05-25/seanad/24"
      }
    }
  ],
  "profession": null,
  "showAs": "Mr. Terry Brennan",
  "uri": "http://oireachtas.ie/ie/oireachtas/member/Terry-Brennan.S.2011-05-25"
}