{
  "dateOfBirth": "1943-11-19",
  "dateOfDeath": null,
  "firstName": "Ulick",
  "fullName": "Ulick Burke",
  "gender": null,
  "image": "http://www.oireachtas.ie//MembersImages/1177g.jpg",
  "lastName": "Burke",
  "memberships": [
    {
      "membership": {
        "dateRange": {
          "end": "1982-04-16",
          "start": "1981-10-08"
        },
        "house": {
          "showAs": "15th Seanad",
          "uri": "http://oireachtas.ie/ie/oireachtas/house/seanad/15"
        },
        "offices": [],
        "parties": [],
        "represents": [
          {
            "represent": {
              "showAs": "Nominated by the Taoiseach",
              "uri": "http://oireachtas.ie/ie/oireachtas/house/seanad/15/panel/Nominated-by-the-Taoiseach"
            }
          }
        ],
        "uri": "http://oireachtas.ie/ie/oireachtas/member/Ulick-Burke.S.1981-10-08/seanad/15"
      }
    },
    {
      "membership": {
        "dateRange": {
          "end": "1987-04-03",
          "start": "1983-02-23"
        },
        "house": {
          "showAs": "17th Seanad",
          "uri": "http://oireachtas.ie/ie/oireachtas/house/seanad/17"
        },
        "offices": [],
        "parties": [],
        "represents": [
          {
            "represent": {
              "showAs": "Agricultural Panel",
              "uri": "http://oireachtas.ie/ie/oireachtas/house/seanad/17/panel/Agricultural-Panel"
            }
          }
        ],
        "uri": "http://oireachtas.ie/ie/oireachtas/member/Ulick-Burke.S.1981-10-08/seanad/17"
      }
    },
    {
      "membership": {
        "dateRange": {
          "end": "2002-04-25",
          "start": "1997-06-26"
        },
        "house": {
          "showAs": "28th D\u00e1il",
          "uri": "http://oireachtas.ie/ie/oireachtas/house/dail/28"
        },
        "offices": [],
        "parties": [
          {
            "party": {
              "dateRange": {
                "end": "2002-04-25",
                "start": "1997-06-06"
              },
              "showAs": "Fine Gael",
              "uri": "http://oireachtas.ie/ie/oireachtas/party/dail/28/Fine_Gael"
            }
          }
        ],
        "represents": [
          {
            "represent": {
              "showAs": "Galway East",
              "uri": "http://oireachtas.ie/ie/oireachtas/house/dail/28/constituency/Galway-East"
            }
          }
        ],
        "uri": "http://oireachtas.ie/ie/oireachtas/member/Ulick-Burke.S.1981-10-08/dail/28"
      }
    },
    {
      "membership": {
        "dateRange": {
          "end": "2007-07-22",
          "start": "2002-09-12"
        },
        "house": {
          "showAs": "22nd Seanad",
          "uri": "http://oireachtas.ie/ie/oireachtas/house/seanad/22"
        },
        "offices": [],
        "parties": [],
        "represents": [
          {
            "represent": {
              "showAs": "Agricultural Panel",
              "uri": "http://oireachtas.ie/ie/oireachtas/house/seanad/22/panel/Agricultural-Panel"
            }
          }
        ],
        "uri": "http://oireachtas.ie/ie/oireachtas/member/Ulick-Burke.S.1981-10-08/seanad/22"
      }
    },
    {
      "membership": {
        "dateRange": {
          "end": "2011-02-01",
          "start": "2007-06-14"
        },
        "house": {
          "showAs": "30th D\u00e1il",
          "uri": "http://oireachtas.ie/ie/oireachtas/house/dail/30"
        },
        "offices": [],
        "parties": [
          {
            "party": {
              "dateRange": {
                "end": "2011-02-01",
                "start": "2007-05-24"
              },
              "showAs": "Fine Gael",
              "uri": "http://oireachtas.ie/ie/oireachtas/party/dail/30/Fine_Gael"
            }
          }
        ],
        "represents": [
          {
            "represent": {
              "showAs": "Galway East",
              "uri": "http://oireachtas.ie/ie/oireachtas/house/dail/30/constituency/Galway-East"
            }
          }
        ],
        "uri": "http://oireachtas.ie/ie/oireachtas/member/Ulick-Burke.S.1981-10-08/dail/30"
      }
    }
  ],
  "profession": "Formerly a Teacher",
  "showAs": "Mr. Ulick Burke",
  "uri": "http://oireachtas.ie/ie/oireachtas/member/Ulick-Burke.S.1981-10-08"
}