{
  "dateOfBirth": "1880-02-20",
  "dateOfDeath": "1948-11-30",
  "firstName": "James Joseph",
  "fullName": "James Joseph Walsh",
  "gender": null,
  "image": null,
  "lastName": "Walsh",
  "memberships": [
    {
      "membership": {
        "dateRange": {
          "end": "1921-05-10",
          "start": "1919-01-21"
        },
        "house": {
          "showAs": "1st D\u00e1il",
          "uri": "http://oireachtas.ie/ie/oireachtas/house/dail/1"
        },
        "offices": [],
        "parties": [],
        "represents": [
          {
            "represent": {
              "showAs": "Cork City",
              "uri": "http://oireachtas.ie/ie/oireachtas/house/dail/1/constituency/Cork-City"
            }
          }
        ],
        "uri": "http://oireachtas.ie/ie/oireachtas/member/James-Joseph-Walsh.D.1919-01-21/dail/1"
      }
    },
    {
      "membership": {
        "dateRange": {
          "end": "1922-06-16",
          "start": "1921-08-16"
        },
        "house": {
          "showAs": "2nd D\u00e1il",
          "uri": "http://oireachtas.ie/ie/oireachtas/house/dail/2"
        },
        "offices": [
          {
            "office": {
              "cabinet": {
                "showAs": "Government of the 2nd D\u00e1il",
                "uri": "http://oireachtas.ie/ie/oireachtas/cabinet/dail/2"
              },
              "dateRange": {
                "end": "1922-09-09",
                "start": "1922-04-01"
              },
              "officeName": {
                "showAs": "Postmaster General",
                "uri": "http://oireachtas.ie/ie/oireachtas/office/postmaster_general"
              }
            }
          }
        ],
        "parties": [
          {
            "party": {
              "dateRange": {
                "end": "1922-06-16",
                "start": "1921-05-24"
              },
              "showAs": "Sinn F\u00e9in",
              "uri": "http://oireachtas.ie/ie/oireachtas/party/dail/2/Sinn_F\u00e9in"
            }
          }
        ],
        "represents": [
          {
            "represent": {
              "showAs": "Cork Borough",
              "uri": "http://oireachtas.ie/ie/oireachtas/house/dail/2/constituency/Cork-Borough"
            }
          }
        ],
        "uri": "http://oireachtas.ie/ie/oireachtas/member/James-Joseph-Walsh.D.1919-01-21/dail/2"
      }
    },
    {
      "membership": {
        "dateRange": {
          "end": "1923-08-09",
          "start": "1922-09-09"
        },
        "house": {
          "showAs": "3rd D\u00e1il",
          "uri": "http://oireachtas.ie/ie/oireachtas/house/dail/3"
        },
        "offices": [
          {
            "office": {
              "cabinet": {
                "showAs": "Government of the 3rd D\u00e1il",
                "uri": "http://oireachtas.ie/ie/oireachtas/cabinet/dail/3"
              },
              "dateRange": {
                "end": "1923-09-19",
                "start": "1922-09-09"
              },
              "officeName": {
                "showAs": "Postmaster General",
                "uri": "http://oireachtas.ie/ie/oireachtas/office/postmaster_general"
              }
            }
          }
        ],
        "parties": [
          {
            "party": {
              "dateRange": {
                "end": "1923-08-09",
                "start": "1922-06-16"
              },
              "showAs": "Sinn F\u00e9in",
              "uri": "http://oireachtas.ie/ie/oireachtas/party/dail/3/Sinn_F\u00e9in"
            }
          }
        ],
        "represents": [
          {
            "represent": {
              "showAs": "Cork Borough",
              "uri": "http://oireachtas.ie/ie/oireachtas/house/dail/3/constituency/Cork-Borough"
            }
          }
        ],
        "uri": "http://oireachtas.ie/ie/oireachtas/member/James-Joseph-Walsh.D.1919-01-21/dail/3"
      }
    },
    {
      "membership": {
        "dateRange": {
          "end": "1927-05-23",
          "start": "1923-09-19"
        },
        "house": {
          "showAs": "4th D\u00e1il",
          "uri": "http://oireachtas.ie/ie/oireachtas/house/dail/4"
        },
        "offices": [
          {
            "office": {
              "cabinet": {
                "showAs": "Government of the 4th D\u00e1il",
                "uri": "http://oireachtas.ie/ie/oireachtas/cabinet/dail/4"
              },
              "dateRange": {
                "end": "1924-06-02",
                "start": "1923-09-19"
              },
              "officeName": {
                "showAs": "Postmaster General",
                "uri": "http://oireachtas.ie/ie/oireachtas/office/postmaster_general"
              }
            }
          },
          {
            "office": {
              "cabinet": {
                "showAs": "Government of the 4th D\u00e1il",
                "uri": "http://oireachtas.ie/ie/oireachtas/cabinet/dail/4"
              },
              "dateRange": {
                "end": "1927-06-23",
                "start": "1924-06-02"
              },
              "officeName": {
                "showAs": "Minister for Posts and Telegraphs",
                "uri": "http://oireachtas.ie/ie/oireachtas/office/minister/posts__telegraphs"
              }
            }
          }
        ],
        "parties": [
          {
            "party": {
              "dateRange": {
                "end": "1927-05-23",
                "start": "1923-08-27"
              },
              "showAs": "Cumann na nGaedheal",
              "uri": "http://oireachtas.ie/ie/oireachtas/party/dail/4/Cumann_na_nGaedheal"
            }
          }
        ],
        "represents": [
          {
            "represent": {
              "showAs": "Cork Borough",
              "uri": "http://oireachtas.ie/ie/oireachtas/house/dail/4/constituency/Cork-Borough"
            }
          }
        ],
        "uri": "http://oireachtas.ie/ie/oireachtas/member/James-Joseph-Walsh.D.1919-01-21/dail/4"
      }
    },
    {
      "membership": {
        "dateRange": {
          "end": "1927-08-25",
          "start": "1927-06-23"
        },
        "house": {
          "showAs": "5th D\u00e1il",
          "uri": "http://oireachtas.ie/ie/oireachtas/house/dail/5"
        },
        "offices": [
          {
            "office": {
              "cabinet": {
                "showAs": "Government of the 5th D\u00e1il",
                "uri": "http://oireachtas.ie/ie/oireachtas/cabinet/dail/5"
              },
              "dateRange": {
                "end": "1927-10-11",
                "start": "1927-06-23"
              },
              "officeName": {
                "showAs": "Minister for Posts and Telegraphs",
                "uri": "http://oireachtas.ie/ie/oireachtas/office/minister/posts__telegraphs"
              }
            }
          }
        ],
        "parties": [
          {
            "party": {
              "dateRange": {
                "end": "1927-08-25",
                "start": "1927-06-09"
              },
              "showAs": "Cumann na nGaedheal",
              "uri": "http://oireachtas.ie/ie/oireachtas/party/dail/5/Cumann_na_nGaedheal"
            }
          }
        ],
        "represents": [
          {
            "represent": {
              "showAs": "Cork Borough",
              "uri": "http://oireachtas.ie/ie/oireachtas/house/dail/5/constituency/Cork-Borough"
            }
          }
        ],
        "uri": "http://oireachtas.ie/ie/oireachtas/member/James-Joseph-Walsh.D.1919-01-21/dail/5"
      }
    }
  ],
  "profession": null,
  "showAs": "Mr. James Joseph Walsh",
  "uri": "http://oireachtas.ie/ie/oireachtas/member/James-Joseph-Walsh.D.1919-01-21"
}