{
  "dateOfBirth": "1936-10-01",
  "dateOfDeath": null,
  "firstName": "John",
  "fullName": "John Browne",
  "gender": null,
  "image": "http://www.oireachtas.ie//MembersImages/107.jpg",
  "lastName": "Browne",
  "memberships": [
    {
      "membership": {
        "dateRange": {
          "end": "1987-04-03",
          "start": "1983-02-23"
        },
        "house": {
          "showAs": "17th Seanad",
          "uri": "http://oireachtas.ie/ie/oireachtas/house/seanad/17"
        },
        "offices": [],
        "parties": [],
        "represents": [
          {
            "represent": {
              "showAs": "Nominated by the Taoiseach",
              "uri": "http://oireachtas.ie/ie/oireachtas/house/seanad/17/panel/Nominated-by-the-Taoiseach"
            }
          }
        ],
        "uri": "http://oireachtas.ie/ie/oireachtas/member/John-Browne.S.1983-02-23/seanad/17"
      }
    },
    {
      "membership": {
        "dateRange": {
          "end": "1992-11-05",
          "start": "1989-06-29"
        },
        "house": {
          "showAs": "26th D\u00e1il",
          "uri": "http://oireachtas.ie/ie/oireachtas/house/dail/26"
        },
        "offices": [],
        "parties": [
          {
            "party": {
              "dateRange": {
                "end": "1992-11-05",
                "start": "1989-06-15"
              },
              "showAs": "Fine Gael",
              "uri": "http://oireachtas.ie/ie/oireachtas/party/dail/26/Fine_Gael"
            }
          }
        ],
        "represents": [
          {
            "represent": {
              "showAs": "Carlow\u2013Kilkenny",
              "uri": "http://oireachtas.ie/ie/oireachtas/house/dail/26/constituency/Carlow\u2013Kilkenny"
            }
          }
        ],
        "uri": "http://oireachtas.ie/ie/oireachtas/member/John-Browne.S.1983-02-23/dail/26"
      }
    },
    {
      "membership": {
        "dateRange": {
          "end": "1997-05-15",
          "start": "1992-12-14"
        },
        "house": {
          "showAs": "27th D\u00e1il",
          "uri": "http://oireachtas.ie/ie/oireachtas/house/dail/27"
        },
        "offices": [],
        "parties": [
          {
            "party": {
              "dateRange": {
                "end": "1997-05-15",
                "start": "1992-11-25"
              },
              "showAs": "Fine Gael",
              "uri": "http://oireachtas.ie/ie/oireachtas/party/dail/27/Fine_Gael"
            }
          }
        ],
        "represents": [
          {
            "represent": {
              "showAs": "Carlow\u2013Kilkenny",
              "uri": "http://oireachtas.ie/ie/oireachtas/house/dail/27/constituency/Carlow\u2013Kilkenny"
            }
          }
        ],
        "uri": "http://oireachtas.ie/ie/oireachtas/member/John-Browne.S.1983-02-23/dail/27"
      }
    },
    {
      "membership": {
        "dateRange": {
          "end": "2002-04-25",
          "start": "1997-06-26"
        },
        "house": {
          "showAs": "28th D\u00e1il",
          "uri": "http://oireachtas.ie/ie/oireachtas/house/dail/28"
        },
        "offices": [],
        "parties": [
          {
            "party": {
              "dateRange": {
                "end": "2002-04-25",
                "start": "1997-06-06"
              },
              "showAs": "Fine Gael",
              "uri": "http://oireachtas.ie/ie/oireachtas/party/dail/28/Fine_Gael"
            }
          }
        ],
        "represents": [
          {
            "represent": {
              "showAs": "Carlow\u2013Kilkenny",
              "uri": "http://oireachtas.ie/ie/oireachtas/house/dail/28/constituency/Carlow\u2013Kilkenny"
            }
          }
        ],
        "uri": "http://oireachtas.ie/ie/oireachtas/member/John-Browne.S.1983-02-23/dail/28"
      }
    }
  ],
  "profession": "Full-Time Public Representative, formerly Teacher",
  "showAs": "Mr. John Browne",
  "uri": "http://oireachtas.ie/ie/oireachtas/member/John-Browne.S.1983-02-23"
}