{
  "dateOfBirth": "1942-10-01",
  "dateOfDeath": null,
  "firstName": "Se\u00e1n",
  "fullName": "Se\u00e1n Kenny",
  "gender": null,
  "image": "http://www.oireachtas.ie//MembersImages/582m.jpg",
  "lastName": "Kenny",
  "memberships": [
    {
      "membership": {
        "dateRange": {
          "end": "1997-05-15",
          "start": "1992-12-14"
        },
        "house": {
          "showAs": "27th D\u00e1il",
          "uri": "http://oireachtas.ie/ie/oireachtas/house/dail/27"
        },
        "offices": [],
        "parties": [
          {
            "party": {
              "dateRange": {
                "end": "1997-05-15",
                "start": "1992-11-25"
              },
              "showAs": "Labour Party",
              "uri": "http://oireachtas.ie/ie/oireachtas/party/dail/27/Labour_Party"
            }
          }
        ],
        "represents": [
          {
            "represent": {
              "showAs": "Dublin North\u2013East",
              "uri": "http://oireachtas.ie/ie/oireachtas/house/dail/27/constituency/Dublin-North\u2013East"
            }
          }
        ],
        "uri": "http://oireachtas.ie/ie/oireachtas/member/Se\u00e1n-Kenny.D.1992-12-14/dail/27"
      }
    },
    {
      "membership": {
        "dateRange": {
          "end": "2016-03-09",
          "start": "2011-03-09"
        },
        "house": {
          "showAs": "31st D\u00e1il",
          "uri": "http://oireachtas.ie/ie/oireachtas/house/dail/31"
        },
        "offices": [],
        "parties": [
          {
            "party": {
              "dateRange": {
                "end": "2016-03-09",
                "start": "2011-02-25"
              },
              "showAs": "Labour Party",
              "uri": "http://oireachtas.ie/ie/oireachtas/party/dail/31/Labour_Party"
            }
          }
        ],
        "represents": [
          {
            "represent": {
              "showAs": "Dublin North\u2013East",
              "uri": "http://oireachtas.ie/ie/oireachtas/house/dail/31/constituency/Dublin-North\u2013East"
            }
          }
        ],
        "uri": "http://oireachtas.ie/ie/oireachtas/member/Se\u00e1n-Kenny.D.1992-12-14/dail/31"
      }
    }
  ],
  "profession": "Executive Officer CIE",
  "showAs": "Mr. Sean Kenny",
  "uri": "http://oireachtas.ie/ie/oireachtas/member/Se\u00e1n-Kenny.D.1992-12-14"
}