{
  "dateOfBirth": "1882-08-02",
  "dateOfDeath": "1919-03-06",
  "firstName": "Pierce",
  "fullName": "Pierce McCann",
  "gender": null,
  "image": null,
  "lastName": "McCann",
  "memberships": [
    {
      "membership": {
        "dateRange": {
          "end": "1919-03-06",
          "start": "1919-01-21"
        },
        "house": {
          "showAs": "1st D\u00e1il",
          "uri": "http://oireachtas.ie/ie/oireachtas/house/dail/1"
        },
        "offices": [],
        "parties": [],
        "represents": [
          {
            "represent": {
              "showAs": "Tipperary East",
              "uri": "http://oireachtas.ie/ie/oireachtas/house/dail/1/constituency/Tipperary-East"
            }
          }
        ],
        "uri": "http://oireachtas.ie/ie/oireachtas/member/Pierce-McCann.D.1919-01-21/dail/1"
      }
    }
  ],
  "profession": null,
  "showAs": "Mr. Pierce McCan",
  "uri": "http://oireachtas.ie/ie/oireachtas/member/Pierce-McCann.D.1919-01-21"
}