{
  "dateOfBirth": "1868-02-04",
  "dateOfDeath": "1927-07-15",
  "firstName": "Constance Georgina",
  "fullName": "Co\ufeffnstance Georgina de Markievicz",
  "gender": null,
  "image": "http://www.oireachtas.ie//MembersImages/298q.jpg",
  "lastName": "de Markievicz",
  "memberships": [
    {
      "membership": {
        "dateRange": {
          "end": "1921-05-10",
          "start": "1919-01-21"
        },
        "house": {
          "showAs": "1st D\u00e1il",
          "uri": "http://oireachtas.ie/ie/oireachtas/house/dail/1"
        },
        "offices": [
          {
            "office": {
              "cabinet": {
                "showAs": "Government of the 1st D\u00e1il",
                "uri": "http://oireachtas.ie/ie/oireachtas/cabinet/dail/1"
              },
              "dateRange": {
                "end": "1921-08-16",
                "start": "1919-04-02"
              },
              "officeName": {
                "showAs": "Minister for Labour",
                "uri": "http://oireachtas.ie/ie/oireachtas/office/minister/labour"
              }
            }
          }
        ],
        "parties": [],
        "represents": [
          {
            "represent": {
              "showAs": "Dublin St Patrick's",
              "uri": "http://oireachtas.ie/ie/oireachtas/house/dail/1/constituency/Dublin-St-Patrick's"
            }
          }
        ],
        "uri": "http://oireachtas.ie/ie/oireachtas/member/Co\ufeffnstance-Georgina-de-Markievicz.D.1919-01-21/dail/1"
      }
    },
    {
      "membership": {
        "dateRange": {
          "end": "1922-06-16",
          "start": "1921-08-16"
        },
        "house": {
          "showAs": "2nd D\u00e1il",
          "uri": "http://oireachtas.ie/ie/oireachtas/house/dail/2"
        },
        "offices": [
          {
            "office": {
              "cabinet": {
                "showAs": "Government of the 2nd D\u00e1il",
                "uri": "http://oireachtas.ie/ie/oireachtas/cabinet/dail/2"
              },
              "dateRange": {
                "end": "1922-01-09",
                "start": "1921-08-16"
              },
              "officeName": {
                "showAs": "Minister for Labour",
                "uri": "http://oireachtas.ie/ie/oireachtas/office/minister/labour"
              }
            }
          }
        ],
        "parties": [
          {
            "party": {
              "dateRange": {
                "end": "1922-06-16",
                "start": "1921-05-24"
              },
              "showAs": "Sinn F\u00e9in",
              "uri": "http://oireachtas.ie/ie/oireachtas/party/dail/2/Sinn_F\u00e9in"
            }
          }
        ],
        "represents": [
          {
            "represent": {
              "showAs": "Dublin South",
              "uri": "http://oireachtas.ie/ie/oireachtas/house/dail/2/constituency/Dublin-South"
            }
          }
        ],
        "uri": "http://oireachtas.ie/ie/oireachtas/member/Co\ufeffnstance-Georgina-de-Markievicz.D.1919-01-21/dail/2"
      }
    },
    {
      "membership": {
        "dateRange": {
          "end": "1927-05-23",
          "start": "1923-09-19"
        },
        "house": {
          "showAs": "4th D\u00e1il",
          "uri": "http://oireachtas.ie/ie/oireachtas/house/dail/4"
        },
        "offices": [],
        "parties": [
          {
            "party": {
              "dateRange": {
                "end": "1927-05-23",
                "start": "1923-08-27"
              },
              "showAs": "Republican",
              "uri": "http://oireachtas.ie/ie/oireachtas/party/dail/4/Republican"
            }
          }
        ],
        "represents": [
          {
            "represent": {
              "showAs": "Dublin South",
              "uri": "http://oireachtas.ie/ie/oireachtas/house/dail/4/constituency/Dublin-South"
            }
          }
        ],
        "uri": "http://oireachtas.ie/ie/oireachtas/member/Co\ufeffnstance-Georgina-de-Markievicz.D.1919-01-21/dail/4"
      }
    },
    {
      "membership": {
        "dateRange": {
          "end": "1927-07-15",
          "start": "1927-06-23"
        },
        "house": {
          "showAs": "5th D\u00e1il",
          "uri": "http://oireachtas.ie/ie/oireachtas/house/dail/5"
        },
        "offices": [],
        "parties": [
          {
            "party": {
              "dateRange": {
                "end": "1927-07-15",
                "start": "1927-06-09"
              },
              "showAs": "Fianna F\u00e1il",
              "uri": "http://oireachtas.ie/ie/oireachtas/party/dail/5/Fianna_F\u00e1il"
            }
          }
        ],
        "represents": [
          {
            "represent": {
              "showAs": "Dublin South",
              "uri": "http://oireachtas.ie/ie/oireachtas/house/dail/5/constituency/Dublin-South"
            }
          }
        ],
        "uri": "http://oireachtas.ie/ie/oireachtas/member/Co\ufeffnstance-Georgina-de-Markievicz.D.1919-01-21/dail/5"
      }
    }
  ],
  "profession": null,
  "showAs": "Countess Constance Georgina de Markievicz",
  "uri": "http://oireachtas.ie/ie/oireachtas/member/Co\ufeffnstance-Georgina-de-Markievicz.D.1919-01-21"
}