{
  "dateOfBirth": "1948-01-01",
  "dateOfDeath": null,
  "firstName": "Johnny",
  "fullName": "Johnny Brady",
  "gender": null,
  "image": "http://www.oireachtas.ie//MembersImages/78.jpg",
  "lastName": "Brady",
  "memberships": [
    {
      "membership": {
        "dateRange": {
          "end": "2002-04-25",
          "start": "1997-06-26"
        },
        "house": {
          "showAs": "28th D\u00e1il",
          "uri": "http://oireachtas.ie/ie/oireachtas/house/dail/28"
        },
        "offices": [],
        "parties": [
          {
            "party": {
              "dateRange": {
                "end": "2002-04-25",
                "start": "1997-06-06"
              },
              "showAs": "Fianna F\u00e1il",
              "uri": "http://oireachtas.ie/ie/oireachtas/party/dail/28/Fianna_F\u00e1il"
            }
          }
        ],
        "represents": [
          {
            "represent": {
              "showAs": "Meath",
              "uri": "http://oireachtas.ie/ie/oireachtas/house/dail/28/constituency/Meath"
            }
          }
        ],
        "uri": "http://oireachtas.ie/ie/oireachtas/member/Johnny-Brady.D.1997-06-26/dail/28"
      }
    },
    {
      "membership": {
        "dateRange": {
          "end": "2007-04-30",
          "start": "2002-06-06"
        },
        "house": {
          "showAs": "29th D\u00e1il",
          "uri": "http://oireachtas.ie/ie/oireachtas/house/dail/29"
        },
        "offices": [],
        "parties": [
          {
            "party": {
              "dateRange": {
                "end": "2007-04-30",
                "start": "2002-05-17"
              },
              "showAs": "Fianna F\u00e1il",
              "uri": "http://oireachtas.ie/ie/oireachtas/party/dail/29/Fianna_F\u00e1il"
            }
          }
        ],
        "represents": [
          {
            "represent": {
              "showAs": "Meath",
              "uri": "http://oireachtas.ie/ie/oireachtas/house/dail/29/constituency/Meath"
            }
          }
        ],
        "uri": "http://oireachtas.ie/ie/oireachtas/member/Johnny-Brady.D.1997-06-26/dail/29"
      }
    },
    {
      "membership": {
        "dateRange": {
          "end": "2011-02-01",
          "start": "2007-06-14"
        },
        "house": {
          "showAs": "30th D\u00e1il",
          "uri": "http://oireachtas.ie/ie/oireachtas/house/dail/30"
        },
        "offices": [],
        "parties": [
          {
            "party": {
              "dateRange": {
                "end": "2011-02-01",
                "start": "2007-05-24"
              },
              "showAs": "Fianna F\u00e1il",
              "uri": "http://oireachtas.ie/ie/oireachtas/party/dail/30/Fianna_F\u00e1il"
            }
          }
        ],
        "represents": [
          {
            "represent": {
              "showAs": "Meath West",
              "uri": "http://oireachtas.ie/ie/oireachtas/house/dail/30/constituency/Meath-West"
            }
          }
        ],
        "uri": "http://oireachtas.ie/ie/oireachtas/member/Johnny-Brady.D.1997-06-26/dail/30"
      }
    }
  ],
  "profession": "Full-Time Public Representative, Farmer",
  "showAs": "Mr. Johnny Brady",
  "uri": "http://oireachtas.ie/ie/oireachtas/member/Johnny-Brady.D.1997-06-26"
}