{
  "dateOfBirth": "1879-11-18",
  "dateOfDeath": "1961-01-27",
  "firstName": "Richard",
  "fullName": "Richard Curran",
  "gender": null,
  "image": "http://www.oireachtas.ie//MembersImages/279z.jpg",
  "lastName": "Curran",
  "memberships": [
    {
      "membership": {
        "dateRange": {
          "end": "1937-06-14",
          "start": "1933-02-08"
        },
        "house": {
          "showAs": "8th D\u00e1il",
          "uri": "http://oireachtas.ie/ie/oireachtas/house/dail/8"
        },
        "offices": [],
        "parties": [
          {
            "party": {
              "dateRange": {
                "end": "1937-06-14",
                "start": "1933-01-24"
              },
              "showAs": "National Centre Party",
              "uri": "http://oireachtas.ie/ie/oireachtas/party/dail/8/National_Centre_Party"
            }
          }
        ],
        "represents": [
          {
            "represent": {
              "showAs": "Tipperary",
              "uri": "http://oireachtas.ie/ie/oireachtas/house/dail/8/constituency/Tipperary"
            }
          }
        ],
        "uri": "http://oireachtas.ie/ie/oireachtas/member/Richard-Curran.D.1933-02-08/dail/8"
      }
    },
    {
      "membership": {
        "dateRange": {
          "end": "1943-05-31",
          "start": "1938-06-30"
        },
        "house": {
          "showAs": "10th D\u00e1il",
          "uri": "http://oireachtas.ie/ie/oireachtas/house/dail/10"
        },
        "offices": [],
        "parties": [
          {
            "party": {
              "dateRange": {
                "end": "1943-05-31",
                "start": "1938-06-17"
              },
              "showAs": "Fine Gael",
              "uri": "http://oireachtas.ie/ie/oireachtas/party/dail/10/Fine_Gael"
            }
          }
        ],
        "represents": [
          {
            "represent": {
              "showAs": "Tipperary",
              "uri": "http://oireachtas.ie/ie/oireachtas/house/dail/10/constituency/Tipperary"
            }
          }
        ],
        "uri": "http://oireachtas.ie/ie/oireachtas/member/Richard-Curran.D.1933-02-08/dail/10"
      }
    }
  ],
  "profession": "Farmer",
  "showAs": "Mr. Richard Curran",
  "uri": "http://oireachtas.ie/ie/oireachtas/member/Richard-Curran.D.1933-02-08"
}