{
  "dateOfBirth": "1952-05-02",
  "dateOfDeath": null,
  "firstName": "John",
  "fullName": "John Ellis",
  "gender": null,
  "image": "http://www.oireachtas.ie//MembersImages/363.jpg",
  "lastName": "Ellis",
  "memberships": [
    {
      "membership": {
        "dateRange": {
          "end": "1981-07-16",
          "start": "1977-10-27"
        },
        "house": {
          "showAs": "14th Seanad",
          "uri": "http://oireachtas.ie/ie/oireachtas/house/seanad/14"
        },
        "offices": [],
        "parties": [],
        "represents": [
          {
            "represent": {
              "showAs": "Agricultural Panel",
              "uri": "http://oireachtas.ie/ie/oireachtas/house/seanad/14/panel/Agricultural-Panel"
            }
          }
        ],
        "uri": "http://oireachtas.ie/ie/oireachtas/member/John-Ellis.S.1977-10-27/seanad/14"
      }
    },
    {
      "membership": {
        "dateRange": {
          "end": "1982-02-27",
          "start": "1981-06-30"
        },
        "house": {
          "showAs": "22nd D\u00e1il",
          "uri": "http://oireachtas.ie/ie/oireachtas/house/dail/22"
        },
        "offices": [],
        "parties": [
          {
            "party": {
              "dateRange": {
                "end": "1982-02-27",
                "start": "1981-06-11"
              },
              "showAs": "Fianna F\u00e1il",
              "uri": "http://oireachtas.ie/ie/oireachtas/party/dail/22/Fianna_F\u00e1il"
            }
          }
        ],
        "represents": [
          {
            "represent": {
              "showAs": "Sligo\u2013Leitrim",
              "uri": "http://oireachtas.ie/ie/oireachtas/house/dail/22/constituency/Sligo\u2013Leitrim"
            }
          }
        ],
        "uri": "http://oireachtas.ie/ie/oireachtas/member/John-Ellis.S.1977-10-27/dail/22"
      }
    },
    {
      "membership": {
        "dateRange": {
          "end": "1982-11-04",
          "start": "1982-03-09"
        },
        "house": {
          "showAs": "23rd D\u00e1il",
          "uri": "http://oireachtas.ie/ie/oireachtas/house/dail/23"
        },
        "offices": [],
        "parties": [
          {
            "party": {
              "dateRange": {
                "end": "1982-11-04",
                "start": "1982-02-18"
              },
              "showAs": "Fianna F\u00e1il",
              "uri": "http://oireachtas.ie/ie/oireachtas/party/dail/23/Fianna_F\u00e1il"
            }
          }
        ],
        "represents": [
          {
            "represent": {
              "showAs": "Sligo\u2013Leitrim",
              "uri": "http://oireachtas.ie/ie/oireachtas/house/dail/23/constituency/Sligo\u2013Leitrim"
            }
          }
        ],
        "uri": "http://oireachtas.ie/ie/oireachtas/member/John-Ellis.S.1977-10-27/dail/23"
      }
    },
    {
      "membership": {
        "dateRange": {
          "end": "1987-04-03",
          "start": "1983-02-23"
        },
        "house": {
          "showAs": "17th Seanad",
          "uri": "http://oireachtas.ie/ie/oireachtas/house/seanad/17"
        },
        "offices": [],
        "parties": [],
        "represents": [
          {
            "represent": {
              "showAs": "Agricultural Panel",
              "uri": "http://oireachtas.ie/ie/oireachtas/house/seanad/17/panel/Agricultural-Panel"
            }
          }
        ],
        "uri": "http://oireachtas.ie/ie/oireachtas/member/John-Ellis.S.1977-10-27/seanad/17"
      }
    },
    {
      "membership": {
        "dateRange": {
          "end": "1989-05-25",
          "start": "1987-03-10"
        },
        "house": {
          "showAs": "25th D\u00e1il",
          "uri": "http://oireachtas.ie/ie/oireachtas/house/dail/25"
        },
        "offices": [],
        "parties": [
          {
            "party": {
              "dateRange": {
                "end": "1989-05-25",
                "start": "1987-02-17"
              },
              "showAs": "Fianna F\u00e1il",
              "uri": "http://oireachtas.ie/ie/oireachtas/party/dail/25/Fianna_F\u00e1il"
            }
          }
        ],
        "represents": [
          {
            "represent": {
              "showAs": "Sligo\u2013Leitrim",
              "uri": "http://oireachtas.ie/ie/oireachtas/house/dail/25/constituency/Sligo\u2013Leitrim"
            }
          }
        ],
        "uri": "http://oireachtas.ie/ie/oireachtas/member/John-Ellis.S.1977-10-27/dail/25"
      }
    },
    {
      "membership": {
        "dateRange": {
          "end": "1992-11-05",
          "start": "1989-06-29"
        },
        "house": {
          "showAs": "26th D\u00e1il",
          "uri": "http://oireachtas.ie/ie/oireachtas/house/dail/26"
        },
        "offices": [],
        "parties": [
          {
            "party": {
              "dateRange": {
                "end": "1992-11-05",
                "start": "1989-06-15"
              },
              "showAs": "Fianna F\u00e1il",
              "uri": "http://oireachtas.ie/ie/oireachtas/party/dail/26/Fianna_F\u00e1il"
            }
          }
        ],
        "represents": [
          {
            "represent": {
              "showAs": "Sligo\u2013Leitrim",
              "uri": "http://oireachtas.ie/ie/oireachtas/house/dail/26/constituency/Sligo\u2013Leitrim"
            }
          }
        ],
        "uri": "http://oireachtas.ie/ie/oireachtas/member/John-Ellis.S.1977-10-27/dail/26"
      }
    },
    {
      "membership": {
        "dateRange": {
          "end": "1997-05-15",
          "start": "1992-12-14"
        },
        "house": {
          "showAs": "27th D\u00e1il",
          "uri": "http://oireachtas.ie/ie/oireachtas/house/dail/27"
        },
        "offices": [],
        "parties": [
          {
            "party": {
              "dateRange": {
                "end": "1997-05-15",
                "start": "1992-11-25"
              },
              "showAs": "Fianna F\u00e1il",
              "uri": "http://oireachtas.ie/ie/oireachtas/party/dail/27/Fianna_F\u00e1il"
            }
          }
        ],
        "represents": [
          {
            "represent": {
              "showAs": "Sligo\u2013Leitrim",
              "uri": "http://oireachtas.ie/ie/oireachtas/house/dail/27/constituency/Sligo\u2013Leitrim"
            }
          }
        ],
        "uri": "http://oireachtas.ie/ie/oireachtas/member/John-Ellis.S.1977-10-27/dail/27"
      }
    },
    {
      "membership": {
        "dateRange": {
          "end": "2002-04-25",
          "start": "1997-06-26"
        },
        "house": {
          "showAs": "28th D\u00e1il",
          "uri": "http://oireachtas.ie/ie/oireachtas/house/dail/28"
        },
        "offices": [],
        "parties": [
          {
            "party": {
              "dateRange": {
                "end": "2002-04-25",
                "start": "1997-06-06"
              },
              "showAs": "Fianna F\u00e1il",
              "uri": "http://oireachtas.ie/ie/oireachtas/party/dail/28/Fianna_F\u00e1il"
            }
          }
        ],
        "represents": [
          {
            "represent": {
              "showAs": "Sligo\u2013Leitrim",
              "uri": "http://oireachtas.ie/ie/oireachtas/house/dail/28/constituency/Sligo\u2013Leitrim"
            }
          }
        ],
        "uri": "http://oireachtas.ie/ie/oireachtas/member/John-Ellis.S.1977-10-27/dail/28"
      }
    },
    {
      "membership": {
        "dateRange": {
          "end": "2007-04-30",
          "start": "2002-06-06"
        },
        "house": {
          "showAs": "29th D\u00e1il",
          "uri": "http://oireachtas.ie/ie/oireachtas/house/dail/29"
        },
        "offices": [],
        "parties": [
          {
            "party": {
              "dateRange": {
                "end": "2007-04-30",
                "start": "2002-05-17"
              },
              "showAs": "Fianna F\u00e1il",
              "uri": "http://oireachtas.ie/ie/oireachtas/party/dail/29/Fianna_F\u00e1il"
            }
          }
        ],
        "represents": [
          {
            "represent": {
              "showAs": "Sligo\u2013Leitrim",
              "uri": "http://oireachtas.ie/ie/oireachtas/house/dail/29/constituency/Sligo\u2013Leitrim"
            }
          }
        ],
        "uri": "http://oireachtas.ie/ie/oireachtas/member/John-Ellis.S.1977-10-27/dail/29"
      }
    },
    {
      "membership": {
        "dateRange": {
          "end": "2011-04-25",
          "start": "2007-07-23"
        },
        "house": {
          "showAs": "23rd Seanad",
          "uri": "http://oireachtas.ie/ie/oireachtas/house/seanad/23"
        },
        "offices": [],
        "parties": [],
        "represents": [
          {
            "represent": {
              "showAs": "Nominated by the Taoiseach",
              "uri": "http://oireachtas.ie/ie/oireachtas/house/seanad/23/panel/Nominated-by-the-Taoiseach"
            }
          }
        ],
        "uri": "http://oireachtas.ie/ie/oireachtas/member/John-Ellis.S.1977-10-27/seanad/23"
      }
    }
  ],
  "profession": "Public Representative, Farmer and Businessman",
  "showAs": "Mr. John Ellis",
  "uri": "http://oireachtas.ie/ie/oireachtas/member/John-Ellis.S.1977-10-27"
}