{
  "dateOfBirth": null,
  "dateOfDeath": "1986-05-29",
  "firstName": "Mary Frances",
  "fullName": "Mary Frances Davidson",
  "gender": null,
  "image": null,
  "lastName": "Davidson",
  "memberships": [
    {
      "membership": {
        "dateRange": {
          "end": "1951-07-25",
          "start": "1950-06-16"
        },
        "house": {
          "showAs": "6th Seanad",
          "uri": "http://oireachtas.ie/ie/oireachtas/house/seanad/6"
        },
        "offices": [],
        "parties": [],
        "represents": [
          {
            "represent": {
              "showAs": "Industrial and Commercial Panel",
              "uri": "http://oireachtas.ie/ie/oireachtas/house/seanad/6/panel/Industrial-and-Commercial-Panel"
            }
          }
        ],
        "uri": "http://oireachtas.ie/ie/oireachtas/member/Mary-Frances-Davidson.S.1950-06-16/seanad/6"
      }
    },
    {
      "membership": {
        "dateRange": {
          "end": "1957-03-28",
          "start": "1954-07-22"
        },
        "house": {
          "showAs": "8th Seanad",
          "uri": "http://oireachtas.ie/ie/oireachtas/house/seanad/8"
        },
        "offices": [],
        "parties": [],
        "represents": [
          {
            "represent": {
              "showAs": "Industrial and Commercial Panel",
              "uri": "http://oireachtas.ie/ie/oireachtas/house/seanad/8/panel/Industrial-and-Commercial-Panel"
            }
          }
        ],
        "uri": "http://oireachtas.ie/ie/oireachtas/member/Mary-Frances-Davidson.S.1950-06-16/seanad/8"
      }
    },
    {
      "membership": {
        "dateRange": {
          "end": "1961-09-01",
          "start": "1957-05-22"
        },
        "house": {
          "showAs": "9th Seanad",
          "uri": "http://oireachtas.ie/ie/oireachtas/house/seanad/9"
        },
        "offices": [],
        "parties": [],
        "represents": [
          {
            "represent": {
              "showAs": "Industrial and Commercial Panel",
              "uri": "http://oireachtas.ie/ie/oireachtas/house/seanad/9/panel/Industrial-and-Commercial-Panel"
            }
          }
        ],
        "uri": "http://oireachtas.ie/ie/oireachtas/member/Mary-Frances-Davidson.S.1950-06-16/seanad/9"
      }
    },
    {
      "membership": {
        "dateRange": {
          "end": "1965-04-28",
          "start": "1961-12-14"
        },
        "house": {
          "showAs": "10th Seanad",
          "uri": "http://oireachtas.ie/ie/oireachtas/house/seanad/10"
        },
        "offices": [],
        "parties": [],
        "represents": [
          {
            "represent": {
              "showAs": "Industrial and Commercial Panel",
              "uri": "http://oireachtas.ie/ie/oireachtas/house/seanad/10/panel/Industrial-and-Commercial-Panel"
            }
          }
        ],
        "uri": "http://oireachtas.ie/ie/oireachtas/member/Mary-Frances-Davidson.S.1950-06-16/seanad/10"
      }
    },
    {
      "membership": {
        "dateRange": {
          "end": "1969-07-24",
          "start": "1965-06-23"
        },
        "house": {
          "showAs": "11th Seanad",
          "uri": "http://oireachtas.ie/ie/oireachtas/house/seanad/11"
        },
        "offices": [],
        "parties": [],
        "represents": [
          {
            "represent": {
              "showAs": "Industrial and Commercial Panel",
              "uri": "http://oireachtas.ie/ie/oireachtas/house/seanad/11/panel/Industrial-and-Commercial-Panel"
            }
          }
        ],
        "uri": "http://oireachtas.ie/ie/oireachtas/member/Mary-Frances-Davidson.S.1950-06-16/seanad/11"
      }
    }
  ],
  "profession": "Secretary",
  "showAs": "Ms. Mary Frances Davidson",
  "uri": "http://oireachtas.ie/ie/oireachtas/member/Mary-Frances-Davidson.S.1950-06-16"
}