{
  "dateOfBirth": "1936-09-01",
  "dateOfDeath": "1997-09-25",
  "firstName": "Jim",
  "fullName": "Jim Kemmy",
  "gender": null,
  "image": "http://www.oireachtas.ie//MembersImages/573m.jpg",
  "lastName": "Kemmy",
  "memberships": [
    {
      "membership": {
        "dateRange": {
          "end": "1982-02-27",
          "start": "1981-06-30"
        },
        "house": {
          "showAs": "22nd D\u00e1il",
          "uri": "http://oireachtas.ie/ie/oireachtas/house/dail/22"
        },
        "offices": [],
        "parties": [
          {
            "party": {
              "dateRange": {
                "end": "1982-02-27",
                "start": "1981-06-11"
              },
              "showAs": "Independent",
              "uri": "http://oireachtas.ie/ie/oireachtas/party/dail/22/Independent"
            }
          }
        ],
        "represents": [
          {
            "represent": {
              "showAs": "Limerick East",
              "uri": "http://oireachtas.ie/ie/oireachtas/house/dail/22/constituency/Limerick-East"
            }
          }
        ],
        "uri": "http://oireachtas.ie/ie/oireachtas/member/Jim-Kemmy.D.1981-06-30/dail/22"
      }
    },
    {
      "membership": {
        "dateRange": {
          "end": "1982-11-04",
          "start": "1982-03-09"
        },
        "house": {
          "showAs": "23rd D\u00e1il",
          "uri": "http://oireachtas.ie/ie/oireachtas/house/dail/23"
        },
        "offices": [],
        "parties": [
          {
            "party": {
              "dateRange": {
                "end": "1982-11-04",
                "start": "1982-02-18"
              },
              "showAs": "Democratic Socialist Party",
              "uri": "http://oireachtas.ie/ie/oireachtas/party/dail/23/Democratic_Socialist_Party"
            }
          }
        ],
        "represents": [
          {
            "represent": {
              "showAs": "Limerick East",
              "uri": "http://oireachtas.ie/ie/oireachtas/house/dail/23/constituency/Limerick-East"
            }
          }
        ],
        "uri": "http://oireachtas.ie/ie/oireachtas/member/Jim-Kemmy.D.1981-06-30/dail/23"
      }
    },
    {
      "membership": {
        "dateRange": {
          "end": "1989-05-25",
          "start": "1987-03-10"
        },
        "house": {
          "showAs": "25th D\u00e1il",
          "uri": "http://oireachtas.ie/ie/oireachtas/house/dail/25"
        },
        "offices": [],
        "parties": [
          {
            "party": {
              "dateRange": {
                "end": "1989-05-25",
                "start": "1987-02-17"
              },
              "showAs": "Democratic Socialist Party",
              "uri": "http://oireachtas.ie/ie/oireachtas/party/dail/25/Democratic_Socialist_Party"
            }
          }
        ],
        "represents": [
          {
            "represent": {
              "showAs": "Limerick East",
              "uri": "http://oireachtas.ie/ie/oireachtas/house/dail/25/constituency/Limerick-East"
            }
          }
        ],
        "uri": "http://oireachtas.ie/ie/oireachtas/member/Jim-Kemmy.D.1981-06-30/dail/25"
      }
    },
    {
      "membership": {
        "dateRange": {
          "end": "1992-11-05",
          "start": "1989-06-29"
        },
        "house": {
          "showAs": "26th D\u00e1il",
          "uri": "http://oireachtas.ie/ie/oireachtas/house/dail/26"
        },
        "offices": [],
        "parties": [
          {
            "party": {
              "dateRange": {
                "end": "1992-11-05",
                "start": "1989-06-15"
              },
              "showAs": "Democratic Socialist Party",
              "uri": "http://oireachtas.ie/ie/oireachtas/party/dail/26/Democratic_Socialist_Party"
            }
          }
        ],
        "represents": [
          {
            "represent": {
              "showAs": "Limerick East",
              "uri": "http://oireachtas.ie/ie/oireachtas/house/dail/26/constituency/Limerick-East"
            }
          }
        ],
        "uri": "http://oireachtas.ie/ie/oireachtas/member/Jim-Kemmy.D.1981-06-30/dail/26"
      }
    },
    {
      "membership": {
        "dateRange": {
          "end": "1997-05-15",
          "start": "1992-12-14"
        },
        "house": {
          "showAs": "27th D\u00e1il",
          "uri": "http://oireachtas.ie/ie/oireachtas/house/dail/27"
        },
        "offices": [],
        "parties": [
          {
            "party": {
              "dateRange": {
                "end": "1997-05-15",
                "start": "1992-11-25"
              },
              "showAs": "Labour Party",
              "uri": "http://oireachtas.ie/ie/oireachtas/party/dail/27/Labour_Party"
            }
          }
        ],
        "represents": [
          {
            "represent": {
              "showAs": "Limerick East",
              "uri": "http://oireachtas.ie/ie/oireachtas/house/dail/27/constituency/Limerick-East"
            }
          }
        ],
        "uri": "http://oireachtas.ie/ie/oireachtas/member/Jim-Kemmy.D.1981-06-30/dail/27"
      }
    },
    {
      "membership": {
        "dateRange": {
          "end": "1997-09-25",
          "start": "1997-06-26"
        },
        "house": {
          "showAs": "28th D\u00e1il",
          "uri": "http://oireachtas.ie/ie/oireachtas/house/dail/28"
        },
        "offices": [],
        "parties": [
          {
            "party": {
              "dateRange": {
                "end": "1997-09-25",
                "start": "1997-06-06"
              },
              "showAs": "Labour Party",
              "uri": "http://oireachtas.ie/ie/oireachtas/party/dail/28/Labour_Party"
            }
          }
        ],
        "represents": [
          {
            "represent": {
              "showAs": "Limerick East",
              "uri": "http://oireachtas.ie/ie/oireachtas/house/dail/28/constituency/Limerick-East"
            }
          }
        ],
        "uri": "http://oireachtas.ie/ie/oireachtas/member/Jim-Kemmy.D.1981-06-30/dail/28"
      }
    }
  ],
  "profession": "Stone Mason",
  "showAs": "Mr. Jim Kemmy",
  "uri": "http://oireachtas.ie/ie/oireachtas/member/Jim-Kemmy.D.1981-06-30"
}