{
  "dateOfBirth": "1932-03-29",
  "dateOfDeath": null,
  "firstName": "Richard",
  "fullName": "Richard Burke",
  "gender": null,
  "image": null,
  "lastName": "Burke",
  "memberships": [
    {
      "membership": {
        "dateRange": {
          "end": "1973-02-05",
          "start": "1969-07-02"
        },
        "house": {
          "showAs": "19th D\u00e1il",
          "uri": "http://oireachtas.ie/ie/oireachtas/house/dail/19"
        },
        "offices": [],
        "parties": [
          {
            "party": {
              "dateRange": {
                "end": "1973-02-05",
                "start": "1969-06-18"
              },
              "showAs": "Fine Gael",
              "uri": "http://oireachtas.ie/ie/oireachtas/party/dail/19/Fine_Gael"
            }
          }
        ],
        "represents": [
          {
            "represent": {
              "showAs": "Dublin County South",
              "uri": "http://oireachtas.ie/ie/oireachtas/house/dail/19/constituency/Dublin-County-South"
            }
          }
        ],
        "uri": "http://oireachtas.ie/ie/oireachtas/member/Richard-Burke.D.1969-07-02/dail/19"
      }
    },
    {
      "membership": {
        "dateRange": {
          "end": "1977-05-25",
          "start": "1973-03-14"
        },
        "house": {
          "showAs": "20th D\u00e1il",
          "uri": "http://oireachtas.ie/ie/oireachtas/house/dail/20"
        },
        "offices": [
          {
            "office": {
              "cabinet": {
                "showAs": "Government of the 20th D\u00e1il",
                "uri": "http://oireachtas.ie/ie/oireachtas/cabinet/dail/20"
              },
              "dateRange": {
                "end": "1976-12-02",
                "start": "1973-03-14"
              },
              "officeName": {
                "showAs": "Minister for Education",
                "uri": "http://oireachtas.ie/ie/oireachtas/office/minister/education"
              }
            }
          }
        ],
        "parties": [
          {
            "party": {
              "dateRange": {
                "end": "1977-05-25",
                "start": "1973-02-28"
              },
              "showAs": "Fine Gael",
              "uri": "http://oireachtas.ie/ie/oireachtas/party/dail/20/Fine_Gael"
            }
          }
        ],
        "represents": [
          {
            "represent": {
              "showAs": "Dublin County South",
              "uri": "http://oireachtas.ie/ie/oireachtas/house/dail/20/constituency/Dublin-County-South"
            }
          }
        ],
        "uri": "http://oireachtas.ie/ie/oireachtas/member/Richard-Burke.D.1969-07-02/dail/20"
      }
    },
    {
      "membership": {
        "dateRange": {
          "end": "1982-02-27",
          "start": "1981-06-30"
        },
        "house": {
          "showAs": "22nd D\u00e1il",
          "uri": "http://oireachtas.ie/ie/oireachtas/house/dail/22"
        },
        "offices": [],
        "parties": [
          {
            "party": {
              "dateRange": {
                "end": "1982-02-27",
                "start": "1981-06-11"
              },
              "showAs": "Fine Gael",
              "uri": "http://oireachtas.ie/ie/oireachtas/party/dail/22/Fine_Gael"
            }
          }
        ],
        "represents": [
          {
            "represent": {
              "showAs": "Dublin West",
              "uri": "http://oireachtas.ie/ie/oireachtas/house/dail/22/constituency/Dublin-West"
            }
          }
        ],
        "uri": "http://oireachtas.ie/ie/oireachtas/member/Richard-Burke.D.1969-07-02/dail/22"
      }
    },
    {
      "membership": {
        "dateRange": {
          "end": "1982-05-25",
          "start": "1982-03-09"
        },
        "house": {
          "showAs": "23rd D\u00e1il",
          "uri": "http://oireachtas.ie/ie/oireachtas/house/dail/23"
        },
        "offices": [],
        "parties": [
          {
            "party": {
              "dateRange": {
                "end": "1982-05-25",
                "start": "1982-02-18"
              },
              "showAs": "Fine Gael",
              "uri": "http://oireachtas.ie/ie/oireachtas/party/dail/23/Fine_Gael"
            }
          }
        ],
        "represents": [
          {
            "represent": {
              "showAs": "Dublin West",
              "uri": "http://oireachtas.ie/ie/oireachtas/house/dail/23/constituency/Dublin-West"
            }
          }
        ],
        "uri": "http://oireachtas.ie/ie/oireachtas/member/Richard-Burke.D.1969-07-02/dail/23"
      }
    }
  ],
  "profession": "Secondary Teacher",
  "showAs": "Mr. Richard Burke",
  "uri": "http://oireachtas.ie/ie/oireachtas/member/Richard-Burke.D.1969-07-02"
}