{
  "dateOfBirth": null,
  "dateOfDeath": null,
  "firstName": "Fidelma",
  "fullName": "Fidelma Healy Eames",
  "gender": null,
  "image": "/MembersImages/2223j.jpg",
  "lastName": "Healy Eames",
  "memberships": [
    {
      "membership": {
        "dateRange": {
          "end": "2011-04-25",
          "start": "2007-07-23"
        },
        "house": {
          "showAs": "23rd Seanad",
          "uri": "http://oireachtas.ie/ie/oireachtas/house/seanad/23"
        },
        "offices": [],
        "parties": [],
        "represents": [
          {
            "represent": {
              "showAs": "Labour Panel",
              "uri": "http://oireachtas.ie/ie/oireachtas/house/seanad/23/panel/Labour-Panel"
            }
          }
        ],
        "uri": "http://oireachtas.ie/ie/oireachtas/member/Fidelma-Healy-Eames.S.2007-07-23/seanad/23"
      }
    },
    {
      "membership": {
        "dateRange": {
          "end": "2016-06-07",
          "start": "2011-05-25"
        },
        "house": {
          "showAs": "24th Seanad",
          "uri": "http://oireachtas.ie/ie/oireachtas/house/seanad/24"
        },
        "offices": [],
        "parties": [],
        "represents": [
          {
            "represent": {
              "showAs": "Labour Panel",
              "uri": "http://oireachtas.ie/ie/oireachtas/house/seanad/24/panel/Labour-Panel"
            }
          }
        ],
        "uri": "http://oireachtas.ie/ie/oireachtas/member/Fidelma-Healy-Eames.S.2007-07-23/seanad/24"
      }
    }
  ],
  "profession": "Former primary teacher, College lecturer in Teacher Education and County Councillor",
  "showAs": "Ms. Fidelma Healy Eames",
  "uri": "http://oireachtas.ie/ie/oireachtas/member/Fidelma-Healy-Eames.S.2007-07-23"
}