{
  "dateOfBirth": "1936-11-27",
  "dateOfDeath": null,
  "firstName": "Feargal",
  "fullName": "Feargal Quinn",
  "gender": null,
  "image": "/MembersImages/1972u.jpg",
  "lastName": "Quinn",
  "memberships": [
    {
      "membership": {
        "dateRange": {
          "end": "1997-07-10",
          "start": "1993-02-17"
        },
        "house": {
          "showAs": "20th Seanad",
          "uri": "http://oireachtas.ie/ie/oireachtas/house/seanad/20"
        },
        "offices": [],
        "parties": [],
        "represents": [
          {
            "represent": {
              "showAs": "National University of Ireland",
              "uri": "http://oireachtas.ie/ie/oireachtas/house/seanad/20/panel/National-University-of-Ireland"
            }
          }
        ],
        "uri": "http://oireachtas.ie/ie/oireachtas/member/Feargal-Quinn.S.1993-02-17/seanad/20"
      }
    },
    {
      "membership": {
        "dateRange": {
          "end": "2002-06-26",
          "start": "1997-09-17"
        },
        "house": {
          "showAs": "21st Seanad",
          "uri": "http://oireachtas.ie/ie/oireachtas/house/seanad/21"
        },
        "offices": [],
        "parties": [],
        "represents": [
          {
            "represent": {
              "showAs": "National University of Ireland",
              "uri": "http://oireachtas.ie/ie/oireachtas/house/seanad/21/panel/National-University-of-Ireland"
            }
          }
        ],
        "uri": "http://oireachtas.ie/ie/oireachtas/member/Feargal-Quinn.S.1993-02-17/seanad/21"
      }
    },
    {
      "membership": {
        "dateRange": {
          "end": "2007-07-22",
          "start": "2002-09-12"
        },
        "house": {
          "showAs": "22nd Seanad",
          "uri": "http://oireachtas.ie/ie/oireachtas/house/seanad/22"
        },
        "offices": [],
        "parties": [],
        "represents": [
          {
            "represent": {
              "showAs": "National University of Ireland",
              "uri": "http://oireachtas.ie/ie/oireachtas/house/seanad/22/panel/National-University-of-Ireland"
            }
          }
        ],
        "uri": "http://oireachtas.ie/ie/oireachtas/member/Feargal-Quinn.S.1993-02-17/seanad/22"
      }
    },
    {
      "membership": {
        "dateRange": {
          "end": "2011-04-25",
          "start": "2007-07-23"
        },
        "house": {
          "showAs": "23rd Seanad",
          "uri": "http://oireachtas.ie/ie/oireachtas/house/seanad/23"
        },
        "offices": [],
        "parties": [],
        "represents": [
          {
            "represent": {
              "showAs": "National University of Ireland",
              "uri": "http://oireachtas.ie/ie/oireachtas/house/seanad/23/panel/National-University-of-Ireland"
            }
          }
        ],
        "uri": "http://oireachtas.ie/ie/oireachtas/member/Feargal-Quinn.S.1993-02-17/seanad/23"
      }
    },
    {
      "membership": {
        "dateRange": {
          "end": "2016-06-07",
          "start": "2011-05-25"
        },
        "house": {
          "showAs": "24th Seanad",
          "uri": "http://oireachtas.ie/ie/oireachtas/house/seanad/24"
        },
        "offices": [],
        "parties": [],
        "represents": [
          {
            "represent": {
              "showAs": "National University of Ireland",
              "uri": "http://oireachtas.ie/ie/oireachtas/house/seanad/24/panel/National-University-of-Ireland"
            }
          }
        ],
        "uri": "http://oireachtas.ie/ie/oireachtas/member/Feargal-Quinn.S.1993-02-17/seanad/24"
      }
    }
  ],
  "profession": "Grocer",
  "showAs": "Mr. Feargal Quinn",
  "uri": "http://oireachtas.ie/ie/oireachtas/member/Feargal-Quinn.S.1993-02-17"
}