{
  "dateOfBirth": "1943-05-21",
  "dateOfDeath": null,
  "firstName": "Michael",
  "fullName": "Michael Noonan",
  "gender": null,
  "image": "http://www.oireachtas.ie//MembersImages/141.jpg",
  "lastName": "Noonan",
  "memberships": [
    {
      "membership": {
        "dateRange": {
          "end": "1982-02-27",
          "start": "1981-06-30"
        },
        "house": {
          "showAs": "22nd D\u00e1il",
          "uri": "http://oireachtas.ie/ie/oireachtas/house/dail/22"
        },
        "offices": [],
        "parties": [
          {
            "party": {
              "dateRange": {
                "end": "1982-02-27",
                "start": "1981-06-11"
              },
              "showAs": "Fine Gael",
              "uri": "http://oireachtas.ie/ie/oireachtas/party/dail/22/Fine_Gael"
            }
          }
        ],
        "represents": [
          {
            "represent": {
              "showAs": "Limerick East",
              "uri": "http://oireachtas.ie/ie/oireachtas/house/dail/22/constituency/Limerick-East"
            }
          }
        ],
        "uri": "http://oireachtas.ie/ie/oireachtas/member/Michael-Noonan.D.1981-06-30/dail/22"
      }
    },
    {
      "membership": {
        "dateRange": {
          "end": "1982-11-04",
          "start": "1982-03-09"
        },
        "house": {
          "showAs": "23rd D\u00e1il",
          "uri": "http://oireachtas.ie/ie/oireachtas/house/dail/23"
        },
        "offices": [],
        "parties": [
          {
            "party": {
              "dateRange": {
                "end": "1982-11-04",
                "start": "1982-02-18"
              },
              "showAs": "Fine Gael",
              "uri": "http://oireachtas.ie/ie/oireachtas/party/dail/23/Fine_Gael"
            }
          }
        ],
        "represents": [
          {
            "represent": {
              "showAs": "Limerick East",
              "uri": "http://oireachtas.ie/ie/oireachtas/house/dail/23/constituency/Limerick-East"
            }
          }
        ],
        "uri": "http://oireachtas.ie/ie/oireachtas/member/Michael-Noonan.D.1981-06-30/dail/23"
      }
    },
    {
      "membership": {
        "dateRange": {
          "end": "1987-01-21",
          "start": "1982-12-14"
        },
        "house": {
          "showAs": "24th D\u00e1il",
          "uri": "http://oireachtas.ie/ie/oireachtas/house/dail/24"
        },
        "offices": [
          {
            "office": {
              "cabinet": {
                "showAs": "Government of the 24th D\u00e1il",
                "uri": "http://oireachtas.ie/ie/oireachtas/cabinet/dail/24"
              },
              "dateRange": {
                "end": "1986-02-14",
                "start": "1982-12-14"
              },
              "officeName": {
                "showAs": "Minister for Justice",
                "uri": "http://oireachtas.ie/ie/oireachtas/office/minister/justice"
              }
            }
          },
          {
            "office": {
              "cabinet": {
                "showAs": "Government of the 24th D\u00e1il",
                "uri": "http://oireachtas.ie/ie/oireachtas/cabinet/dail/24"
              },
              "dateRange": {
                "end": "1986-02-19",
                "start": "1986-02-14"
              },
              "officeName": {
                "showAs": "Minister for Industry, Trade, Commerce and Tourism",
                "uri": "http://oireachtas.ie/ie/oireachtas/office/minister/industry__trade__commerce__tourism"
              }
            }
          },
          {
            "office": {
              "cabinet": {
                "showAs": "Government of the 24th D\u00e1il",
                "uri": "http://oireachtas.ie/ie/oireachtas/cabinet/dail/24"
              },
              "dateRange": {
                "end": "1987-03-10",
                "start": "1986-02-19"
              },
              "officeName": {
                "showAs": "Minister for Industry and Commerce",
                "uri": "http://oireachtas.ie/ie/oireachtas/office/minister/industry__commerce"
              }
            }
          },
          {
            "office": {
              "cabinet": {
                "showAs": "Government of the 24th D\u00e1il",
                "uri": "http://oireachtas.ie/ie/oireachtas/cabinet/dail/24"
              },
              "dateRange": {
                "end": "1987-03-10",
                "start": "1987-01-20"
              },
              "officeName": {
                "showAs": "Minister for Energy",
                "uri": "http://oireachtas.ie/ie/oireachtas/office/minister/energy"
              }
            }
          }
        ],
        "parties": [
          {
            "party": {
              "dateRange": {
                "end": "1987-01-21",
                "start": "1982-11-24"
              },
              "showAs": "Fine Gael",
              "uri": "http://oireachtas.ie/ie/oireachtas/party/dail/24/Fine_Gael"
            }
          }
        ],
        "represents": [
          {
            "represent": {
              "showAs": "Limerick East",
              "uri": "http://oireachtas.ie/ie/oireachtas/house/dail/24/constituency/Limerick-East"
            }
          }
        ],
        "uri": "http://oireachtas.ie/ie/oireachtas/member/Michael-Noonan.D.1981-06-30/dail/24"
      }
    },
    {
      "membership": {
        "dateRange": {
          "end": "1989-05-25",
          "start": "1987-03-10"
        },
        "house": {
          "showAs": "25th D\u00e1il",
          "uri": "http://oireachtas.ie/ie/oireachtas/house/dail/25"
        },
        "offices": [],
        "parties": [
          {
            "party": {
              "dateRange": {
                "end": "1989-05-25",
                "start": "1987-02-17"
              },
              "showAs": "Fine Gael",
              "uri": "http://oireachtas.ie/ie/oireachtas/party/dail/25/Fine_Gael"
            }
          }
        ],
        "represents": [
          {
            "represent": {
              "showAs": "Limerick East",
              "uri": "http://oireachtas.ie/ie/oireachtas/house/dail/25/constituency/Limerick-East"
            }
          }
        ],
        "uri": "http://oireachtas.ie/ie/oireachtas/member/Michael-Noonan.D.1981-06-30/dail/25"
      }
    },
    {
      "membership": {
        "dateRange": {
          "end": "1992-11-05",
          "start": "1989-06-29"
        },
        "house": {
          "showAs": "26th D\u00e1il",
          "uri": "http://oireachtas.ie/ie/oireachtas/house/dail/26"
        },
        "offices": [],
        "parties": [
          {
            "party": {
              "dateRange": {
                "end": "1992-11-05",
                "start": "1989-06-15"
              },
              "showAs": "Fine Gael",
              "uri": "http://oireachtas.ie/ie/oireachtas/party/dail/26/Fine_Gael"
            }
          }
        ],
        "represents": [
          {
            "represent": {
              "showAs": "Limerick East",
              "uri": "http://oireachtas.ie/ie/oireachtas/house/dail/26/constituency/Limerick-East"
            }
          }
        ],
        "uri": "http://oireachtas.ie/ie/oireachtas/member/Michael-Noonan.D.1981-06-30/dail/26"
      }
    },
    {
      "membership": {
        "dateRange": {
          "end": "1997-05-15",
          "start": "1992-12-14"
        },
        "house": {
          "showAs": "27th D\u00e1il",
          "uri": "http://oireachtas.ie/ie/oireachtas/house/dail/27"
        },
        "offices": [
          {
            "office": {
              "cabinet": {
                "showAs": "Government of the 27th D\u00e1il",
                "uri": "http://oireachtas.ie/ie/oireachtas/cabinet/dail/27"
              },
              "dateRange": {
                "end": "1997-06-26",
                "start": "1994-12-15"
              },
              "officeName": {
                "showAs": "Minister for Health",
                "uri": "http://oireachtas.ie/ie/oireachtas/office/minister/health"
              }
            }
          }
        ],
        "parties": [
          {
            "party": {
              "dateRange": {
                "end": "1997-05-15",
                "start": "1992-11-25"
              },
              "showAs": "Fine Gael",
              "uri": "http://oireachtas.ie/ie/oireachtas/party/dail/27/Fine_Gael"
            }
          }
        ],
        "represents": [
          {
            "represent": {
              "showAs": "Limerick East",
              "uri": "http://oireachtas.ie/ie/oireachtas/house/dail/27/constituency/Limerick-East"
            }
          }
        ],
        "uri": "http://oireachtas.ie/ie/oireachtas/member/Michael-Noonan.D.1981-06-30/dail/27"
      }
    },
    {
      "membership": {
        "dateRange": {
          "end": "2002-04-25",
          "start": "1997-06-26"
        },
        "house": {
          "showAs": "28th D\u00e1il",
          "uri": "http://oireachtas.ie/ie/oireachtas/house/dail/28"
        },
        "offices": [],
        "parties": [
          {
            "party": {
              "dateRange": {
                "end": "2002-04-25",
                "start": "1997-06-06"
              },
              "showAs": "Fine Gael",
              "uri": "http://oireachtas.ie/ie/oireachtas/party/dail/28/Fine_Gael"
            }
          }
        ],
        "represents": [
          {
            "represent": {
              "showAs": "Limerick East",
              "uri": "http://oireachtas.ie/ie/oireachtas/house/dail/28/constituency/Limerick-East"
            }
          }
        ],
        "uri": "http://oireachtas.ie/ie/oireachtas/member/Michael-Noonan.D.1981-06-30/dail/28"
      }
    },
    {
      "membership": {
        "dateRange": {
          "end": "2007-04-30",
          "start": "2002-06-06"
        },
        "house": {
          "showAs": "29th D\u00e1il",
          "uri": "http://oireachtas.ie/ie/oireachtas/house/dail/29"
        },
        "offices": [],
        "parties": [
          {
            "party": {
              "dateRange": {
                "end": "2007-04-30",
                "start": "2002-05-17"
              },
              "showAs": "Fine Gael",
              "uri": "http://oireachtas.ie/ie/oireachtas/party/dail/29/Fine_Gael"
            }
          }
        ],
        "represents": [
          {
            "represent": {
              "showAs": "Limerick East",
              "uri": "http://oireachtas.ie/ie/oireachtas/house/dail/29/constituency/Limerick-East"
            }
          }
        ],
        "uri": "http://oireachtas.ie/ie/oireachtas/member/Michael-Noonan.D.1981-06-30/dail/29"
      }
    },
    {
      "membership": {
        "dateRange": {
          "end": "2011-02-01",
          "start": "2007-06-14"
        },
        "house": {
          "showAs": "30th D\u00e1il",
          "uri": "http://oireachtas.ie/ie/oireachtas/house/dail/30"
        },
        "offices": [],
        "parties": [
          {
            "party": {
              "dateRange": {
                "end": "2011-02-01",
                "start": "2007-05-24"
              },
              "showAs": "Fine Gael",
              "uri": "http://oireachtas.ie/ie/oireachtas/party/dail/30/Fine_Gael"
            }
          }
        ],
        "represents": [
          {
            "represent": {
              "showAs": "Limerick East",
              "uri": "http://oireachtas.ie/ie/oireachtas/house/dail/30/constituency/Limerick-East"
            }
          }
        ],
        "uri": "http://oireachtas.ie/ie/oireachtas/member/Michael-Noonan.D.1981-06-30/dail/30"
      }
    },
    {
      "membership": {
        "dateRange": {
          "end": "2016-03-09",
          "start": "2011-03-09"
        },
        "house": {
          "showAs": "31st D\u00e1il",
          "uri": "http://oireachtas.ie/ie/oireachtas/house/dail/31"
        },
        "offices": [
          {
            "office": {
              "cabinet": {
                "showAs": "Government of the 31st D\u00e1il",
                "uri": "http://oireachtas.ie/ie/oireachtas/cabinet/dail/31"
              },
              "dateRange": {
                "end": "2016-05-06",
                "start": "2011-03-09"
              },
              "officeName": {
                "showAs": "Minister for Finance",
                "uri": "http://oireachtas.ie/ie/oireachtas/office/minister/finance"
              }
            }
          }
        ],
        "parties": [
          {
            "party": {
              "dateRange": {
                "end": "2016-03-09",
                "start": "2011-02-25"
              },
              "showAs": "Fine Gael",
              "uri": "http://oireachtas.ie/ie/oireachtas/party/dail/31/Fine_Gael"
            }
          }
        ],
        "represents": [
          {
            "represent": {
              "showAs": "Limerick City",
              "uri": "http://oireachtas.ie/ie/oireachtas/house/dail/31/constituency/Limerick-City"
            }
          }
        ],
        "uri": "http://oireachtas.ie/ie/oireachtas/member/Michael-Noonan.D.1981-06-30/dail/31"
      }
    }
  ],
  "profession": "Teacher",
  "showAs": "Mr. Michael Noonan",
  "uri": "http://oireachtas.ie/ie/oireachtas/member/Michael-Noonan.D.1981-06-30"
}