{
  "dateOfBirth": null,
  "dateOfDeath": null,
  "firstName": "James",
  "fullName": "James J. MacKean",
  "gender": null,
  "image": null,
  "lastName": "MacKean",
  "memberships": [
    {
      "membership": {
        "dateRange": {
          "end": "1925-12-05",
          "start": "1922-12-06"
        },
        "house": {
          "showAs": "1922 Seanad",
          "uri": "http://oireachtas.ie/ie/oireachtas/house/seanad/1922"
        },
        "offices": [],
        "parties": [],
        "represents": [
          {
            "represent": {
              "showAs": "1922",
              "uri": "http://oireachtas.ie/ie/oireachtas/house/seanad/1922/panel/1922"
            }
          }
        ],
        "uri": "http://oireachtas.ie/ie/oireachtas/member/James-J-MacKean.S.1922-06-12/seanad/1922"
      }
    },
    {
      "membership": {
        "dateRange": {
          "end": "1928-12-05",
          "start": "1925-12-06"
        },
        "house": {
          "showAs": "1925 Seanad",
          "uri": "http://oireachtas.ie/ie/oireachtas/house/seanad/1925"
        },
        "offices": [],
        "parties": [],
        "represents": [
          {
            "represent": {
              "showAs": "1925",
              "uri": "http://oireachtas.ie/ie/oireachtas/house/seanad/1925/panel/1925"
            }
          }
        ],
        "uri": "http://oireachtas.ie/ie/oireachtas/member/James-J-MacKean.S.1922-06-12/seanad/1925"
      }
    },
    {
      "membership": {
        "dateRange": {
          "end": "1931-12-05",
          "start": "1928-12-06"
        },
        "house": {
          "showAs": "1928 Seanad",
          "uri": "http://oireachtas.ie/ie/oireachtas/house/seanad/1928"
        },
        "offices": [],
        "parties": [],
        "represents": [
          {
            "represent": {
              "showAs": "1928",
              "uri": "http://oireachtas.ie/ie/oireachtas/house/seanad/1928/panel/1928"
            }
          }
        ],
        "uri": "http://oireachtas.ie/ie/oireachtas/member/James-J-MacKean.S.1922-06-12/seanad/1928"
      }
    },
    {
      "membership": {
        "dateRange": {
          "end": "1934-12-05",
          "start": "1931-12-06"
        },
        "house": {
          "showAs": "1931 Seanad",
          "uri": "http://oireachtas.ie/ie/oireachtas/house/seanad/1931"
        },
        "offices": [],
        "parties": [],
        "represents": [
          {
            "represent": {
              "showAs": "1931",
              "uri": "http://oireachtas.ie/ie/oireachtas/house/seanad/1931/panel/1931"
            }
          }
        ],
        "uri": "http://oireachtas.ie/ie/oireachtas/member/James-J-MacKean.S.1922-06-12/seanad/1931"
      }
    },
    {
      "membership": {
        "dateRange": {
          "end": "1936-05-29",
          "start": "1934-12-06"
        },
        "house": {
          "showAs": "1934 Seanad",
          "uri": "http://oireachtas.ie/ie/oireachtas/house/seanad/1934"
        },
        "offices": [],
        "parties": [],
        "represents": [
          {
            "represent": {
              "showAs": "1934",
              "uri": "http://oireachtas.ie/ie/oireachtas/house/seanad/1934/panel/1934"
            }
          }
        ],
        "uri": "http://oireachtas.ie/ie/oireachtas/member/James-J-MacKean.S.1922-06-12/seanad/1934"
      }
    }
  ],
  "profession": "Commercial Representative",
  "showAs": "Mr. James J. MacKean",
  "uri": "http://oireachtas.ie/ie/oireachtas/member/James-J-MacKean.S.1922-06-12"
}