{
  "dateOfBirth": "1875-04-10",
  "dateOfDeath": "1922-05-31",
  "firstName": "Joseph",
  "fullName": "Joseph McGuinness",
  "gender": null,
  "image": null,
  "lastName": "McGuinness",
  "memberships": [
    {
      "membership": {
        "dateRange": {
          "end": "1921-05-10",
          "start": "1919-01-21"
        },
        "house": {
          "showAs": "1st D\u00e1il",
          "uri": "http://oireachtas.ie/ie/oireachtas/house/dail/1"
        },
        "offices": [],
        "parties": [],
        "represents": [
          {
            "represent": {
              "showAs": "Longford",
              "uri": "http://oireachtas.ie/ie/oireachtas/house/dail/1/constituency/Longford"
            }
          }
        ],
        "uri": "http://oireachtas.ie/ie/oireachtas/member/Joseph-McGuinness.D.1919-01-21/dail/1"
      }
    },
    {
      "membership": {
        "dateRange": {
          "end": "1922-05-31",
          "start": "1921-08-16"
        },
        "house": {
          "showAs": "2nd D\u00e1il",
          "uri": "http://oireachtas.ie/ie/oireachtas/house/dail/2"
        },
        "offices": [],
        "parties": [
          {
            "party": {
              "dateRange": {
                "end": "1922-05-31",
                "start": "1921-05-24"
              },
              "showAs": "Sinn F\u00e9in",
              "uri": "http://oireachtas.ie/ie/oireachtas/party/dail/2/Sinn_F\u00e9in"
            }
          }
        ],
        "represents": [
          {
            "represent": {
              "showAs": "Longford\u2013Westmeath",
              "uri": "http://oireachtas.ie/ie/oireachtas/house/dail/2/constituency/Longford\u2013Westmeath"
            }
          }
        ],
        "uri": "http://oireachtas.ie/ie/oireachtas/member/Joseph-McGuinness.D.1919-01-21/dail/2"
      }
    }
  ],
  "profession": null,
  "showAs": "Mr. Joseph McGuinness",
  "uri": "http://oireachtas.ie/ie/oireachtas/member/Joseph-McGuinness.D.1919-01-21"
}