{
  "dateOfBirth": null,
  "dateOfDeath": null,
  "firstName": "Donal",
  "fullName": "Donal O'Callaghan",
  "gender": null,
  "image": null,
  "lastName": "O'Callaghan",
  "memberships": [
    {
      "membership": {
        "dateRange": {
          "end": "1922-06-16",
          "start": "1921-08-16"
        },
        "house": {
          "showAs": "2nd D\u00e1il",
          "uri": "http://oireachtas.ie/ie/oireachtas/house/dail/2"
        },
        "offices": [],
        "parties": [
          {
            "party": {
              "dateRange": {
                "end": "1922-06-16",
                "start": "1921-05-24"
              },
              "showAs": "Sinn F\u00e9in",
              "uri": "http://oireachtas.ie/ie/oireachtas/party/dail/2/Sinn_F\u00e9in"
            }
          }
        ],
        "represents": [
          {
            "represent": {
              "showAs": "Cork Borough",
              "uri": "http://oireachtas.ie/ie/oireachtas/house/dail/2/constituency/Cork-Borough"
            }
          }
        ],
        "uri": "http://oireachtas.ie/ie/oireachtas/member/Donal-O'Callaghan.D.1921-08-16/dail/2"
      }
    }
  ],
  "profession": null,
  "showAs": "Mr. Daniel O'Callaghan",
  "uri": "http://oireachtas.ie/ie/oireachtas/member/Donal-O'Callaghan.D.1921-08-16"
}