{
  "dateOfBirth": null,
  "dateOfDeath": "1951-01-01",
  "firstName": "Gilbert",
  "fullName": "Gilbert Hewson",
  "gender": null,
  "image": null,
  "lastName": "Hewson",
  "memberships": [
    {
      "membership": {
        "dateRange": {
          "end": "1927-08-25",
          "start": "1927-06-23"
        },
        "house": {
          "showAs": "5th D\u00e1il",
          "uri": "http://oireachtas.ie/ie/oireachtas/house/dail/5"
        },
        "offices": [],
        "parties": [
          {
            "party": {
              "dateRange": {
                "end": "1927-08-25",
                "start": "1927-06-09"
              },
              "showAs": "Independent",
              "uri": "http://oireachtas.ie/ie/oireachtas/party/dail/5/Independent"
            }
          }
        ],
        "represents": [
          {
            "represent": {
              "showAs": "Limerick",
              "uri": "http://oireachtas.ie/ie/oireachtas/house/dail/5/constituency/Limerick"
            }
          }
        ],
        "uri": "http://oireachtas.ie/ie/oireachtas/member/Gilbert-Hewson.D.1927-06-23/dail/5"
      }
    }
  ],
  "profession": null,
  "showAs": "Mr. Gilbert Hewson",
  "uri": "http://oireachtas.ie/ie/oireachtas/member/Gilbert-Hewson.D.1927-06-23"
}