{
  "dateOfBirth": "1920-04-13",
  "dateOfDeath": null,
  "firstName": "Liam",
  "fullName": "Liam Cosgrave",
  "gender": null,
  "image": "http://www.oireachtas.ie//MembersImages/234u.jpg",
  "lastName": "Cosgrave",
  "memberships": [
    {
      "membership": {
        "dateRange": {
          "end": "1944-05-10",
          "start": "1943-07-01"
        },
        "house": {
          "showAs": "11th D\u00e1il",
          "uri": "http://oireachtas.ie/ie/oireachtas/house/dail/11"
        },
        "offices": [],
        "parties": [
          {
            "party": {
              "dateRange": {
                "end": "1944-05-10",
                "start": "1943-06-23"
              },
              "showAs": "Fine Gael",
              "uri": "http://oireachtas.ie/ie/oireachtas/party/dail/11/Fine_Gael"
            }
          }
        ],
        "represents": [
          {
            "represent": {
              "showAs": "Dublin County",
              "uri": "http://oireachtas.ie/ie/oireachtas/house/dail/11/constituency/Dublin-County"
            }
          }
        ],
        "uri": "http://oireachtas.ie/ie/oireachtas/member/Liam-Cosgrave.D.1943-07-01/dail/11"
      }
    },
    {
      "membership": {
        "dateRange": {
          "end": "1948-01-12",
          "start": "1944-06-09"
        },
        "house": {
          "showAs": "12th D\u00e1il",
          "uri": "http://oireachtas.ie/ie/oireachtas/house/dail/12"
        },
        "offices": [],
        "parties": [
          {
            "party": {
              "dateRange": {
                "end": "1948-01-12",
                "start": "1944-05-30"
              },
              "showAs": "Fine Gael",
              "uri": "http://oireachtas.ie/ie/oireachtas/party/dail/12/Fine_Gael"
            }
          }
        ],
        "represents": [
          {
            "represent": {
              "showAs": "Dublin County",
              "uri": "http://oireachtas.ie/ie/oireachtas/house/dail/12/constituency/Dublin-County"
            }
          }
        ],
        "uri": "http://oireachtas.ie/ie/oireachtas/member/Liam-Cosgrave.D.1943-07-01/dail/12"
      }
    },
    {
      "membership": {
        "dateRange": {
          "end": "1951-05-07",
          "start": "1948-02-18"
        },
        "house": {
          "showAs": "13th D\u00e1il",
          "uri": "http://oireachtas.ie/ie/oireachtas/house/dail/13"
        },
        "offices": [],
        "parties": [
          {
            "party": {
              "dateRange": {
                "end": "1951-05-07",
                "start": "1948-02-04"
              },
              "showAs": "Fine Gael",
              "uri": "http://oireachtas.ie/ie/oireachtas/party/dail/13/Fine_Gael"
            }
          }
        ],
        "represents": [
          {
            "represent": {
              "showAs": "D\u00fan Laoghaire and Rathdown",
              "uri": "http://oireachtas.ie/ie/oireachtas/house/dail/13/constituency/D\u00fan-Laoghaire-and-Rathdown"
            }
          }
        ],
        "uri": "http://oireachtas.ie/ie/oireachtas/member/Liam-Cosgrave.D.1943-07-01/dail/13"
      }
    },
    {
      "membership": {
        "dateRange": {
          "end": "1954-04-24",
          "start": "1951-06-13"
        },
        "house": {
          "showAs": "14th D\u00e1il",
          "uri": "http://oireachtas.ie/ie/oireachtas/house/dail/14"
        },
        "offices": [],
        "parties": [
          {
            "party": {
              "dateRange": {
                "end": "1954-04-24",
                "start": "1951-05-30"
              },
              "showAs": "Fine Gael",
              "uri": "http://oireachtas.ie/ie/oireachtas/party/dail/14/Fine_Gael"
            }
          }
        ],
        "represents": [
          {
            "represent": {
              "showAs": "D\u00fan Laoghaire and Rathdown",
              "uri": "http://oireachtas.ie/ie/oireachtas/house/dail/14/constituency/D\u00fan-Laoghaire-and-Rathdown"
            }
          }
        ],
        "uri": "http://oireachtas.ie/ie/oireachtas/member/Liam-Cosgrave.D.1943-07-01/dail/14"
      }
    },
    {
      "membership": {
        "dateRange": {
          "end": "1957-02-12",
          "start": "1954-06-02"
        },
        "house": {
          "showAs": "15th D\u00e1il",
          "uri": "http://oireachtas.ie/ie/oireachtas/house/dail/15"
        },
        "offices": [
          {
            "office": {
              "cabinet": {
                "showAs": "Government of the 15th D\u00e1il",
                "uri": "http://oireachtas.ie/ie/oireachtas/cabinet/dail/15"
              },
              "dateRange": {
                "end": "1957-03-20",
                "start": "1954-06-02"
              },
              "officeName": {
                "showAs": "Minister for External Affairs",
                "uri": "http://oireachtas.ie/ie/oireachtas/office/minister/external_affairs"
              }
            }
          }
        ],
        "parties": [
          {
            "party": {
              "dateRange": {
                "end": "1957-02-12",
                "start": "1954-05-18"
              },
              "showAs": "Fine Gael",
              "uri": "http://oireachtas.ie/ie/oireachtas/party/dail/15/Fine_Gael"
            }
          }
        ],
        "represents": [
          {
            "represent": {
              "showAs": "D\u00fan Laoghaire and Rathdown",
              "uri": "http://oireachtas.ie/ie/oireachtas/house/dail/15/constituency/D\u00fan-Laoghaire-and-Rathdown"
            }
          }
        ],
        "uri": "http://oireachtas.ie/ie/oireachtas/member/Liam-Cosgrave.D.1943-07-01/dail/15"
      }
    },
    {
      "membership": {
        "dateRange": {
          "end": "1961-09-15",
          "start": "1957-03-20"
        },
        "house": {
          "showAs": "16th D\u00e1il",
          "uri": "http://oireachtas.ie/ie/oireachtas/house/dail/16"
        },
        "offices": [],
        "parties": [
          {
            "party": {
              "dateRange": {
                "end": "1961-09-15",
                "start": "1957-03-05"
              },
              "showAs": "Fine Gael",
              "uri": "http://oireachtas.ie/ie/oireachtas/party/dail/16/Fine_Gael"
            }
          }
        ],
        "represents": [
          {
            "represent": {
              "showAs": "D\u00fan Laoghaire and Rathdown",
              "uri": "http://oireachtas.ie/ie/oireachtas/house/dail/16/constituency/D\u00fan-Laoghaire-and-Rathdown"
            }
          }
        ],
        "uri": "http://oireachtas.ie/ie/oireachtas/member/Liam-Cosgrave.D.1943-07-01/dail/16"
      }
    },
    {
      "membership": {
        "dateRange": {
          "end": "1965-03-18",
          "start": "1961-10-11"
        },
        "house": {
          "showAs": "17th D\u00e1il",
          "uri": "http://oireachtas.ie/ie/oireachtas/house/dail/17"
        },
        "offices": [],
        "parties": [
          {
            "party": {
              "dateRange": {
                "end": "1965-03-18",
                "start": "1961-10-04"
              },
              "showAs": "Fine Gael",
              "uri": "http://oireachtas.ie/ie/oireachtas/party/dail/17/Fine_Gael"
            }
          }
        ],
        "represents": [
          {
            "represent": {
              "showAs": "D\u00fan Laoghaire and Rathdown",
              "uri": "http://oireachtas.ie/ie/oireachtas/house/dail/17/constituency/D\u00fan-Laoghaire-and-Rathdown"
            }
          }
        ],
        "uri": "http://oireachtas.ie/ie/oireachtas/member/Liam-Cosgrave.D.1943-07-01/dail/17"
      }
    },
    {
      "membership": {
        "dateRange": {
          "end": "1969-05-22",
          "start": "1965-04-21"
        },
        "house": {
          "showAs": "18th D\u00e1il",
          "uri": "http://oireachtas.ie/ie/oireachtas/house/dail/18"
        },
        "offices": [],
        "parties": [
          {
            "party": {
              "dateRange": {
                "end": "1969-05-22",
                "start": "1965-04-07"
              },
              "showAs": "Fine Gael",
              "uri": "http://oireachtas.ie/ie/oireachtas/party/dail/18/Fine_Gael"
            }
          }
        ],
        "represents": [
          {
            "represent": {
              "showAs": "D\u00fan Laoghaire and Rathdown",
              "uri": "http://oireachtas.ie/ie/oireachtas/house/dail/18/constituency/D\u00fan-Laoghaire-and-Rathdown"
            }
          }
        ],
        "uri": "http://oireachtas.ie/ie/oireachtas/member/Liam-Cosgrave.D.1943-07-01/dail/18"
      }
    },
    {
      "membership": {
        "dateRange": {
          "end": "1973-02-05",
          "start": "1969-07-02"
        },
        "house": {
          "showAs": "19th D\u00e1il",
          "uri": "http://oireachtas.ie/ie/oireachtas/house/dail/19"
        },
        "offices": [],
        "parties": [
          {
            "party": {
              "dateRange": {
                "end": "1973-02-05",
                "start": "1969-06-18"
              },
              "showAs": "Fine Gael",
              "uri": "http://oireachtas.ie/ie/oireachtas/party/dail/19/Fine_Gael"
            }
          }
        ],
        "represents": [
          {
            "represent": {
              "showAs": "D\u00fan Laoghaire and Rathdown",
              "uri": "http://oireachtas.ie/ie/oireachtas/house/dail/19/constituency/D\u00fan-Laoghaire-and-Rathdown"
            }
          }
        ],
        "uri": "http://oireachtas.ie/ie/oireachtas/member/Liam-Cosgrave.D.1943-07-01/dail/19"
      }
    },
    {
      "membership": {
        "dateRange": {
          "end": "1977-05-25",
          "start": "1973-03-14"
        },
        "house": {
          "showAs": "20th D\u00e1il",
          "uri": "http://oireachtas.ie/ie/oireachtas/house/dail/20"
        },
        "offices": [
          {
            "office": {
              "cabinet": {
                "showAs": "Government of the 20th D\u00e1il",
                "uri": "http://oireachtas.ie/ie/oireachtas/cabinet/dail/20"
              },
              "dateRange": {
                "end": "1977-07-05",
                "start": "1973-03-14"
              },
              "officeName": {
                "showAs": "Taoiseach",
                "uri": "http://oireachtas.ie/ie/oireachtas/office/taoiseach"
              }
            }
          },
          {
            "office": {
              "cabinet": {
                "showAs": "Government of the 20th D\u00e1il",
                "uri": "http://oireachtas.ie/ie/oireachtas/cabinet/dail/20"
              },
              "dateRange": {
                "end": "1976-12-16",
                "start": "1976-12-02"
              },
              "officeName": {
                "showAs": "Minister for Defence",
                "uri": "http://oireachtas.ie/ie/oireachtas/office/minister/defence"
              }
            }
          }
        ],
        "parties": [
          {
            "party": {
              "dateRange": {
                "end": "1977-05-25",
                "start": "1973-02-28"
              },
              "showAs": "Fine Gael",
              "uri": "http://oireachtas.ie/ie/oireachtas/party/dail/20/Fine_Gael"
            }
          }
        ],
        "represents": [
          {
            "represent": {
              "showAs": "D\u00fan Laoghaire and Rathdown",
              "uri": "http://oireachtas.ie/ie/oireachtas/house/dail/20/constituency/D\u00fan-Laoghaire-and-Rathdown"
            }
          }
        ],
        "uri": "http://oireachtas.ie/ie/oireachtas/member/Liam-Cosgrave.D.1943-07-01/dail/20"
      }
    },
    {
      "membership": {
        "dateRange": {
          "end": "1981-05-21",
          "start": "1977-07-05"
        },
        "house": {
          "showAs": "21st D\u00e1il",
          "uri": "http://oireachtas.ie/ie/oireachtas/house/dail/21"
        },
        "offices": [],
        "parties": [
          {
            "party": {
              "dateRange": {
                "end": "1981-05-21",
                "start": "1977-06-16"
              },
              "showAs": "Fine Gael",
              "uri": "http://oireachtas.ie/ie/oireachtas/party/dail/21/Fine_Gael"
            }
          }
        ],
        "represents": [
          {
            "represent": {
              "showAs": "D\u00fan Laoghaire",
              "uri": "http://oireachtas.ie/ie/oireachtas/house/dail/21/constituency/D\u00fan-Laoghaire"
            }
          }
        ],
        "uri": "http://oireachtas.ie/ie/oireachtas/member/Liam-Cosgrave.D.1943-07-01/dail/21"
      }
    }
  ],
  "profession": "Barrister-at-Law",
  "showAs": "Mr. Liam Cosgrave",
  "uri": "http://oireachtas.ie/ie/oireachtas/member/Liam-Cosgrave.D.1943-07-01"
}