{
  "dateOfBirth": null,
  "dateOfDeath": "1922-12-07",
  "firstName": "Se\u00e1n",
  "fullName": "Se\u00e1n Hales",
  "gender": null,
  "image": "http://www.oireachtas.ie//MembersImages/1752a.jpg",
  "lastName": "Hales",
  "memberships": [
    {
      "membership": {
        "dateRange": {
          "end": "1922-06-16",
          "start": "1921-08-16"
        },
        "house": {
          "showAs": "2nd D\u00e1il",
          "uri": "http://oireachtas.ie/ie/oireachtas/house/dail/2"
        },
        "offices": [],
        "parties": [
          {
            "party": {
              "dateRange": {
                "end": "1922-06-16",
                "start": "1921-05-24"
              },
              "showAs": "Sinn F\u00e9in",
              "uri": "http://oireachtas.ie/ie/oireachtas/party/dail/2/Sinn_F\u00e9in"
            }
          }
        ],
        "represents": [
          {
            "represent": {
              "showAs": "Cork Mid, North, South, South East and West",
              "uri": "http://oireachtas.ie/ie/oireachtas/house/dail/2/constituency/Cork-Mid-North-South-South-East-and-West"
            }
          }
        ],
        "uri": "http://oireachtas.ie/ie/oireachtas/member/Se\u00e1n-Hales.D.1921-08-16/dail/2"
      }
    },
    {
      "membership": {
        "dateRange": {
          "end": "1922-12-07",
          "start": "1922-09-09"
        },
        "house": {
          "showAs": "3rd D\u00e1il",
          "uri": "http://oireachtas.ie/ie/oireachtas/house/dail/3"
        },
        "offices": [],
        "parties": [
          {
            "party": {
              "dateRange": {
                "end": "1922-12-07",
                "start": "1922-06-16"
              },
              "showAs": "Sinn F\u00e9in",
              "uri": "http://oireachtas.ie/ie/oireachtas/party/dail/3/Sinn_F\u00e9in"
            }
          }
        ],
        "represents": [
          {
            "represent": {
              "showAs": "Cork Mid, North, South, South East and West",
              "uri": "http://oireachtas.ie/ie/oireachtas/house/dail/3/constituency/Cork-Mid-North-South-South-East-and-West"
            }
          }
        ],
        "uri": "http://oireachtas.ie/ie/oireachtas/member/Se\u00e1n-Hales.D.1921-08-16/dail/3"
      }
    }
  ],
  "profession": null,
  "showAs": "Mr. Sean Hales",
  "uri": "http://oireachtas.ie/ie/oireachtas/member/Se\u00e1n-Hales.D.1921-08-16"
}