{
  "dateOfBirth": "1955-04-01",
  "dateOfDeath": null,
  "firstName": "Brendan",
  "fullName": "Brendan Kenneally",
  "gender": null,
  "image": "http://www.oireachtas.ie//MembersImages/574u.jpg",
  "lastName": "Kenneally",
  "memberships": [
    {
      "membership": {
        "dateRange": {
          "end": "1992-11-05",
          "start": "1989-06-29"
        },
        "house": {
          "showAs": "26th D\u00e1il",
          "uri": "http://oireachtas.ie/ie/oireachtas/house/dail/26"
        },
        "offices": [],
        "parties": [
          {
            "party": {
              "dateRange": {
                "end": "1992-11-05",
                "start": "1989-06-15"
              },
              "showAs": "Fianna F\u00e1il",
              "uri": "http://oireachtas.ie/ie/oireachtas/party/dail/26/Fianna_F\u00e1il"
            }
          }
        ],
        "represents": [
          {
            "represent": {
              "showAs": "Waterford",
              "uri": "http://oireachtas.ie/ie/oireachtas/house/dail/26/constituency/Waterford"
            }
          }
        ],
        "uri": "http://oireachtas.ie/ie/oireachtas/member/Brendan-Kenneally.D.1989-06-29/dail/26"
      }
    },
    {
      "membership": {
        "dateRange": {
          "end": "1997-05-15",
          "start": "1992-12-14"
        },
        "house": {
          "showAs": "27th D\u00e1il",
          "uri": "http://oireachtas.ie/ie/oireachtas/house/dail/27"
        },
        "offices": [],
        "parties": [
          {
            "party": {
              "dateRange": {
                "end": "1997-05-15",
                "start": "1992-11-25"
              },
              "showAs": "Fianna F\u00e1il",
              "uri": "http://oireachtas.ie/ie/oireachtas/party/dail/27/Fianna_F\u00e1il"
            }
          }
        ],
        "represents": [
          {
            "represent": {
              "showAs": "Waterford",
              "uri": "http://oireachtas.ie/ie/oireachtas/house/dail/27/constituency/Waterford"
            }
          }
        ],
        "uri": "http://oireachtas.ie/ie/oireachtas/member/Brendan-Kenneally.D.1989-06-29/dail/27"
      }
    },
    {
      "membership": {
        "dateRange": {
          "end": "2002-04-25",
          "start": "1997-06-26"
        },
        "house": {
          "showAs": "28th D\u00e1il",
          "uri": "http://oireachtas.ie/ie/oireachtas/house/dail/28"
        },
        "offices": [],
        "parties": [
          {
            "party": {
              "dateRange": {
                "end": "2002-04-25",
                "start": "1997-06-06"
              },
              "showAs": "Fianna F\u00e1il",
              "uri": "http://oireachtas.ie/ie/oireachtas/party/dail/28/Fianna_F\u00e1il"
            }
          }
        ],
        "represents": [
          {
            "represent": {
              "showAs": "Waterford",
              "uri": "http://oireachtas.ie/ie/oireachtas/house/dail/28/constituency/Waterford"
            }
          }
        ],
        "uri": "http://oireachtas.ie/ie/oireachtas/member/Brendan-Kenneally.D.1989-06-29/dail/28"
      }
    },
    {
      "membership": {
        "dateRange": {
          "end": "2007-07-22",
          "start": "2002-09-12"
        },
        "house": {
          "showAs": "22nd Seanad",
          "uri": "http://oireachtas.ie/ie/oireachtas/house/seanad/22"
        },
        "offices": [],
        "parties": [],
        "represents": [
          {
            "represent": {
              "showAs": "Nominated by the Taoiseach",
              "uri": "http://oireachtas.ie/ie/oireachtas/house/seanad/22/panel/Nominated-by-the-Taoiseach"
            }
          }
        ],
        "uri": "http://oireachtas.ie/ie/oireachtas/member/Brendan-Kenneally.D.1989-06-29/seanad/22"
      }
    },
    {
      "membership": {
        "dateRange": {
          "end": "2011-02-01",
          "start": "2007-06-14"
        },
        "house": {
          "showAs": "30th D\u00e1il",
          "uri": "http://oireachtas.ie/ie/oireachtas/house/dail/30"
        },
        "offices": [],
        "parties": [
          {
            "party": {
              "dateRange": {
                "end": "2011-02-01",
                "start": "2007-05-24"
              },
              "showAs": "Fianna F\u00e1il",
              "uri": "http://oireachtas.ie/ie/oireachtas/party/dail/30/Fianna_F\u00e1il"
            }
          }
        ],
        "represents": [
          {
            "represent": {
              "showAs": "Waterford",
              "uri": "http://oireachtas.ie/ie/oireachtas/house/dail/30/constituency/Waterford"
            }
          }
        ],
        "uri": "http://oireachtas.ie/ie/oireachtas/member/Brendan-Kenneally.D.1989-06-29/dail/30"
      }
    }
  ],
  "profession": "Full-Time Public Representative, Formerly Accountant",
  "showAs": "Mr. Brendan Kenneally",
  "uri": "http://oireachtas.ie/ie/oireachtas/member/Brendan-Kenneally.D.1989-06-29"
}