{
  "dateOfBirth": null,
  "dateOfDeath": "1945-08-21",
  "firstName": "Eamonn",
  "fullName": "Eamonn Corbett",
  "gender": null,
  "image": null,
  "lastName": "Corbett",
  "memberships": [
    {
      "membership": {
        "dateRange": {
          "end": "1937-06-14",
          "start": "1935-06-19"
        },
        "house": {
          "showAs": "8th D\u00e1il",
          "uri": "http://oireachtas.ie/ie/oireachtas/house/dail/8"
        },
        "offices": [],
        "parties": [],
        "represents": [
          {
            "represent": {
              "showAs": "Galway",
              "uri": "http://oireachtas.ie/ie/oireachtas/house/dail/8/constituency/Galway"
            }
          }
        ],
        "uri": "http://oireachtas.ie/ie/oireachtas/member/Eamonn-Corbett.D.1935-06-19/dail/8"
      }
    },
    {
      "membership": {
        "dateRange": {
          "end": "1944-05-10",
          "start": "1943-07-01"
        },
        "house": {
          "showAs": "11th D\u00e1il",
          "uri": "http://oireachtas.ie/ie/oireachtas/house/dail/11"
        },
        "offices": [],
        "parties": [
          {
            "party": {
              "dateRange": {
                "end": "1944-05-10",
                "start": "1943-06-23"
              },
              "showAs": "Fianna F\u00e1il",
              "uri": "http://oireachtas.ie/ie/oireachtas/party/dail/11/Fianna_F\u00e1il"
            }
          }
        ],
        "represents": [
          {
            "represent": {
              "showAs": "Galway West",
              "uri": "http://oireachtas.ie/ie/oireachtas/house/dail/11/constituency/Galway-West"
            }
          }
        ],
        "uri": "http://oireachtas.ie/ie/oireachtas/member/Eamonn-Corbett.D.1935-06-19/dail/11"
      }
    }
  ],
  "profession": null,
  "showAs": "Mr. Eamonn Corbett",
  "uri": "http://oireachtas.ie/ie/oireachtas/member/Eamonn-Corbett.D.1935-06-19"
}