{
  "dateOfBirth": null,
  "dateOfDeath": null,
  "firstName": "Archie J.",
  "fullName": "Archie J. Cassidy",
  "gender": null,
  "image": null,
  "lastName": "Cassidy",
  "memberships": [
    {
      "membership": {
        "dateRange": {
          "end": "1932-01-29",
          "start": "1927-10-11"
        },
        "house": {
          "showAs": "6th D\u00e1il",
          "uri": "http://oireachtas.ie/ie/oireachtas/house/dail/6"
        },
        "offices": [],
        "parties": [
          {
            "party": {
              "dateRange": {
                "end": "1932-01-29",
                "start": "1927-09-15"
              },
              "showAs": "Labour Party",
              "uri": "http://oireachtas.ie/ie/oireachtas/party/dail/6/Labour_Party"
            }
          }
        ],
        "represents": [
          {
            "represent": {
              "showAs": "Donegal",
              "uri": "http://oireachtas.ie/ie/oireachtas/house/dail/6/constituency/Donegal"
            }
          }
        ],
        "uri": "http://oireachtas.ie/ie/oireachtas/member/Archie-J-Cassidy.D.1927-10-11/dail/6"
      }
    }
  ],
  "profession": null,
  "showAs": "Mr. Archie J. Cassidy",
  "uri": "http://oireachtas.ie/ie/oireachtas/member/Archie-J-Cassidy.D.1927-10-11"
}