{
  "dateOfBirth": "1892-07-03",
  "dateOfDeath": "1957-07-15",
  "firstName": "Patrick",
  "fullName": "Patrick Kinane",
  "gender": null,
  "image": null,
  "lastName": "Kinane",
  "memberships": [
    {
      "membership": {
        "dateRange": {
          "end": "1948-01-12",
          "start": "1947-10-29"
        },
        "house": {
          "showAs": "12th D\u00e1il",
          "uri": "http://oireachtas.ie/ie/oireachtas/house/dail/12"
        },
        "offices": [],
        "parties": [],
        "represents": [
          {
            "represent": {
              "showAs": "Tipperary",
              "uri": "http://oireachtas.ie/ie/oireachtas/house/dail/12/constituency/Tipperary"
            }
          }
        ],
        "uri": "http://oireachtas.ie/ie/oireachtas/member/Patrick-Kinane.D.1947-10-29/dail/12"
      }
    },
    {
      "membership": {
        "dateRange": {
          "end": "1951-05-07",
          "start": "1948-02-18"
        },
        "house": {
          "showAs": "13th D\u00e1il",
          "uri": "http://oireachtas.ie/ie/oireachtas/house/dail/13"
        },
        "offices": [],
        "parties": [
          {
            "party": {
              "dateRange": {
                "end": "1951-05-07",
                "start": "1948-02-04"
              },
              "showAs": "Clann na Poblachta",
              "uri": "http://oireachtas.ie/ie/oireachtas/party/dail/13/Clann_na_Poblachta"
            }
          }
        ],
        "represents": [
          {
            "represent": {
              "showAs": "Tipperary North",
              "uri": "http://oireachtas.ie/ie/oireachtas/house/dail/13/constituency/Tipperary-North"
            }
          }
        ],
        "uri": "http://oireachtas.ie/ie/oireachtas/member/Patrick-Kinane.D.1947-10-29/dail/13"
      }
    }
  ],
  "profession": "Farmer",
  "showAs": "Mr. Patrick Kinane",
  "uri": "http://oireachtas.ie/ie/oireachtas/member/Patrick-Kinane.D.1947-10-29"
}