{
  "dateOfBirth": "1882-10-26",
  "dateOfDeath": "1950-04-26",
  "firstName": "McGillycuddy of the",
  "fullName": "McGillycuddy of the Reeks",
  "gender": null,
  "image": null,
  "lastName": "Reeks",
  "memberships": [
    {
      "membership": {
        "dateRange": {
          "end": "1931-12-05",
          "start": "1928-12-06"
        },
        "house": {
          "showAs": "1928 Seanad",
          "uri": "http://oireachtas.ie/ie/oireachtas/house/seanad/1928"
        },
        "offices": [],
        "parties": [],
        "represents": [
          {
            "represent": {
              "showAs": "1928",
              "uri": "http://oireachtas.ie/ie/oireachtas/house/seanad/1928/panel/1928"
            }
          }
        ],
        "uri": "http://oireachtas.ie/ie/oireachtas/member/McGillycuddy-of-the-Reeks.S.1928-12-06/seanad/1928"
      }
    },
    {
      "membership": {
        "dateRange": {
          "end": "1934-12-05",
          "start": "1931-12-06"
        },
        "house": {
          "showAs": "1931 Seanad",
          "uri": "http://oireachtas.ie/ie/oireachtas/house/seanad/1931"
        },
        "offices": [],
        "parties": [],
        "represents": [
          {
            "represent": {
              "showAs": "1931",
              "uri": "http://oireachtas.ie/ie/oireachtas/house/seanad/1931/panel/1931"
            }
          }
        ],
        "uri": "http://oireachtas.ie/ie/oireachtas/member/McGillycuddy-of-the-Reeks.S.1928-12-06/seanad/1931"
      }
    },
    {
      "membership": {
        "dateRange": {
          "end": "1936-05-29",
          "start": "1934-12-06"
        },
        "house": {
          "showAs": "1934 Seanad",
          "uri": "http://oireachtas.ie/ie/oireachtas/house/seanad/1934"
        },
        "offices": [],
        "parties": [],
        "represents": [
          {
            "represent": {
              "showAs": "1934",
              "uri": "http://oireachtas.ie/ie/oireachtas/house/seanad/1934/panel/1934"
            }
          }
        ],
        "uri": "http://oireachtas.ie/ie/oireachtas/member/McGillycuddy-of-the-Reeks.S.1928-12-06/seanad/1934"
      }
    },
    {
      "membership": {
        "dateRange": {
          "end": "1938-07-22",
          "start": "1938-04-27"
        },
        "house": {
          "showAs": "2nd Seanad",
          "uri": "http://oireachtas.ie/ie/oireachtas/house/seanad/2"
        },
        "offices": [],
        "parties": [],
        "represents": [
          {
            "represent": {
              "showAs": "Agricultural Panel",
              "uri": "http://oireachtas.ie/ie/oireachtas/house/seanad/2/panel/Agricultural-Panel"
            }
          }
        ],
        "uri": "http://oireachtas.ie/ie/oireachtas/member/McGillycuddy-of-the-Reeks.S.1928-12-06/seanad/2"
      }
    },
    {
      "membership": {
        "dateRange": {
          "end": "1943-07-14",
          "start": "1938-09-07"
        },
        "house": {
          "showAs": "3rd Seanad",
          "uri": "http://oireachtas.ie/ie/oireachtas/house/seanad/3"
        },
        "offices": [],
        "parties": [],
        "represents": [
          {
            "represent": {
              "showAs": "Agricultural Panel",
              "uri": "http://oireachtas.ie/ie/oireachtas/house/seanad/3/panel/Agricultural-Panel"
            }
          }
        ],
        "uri": "http://oireachtas.ie/ie/oireachtas/member/McGillycuddy-of-the-Reeks.S.1928-12-06/seanad/3"
      }
    }
  ],
  "profession": "Farmer",
  "showAs": "The McGillycuddy of the Reeks",
  "uri": "http://oireachtas.ie/ie/oireachtas/member/McGillycuddy-of-the-Reeks.S.1928-12-06"
}