{
  "dateOfBirth": "1914-12-10",
  "dateOfDeath": "2010-08-10",
  "firstName": "S\u00e9amus",
  "fullName": "S\u00e9amus Dolan",
  "gender": null,
  "image": null,
  "lastName": "Dolan",
  "memberships": [
    {
      "membership": {
        "dateRange": {
          "end": "1965-03-18",
          "start": "1961-10-11"
        },
        "house": {
          "showAs": "17th D\u00e1il",
          "uri": "http://oireachtas.ie/ie/oireachtas/house/dail/17"
        },
        "offices": [],
        "parties": [
          {
            "party": {
              "dateRange": {
                "end": "1965-03-18",
                "start": "1961-10-04"
              },
              "showAs": "Fianna F\u00e1il",
              "uri": "http://oireachtas.ie/ie/oireachtas/party/dail/17/Fianna_F\u00e1il"
            }
          }
        ],
        "represents": [
          {
            "represent": {
              "showAs": "Cavan",
              "uri": "http://oireachtas.ie/ie/oireachtas/house/dail/17/constituency/Cavan"
            }
          }
        ],
        "uri": "http://oireachtas.ie/ie/oireachtas/member/S\u00e9amus-Dolan.D.1961-10-11/dail/17"
      }
    },
    {
      "membership": {
        "dateRange": {
          "end": "1969-07-24",
          "start": "1965-06-23"
        },
        "house": {
          "showAs": "11th Seanad",
          "uri": "http://oireachtas.ie/ie/oireachtas/house/seanad/11"
        },
        "offices": [],
        "parties": [],
        "represents": [
          {
            "represent": {
              "showAs": "Labour Panel",
              "uri": "http://oireachtas.ie/ie/oireachtas/house/seanad/11/panel/Labour-Panel"
            }
          }
        ],
        "uri": "http://oireachtas.ie/ie/oireachtas/member/S\u00e9amus-Dolan.D.1961-10-11/seanad/11"
      }
    },
    {
      "membership": {
        "dateRange": {
          "end": "1977-05-26",
          "start": "1973-06-01"
        },
        "house": {
          "showAs": "13th Seanad",
          "uri": "http://oireachtas.ie/ie/oireachtas/house/seanad/13"
        },
        "offices": [],
        "parties": [],
        "represents": [
          {
            "represent": {
              "showAs": "Labour Panel",
              "uri": "http://oireachtas.ie/ie/oireachtas/house/seanad/13/panel/Labour-Panel"
            }
          }
        ],
        "uri": "http://oireachtas.ie/ie/oireachtas/member/S\u00e9amus-Dolan.D.1961-10-11/seanad/13"
      }
    },
    {
      "membership": {
        "dateRange": {
          "end": "1981-07-16",
          "start": "1977-10-27"
        },
        "house": {
          "showAs": "14th Seanad",
          "uri": "http://oireachtas.ie/ie/oireachtas/house/seanad/14"
        },
        "offices": [],
        "parties": [],
        "represents": [
          {
            "represent": {
              "showAs": "Labour Panel",
              "uri": "http://oireachtas.ie/ie/oireachtas/house/seanad/14/panel/Labour-Panel"
            }
          }
        ],
        "uri": "http://oireachtas.ie/ie/oireachtas/member/S\u00e9amus-Dolan.D.1961-10-11/seanad/14"
      }
    },
    {
      "membership": {
        "dateRange": {
          "end": "1982-04-16",
          "start": "1981-10-08"
        },
        "house": {
          "showAs": "15th Seanad",
          "uri": "http://oireachtas.ie/ie/oireachtas/house/seanad/15"
        },
        "offices": [],
        "parties": [],
        "represents": [
          {
            "represent": {
              "showAs": "Labour Panel",
              "uri": "http://oireachtas.ie/ie/oireachtas/house/seanad/15/panel/Labour-Panel"
            }
          }
        ],
        "uri": "http://oireachtas.ie/ie/oireachtas/member/S\u00e9amus-Dolan.D.1961-10-11/seanad/15"
      }
    }
  ],
  "profession": "National Teacher, Farmer",
  "showAs": "Mr. S\u00e9amus Dolan (Deceased)",
  "uri": "http://oireachtas.ie/ie/oireachtas/member/S\u00e9amus-Dolan.D.1961-10-11"
}