{
  "dateOfBirth": null,
  "dateOfDeath": null,
  "firstName": "Patrick",
  "fullName": "Patrick Leonard",
  "gender": null,
  "image": null,
  "lastName": "Leonard",
  "memberships": [
    {
      "membership": {
        "dateRange": {
          "end": "1927-05-23",
          "start": "1925-03-11"
        },
        "house": {
          "showAs": "4th D\u00e1il",
          "uri": "http://oireachtas.ie/ie/oireachtas/house/dail/4"
        },
        "offices": [],
        "parties": [],
        "represents": [
          {
            "represent": {
              "showAs": "Dublin North",
              "uri": "http://oireachtas.ie/ie/oireachtas/house/dail/4/constituency/Dublin-North"
            }
          }
        ],
        "uri": "http://oireachtas.ie/ie/oireachtas/member/Patrick-Leonard.D.1925-03-11/dail/4"
      }
    },
    {
      "membership": {
        "dateRange": {
          "end": "1932-01-29",
          "start": "1927-10-11"
        },
        "house": {
          "showAs": "6th D\u00e1il",
          "uri": "http://oireachtas.ie/ie/oireachtas/house/dail/6"
        },
        "offices": [],
        "parties": [
          {
            "party": {
              "dateRange": {
                "end": "1932-01-29",
                "start": "1927-09-15"
              },
              "showAs": "Cumann na nGaedheal",
              "uri": "http://oireachtas.ie/ie/oireachtas/party/dail/6/Cumann_na_nGaedheal"
            }
          }
        ],
        "represents": [
          {
            "represent": {
              "showAs": "Dublin North",
              "uri": "http://oireachtas.ie/ie/oireachtas/house/dail/6/constituency/Dublin-North"
            }
          }
        ],
        "uri": "http://oireachtas.ie/ie/oireachtas/member/Patrick-Leonard.D.1925-03-11/dail/6"
      }
    }
  ],
  "profession": "Cattle Salesman",
  "showAs": "Mr. Patrick Leonard",
  "uri": "http://oireachtas.ie/ie/oireachtas/member/Patrick-Leonard.D.1925-03-11"
}