{
  "dateOfBirth": null,
  "dateOfDeath": null,
  "firstName": "Mary Lou",
  "fullName": "Mary Lou McDonald",
  "gender": null,
  "image": "http://www.oireachtas.ie//MembersImages/2298p.jpg",
  "lastName": "McDonald",
  "memberships": [
    {
      "membership": {
        "dateRange": {
          "end": "2016-03-09",
          "start": "2011-03-09"
        },
        "house": {
          "showAs": "31st D\u00e1il",
          "uri": "http://oireachtas.ie/ie/oireachtas/house/dail/31"
        },
        "offices": [],
        "parties": [
          {
            "party": {
              "dateRange": {
                "end": "2016-03-09",
                "start": "2011-02-25"
              },
              "showAs": "Sinn F\u00e9in",
              "uri": "http://oireachtas.ie/ie/oireachtas/party/dail/31/Sinn_F\u00e9in"
            }
          }
        ],
        "represents": [
          {
            "represent": {
              "showAs": "Dublin Central",
              "uri": "http://oireachtas.ie/ie/oireachtas/house/dail/31/constituency/Dublin-Central"
            }
          }
        ],
        "uri": "http://oireachtas.ie/ie/oireachtas/member/Mary-Lou-McDonald.D.2011-03-09/dail/31"
      }
    }
  ],
  "profession": null,
  "showAs": "Ms. Mary Lou McDonald",
  "uri": "http://oireachtas.ie/ie/oireachtas/member/Mary-Lou-McDonald.D.2011-03-09"
}