{
  "dateOfBirth": "1945-06-01",
  "dateOfDeath": null,
  "firstName": "Jarlath",
  "fullName": "Jarlath McDonagh",
  "gender": null,
  "image": "/MembersImages/1954.jpg",
  "lastName": "McDonagh",
  "memberships": [
    {
      "membership": {
        "dateRange": {
          "end": "1997-07-10",
          "start": "1993-02-17"
        },
        "house": {
          "showAs": "20th Seanad",
          "uri": "http://oireachtas.ie/ie/oireachtas/house/seanad/20"
        },
        "offices": [],
        "parties": [],
        "represents": [
          {
            "represent": {
              "showAs": "Labour Panel",
              "uri": "http://oireachtas.ie/ie/oireachtas/house/seanad/20/panel/Labour-Panel"
            }
          }
        ],
        "uri": "http://oireachtas.ie/ie/oireachtas/member/Jarlath-McDonagh.S.1993-02-17/seanad/20"
      }
    },
    {
      "membership": {
        "dateRange": {
          "end": "2002-06-26",
          "start": "1997-09-17"
        },
        "house": {
          "showAs": "21st Seanad",
          "uri": "http://oireachtas.ie/ie/oireachtas/house/seanad/21"
        },
        "offices": [],
        "parties": [],
        "represents": [
          {
            "represent": {
              "showAs": "Labour Panel",
              "uri": "http://oireachtas.ie/ie/oireachtas/house/seanad/21/panel/Labour-Panel"
            }
          }
        ],
        "uri": "http://oireachtas.ie/ie/oireachtas/member/Jarlath-McDonagh.S.1993-02-17/seanad/21"
      }
    }
  ],
  "profession": "Former Teacher",
  "showAs": "Mr. Jarlath McDonagh",
  "uri": "http://oireachtas.ie/ie/oireachtas/member/Jarlath-McDonagh.S.1993-02-17"
}