{
  "dateOfBirth": "1855-02-01",
  "dateOfDeath": "1933-08-25",
  "firstName": "Henry",
  "fullName": "Henry Greer",
  "gender": null,
  "image": null,
  "lastName": "Greer",
  "memberships": [
    {
      "membership": {
        "dateRange": {
          "end": "1925-12-05",
          "start": "1922-12-06"
        },
        "house": {
          "showAs": "1922 Seanad",
          "uri": "http://oireachtas.ie/ie/oireachtas/house/seanad/1922"
        },
        "offices": [],
        "parties": [],
        "represents": [
          {
            "represent": {
              "showAs": "1922",
              "uri": "http://oireachtas.ie/ie/oireachtas/house/seanad/1922/panel/1922"
            }
          }
        ],
        "uri": "http://oireachtas.ie/ie/oireachtas/member/Henry-Greer.S.1922-06-12/seanad/1922"
      }
    },
    {
      "membership": {
        "dateRange": {
          "end": "1928-12-05",
          "start": "1925-12-06"
        },
        "house": {
          "showAs": "1925 Seanad",
          "uri": "http://oireachtas.ie/ie/oireachtas/house/seanad/1925"
        },
        "offices": [],
        "parties": [],
        "represents": [
          {
            "represent": {
              "showAs": "1925",
              "uri": "http://oireachtas.ie/ie/oireachtas/house/seanad/1925/panel/1925"
            }
          }
        ],
        "uri": "http://oireachtas.ie/ie/oireachtas/member/Henry-Greer.S.1922-06-12/seanad/1925"
      }
    }
  ],
  "profession": null,
  "showAs": "Capt. Henry Greer",
  "uri": "http://oireachtas.ie/ie/oireachtas/member/Henry-Greer.S.1922-06-12"
}