{
  "dateOfBirth": null,
  "dateOfDeath": null,
  "firstName": "John",
  "fullName": "John Prior",
  "gender": null,
  "image": null,
  "lastName": "Prior",
  "memberships": [
    {
      "membership": {
        "dateRange": {
          "end": "1927-05-23",
          "start": "1923-09-19"
        },
        "house": {
          "showAs": "4th D\u00e1il",
          "uri": "http://oireachtas.ie/ie/oireachtas/house/dail/4"
        },
        "offices": [],
        "parties": [
          {
            "party": {
              "dateRange": {
                "end": "1927-05-23",
                "start": "1923-08-27"
              },
              "showAs": "Cumann na nGaedheal",
              "uri": "http://oireachtas.ie/ie/oireachtas/party/dail/4/Cumann_na_nGaedheal"
            }
          }
        ],
        "represents": [
          {
            "represent": {
              "showAs": "Cork West",
              "uri": "http://oireachtas.ie/ie/oireachtas/house/dail/4/constituency/Cork-West"
            }
          }
        ],
        "uri": "http://oireachtas.ie/ie/oireachtas/member/John-Prior.D.1923-09-19/dail/4"
      }
    }
  ],
  "profession": null,
  "showAs": "Mr. John Prior",
  "uri": "http://oireachtas.ie/ie/oireachtas/member/John-Prior.D.1923-09-19"
}