{
  "dateOfBirth": null,
  "dateOfDeath": "1937-01-01",
  "firstName": "James",
  "fullName": "James Morrisroe",
  "gender": null,
  "image": null,
  "lastName": "Morrisroe",
  "memberships": [
    {
      "membership": {
        "dateRange": {
          "end": "1937-01-01",
          "start": "1933-02-08"
        },
        "house": {
          "showAs": "8th D\u00e1il",
          "uri": "http://oireachtas.ie/ie/oireachtas/house/dail/8"
        },
        "offices": [],
        "parties": [
          {
            "party": {
              "dateRange": {
                "end": "1937-01-01",
                "start": "1933-01-24"
              },
              "showAs": "Cumann na nGaedheal",
              "uri": "http://oireachtas.ie/ie/oireachtas/party/dail/8/Cumann_na_nGaedheal"
            }
          }
        ],
        "represents": [
          {
            "represent": {
              "showAs": "Mayo North",
              "uri": "http://oireachtas.ie/ie/oireachtas/house/dail/8/constituency/Mayo-North"
            }
          }
        ],
        "uri": "http://oireachtas.ie/ie/oireachtas/member/James-Morrisroe.D.1933-02-08/dail/8"
      }
    }
  ],
  "profession": null,
  "showAs": "Mr. James Morrisroe",
  "uri": "http://oireachtas.ie/ie/oireachtas/member/James-Morrisroe.D.1933-02-08"
}