{
  "dateOfBirth": null,
  "dateOfDeath": "1946-01-21",
  "firstName": "James",
  "fullName": "James Crowley",
  "gender": null,
  "image": null,
  "lastName": "Crowley",
  "memberships": [
    {
      "membership": {
        "dateRange": {
          "end": "1921-05-10",
          "start": "1919-01-21"
        },
        "house": {
          "showAs": "1st D\u00e1il",
          "uri": "http://oireachtas.ie/ie/oireachtas/house/dail/1"
        },
        "offices": [],
        "parties": [],
        "represents": [
          {
            "represent": {
              "showAs": "Kerry North",
              "uri": "http://oireachtas.ie/ie/oireachtas/house/dail/1/constituency/Kerry-North"
            }
          }
        ],
        "uri": "http://oireachtas.ie/ie/oireachtas/member/James-Crowley.D.1919-01-21/dail/1"
      }
    },
    {
      "membership": {
        "dateRange": {
          "end": "1922-06-16",
          "start": "1921-08-16"
        },
        "house": {
          "showAs": "2nd D\u00e1il",
          "uri": "http://oireachtas.ie/ie/oireachtas/house/dail/2"
        },
        "offices": [],
        "parties": [
          {
            "party": {
              "dateRange": {
                "end": "1922-06-16",
                "start": "1921-05-24"
              },
              "showAs": "Sinn F\u00e9in",
              "uri": "http://oireachtas.ie/ie/oireachtas/party/dail/2/Sinn_F\u00e9in"
            }
          }
        ],
        "represents": [
          {
            "represent": {
              "showAs": "Kerry\u2013Limerick West",
              "uri": "http://oireachtas.ie/ie/oireachtas/house/dail/2/constituency/Kerry\u2013Limerick-West"
            }
          }
        ],
        "uri": "http://oireachtas.ie/ie/oireachtas/member/James-Crowley.D.1919-01-21/dail/2"
      }
    },
    {
      "membership": {
        "dateRange": {
          "end": "1923-08-09",
          "start": "1922-09-09"
        },
        "house": {
          "showAs": "3rd D\u00e1il",
          "uri": "http://oireachtas.ie/ie/oireachtas/house/dail/3"
        },
        "offices": [],
        "parties": [
          {
            "party": {
              "dateRange": {
                "end": "1923-08-09",
                "start": "1922-06-16"
              },
              "showAs": "Sinn F\u00e9in",
              "uri": "http://oireachtas.ie/ie/oireachtas/party/dail/3/Sinn_F\u00e9in"
            }
          }
        ],
        "represents": [
          {
            "represent": {
              "showAs": "Kerry\u2013Limerick West",
              "uri": "http://oireachtas.ie/ie/oireachtas/house/dail/3/constituency/Kerry\u2013Limerick-West"
            }
          }
        ],
        "uri": "http://oireachtas.ie/ie/oireachtas/member/James-Crowley.D.1919-01-21/dail/3"
      }
    },
    {
      "membership": {
        "dateRange": {
          "end": "1927-05-23",
          "start": "1923-09-19"
        },
        "house": {
          "showAs": "4th D\u00e1il",
          "uri": "http://oireachtas.ie/ie/oireachtas/house/dail/4"
        },
        "offices": [],
        "parties": [
          {
            "party": {
              "dateRange": {
                "end": "1927-05-23",
                "start": "1923-08-27"
              },
              "showAs": "Cumann na nGaedheal",
              "uri": "http://oireachtas.ie/ie/oireachtas/party/dail/4/Cumann_na_nGaedheal"
            }
          }
        ],
        "represents": [
          {
            "represent": {
              "showAs": "Kerry",
              "uri": "http://oireachtas.ie/ie/oireachtas/house/dail/4/constituency/Kerry"
            }
          }
        ],
        "uri": "http://oireachtas.ie/ie/oireachtas/member/James-Crowley.D.1919-01-21/dail/4"
      }
    },
    {
      "membership": {
        "dateRange": {
          "end": "1927-08-25",
          "start": "1927-06-23"
        },
        "house": {
          "showAs": "5th D\u00e1il",
          "uri": "http://oireachtas.ie/ie/oireachtas/house/dail/5"
        },
        "offices": [],
        "parties": [
          {
            "party": {
              "dateRange": {
                "end": "1927-08-25",
                "start": "1927-06-09"
              },
              "showAs": "Cumann na nGaedheal",
              "uri": "http://oireachtas.ie/ie/oireachtas/party/dail/5/Cumann_na_nGaedheal"
            }
          }
        ],
        "represents": [
          {
            "represent": {
              "showAs": "Kerry",
              "uri": "http://oireachtas.ie/ie/oireachtas/house/dail/5/constituency/Kerry"
            }
          }
        ],
        "uri": "http://oireachtas.ie/ie/oireachtas/member/James-Crowley.D.1919-01-21/dail/5"
      }
    },
    {
      "membership": {
        "dateRange": {
          "end": "1932-01-29",
          "start": "1927-10-11"
        },
        "house": {
          "showAs": "6th D\u00e1il",
          "uri": "http://oireachtas.ie/ie/oireachtas/house/dail/6"
        },
        "offices": [],
        "parties": [
          {
            "party": {
              "dateRange": {
                "end": "1932-01-29",
                "start": "1927-09-15"
              },
              "showAs": "Cumann na nGaedheal",
              "uri": "http://oireachtas.ie/ie/oireachtas/party/dail/6/Cumann_na_nGaedheal"
            }
          }
        ],
        "represents": [
          {
            "represent": {
              "showAs": "Kerry",
              "uri": "http://oireachtas.ie/ie/oireachtas/house/dail/6/constituency/Kerry"
            }
          }
        ],
        "uri": "http://oireachtas.ie/ie/oireachtas/member/James-Crowley.D.1919-01-21/dail/6"
      }
    }
  ],
  "profession": "Veterinary Surgeon",
  "showAs": "Mr. James Crowley",
  "uri": "http://oireachtas.ie/ie/oireachtas/member/James-Crowley.D.1919-01-21"
}