{
  "dateOfBirth": null,
  "dateOfDeath": "1962-12-03",
  "firstName": "Gerard",
  "fullName": "Gerard B. Dillon",
  "gender": null,
  "image": null,
  "lastName": "Dillon",
  "memberships": [
    {
      "membership": {
        "dateRange": {
          "end": "1961-09-01",
          "start": "1960-11-01"
        },
        "house": {
          "showAs": "9th Seanad",
          "uri": "http://oireachtas.ie/ie/oireachtas/house/seanad/9"
        },
        "offices": [],
        "parties": [],
        "represents": [
          {
            "represent": {
              "showAs": "Administrative Panel",
              "uri": "http://oireachtas.ie/ie/oireachtas/house/seanad/9/panel/Administrative-Panel"
            }
          }
        ],
        "uri": "http://oireachtas.ie/ie/oireachtas/member/Gerard-B-Dillon.S.1960-11-01/seanad/9"
      }
    }
  ],
  "profession": null,
  "showAs": "Mr. Gerard B. Dillon",
  "uri": "http://oireachtas.ie/ie/oireachtas/member/Gerard-B-Dillon.S.1960-11-01"
}