{
  "dateOfBirth": "1955-03-15",
  "dateOfDeath": null,
  "firstName": "John",
  "fullName": "John McGuinness",
  "gender": null,
  "image": "http://www.oireachtas.ie//MembersImages/741.jpg",
  "lastName": "McGuinness",
  "memberships": [
    {
      "membership": {
        "dateRange": {
          "end": "2002-04-25",
          "start": "1997-06-26"
        },
        "house": {
          "showAs": "28th D\u00e1il",
          "uri": "http://oireachtas.ie/ie/oireachtas/house/dail/28"
        },
        "offices": [],
        "parties": [
          {
            "party": {
              "dateRange": {
                "end": "2002-04-25",
                "start": "1997-06-06"
              },
              "showAs": "Fianna F\u00e1il",
              "uri": "http://oireachtas.ie/ie/oireachtas/party/dail/28/Fianna_F\u00e1il"
            }
          }
        ],
        "represents": [
          {
            "represent": {
              "showAs": "Carlow\u2013Kilkenny",
              "uri": "http://oireachtas.ie/ie/oireachtas/house/dail/28/constituency/Carlow\u2013Kilkenny"
            }
          }
        ],
        "uri": "http://oireachtas.ie/ie/oireachtas/member/John-McGuinness.D.1997-06-26/dail/28"
      }
    },
    {
      "membership": {
        "dateRange": {
          "end": "2007-04-30",
          "start": "2002-06-06"
        },
        "house": {
          "showAs": "29th D\u00e1il",
          "uri": "http://oireachtas.ie/ie/oireachtas/house/dail/29"
        },
        "offices": [],
        "parties": [
          {
            "party": {
              "dateRange": {
                "end": "2007-04-30",
                "start": "2002-05-17"
              },
              "showAs": "Fianna F\u00e1il",
              "uri": "http://oireachtas.ie/ie/oireachtas/party/dail/29/Fianna_F\u00e1il"
            }
          }
        ],
        "represents": [
          {
            "represent": {
              "showAs": "Carlow\u2013Kilkenny",
              "uri": "http://oireachtas.ie/ie/oireachtas/house/dail/29/constituency/Carlow\u2013Kilkenny"
            }
          }
        ],
        "uri": "http://oireachtas.ie/ie/oireachtas/member/John-McGuinness.D.1997-06-26/dail/29"
      }
    },
    {
      "membership": {
        "dateRange": {
          "end": "2011-02-01",
          "start": "2007-06-14"
        },
        "house": {
          "showAs": "30th D\u00e1il",
          "uri": "http://oireachtas.ie/ie/oireachtas/house/dail/30"
        },
        "offices": [],
        "parties": [
          {
            "party": {
              "dateRange": {
                "end": "2011-02-01",
                "start": "2007-05-24"
              },
              "showAs": "Fianna F\u00e1il",
              "uri": "http://oireachtas.ie/ie/oireachtas/party/dail/30/Fianna_F\u00e1il"
            }
          }
        ],
        "represents": [
          {
            "represent": {
              "showAs": "Carlow\u2013Kilkenny",
              "uri": "http://oireachtas.ie/ie/oireachtas/house/dail/30/constituency/Carlow\u2013Kilkenny"
            }
          }
        ],
        "uri": "http://oireachtas.ie/ie/oireachtas/member/John-McGuinness.D.1997-06-26/dail/30"
      }
    },
    {
      "membership": {
        "dateRange": {
          "end": "2016-03-09",
          "start": "2011-03-09"
        },
        "house": {
          "showAs": "31st D\u00e1il",
          "uri": "http://oireachtas.ie/ie/oireachtas/house/dail/31"
        },
        "offices": [],
        "parties": [
          {
            "party": {
              "dateRange": {
                "end": "2016-03-09",
                "start": "2011-02-25"
              },
              "showAs": "Fianna F\u00e1il",
              "uri": "http://oireachtas.ie/ie/oireachtas/party/dail/31/Fianna_F\u00e1il"
            }
          }
        ],
        "represents": [
          {
            "represent": {
              "showAs": "Carlow\u2013Kilkenny",
              "uri": "http://oireachtas.ie/ie/oireachtas/house/dail/31/constituency/Carlow\u2013Kilkenny"
            }
          }
        ],
        "uri": "http://oireachtas.ie/ie/oireachtas/member/John-McGuinness.D.1997-06-26/dail/31"
      }
    }
  ],
  "profession": "Full Time Public Representative",
  "showAs": "Mr. John McGuinness",
  "uri": "http://oireachtas.ie/ie/oireachtas/member/John-McGuinness.D.1997-06-26"
}