{
  "dateOfBirth": "1933-05-13",
  "dateOfDeath": null,
  "firstName": "Martin",
  "fullName": "Martin O'Donoghue",
  "gender": null,
  "image": null,
  "lastName": "O'Donoghue",
  "memberships": [
    {
      "membership": {
        "dateRange": {
          "end": "1981-05-21",
          "start": "1977-07-05"
        },
        "house": {
          "showAs": "21st D\u00e1il",
          "uri": "http://oireachtas.ie/ie/oireachtas/house/dail/21"
        },
        "offices": [
          {
            "office": {
              "cabinet": {
                "showAs": "Government of the 21st D\u00e1il",
                "uri": "http://oireachtas.ie/ie/oireachtas/cabinet/dail/21"
              },
              "dateRange": {
                "end": "1979-12-11",
                "start": "1977-07-08"
              },
              "officeName": {
                "showAs": "Minister for Economic Planning and Development",
                "uri": "http://oireachtas.ie/ie/oireachtas/office/minister/economic_planning_development"
              }
            }
          },
          {
            "office": {
              "cabinet": {
                "showAs": "Government of the 21st D\u00e1il",
                "uri": "http://oireachtas.ie/ie/oireachtas/cabinet/dail/21"
              },
              "dateRange": {
                "end": "1977-12-13",
                "start": "1977-07-08"
              },
              "officeName": {
                "showAs": "Minister without portfolio",
                "uri": "http://oireachtas.ie/ie/oireachtas/office/minister/without_portfolio"
              }
            }
          }
        ],
        "parties": [
          {
            "party": {
              "dateRange": {
                "end": "1981-05-21",
                "start": "1977-06-16"
              },
              "showAs": "Fianna F\u00e1il",
              "uri": "http://oireachtas.ie/ie/oireachtas/party/dail/21/Fianna_F\u00e1il"
            }
          }
        ],
        "represents": [
          {
            "represent": {
              "showAs": "D\u00fan Laoghaire",
              "uri": "http://oireachtas.ie/ie/oireachtas/house/dail/21/constituency/D\u00fan-Laoghaire"
            }
          }
        ],
        "uri": "http://oireachtas.ie/ie/oireachtas/member/Martin-O'Donoghue.D.1977-07-05/dail/21"
      }
    },
    {
      "membership": {
        "dateRange": {
          "end": "1982-02-27",
          "start": "1981-06-30"
        },
        "house": {
          "showAs": "22nd D\u00e1il",
          "uri": "http://oireachtas.ie/ie/oireachtas/house/dail/22"
        },
        "offices": [],
        "parties": [
          {
            "party": {
              "dateRange": {
                "end": "1982-02-27",
                "start": "1981-06-11"
              },
              "showAs": "Fianna F\u00e1il",
              "uri": "http://oireachtas.ie/ie/oireachtas/party/dail/22/Fianna_F\u00e1il"
            }
          }
        ],
        "represents": [
          {
            "represent": {
              "showAs": "D\u00fan Laoghaire",
              "uri": "http://oireachtas.ie/ie/oireachtas/house/dail/22/constituency/D\u00fan-Laoghaire"
            }
          }
        ],
        "uri": "http://oireachtas.ie/ie/oireachtas/member/Martin-O'Donoghue.D.1977-07-05/dail/22"
      }
    },
    {
      "membership": {
        "dateRange": {
          "end": "1982-11-04",
          "start": "1982-03-09"
        },
        "house": {
          "showAs": "23rd D\u00e1il",
          "uri": "http://oireachtas.ie/ie/oireachtas/house/dail/23"
        },
        "offices": [
          {
            "office": {
              "cabinet": {
                "showAs": "Government of the 23rd D\u00e1il",
                "uri": "http://oireachtas.ie/ie/oireachtas/cabinet/dail/23"
              },
              "dateRange": {
                "end": "1982-10-06",
                "start": "1982-03-09"
              },
              "officeName": {
                "showAs": "Minister for Education",
                "uri": "http://oireachtas.ie/ie/oireachtas/office/minister/education"
              }
            }
          }
        ],
        "parties": [
          {
            "party": {
              "dateRange": {
                "end": "1982-11-04",
                "start": "1982-02-18"
              },
              "showAs": "Fianna F\u00e1il",
              "uri": "http://oireachtas.ie/ie/oireachtas/party/dail/23/Fianna_F\u00e1il"
            }
          }
        ],
        "represents": [
          {
            "represent": {
              "showAs": "D\u00fan Laoghaire",
              "uri": "http://oireachtas.ie/ie/oireachtas/house/dail/23/constituency/D\u00fan-Laoghaire"
            }
          }
        ],
        "uri": "http://oireachtas.ie/ie/oireachtas/member/Martin-O'Donoghue.D.1977-07-05/dail/23"
      }
    },
    {
      "membership": {
        "dateRange": {
          "end": "1987-04-03",
          "start": "1983-02-23"
        },
        "house": {
          "showAs": "17th Seanad",
          "uri": "http://oireachtas.ie/ie/oireachtas/house/seanad/17"
        },
        "offices": [],
        "parties": [],
        "represents": [
          {
            "represent": {
              "showAs": "Administrative Panel",
              "uri": "http://oireachtas.ie/ie/oireachtas/house/seanad/17/panel/Administrative-Panel"
            }
          }
        ],
        "uri": "http://oireachtas.ie/ie/oireachtas/member/Martin-O'Donoghue.D.1977-07-05/seanad/17"
      }
    }
  ],
  "profession": "Public Representative Formerly University professor, Economist",
  "showAs": "Mr. Martin O'Donoghue",
  "uri": "http://oireachtas.ie/ie/oireachtas/member/Martin-O'Donoghue.D.1977-07-05"
}