{
  "dateOfBirth": "1936-02-12",
  "dateOfDeath": null,
  "firstName": "Monica",
  "fullName": "Monica Barnes",
  "gender": null,
  "image": "http://www.oireachtas.ie//MembersImages/24.jpg",
  "lastName": "Barnes",
  "memberships": [
    {
      "membership": {
        "dateRange": {
          "end": "1982-12-21",
          "start": "1982-05-13"
        },
        "house": {
          "showAs": "16th Seanad",
          "uri": "http://oireachtas.ie/ie/oireachtas/house/seanad/16"
        },
        "offices": [],
        "parties": [],
        "represents": [
          {
            "represent": {
              "showAs": "Labour Panel",
              "uri": "http://oireachtas.ie/ie/oireachtas/house/seanad/16/panel/Labour-Panel"
            }
          }
        ],
        "uri": "http://oireachtas.ie/ie/oireachtas/member/Monica-Barnes.S.1982-05-13/seanad/16"
      }
    },
    {
      "membership": {
        "dateRange": {
          "end": "1987-01-21",
          "start": "1982-12-14"
        },
        "house": {
          "showAs": "24th D\u00e1il",
          "uri": "http://oireachtas.ie/ie/oireachtas/house/dail/24"
        },
        "offices": [],
        "parties": [
          {
            "party": {
              "dateRange": {
                "end": "1987-01-21",
                "start": "1982-11-24"
              },
              "showAs": "Fine Gael",
              "uri": "http://oireachtas.ie/ie/oireachtas/party/dail/24/Fine_Gael"
            }
          }
        ],
        "represents": [
          {
            "represent": {
              "showAs": "D\u00fan Laoghaire",
              "uri": "http://oireachtas.ie/ie/oireachtas/house/dail/24/constituency/D\u00fan-Laoghaire"
            }
          }
        ],
        "uri": "http://oireachtas.ie/ie/oireachtas/member/Monica-Barnes.S.1982-05-13/dail/24"
      }
    },
    {
      "membership": {
        "dateRange": {
          "end": "1989-05-25",
          "start": "1987-03-10"
        },
        "house": {
          "showAs": "25th D\u00e1il",
          "uri": "http://oireachtas.ie/ie/oireachtas/house/dail/25"
        },
        "offices": [],
        "parties": [
          {
            "party": {
              "dateRange": {
                "end": "1989-05-25",
                "start": "1987-02-17"
              },
              "showAs": "Fine Gael",
              "uri": "http://oireachtas.ie/ie/oireachtas/party/dail/25/Fine_Gael"
            }
          }
        ],
        "represents": [
          {
            "represent": {
              "showAs": "D\u00fan Laoghaire",
              "uri": "http://oireachtas.ie/ie/oireachtas/house/dail/25/constituency/D\u00fan-Laoghaire"
            }
          }
        ],
        "uri": "http://oireachtas.ie/ie/oireachtas/member/Monica-Barnes.S.1982-05-13/dail/25"
      }
    },
    {
      "membership": {
        "dateRange": {
          "end": "1992-11-05",
          "start": "1989-06-29"
        },
        "house": {
          "showAs": "26th D\u00e1il",
          "uri": "http://oireachtas.ie/ie/oireachtas/house/dail/26"
        },
        "offices": [],
        "parties": [
          {
            "party": {
              "dateRange": {
                "end": "1992-11-05",
                "start": "1989-06-15"
              },
              "showAs": "Fine Gael",
              "uri": "http://oireachtas.ie/ie/oireachtas/party/dail/26/Fine_Gael"
            }
          }
        ],
        "represents": [
          {
            "represent": {
              "showAs": "D\u00fan Laoghaire",
              "uri": "http://oireachtas.ie/ie/oireachtas/house/dail/26/constituency/D\u00fan-Laoghaire"
            }
          }
        ],
        "uri": "http://oireachtas.ie/ie/oireachtas/member/Monica-Barnes.S.1982-05-13/dail/26"
      }
    },
    {
      "membership": {
        "dateRange": {
          "end": "2002-04-25",
          "start": "1997-06-26"
        },
        "house": {
          "showAs": "28th D\u00e1il",
          "uri": "http://oireachtas.ie/ie/oireachtas/house/dail/28"
        },
        "offices": [],
        "parties": [
          {
            "party": {
              "dateRange": {
                "end": "2002-04-25",
                "start": "1997-06-06"
              },
              "showAs": "Fine Gael",
              "uri": "http://oireachtas.ie/ie/oireachtas/party/dail/28/Fine_Gael"
            }
          }
        ],
        "represents": [
          {
            "represent": {
              "showAs": "D\u00fan Laoghaire",
              "uri": "http://oireachtas.ie/ie/oireachtas/house/dail/28/constituency/D\u00fan-Laoghaire"
            }
          }
        ],
        "uri": "http://oireachtas.ie/ie/oireachtas/member/Monica-Barnes.S.1982-05-13/dail/28"
      }
    }
  ],
  "profession": "Full-Time Public Representative",
  "showAs": "Mrs. Monica Barnes",
  "uri": "http://oireachtas.ie/ie/oireachtas/member/Monica-Barnes.S.1982-05-13"
}