{
  "dateOfBirth": null,
  "dateOfDeath": "1944-01-01",
  "firstName": "Thomas",
  "fullName": "Thomas O'Reilly",
  "gender": null,
  "image": null,
  "lastName": "O'Reilly",
  "memberships": [
    {
      "membership": {
        "dateRange": {
          "end": "1927-08-25",
          "start": "1927-06-23"
        },
        "house": {
          "showAs": "5th D\u00e1il",
          "uri": "http://oireachtas.ie/ie/oireachtas/house/dail/5"
        },
        "offices": [],
        "parties": [
          {
            "party": {
              "dateRange": {
                "end": "1927-08-25",
                "start": "1927-06-09"
              },
              "showAs": "Fianna F\u00e1il",
              "uri": "http://oireachtas.ie/ie/oireachtas/party/dail/5/Fianna_F\u00e1il"
            }
          }
        ],
        "represents": [
          {
            "represent": {
              "showAs": "Kerry",
              "uri": "http://oireachtas.ie/ie/oireachtas/house/dail/5/constituency/Kerry"
            }
          }
        ],
        "uri": "http://oireachtas.ie/ie/oireachtas/member/Thomas-O'Reilly.D.1927-06-23/dail/5"
      }
    },
    {
      "membership": {
        "dateRange": {
          "end": "1932-01-29",
          "start": "1927-10-11"
        },
        "house": {
          "showAs": "6th D\u00e1il",
          "uri": "http://oireachtas.ie/ie/oireachtas/house/dail/6"
        },
        "offices": [],
        "parties": [
          {
            "party": {
              "dateRange": {
                "end": "1932-01-29",
                "start": "1927-09-15"
              },
              "showAs": "Fianna F\u00e1il",
              "uri": "http://oireachtas.ie/ie/oireachtas/party/dail/6/Fianna_F\u00e1il"
            }
          }
        ],
        "represents": [
          {
            "represent": {
              "showAs": "Kerry",
              "uri": "http://oireachtas.ie/ie/oireachtas/house/dail/6/constituency/Kerry"
            }
          }
        ],
        "uri": "http://oireachtas.ie/ie/oireachtas/member/Thomas-O'Reilly.D.1927-06-23/dail/6"
      }
    },
    {
      "membership": {
        "dateRange": {
          "end": "1933-01-02",
          "start": "1932-03-09"
        },
        "house": {
          "showAs": "7th D\u00e1il",
          "uri": "http://oireachtas.ie/ie/oireachtas/house/dail/7"
        },
        "offices": [],
        "parties": [
          {
            "party": {
              "dateRange": {
                "end": "1933-01-02",
                "start": "1932-02-16"
              },
              "showAs": "Fianna F\u00e1il",
              "uri": "http://oireachtas.ie/ie/oireachtas/party/dail/7/Fianna_F\u00e1il"
            }
          }
        ],
        "represents": [
          {
            "represent": {
              "showAs": "Kerry",
              "uri": "http://oireachtas.ie/ie/oireachtas/house/dail/7/constituency/Kerry"
            }
          }
        ],
        "uri": "http://oireachtas.ie/ie/oireachtas/member/Thomas-O'Reilly.D.1927-06-23/dail/7"
      }
    }
  ],
  "profession": "National Teacher",
  "showAs": "Mr. Thomas (Kerry) O'Reilly",
  "uri": "http://oireachtas.ie/ie/oireachtas/member/Thomas-O'Reilly.D.1927-06-23"
}