{
  "dateOfBirth": null,
  "dateOfDeath": "1969-09-24",
  "firstName": "James",
  "fullName": "James O'Toole",
  "gender": null,
  "image": null,
  "lastName": "O'Toole",
  "memberships": [
    {
      "membership": {
        "dateRange": {
          "end": "1961-09-15",
          "start": "1957-03-20"
        },
        "house": {
          "showAs": "16th D\u00e1il",
          "uri": "http://oireachtas.ie/ie/oireachtas/house/dail/16"
        },
        "offices": [],
        "parties": [
          {
            "party": {
              "dateRange": {
                "end": "1961-09-15",
                "start": "1957-03-05"
              },
              "showAs": "Fianna F\u00e1il",
              "uri": "http://oireachtas.ie/ie/oireachtas/party/dail/16/Fianna_F\u00e1il"
            }
          }
        ],
        "represents": [
          {
            "represent": {
              "showAs": "Wicklow",
              "uri": "http://oireachtas.ie/ie/oireachtas/house/dail/16/constituency/Wicklow"
            }
          }
        ],
        "uri": "http://oireachtas.ie/ie/oireachtas/member/James-O'Toole.D.1957-03-20/dail/16"
      }
    }
  ],
  "profession": "Publican",
  "showAs": "Mr. James (S\u00e9amus) O'Toole",
  "uri": "http://oireachtas.ie/ie/oireachtas/member/James-O'Toole.D.1957-03-20"
}