{
  "dateOfBirth": "1901-08-01",
  "dateOfDeath": "1970-01-27",
  "firstName": "Leo Baptist",
  "fullName": "Leo Baptist Skinner",
  "gender": null,
  "image": null,
  "lastName": "Skinner",
  "memberships": [
    {
      "membership": {
        "dateRange": {
          "end": "1944-05-10",
          "start": "1943-07-01"
        },
        "house": {
          "showAs": "11th D\u00e1il",
          "uri": "http://oireachtas.ie/ie/oireachtas/house/dail/11"
        },
        "offices": [],
        "parties": [
          {
            "party": {
              "dateRange": {
                "end": "1944-05-10",
                "start": "1943-06-23"
              },
              "showAs": "Fianna F\u00e1il",
              "uri": "http://oireachtas.ie/ie/oireachtas/party/dail/11/Fianna_F\u00e1il"
            }
          }
        ],
        "represents": [
          {
            "represent": {
              "showAs": "Cork North",
              "uri": "http://oireachtas.ie/ie/oireachtas/house/dail/11/constituency/Cork-North"
            }
          }
        ],
        "uri": "http://oireachtas.ie/ie/oireachtas/member/Leo-Baptist-Skinner.D.1943-07-01/dail/11"
      }
    },
    {
      "membership": {
        "dateRange": {
          "end": "1948-01-12",
          "start": "1944-06-09"
        },
        "house": {
          "showAs": "12th D\u00e1il",
          "uri": "http://oireachtas.ie/ie/oireachtas/house/dail/12"
        },
        "offices": [],
        "parties": [
          {
            "party": {
              "dateRange": {
                "end": "1948-01-12",
                "start": "1944-05-30"
              },
              "showAs": "Fianna F\u00e1il",
              "uri": "http://oireachtas.ie/ie/oireachtas/party/dail/12/Fianna_F\u00e1il"
            }
          }
        ],
        "represents": [
          {
            "represent": {
              "showAs": "Cork North",
              "uri": "http://oireachtas.ie/ie/oireachtas/house/dail/12/constituency/Cork-North"
            }
          }
        ],
        "uri": "http://oireachtas.ie/ie/oireachtas/member/Leo-Baptist-Skinner.D.1943-07-01/dail/12"
      }
    }
  ],
  "profession": "Solicitor",
  "showAs": "Mr. Leo Baptist Skinner",
  "uri": "http://oireachtas.ie/ie/oireachtas/member/Leo-Baptist-Skinner.D.1943-07-01"
}