{
  "dateOfBirth": null,
  "dateOfDeath": "2001-12-01",
  "firstName": "Michael",
  "fullName": "Michael Gallanagh",
  "gender": null,
  "image": null,
  "lastName": "Gallanagh",
  "memberships": [
    {
      "membership": {
        "dateRange": {
          "end": "1973-03-30",
          "start": "1969-11-05"
        },
        "house": {
          "showAs": "12th Seanad",
          "uri": "http://oireachtas.ie/ie/oireachtas/house/seanad/12"
        },
        "offices": [],
        "parties": [],
        "represents": [
          {
            "represent": {
              "showAs": "Nominated by the Taoiseach",
              "uri": "http://oireachtas.ie/ie/oireachtas/house/seanad/12/panel/Nominated-by-the-Taoiseach"
            }
          }
        ],
        "uri": "http://oireachtas.ie/ie/oireachtas/member/Michael-Gallanagh.S.1970-11-19/seanad/12"
      }
    }
  ],
  "profession": "Army Captain",
  "showAs": "Mr. Michael Gallanagh",
  "uri": "http://oireachtas.ie/ie/oireachtas/member/Michael-Gallanagh.S.1970-11-19"
}