{
  "dateOfBirth": "1938-01-02",
  "dateOfDeath": null,
  "firstName": "James",
  "fullName": "James White",
  "gender": null,
  "image": null,
  "lastName": "White",
  "memberships": [
    {
      "membership": {
        "dateRange": {
          "end": "1977-05-25",
          "start": "1973-03-14"
        },
        "house": {
          "showAs": "20th D\u00e1il",
          "uri": "http://oireachtas.ie/ie/oireachtas/house/dail/20"
        },
        "offices": [],
        "parties": [
          {
            "party": {
              "dateRange": {
                "end": "1977-05-25",
                "start": "1973-02-28"
              },
              "showAs": "Fine Gael",
              "uri": "http://oireachtas.ie/ie/oireachtas/party/dail/20/Fine_Gael"
            }
          }
        ],
        "represents": [
          {
            "represent": {
              "showAs": "Donegal\u2013Leitrim",
              "uri": "http://oireachtas.ie/ie/oireachtas/house/dail/20/constituency/Donegal\u2013Leitrim"
            }
          }
        ],
        "uri": "http://oireachtas.ie/ie/oireachtas/member/James-White.D.1973-03-14/dail/20"
      }
    },
    {
      "membership": {
        "dateRange": {
          "end": "1981-05-21",
          "start": "1977-07-05"
        },
        "house": {
          "showAs": "21st D\u00e1il",
          "uri": "http://oireachtas.ie/ie/oireachtas/house/dail/21"
        },
        "offices": [],
        "parties": [
          {
            "party": {
              "dateRange": {
                "end": "1981-05-21",
                "start": "1977-06-16"
              },
              "showAs": "Fine Gael",
              "uri": "http://oireachtas.ie/ie/oireachtas/party/dail/21/Fine_Gael"
            }
          }
        ],
        "represents": [
          {
            "represent": {
              "showAs": "Donegal",
              "uri": "http://oireachtas.ie/ie/oireachtas/house/dail/21/constituency/Donegal"
            }
          }
        ],
        "uri": "http://oireachtas.ie/ie/oireachtas/member/James-White.D.1973-03-14/dail/21"
      }
    },
    {
      "membership": {
        "dateRange": {
          "end": "1982-02-27",
          "start": "1981-06-30"
        },
        "house": {
          "showAs": "22nd D\u00e1il",
          "uri": "http://oireachtas.ie/ie/oireachtas/house/dail/22"
        },
        "offices": [],
        "parties": [
          {
            "party": {
              "dateRange": {
                "end": "1982-02-27",
                "start": "1981-06-11"
              },
              "showAs": "Fine Gael",
              "uri": "http://oireachtas.ie/ie/oireachtas/party/dail/22/Fine_Gael"
            }
          }
        ],
        "represents": [
          {
            "represent": {
              "showAs": "Donegal South\u2013West",
              "uri": "http://oireachtas.ie/ie/oireachtas/house/dail/22/constituency/Donegal-South\u2013West"
            }
          }
        ],
        "uri": "http://oireachtas.ie/ie/oireachtas/member/James-White.D.1973-03-14/dail/22"
      }
    }
  ],
  "profession": "Poultry Farmer, Supermarket and Hotel Director",
  "showAs": "Mr. James White",
  "uri": "http://oireachtas.ie/ie/oireachtas/member/James-White.D.1973-03-14"
}