{
  "dateOfBirth": "1918-11-19",
  "dateOfDeath": "1990-02-17",
  "firstName": "Brendan",
  "fullName": "Brendan Corish",
  "gender": null,
  "image": "http://www.oireachtas.ie//MembersImages/228w.jpg",
  "lastName": "Corish",
  "memberships": [
    {
      "membership": {
        "dateRange": {
          "end": "1948-01-12",
          "start": "1945-12-04"
        },
        "house": {
          "showAs": "12th D\u00e1il",
          "uri": "http://oireachtas.ie/ie/oireachtas/house/dail/12"
        },
        "offices": [],
        "parties": [],
        "represents": [
          {
            "represent": {
              "showAs": "Wexford",
              "uri": "http://oireachtas.ie/ie/oireachtas/house/dail/12/constituency/Wexford"
            }
          }
        ],
        "uri": "http://oireachtas.ie/ie/oireachtas/member/Brendan-Corish.D.1945-12-04/dail/12"
      }
    },
    {
      "membership": {
        "dateRange": {
          "end": "1951-05-07",
          "start": "1948-02-18"
        },
        "house": {
          "showAs": "13th D\u00e1il",
          "uri": "http://oireachtas.ie/ie/oireachtas/house/dail/13"
        },
        "offices": [],
        "parties": [
          {
            "party": {
              "dateRange": {
                "end": "1951-05-07",
                "start": "1948-02-04"
              },
              "showAs": "Labour Party",
              "uri": "http://oireachtas.ie/ie/oireachtas/party/dail/13/Labour_Party"
            }
          }
        ],
        "represents": [
          {
            "represent": {
              "showAs": "Wexford",
              "uri": "http://oireachtas.ie/ie/oireachtas/house/dail/13/constituency/Wexford"
            }
          }
        ],
        "uri": "http://oireachtas.ie/ie/oireachtas/member/Brendan-Corish.D.1945-12-04/dail/13"
      }
    },
    {
      "membership": {
        "dateRange": {
          "end": "1954-04-24",
          "start": "1951-06-13"
        },
        "house": {
          "showAs": "14th D\u00e1il",
          "uri": "http://oireachtas.ie/ie/oireachtas/house/dail/14"
        },
        "offices": [],
        "parties": [
          {
            "party": {
              "dateRange": {
                "end": "1954-04-24",
                "start": "1951-05-30"
              },
              "showAs": "Labour Party",
              "uri": "http://oireachtas.ie/ie/oireachtas/party/dail/14/Labour_Party"
            }
          }
        ],
        "represents": [
          {
            "represent": {
              "showAs": "Wexford",
              "uri": "http://oireachtas.ie/ie/oireachtas/house/dail/14/constituency/Wexford"
            }
          }
        ],
        "uri": "http://oireachtas.ie/ie/oireachtas/member/Brendan-Corish.D.1945-12-04/dail/14"
      }
    },
    {
      "membership": {
        "dateRange": {
          "end": "1957-02-12",
          "start": "1954-06-02"
        },
        "house": {
          "showAs": "15th D\u00e1il",
          "uri": "http://oireachtas.ie/ie/oireachtas/house/dail/15"
        },
        "offices": [
          {
            "office": {
              "cabinet": {
                "showAs": "Government of the 15th D\u00e1il",
                "uri": "http://oireachtas.ie/ie/oireachtas/cabinet/dail/15"
              },
              "dateRange": {
                "end": "1957-03-20",
                "start": "1954-06-02"
              },
              "officeName": {
                "showAs": "Minister for Social Welfare",
                "uri": "http://oireachtas.ie/ie/oireachtas/office/minister/social_welfare"
              }
            }
          }
        ],
        "parties": [
          {
            "party": {
              "dateRange": {
                "end": "1957-02-12",
                "start": "1954-05-18"
              },
              "showAs": "Labour Party",
              "uri": "http://oireachtas.ie/ie/oireachtas/party/dail/15/Labour_Party"
            }
          }
        ],
        "represents": [
          {
            "represent": {
              "showAs": "Wexford",
              "uri": "http://oireachtas.ie/ie/oireachtas/house/dail/15/constituency/Wexford"
            }
          }
        ],
        "uri": "http://oireachtas.ie/ie/oireachtas/member/Brendan-Corish.D.1945-12-04/dail/15"
      }
    },
    {
      "membership": {
        "dateRange": {
          "end": "1961-09-15",
          "start": "1957-03-20"
        },
        "house": {
          "showAs": "16th D\u00e1il",
          "uri": "http://oireachtas.ie/ie/oireachtas/house/dail/16"
        },
        "offices": [],
        "parties": [
          {
            "party": {
              "dateRange": {
                "end": "1961-09-15",
                "start": "1957-03-05"
              },
              "showAs": "Labour Party",
              "uri": "http://oireachtas.ie/ie/oireachtas/party/dail/16/Labour_Party"
            }
          }
        ],
        "represents": [
          {
            "represent": {
              "showAs": "Wexford",
              "uri": "http://oireachtas.ie/ie/oireachtas/house/dail/16/constituency/Wexford"
            }
          }
        ],
        "uri": "http://oireachtas.ie/ie/oireachtas/member/Brendan-Corish.D.1945-12-04/dail/16"
      }
    },
    {
      "membership": {
        "dateRange": {
          "end": "1965-03-18",
          "start": "1961-10-11"
        },
        "house": {
          "showAs": "17th D\u00e1il",
          "uri": "http://oireachtas.ie/ie/oireachtas/house/dail/17"
        },
        "offices": [],
        "parties": [
          {
            "party": {
              "dateRange": {
                "end": "1965-03-18",
                "start": "1961-10-04"
              },
              "showAs": "Labour Party",
              "uri": "http://oireachtas.ie/ie/oireachtas/party/dail/17/Labour_Party"
            }
          }
        ],
        "represents": [
          {
            "represent": {
              "showAs": "Wexford",
              "uri": "http://oireachtas.ie/ie/oireachtas/house/dail/17/constituency/Wexford"
            }
          }
        ],
        "uri": "http://oireachtas.ie/ie/oireachtas/member/Brendan-Corish.D.1945-12-04/dail/17"
      }
    },
    {
      "membership": {
        "dateRange": {
          "end": "1969-05-22",
          "start": "1965-04-21"
        },
        "house": {
          "showAs": "18th D\u00e1il",
          "uri": "http://oireachtas.ie/ie/oireachtas/house/dail/18"
        },
        "offices": [],
        "parties": [
          {
            "party": {
              "dateRange": {
                "end": "1969-05-22",
                "start": "1965-04-07"
              },
              "showAs": "Labour Party",
              "uri": "http://oireachtas.ie/ie/oireachtas/party/dail/18/Labour_Party"
            }
          }
        ],
        "represents": [
          {
            "represent": {
              "showAs": "Wexford",
              "uri": "http://oireachtas.ie/ie/oireachtas/house/dail/18/constituency/Wexford"
            }
          }
        ],
        "uri": "http://oireachtas.ie/ie/oireachtas/member/Brendan-Corish.D.1945-12-04/dail/18"
      }
    },
    {
      "membership": {
        "dateRange": {
          "end": "1973-02-05",
          "start": "1969-07-02"
        },
        "house": {
          "showAs": "19th D\u00e1il",
          "uri": "http://oireachtas.ie/ie/oireachtas/house/dail/19"
        },
        "offices": [],
        "parties": [
          {
            "party": {
              "dateRange": {
                "end": "1973-02-05",
                "start": "1969-06-18"
              },
              "showAs": "Labour Party",
              "uri": "http://oireachtas.ie/ie/oireachtas/party/dail/19/Labour_Party"
            }
          }
        ],
        "represents": [
          {
            "represent": {
              "showAs": "Wexford",
              "uri": "http://oireachtas.ie/ie/oireachtas/house/dail/19/constituency/Wexford"
            }
          }
        ],
        "uri": "http://oireachtas.ie/ie/oireachtas/member/Brendan-Corish.D.1945-12-04/dail/19"
      }
    },
    {
      "membership": {
        "dateRange": {
          "end": "1977-05-25",
          "start": "1973-03-14"
        },
        "house": {
          "showAs": "20th D\u00e1il",
          "uri": "http://oireachtas.ie/ie/oireachtas/house/dail/20"
        },
        "offices": [
          {
            "office": {
              "cabinet": {
                "showAs": "Government of the 20th D\u00e1il",
                "uri": "http://oireachtas.ie/ie/oireachtas/cabinet/dail/20"
              },
              "dateRange": {
                "end": "1977-07-05",
                "start": "1973-03-14"
              },
              "officeName": {
                "showAs": "T\u00e1naiste",
                "uri": "http://oireachtas.ie/ie/oireachtas/office/tanaiste"
              }
            }
          },
          {
            "office": {
              "cabinet": {
                "showAs": "Government of the 20th D\u00e1il",
                "uri": "http://oireachtas.ie/ie/oireachtas/cabinet/dail/20"
              },
              "dateRange": {
                "end": "1977-07-05",
                "start": "1973-03-14"
              },
              "officeName": {
                "showAs": "Minister for Health",
                "uri": "http://oireachtas.ie/ie/oireachtas/office/minister/health"
              }
            }
          },
          {
            "office": {
              "cabinet": {
                "showAs": "Government of the 20th D\u00e1il",
                "uri": "http://oireachtas.ie/ie/oireachtas/cabinet/dail/20"
              },
              "dateRange": {
                "end": "1977-07-05",
                "start": "1973-03-14"
              },
              "officeName": {
                "showAs": "Minister for Social Welfare",
                "uri": "http://oireachtas.ie/ie/oireachtas/office/minister/social_welfare"
              }
            }
          }
        ],
        "parties": [
          {
            "party": {
              "dateRange": {
                "end": "1977-05-25",
                "start": "1973-02-28"
              },
              "showAs": "Labour Party",
              "uri": "http://oireachtas.ie/ie/oireachtas/party/dail/20/Labour_Party"
            }
          }
        ],
        "represents": [
          {
            "represent": {
              "showAs": "Wexford",
              "uri": "http://oireachtas.ie/ie/oireachtas/house/dail/20/constituency/Wexford"
            }
          }
        ],
        "uri": "http://oireachtas.ie/ie/oireachtas/member/Brendan-Corish.D.1945-12-04/dail/20"
      }
    },
    {
      "membership": {
        "dateRange": {
          "end": "1981-05-21",
          "start": "1977-07-05"
        },
        "house": {
          "showAs": "21st D\u00e1il",
          "uri": "http://oireachtas.ie/ie/oireachtas/house/dail/21"
        },
        "offices": [],
        "parties": [
          {
            "party": {
              "dateRange": {
                "end": "1981-05-21",
                "start": "1977-06-16"
              },
              "showAs": "Labour Party",
              "uri": "http://oireachtas.ie/ie/oireachtas/party/dail/21/Labour_Party"
            }
          }
        ],
        "represents": [
          {
            "represent": {
              "showAs": "Wexford",
              "uri": "http://oireachtas.ie/ie/oireachtas/house/dail/21/constituency/Wexford"
            }
          }
        ],
        "uri": "http://oireachtas.ie/ie/oireachtas/member/Brendan-Corish.D.1945-12-04/dail/21"
      }
    },
    {
      "membership": {
        "dateRange": {
          "end": "1982-02-27",
          "start": "1981-06-30"
        },
        "house": {
          "showAs": "22nd D\u00e1il",
          "uri": "http://oireachtas.ie/ie/oireachtas/house/dail/22"
        },
        "offices": [],
        "parties": [
          {
            "party": {
              "dateRange": {
                "end": "1982-02-27",
                "start": "1981-06-11"
              },
              "showAs": "Labour Party",
              "uri": "http://oireachtas.ie/ie/oireachtas/party/dail/22/Labour_Party"
            }
          }
        ],
        "represents": [
          {
            "represent": {
              "showAs": "Wexford",
              "uri": "http://oireachtas.ie/ie/oireachtas/house/dail/22/constituency/Wexford"
            }
          }
        ],
        "uri": "http://oireachtas.ie/ie/oireachtas/member/Brendan-Corish.D.1945-12-04/dail/22"
      }
    }
  ],
  "profession": "Full-Time Public Representative",
  "showAs": "Mr. Brendan Corish",
  "uri": "http://oireachtas.ie/ie/oireachtas/member/Brendan-Corish.D.1945-12-04"
}