{
  "dateOfBirth": "1938-08-07",
  "dateOfDeath": null,
  "firstName": "Don",
  "fullName": "Don Lydon",
  "gender": null,
  "image": "/MembersImages/1951.jpg",
  "lastName": "Lydon",
  "memberships": [
    {
      "membership": {
        "dateRange": {
          "end": "1989-07-05",
          "start": "1987-04-25"
        },
        "house": {
          "showAs": "18th Seanad",
          "uri": "http://oireachtas.ie/ie/oireachtas/house/seanad/18"
        },
        "offices": [],
        "parties": [],
        "represents": [
          {
            "represent": {
              "showAs": "Labour Panel",
              "uri": "http://oireachtas.ie/ie/oireachtas/house/seanad/18/panel/Labour-Panel"
            }
          }
        ],
        "uri": "http://oireachtas.ie/ie/oireachtas/member/Don-Lydon.S.1987-04-25/seanad/18"
      }
    },
    {
      "membership": {
        "dateRange": {
          "end": "1992-12-17",
          "start": "1989-10-01"
        },
        "house": {
          "showAs": "19th Seanad",
          "uri": "http://oireachtas.ie/ie/oireachtas/house/seanad/19"
        },
        "offices": [],
        "parties": [],
        "represents": [
          {
            "represent": {
              "showAs": "Labour Panel",
              "uri": "http://oireachtas.ie/ie/oireachtas/house/seanad/19/panel/Labour-Panel"
            }
          }
        ],
        "uri": "http://oireachtas.ie/ie/oireachtas/member/Don-Lydon.S.1987-04-25/seanad/19"
      }
    },
    {
      "membership": {
        "dateRange": {
          "end": "1997-07-10",
          "start": "1993-02-17"
        },
        "house": {
          "showAs": "20th Seanad",
          "uri": "http://oireachtas.ie/ie/oireachtas/house/seanad/20"
        },
        "offices": [],
        "parties": [],
        "represents": [
          {
            "represent": {
              "showAs": "Labour Panel",
              "uri": "http://oireachtas.ie/ie/oireachtas/house/seanad/20/panel/Labour-Panel"
            }
          }
        ],
        "uri": "http://oireachtas.ie/ie/oireachtas/member/Don-Lydon.S.1987-04-25/seanad/20"
      }
    },
    {
      "membership": {
        "dateRange": {
          "end": "2002-06-26",
          "start": "1997-09-17"
        },
        "house": {
          "showAs": "21st Seanad",
          "uri": "http://oireachtas.ie/ie/oireachtas/house/seanad/21"
        },
        "offices": [],
        "parties": [],
        "represents": [
          {
            "represent": {
              "showAs": "Labour Panel",
              "uri": "http://oireachtas.ie/ie/oireachtas/house/seanad/21/panel/Labour-Panel"
            }
          }
        ],
        "uri": "http://oireachtas.ie/ie/oireachtas/member/Don-Lydon.S.1987-04-25/seanad/21"
      }
    },
    {
      "membership": {
        "dateRange": {
          "end": "2007-07-22",
          "start": "2002-09-12"
        },
        "house": {
          "showAs": "22nd Seanad",
          "uri": "http://oireachtas.ie/ie/oireachtas/house/seanad/22"
        },
        "offices": [],
        "parties": [],
        "represents": [
          {
            "represent": {
              "showAs": "Labour Panel",
              "uri": "http://oireachtas.ie/ie/oireachtas/house/seanad/22/panel/Labour-Panel"
            }
          }
        ],
        "uri": "http://oireachtas.ie/ie/oireachtas/member/Don-Lydon.S.1987-04-25/seanad/22"
      }
    }
  ],
  "profession": "Psychologist",
  "showAs": "Mr. Don Lydon",
  "uri": "http://oireachtas.ie/ie/oireachtas/member/Don-Lydon.S.1987-04-25"
}