{
  "dateOfBirth": "1972-06-16",
  "dateOfDeath": null,
  "firstName": "Simon",
  "fullName": "Simon Coveney",
  "gender": null,
  "image": "http://www.oireachtas.ie//MembersImages/51.jpg",
  "lastName": "Coveney",
  "memberships": [
    {
      "membership": {
        "dateRange": {
          "end": "2002-04-25",
          "start": "1998-10-23"
        },
        "house": {
          "showAs": "28th D\u00e1il",
          "uri": "http://oireachtas.ie/ie/oireachtas/house/dail/28"
        },
        "offices": [],
        "parties": [],
        "represents": [
          {
            "represent": {
              "showAs": "Cork South\u2013Central",
              "uri": "http://oireachtas.ie/ie/oireachtas/house/dail/28/constituency/Cork-South\u2013Central"
            }
          }
        ],
        "uri": "http://oireachtas.ie/ie/oireachtas/member/Simon-Coveney.D.1998-10-23/dail/28"
      }
    },
    {
      "membership": {
        "dateRange": {
          "end": "2007-04-30",
          "start": "2002-06-06"
        },
        "house": {
          "showAs": "29th D\u00e1il",
          "uri": "http://oireachtas.ie/ie/oireachtas/house/dail/29"
        },
        "offices": [],
        "parties": [
          {
            "party": {
              "dateRange": {
                "end": "2007-04-30",
                "start": "2002-05-17"
              },
              "showAs": "Fine Gael",
              "uri": "http://oireachtas.ie/ie/oireachtas/party/dail/29/Fine_Gael"
            }
          }
        ],
        "represents": [
          {
            "represent": {
              "showAs": "Cork South\u2013Central",
              "uri": "http://oireachtas.ie/ie/oireachtas/house/dail/29/constituency/Cork-South\u2013Central"
            }
          }
        ],
        "uri": "http://oireachtas.ie/ie/oireachtas/member/Simon-Coveney.D.1998-10-23/dail/29"
      }
    },
    {
      "membership": {
        "dateRange": {
          "end": "2011-02-01",
          "start": "2007-06-14"
        },
        "house": {
          "showAs": "30th D\u00e1il",
          "uri": "http://oireachtas.ie/ie/oireachtas/house/dail/30"
        },
        "offices": [],
        "parties": [
          {
            "party": {
              "dateRange": {
                "end": "2011-02-01",
                "start": "2007-05-24"
              },
              "showAs": "Fine Gael",
              "uri": "http://oireachtas.ie/ie/oireachtas/party/dail/30/Fine_Gael"
            }
          }
        ],
        "represents": [
          {
            "represent": {
              "showAs": "Cork South\u2013Central",
              "uri": "http://oireachtas.ie/ie/oireachtas/house/dail/30/constituency/Cork-South\u2013Central"
            }
          }
        ],
        "uri": "http://oireachtas.ie/ie/oireachtas/member/Simon-Coveney.D.1998-10-23/dail/30"
      }
    },
    {
      "membership": {
        "dateRange": {
          "end": "2016-03-09",
          "start": "2011-03-09"
        },
        "house": {
          "showAs": "31st D\u00e1il",
          "uri": "http://oireachtas.ie/ie/oireachtas/house/dail/31"
        },
        "offices": [
          {
            "office": {
              "cabinet": {
                "showAs": "Government of the 31st D\u00e1il",
                "uri": "http://oireachtas.ie/ie/oireachtas/cabinet/dail/31"
              },
              "dateRange": {
                "end": "2011-10-17",
                "start": "2011-03-09"
              },
              "officeName": {
                "showAs": "Minister for Agriculture, Fisheries and Food",
                "uri": "http://oireachtas.ie/ie/oireachtas/office/minister/agriculture__fisheries__food"
              }
            }
          },
          {
            "office": {
              "cabinet": {
                "showAs": "Government of the 31st D\u00e1il",
                "uri": "http://oireachtas.ie/ie/oireachtas/cabinet/dail/31"
              },
              "dateRange": {
                "end": "2016-05-06",
                "start": "2011-10-17"
              },
              "officeName": {
                "showAs": "Minister for Agriculture, Food and the Marine",
                "uri": "http://oireachtas.ie/ie/oireachtas/office/minister/agriculture__food__marine"
              }
            }
          },
          {
            "office": {
              "cabinet": {
                "showAs": "Government of the 31st D\u00e1il",
                "uri": "http://oireachtas.ie/ie/oireachtas/cabinet/dail/31"
              },
              "dateRange": {
                "end": "2016-05-06",
                "start": "2014-07-11"
              },
              "officeName": {
                "showAs": "Minister for Defence",
                "uri": "http://oireachtas.ie/ie/oireachtas/office/minister/defence"
              }
            }
          }
        ],
        "parties": [
          {
            "party": {
              "dateRange": {
                "end": "2016-03-09",
                "start": "2011-02-25"
              },
              "showAs": "Fine Gael",
              "uri": "http://oireachtas.ie/ie/oireachtas/party/dail/31/Fine_Gael"
            }
          }
        ],
        "represents": [
          {
            "represent": {
              "showAs": "Cork South\u2013Central",
              "uri": "http://oireachtas.ie/ie/oireachtas/house/dail/31/constituency/Cork-South\u2013Central"
            }
          }
        ],
        "uri": "http://oireachtas.ie/ie/oireachtas/member/Simon-Coveney.D.1998-10-23/dail/31"
      }
    }
  ],
  "profession": "Public Representative ,Formerly Farmer and Sailing Instructor",
  "showAs": "Mr. Simon Coveney",
  "uri": "http://oireachtas.ie/ie/oireachtas/member/Simon-Coveney.D.1998-10-23"
}