{
  "dateOfBirth": "1902-09-26",
  "dateOfDeath": "1986-02-10",
  "firstName": "James Matthew",
  "fullName": "James Matthew Dillon",
  "gender": null,
  "image": null,
  "lastName": "Dillon",
  "memberships": [
    {
      "membership": {
        "dateRange": {
          "end": "1933-01-02",
          "start": "1932-03-09"
        },
        "house": {
          "showAs": "7th D\u00e1il",
          "uri": "http://oireachtas.ie/ie/oireachtas/house/dail/7"
        },
        "offices": [],
        "parties": [
          {
            "party": {
              "dateRange": {
                "end": "1933-01-02",
                "start": "1932-02-16"
              },
              "showAs": "Independent",
              "uri": "http://oireachtas.ie/ie/oireachtas/party/dail/7/Independent"
            }
          }
        ],
        "represents": [
          {
            "represent": {
              "showAs": "Donegal",
              "uri": "http://oireachtas.ie/ie/oireachtas/house/dail/7/constituency/Donegal"
            }
          }
        ],
        "uri": "http://oireachtas.ie/ie/oireachtas/member/James-Matthew-Dillon.D.1932-03-09/dail/7"
      }
    },
    {
      "membership": {
        "dateRange": {
          "end": "1937-06-14",
          "start": "1933-02-08"
        },
        "house": {
          "showAs": "8th D\u00e1il",
          "uri": "http://oireachtas.ie/ie/oireachtas/house/dail/8"
        },
        "offices": [],
        "parties": [
          {
            "party": {
              "dateRange": {
                "end": "1937-06-14",
                "start": "1933-01-24"
              },
              "showAs": "National Centre Party",
              "uri": "http://oireachtas.ie/ie/oireachtas/party/dail/8/National_Centre_Party"
            }
          }
        ],
        "represents": [
          {
            "represent": {
              "showAs": "Donegal",
              "uri": "http://oireachtas.ie/ie/oireachtas/house/dail/8/constituency/Donegal"
            }
          }
        ],
        "uri": "http://oireachtas.ie/ie/oireachtas/member/James-Matthew-Dillon.D.1932-03-09/dail/8"
      }
    },
    {
      "membership": {
        "dateRange": {
          "end": "1938-05-27",
          "start": "1937-07-21"
        },
        "house": {
          "showAs": "9th D\u00e1il",
          "uri": "http://oireachtas.ie/ie/oireachtas/house/dail/9"
        },
        "offices": [],
        "parties": [
          {
            "party": {
              "dateRange": {
                "end": "1938-05-27",
                "start": "1937-07-01"
              },
              "showAs": "Fine Gael",
              "uri": "http://oireachtas.ie/ie/oireachtas/party/dail/9/Fine_Gael"
            }
          }
        ],
        "represents": [
          {
            "represent": {
              "showAs": "Monaghan",
              "uri": "http://oireachtas.ie/ie/oireachtas/house/dail/9/constituency/Monaghan"
            }
          }
        ],
        "uri": "http://oireachtas.ie/ie/oireachtas/member/James-Matthew-Dillon.D.1932-03-09/dail/9"
      }
    },
    {
      "membership": {
        "dateRange": {
          "end": "1943-05-31",
          "start": "1938-06-30"
        },
        "house": {
          "showAs": "10th D\u00e1il",
          "uri": "http://oireachtas.ie/ie/oireachtas/house/dail/10"
        },
        "offices": [],
        "parties": [
          {
            "party": {
              "dateRange": {
                "end": "1943-05-31",
                "start": "1938-06-17"
              },
              "showAs": "Fine Gael",
              "uri": "http://oireachtas.ie/ie/oireachtas/party/dail/10/Fine_Gael"
            }
          }
        ],
        "represents": [
          {
            "represent": {
              "showAs": "Monaghan",
              "uri": "http://oireachtas.ie/ie/oireachtas/house/dail/10/constituency/Monaghan"
            }
          }
        ],
        "uri": "http://oireachtas.ie/ie/oireachtas/member/James-Matthew-Dillon.D.1932-03-09/dail/10"
      }
    },
    {
      "membership": {
        "dateRange": {
          "end": "1944-05-10",
          "start": "1943-07-01"
        },
        "house": {
          "showAs": "11th D\u00e1il",
          "uri": "http://oireachtas.ie/ie/oireachtas/house/dail/11"
        },
        "offices": [],
        "parties": [
          {
            "party": {
              "dateRange": {
                "end": "1944-05-10",
                "start": "1943-06-23"
              },
              "showAs": "Independent",
              "uri": "http://oireachtas.ie/ie/oireachtas/party/dail/11/Independent"
            }
          }
        ],
        "represents": [
          {
            "represent": {
              "showAs": "Monaghan",
              "uri": "http://oireachtas.ie/ie/oireachtas/house/dail/11/constituency/Monaghan"
            }
          }
        ],
        "uri": "http://oireachtas.ie/ie/oireachtas/member/James-Matthew-Dillon.D.1932-03-09/dail/11"
      }
    },
    {
      "membership": {
        "dateRange": {
          "end": "1948-01-12",
          "start": "1944-06-09"
        },
        "house": {
          "showAs": "12th D\u00e1il",
          "uri": "http://oireachtas.ie/ie/oireachtas/house/dail/12"
        },
        "offices": [],
        "parties": [
          {
            "party": {
              "dateRange": {
                "end": "1948-01-12",
                "start": "1944-05-30"
              },
              "showAs": "Independent",
              "uri": "http://oireachtas.ie/ie/oireachtas/party/dail/12/Independent"
            }
          }
        ],
        "represents": [
          {
            "represent": {
              "showAs": "Monaghan",
              "uri": "http://oireachtas.ie/ie/oireachtas/house/dail/12/constituency/Monaghan"
            }
          }
        ],
        "uri": "http://oireachtas.ie/ie/oireachtas/member/James-Matthew-Dillon.D.1932-03-09/dail/12"
      }
    },
    {
      "membership": {
        "dateRange": {
          "end": "1951-05-07",
          "start": "1948-02-18"
        },
        "house": {
          "showAs": "13th D\u00e1il",
          "uri": "http://oireachtas.ie/ie/oireachtas/house/dail/13"
        },
        "offices": [
          {
            "office": {
              "cabinet": {
                "showAs": "Government of the 13th D\u00e1il",
                "uri": "http://oireachtas.ie/ie/oireachtas/cabinet/dail/13"
              },
              "dateRange": {
                "end": "1951-06-13",
                "start": "1948-02-18"
              },
              "officeName": {
                "showAs": "Minister for Agriculture",
                "uri": "http://oireachtas.ie/ie/oireachtas/office/minister/agriculture"
              }
            }
          }
        ],
        "parties": [
          {
            "party": {
              "dateRange": {
                "end": "1951-05-07",
                "start": "1948-02-04"
              },
              "showAs": "Independent",
              "uri": "http://oireachtas.ie/ie/oireachtas/party/dail/13/Independent"
            }
          }
        ],
        "represents": [
          {
            "represent": {
              "showAs": "Monaghan",
              "uri": "http://oireachtas.ie/ie/oireachtas/house/dail/13/constituency/Monaghan"
            }
          }
        ],
        "uri": "http://oireachtas.ie/ie/oireachtas/member/James-Matthew-Dillon.D.1932-03-09/dail/13"
      }
    },
    {
      "membership": {
        "dateRange": {
          "end": "1954-04-24",
          "start": "1951-06-13"
        },
        "house": {
          "showAs": "14th D\u00e1il",
          "uri": "http://oireachtas.ie/ie/oireachtas/house/dail/14"
        },
        "offices": [],
        "parties": [
          {
            "party": {
              "dateRange": {
                "end": "1954-04-24",
                "start": "1951-05-30"
              },
              "showAs": "Independent",
              "uri": "http://oireachtas.ie/ie/oireachtas/party/dail/14/Independent"
            }
          }
        ],
        "represents": [
          {
            "represent": {
              "showAs": "Monaghan",
              "uri": "http://oireachtas.ie/ie/oireachtas/house/dail/14/constituency/Monaghan"
            }
          }
        ],
        "uri": "http://oireachtas.ie/ie/oireachtas/member/James-Matthew-Dillon.D.1932-03-09/dail/14"
      }
    },
    {
      "membership": {
        "dateRange": {
          "end": "1957-02-12",
          "start": "1954-06-02"
        },
        "house": {
          "showAs": "15th D\u00e1il",
          "uri": "http://oireachtas.ie/ie/oireachtas/house/dail/15"
        },
        "offices": [
          {
            "office": {
              "cabinet": {
                "showAs": "Government of the 15th D\u00e1il",
                "uri": "http://oireachtas.ie/ie/oireachtas/cabinet/dail/15"
              },
              "dateRange": {
                "end": "1957-03-20",
                "start": "1954-06-02"
              },
              "officeName": {
                "showAs": "Minister for Agriculture",
                "uri": "http://oireachtas.ie/ie/oireachtas/office/minister/agriculture"
              }
            }
          }
        ],
        "parties": [
          {
            "party": {
              "dateRange": {
                "end": "1957-02-12",
                "start": "1954-05-18"
              },
              "showAs": "Fine Gael",
              "uri": "http://oireachtas.ie/ie/oireachtas/party/dail/15/Fine_Gael"
            }
          }
        ],
        "represents": [
          {
            "represent": {
              "showAs": "Monaghan",
              "uri": "http://oireachtas.ie/ie/oireachtas/house/dail/15/constituency/Monaghan"
            }
          }
        ],
        "uri": "http://oireachtas.ie/ie/oireachtas/member/James-Matthew-Dillon.D.1932-03-09/dail/15"
      }
    },
    {
      "membership": {
        "dateRange": {
          "end": "1961-09-15",
          "start": "1957-03-20"
        },
        "house": {
          "showAs": "16th D\u00e1il",
          "uri": "http://oireachtas.ie/ie/oireachtas/house/dail/16"
        },
        "offices": [],
        "parties": [
          {
            "party": {
              "dateRange": {
                "end": "1961-09-15",
                "start": "1957-03-05"
              },
              "showAs": "Fine Gael",
              "uri": "http://oireachtas.ie/ie/oireachtas/party/dail/16/Fine_Gael"
            }
          }
        ],
        "represents": [
          {
            "represent": {
              "showAs": "Monaghan",
              "uri": "http://oireachtas.ie/ie/oireachtas/house/dail/16/constituency/Monaghan"
            }
          }
        ],
        "uri": "http://oireachtas.ie/ie/oireachtas/member/James-Matthew-Dillon.D.1932-03-09/dail/16"
      }
    },
    {
      "membership": {
        "dateRange": {
          "end": "1965-03-18",
          "start": "1961-10-11"
        },
        "house": {
          "showAs": "17th D\u00e1il",
          "uri": "http://oireachtas.ie/ie/oireachtas/house/dail/17"
        },
        "offices": [],
        "parties": [
          {
            "party": {
              "dateRange": {
                "end": "1965-03-18",
                "start": "1961-10-04"
              },
              "showAs": "Fine Gael",
              "uri": "http://oireachtas.ie/ie/oireachtas/party/dail/17/Fine_Gael"
            }
          }
        ],
        "represents": [
          {
            "represent": {
              "showAs": "Monaghan",
              "uri": "http://oireachtas.ie/ie/oireachtas/house/dail/17/constituency/Monaghan"
            }
          }
        ],
        "uri": "http://oireachtas.ie/ie/oireachtas/member/James-Matthew-Dillon.D.1932-03-09/dail/17"
      }
    },
    {
      "membership": {
        "dateRange": {
          "end": "1969-05-22",
          "start": "1965-04-21"
        },
        "house": {
          "showAs": "18th D\u00e1il",
          "uri": "http://oireachtas.ie/ie/oireachtas/house/dail/18"
        },
        "offices": [],
        "parties": [
          {
            "party": {
              "dateRange": {
                "end": "1969-05-22",
                "start": "1965-04-07"
              },
              "showAs": "Fine Gael",
              "uri": "http://oireachtas.ie/ie/oireachtas/party/dail/18/Fine_Gael"
            }
          }
        ],
        "represents": [
          {
            "represent": {
              "showAs": "Monaghan",
              "uri": "http://oireachtas.ie/ie/oireachtas/house/dail/18/constituency/Monaghan"
            }
          }
        ],
        "uri": "http://oireachtas.ie/ie/oireachtas/member/James-Matthew-Dillon.D.1932-03-09/dail/18"
      }
    }
  ],
  "profession": "Barrister-at-Law,Farmer and Merchant",
  "showAs": "Mr. James M. Dillon",
  "uri": "http://oireachtas.ie/ie/oireachtas/member/James-Matthew-Dillon.D.1932-03-09"
}