{
  "dateOfBirth": null,
  "dateOfDeath": null,
  "firstName": "Mary",
  "fullName": "Mary White",
  "gender": null,
  "image": "http://www.oireachtas.ie//MembersImages/2157b.jpg",
  "lastName": "White",
  "memberships": [
    {
      "membership": {
        "dateRange": {
          "end": "2011-02-01",
          "start": "2007-06-14"
        },
        "house": {
          "showAs": "30th D\u00e1il",
          "uri": "http://oireachtas.ie/ie/oireachtas/house/dail/30"
        },
        "offices": [],
        "parties": [
          {
            "party": {
              "dateRange": {
                "end": "2011-02-01",
                "start": "2007-05-24"
              },
              "showAs": "Green Party",
              "uri": "http://oireachtas.ie/ie/oireachtas/party/dail/30/Green_Party"
            }
          }
        ],
        "represents": [
          {
            "represent": {
              "showAs": "Carlow\u2013Kilkenny",
              "uri": "http://oireachtas.ie/ie/oireachtas/house/dail/30/constituency/Carlow\u2013Kilkenny"
            }
          }
        ],
        "uri": "http://oireachtas.ie/ie/oireachtas/member/Mary-White.D.2007-06-14/dail/30"
      }
    }
  ],
  "profession": null,
  "showAs": "Ms. Mary Alexandra White",
  "uri": "http://oireachtas.ie/ie/oireachtas/member/Mary-White.D.2007-06-14"
}