{"shortTitle": "Financial Emergency Measures in the Public Interest (Reviews of Commercial Rents) Bill 2012", "stages": [{"event": {"progressStage": 1, "showAs": "First Stage", "chamber": {"showAs": "D\u00e1il", "uri": "/house/dail"}, "dates": [{"date": "2012-03-29"}], "uri": "/bill/2012/22/dail/1"}}], "versions": [], "sponsors": [{"sponsor": {"by": {"showAs": "Michael Noonan", "uri": "/member/Michael-Noonan.D.1981-06-30"}, "as": {"showAs": null, "uri": null}}}], "originHouse": {"showAs": "D\u00e1il \u00c9ireann", "uri": "/house/dail"}, "amendmentLists": [], "longTitle": "Bill entitled An Act in the public interest, to provide for the imposition by way of Government Order of a requirement that landlords charge market rents only in respect of commercial premises, and to provide for related matters", "billNo": "22", "uri": "/bill/2012/22", "status": "Lapsed", "events": [{"event": {"progressStage": null, "showAs": "Lapsed", "chamber": {"showAs": null, "uri": null}, "dates": [{"date": "2016-02-03"}], "uri": "/bill/2012/22/lapsed"}}], "method": "Introduction", "billType": "Public", "act": null, "_id": "bill.2012.22", "source": "Private Member", "billYear": "2012"}