{"shortTitle": "Veterinary Practice (Amendment) Bill 2011", "stages": [{"event": {"progressStage": 1, "showAs": "First Stage", "chamber": {"showAs": "D\u00e1il", "uri": "/house/dail"}, "dates": [{"date": "2011-07-26"}], "uri": "/bill/2011/42/dail/1"}}, {"event": {"progressStage": 2, "showAs": "Second Stage", "chamber": {"showAs": "D\u00e1il", "uri": "/house/dail"}, "dates": [{"date": "2011-09-28"}, {"date": "2011-09-29"}], "uri": "/bill/2011/42/dail/2"}}, {"event": {"progressStage": 3, "showAs": "Fourth Stage", "chamber": {"showAs": "D\u00e1il", "uri": "/house/dail"}, "dates": [{"date": "2012-01-19"}], "uri": "/bill/2011/42/dail/4"}}, {"event": {"progressStage": 4, "showAs": "Fifth Stage", "chamber": {"showAs": "D\u00e1il", "uri": "/house/dail"}, "dates": [{"date": "2012-01-19"}], "uri": "/bill/2011/42/dail/5"}}, {"event": {"progressStage": 5, "showAs": "Second Stage", "chamber": {"showAs": "Seanad", "uri": "/house/seanad"}, "dates": [{"date": "2012-02-21"}], "uri": "/bill/2011/42/seanad/2"}}, {"event": {"progressStage": 6, "showAs": "Third Stage", "chamber": {"showAs": "Seanad", "uri": "/house/seanad"}, "dates": [{"date": "2012-03-13"}], "uri": "/bill/2011/42/seanad/3"}}, {"event": {"progressStage": 7, "showAs": "Fourth Stage", "chamber": {"showAs": "Seanad", "uri": "/house/seanad"}, "dates": [{"date": "2012-03-13"}], "uri": "/bill/2011/42/seanad/4"}}, {"event": {"progressStage": 9, "showAs": "Enacted", "chamber": null, "dates": [{"date": "2012-07-18"}], "uri": "/bill/2011/42/seanad/5"}}, {"event": {"progressStage": 9, "showAs": "Enacted", "chamber": null, "dates": [{"date": "2012-07-18"}], "uri": "/bill/2011/42/seanad/5"}}], "versions": [], "sponsors": [{"sponsor": {"by": {"showAs": "Simon Coveney", "uri": "/member/Simon-Coveney.D.1998-10-23"}, "as": {"showAs": "Minister for Agriculture, Fisheries and Food", "uri": "/office/minister/agriculture__fisheries__food"}}}], "originHouse": {"showAs": "D\u00e1il \u00c9ireann", "uri": "/house/dail"}, "amendmentLists": [], "longTitle": "Bill entitled An Act to enable persons other than veterinary practitioners and veterinary nurses to carry out certain procedures on or in relation to animals, for those and other purposes to amend the Veterinary Practice Act 2005, and to provide for related matters", "billNo": "42", "uri": "/bill/2011/42", "status": "Enacted", "events": [], "method": "Presentation", "billType": "Public", "act": {"shortTitle": "Veterinary Practice (Amendment) Act 2012", "actYear": "2012", "statuteBookURI": "http://www.irishstatutebook.ie/eli/2012/act/25", "actNo": "25", "dateSigned": "2012-07-18", "longTitle": "An Act to enable persons other than veterinary practitioners and veterinary nurses to carry out certain procedures on or in relation to animals, for those and other purposes to amend the Veterinary Practice Act 2005, and to provide for related matters", "uri": "/act/2012/25"}, "_id": "bill.2011.42", "source": "Government", "billYear": "2011"}