{"shortTitle": "Broadcasting (Amendment) Bill 2012", "stages": [{"event": {"progressStage": 1, "showAs": "First Stage", "chamber": {"showAs": "D\u00e1il", "uri": "/house/dail"}, "dates": [{"date": "2012-07-19"}], "uri": "/bill/2012/72/dail/1"}}], "versions": [], "sponsors": [{"sponsor": {"by": {"showAs": "Alan Shatter", "uri": "/member/Alan-Shatter.D.1981-06-30"}, "as": {"showAs": null, "uri": null}}}], "originHouse": {"showAs": "D\u00e1il \u00c9ireann", "uri": "/house/dail"}, "amendmentLists": [], "longTitle": "Bill entitled An Act do mh\u00edni\u00fa Craolach\u00e1n Seirbh\u00edse Poibl\u00ed, do dh\u00e9anamh socr\u00fa chun cead\u00fanais teilif\u00edse a ionad\u00fa, do dh\u00e9anamh socr\u00fa maidir le socruithe athmheasta chun seirbh\u00eds\u00ed craolach\u00e1in in \u00c9irinn a mhaoini\u00fa, do chur craolt\u00f3ir\u00ed ar bhonn n\u00edos cothroime, do chur pr\u00f3iseas neamhsple\u00e1ch breithnithe gear\u00e1n ar f\u00e1il, agus do shol\u00e1thar ceart rochtana ar thaifeadta\u00ed agallaimh nach bhfuil in eagar agus do dh\u00e9anamh socr\u00fa i dtaobh nithe gaolmhara", "billNo": "72", "uri": "/bill/2012/72", "status": "Lapsed", "events": [{"event": {"progressStage": null, "showAs": "Lapsed", "chamber": {"showAs": null, "uri": null}, "dates": [{"date": "2016-02-03"}], "uri": "/bill/2012/72/lapsed"}}], "method": "Introduction", "billType": "Public", "act": null, "_id": "bill.2012.72", "source": "Private Member", "billYear": "2012"}