{"shortTitle": "Credit Guarantee Bill 2012", "stages": [{"event": {"progressStage": 1, "showAs": "First Stage", "chamber": {"showAs": "D\u00e1il", "uri": "/house/dail"}, "dates": [{"date": "2012-04-04"}], "uri": "/bill/2012/27/dail/1"}}, {"event": {"progressStage": 2, "showAs": "Second Stage", "chamber": {"showAs": "D\u00e1il", "uri": "/house/dail"}, "dates": [{"date": "2012-05-16"}, {"date": "2012-05-17"}, {"date": "2012-05-22"}], "uri": "/bill/2012/27/dail/2"}}, {"event": {"progressStage": 3, "showAs": "Fourth Stage", "chamber": {"showAs": "D\u00e1il", "uri": "/house/dail"}, "dates": [{"date": "2012-06-20"}], "uri": "/bill/2012/27/dail/4"}}, {"event": {"progressStage": 4, "showAs": "Fifth Stage", "chamber": {"showAs": "D\u00e1il", "uri": "/house/dail"}, "dates": [{"date": "2012-06-20"}], "uri": "/bill/2012/27/dail/5"}}, {"event": {"progressStage": 5, "showAs": "Second Stage", "chamber": {"showAs": "Seanad", "uri": "/house/seanad"}, "dates": [{"date": "2012-06-21"}], "uri": "/bill/2012/27/seanad/2"}}, {"event": {"progressStage": 6, "showAs": "Third Stage", "chamber": {"showAs": "Seanad", "uri": "/house/seanad"}, "dates": [{"date": "2012-06-28"}], "uri": "/bill/2012/27/seanad/3"}}, {"event": {"progressStage": 7, "showAs": "Fourth Stage", "chamber": {"showAs": "Seanad", "uri": "/house/seanad"}, "dates": [{"date": "2012-07-04"}], "uri": "/bill/2012/27/seanad/4"}}, {"event": {"progressStage": 9, "showAs": "Enacted", "chamber": null, "dates": [{"date": "2012-07-18"}], "uri": "/bill/2012/27/seanad/5"}}, {"event": {"progressStage": 9, "showAs": "Enacted", "chamber": null, "dates": [{"date": "2012-07-18"}], "uri": "/bill/2012/27/seanad/5"}}], "versions": [], "sponsors": [{"sponsor": {"by": {"showAs": "Richard Bruton", "uri": "/member/Richard-Bruton.S.1981-10-08"}, "as": {"showAs": "Minister for Jobs, Enterprise and Innovation", "uri": "/office/minister/jobs__enterprise__innovation"}}}], "originHouse": {"showAs": "D\u00e1il \u00c9ireann", "uri": "/house/dail"}, "amendmentLists": [], "longTitle": "Bill entitled An Act to enable the Minister for Jobs, Enterprise and Innovation to give guarantees to lenders of a certain class in respect of loans made by such lenders to enterprises of a certain class; for that purpose to provide for the making of a scheme or schemes by that Minister of the Government in relation to the giving of such guarantees; and to provide for matters connected therewith", "billNo": "27", "uri": "/bill/2012/27", "status": "Enacted", "events": [], "method": "Presentation", "billType": "Public", "act": {"shortTitle": "Credit Guarantee Act 2012", "actYear": "2012", "statuteBookURI": "http://www.irishstatutebook.ie/eli/2012/act/26", "actNo": "26", "dateSigned": "2012-07-18", "longTitle": "An Act to enable the Minister for Jobs, Enterprise and Innovation to give guarantees to lenders of a certain class in respect of loans made by such lenders to enterprises of a certain class; for that purpose to provide for the making of a scheme or schemes by that Minister of the Government in relation to the giving of such guarantees; and to provide for matters connected therewith", "uri": "/act/2012/26"}, "_id": "bill.2012.27", "source": "Government", "billYear": "2012"}