{"shortTitle": "Education (Amendment) Bill 2012", "stages": [{"event": {"progressStage": 1, "showAs": "First Stage", "chamber": {"showAs": "Seanad", "uri": "/house/seanad"}, "dates": [{"date": "2012-01-05"}], "uri": "/bill/2012/1/seanad/1"}}, {"event": {"progressStage": 2, "showAs": "Second Stage", "chamber": {"showAs": "Seanad", "uri": "/house/seanad"}, "dates": [{"date": "2012-01-25"}], "uri": "/bill/2012/1/seanad/2"}}, {"event": {"progressStage": 3, "showAs": "Third Stage", "chamber": {"showAs": "Seanad", "uri": "/house/seanad"}, "dates": [{"date": "2012-01-31"}], "uri": "/bill/2012/1/seanad/3"}}, {"event": {"progressStage": 4, "showAs": "Fourth Stage", "chamber": {"showAs": "Seanad", "uri": "/house/seanad"}, "dates": [{"date": "2012-02-07"}], "uri": "/bill/2012/1/seanad/4"}}, {"event": {"progressStage": 5, "showAs": "Fifth Stage", "chamber": {"showAs": "Seanad", "uri": "/house/seanad"}, "dates": [{"date": "2012-02-07"}], "uri": "/bill/2012/1/seanad/5"}}, {"event": {"progressStage": 6, "showAs": "Second Stage", "chamber": {"showAs": "D\u00e1il", "uri": "/house/dail"}, "dates": [{"date": "2012-02-29"}, {"date": "2012-03-01"}], "uri": "/bill/2012/1/dail/2"}}, {"event": {"progressStage": 7, "showAs": "Fourth Stage", "chamber": {"showAs": "D\u00e1il", "uri": "/house/dail"}, "dates": [{"date": "2012-05-02"}], "uri": "/bill/2012/1/dail/4"}}, {"event": {"progressStage": 9, "showAs": "Enacted", "chamber": null, "dates": [{"date": "2012-05-23"}], "uri": "/bill/2012/1/dail/5"}}, {"event": {"progressStage": 9, "showAs": "Enacted", "chamber": null, "dates": [{"date": "2012-05-23"}], "uri": "/bill/2012/1/dail/5"}}], "versions": [], "sponsors": [{"sponsor": {"by": {"showAs": "Ruair\u00ed Quinn", "uri": "/member/Ruair\u00ed-Quinn.S.1976-07-01"}, "as": {"showAs": "Minister for Education and Skills", "uri": "/office/minister/education__skills"}}}], "originHouse": {"showAs": "Seanad \u00c9ireann", "uri": "/house/seanad"}, "amendmentLists": [], "longTitle": "Bill entitled An Act to amend the Education Act 1998; to amend the Teaching Council Act 2001; to repeal the Scientific and Technological Education (Investment) Fund Act 1997 and the Scientific and Technological Education (Investment) Fund (Amendment) Act 1998; and to provide for related matters", "billNo": "1", "uri": "/bill/2012/1", "status": "Enacted", "events": [], "method": "Presentation", "billType": "Public", "act": {"shortTitle": "Education (Amendment) Act 2012", "actYear": "2012", "statuteBookURI": "http://www.irishstatutebook.ie/eli/2012/act/14", "actNo": "14", "dateSigned": "2012-05-23", "longTitle": "An Act to amend the Education Act 1998; to amend the Teaching Council Act 2001; to repeal the Scientific and Technological Education (Investment) Fund Act 1997 and the Scientific and Technological Education (Investment) Fund (Amendment) Act 1998; and to provide for related matters", "uri": "/act/2012/14"}, "_id": "bill.2012.1", "source": "Government", "billYear": "2012"}