{"shortTitle": "Education (Welfare)(Amendment)(No.2) Bill 2012", "stages": [{"event": {"progressStage": 1, "showAs": "First Stage", "chamber": {"showAs": "D\u00e1il", "uri": "/house/dail"}, "dates": [{"date": "2012-12-06"}], "uri": "/bill/2012/112/dail/1"}}, {"event": {"progressStage": 2, "showAs": "Second Stage", "chamber": {"showAs": "D\u00e1il", "uri": "/house/dail"}, "dates": [{"date": "2013-01-22"}, {"date": "2013-01-23"}], "uri": "/bill/2012/112/dail/2"}}], "versions": [], "sponsors": [{"sponsor": {"by": {"showAs": "Brendan Howlin", "uri": "/member/Brendan-Howlin.S.1983-02-23"}, "as": {"showAs": null, "uri": null}}}], "originHouse": {"showAs": "D\u00e1il \u00c9ireann", "uri": "/house/dail"}, "amendmentLists": [], "longTitle": "Bill entitled An Act to amend the Education (Welfare) Act 2000 to impose mandatory requirements on the board of management of recognised schools to adopt counter bullying and preventative measures which are to be implemented by the board of management and to direct the Minister for Education and Skills to introduce regulations based on existing guidelines and to ensure these regulations are reviewed", "billNo": "112", "uri": "/bill/2012/112", "status": "Rejected", "events": [{"event": {"progressStage": null, "showAs": "Second Stage", "chamber": {"showAs": "D\u00e1il", "uri": "/house/dail"}, "dates": [{"date": "2013-01-23"}], "uri": "/bill/2012/112/dail/2/rejected"}}], "method": "Introduction", "billType": "Public", "act": null, "_id": "bill.2012.112", "source": "Private Member", "billYear": "2012"}