{"shortTitle": "Mortgage Credit (Loans and Bonds) Bill 2012", "stages": [{"event": {"progressStage": 1, "showAs": "First Stage", "chamber": {"showAs": "Seanad", "uri": "/house/seanad"}, "dates": [{"date": "2012-10-11"}], "uri": "/bill/2012/86/seanad/1"}}, {"event": {"progressStage": 2, "showAs": "Second Stage", "chamber": {"showAs": "Seanad", "uri": "/house/seanad"}, "dates": [{"date": "2012-10-17"}], "uri": "/bill/2012/86/seanad/2"}}], "versions": [], "sponsors": [{"sponsor": {"by": {"showAs": "Ruair\u00ed Quinn", "uri": "/member/Ruair\u00ed-Quinn.S.1976-07-01"}, "as": {"showAs": null, "uri": null}}}], "originHouse": {"showAs": "Seanad \u00c9ireann", "uri": "/house/seanad"}, "amendmentLists": [], "longTitle": "Bill entitled An Act to create and regulate a mortgage-credit loans and bonds system, for the purposes of the orderly operation of the market for mortgages, such that economic activity is encouraged and property is improved via a system of mortgage-credit loans and mortgage-credit bonds", "billNo": "86", "uri": "/bill/2012/86", "status": "Lapsed", "events": [{"event": {"progressStage": null, "showAs": "Lapsed", "chamber": {"showAs": null, "uri": null}, "dates": [{"date": "2016-02-03"}], "uri": "/bill/2012/86/lapsed"}}], "method": "Presentation", "billType": "Public", "act": null, "_id": "bill.2012.86", "source": "Private Member", "billYear": "2012"}