{"shortTitle": "Europol Bill 2012", "stages": [{"event": {"progressStage": 1, "showAs": "First Stage", "chamber": {"showAs": "D\u00e1il", "uri": "/house/dail"}, "dates": [{"date": "2012-07-24"}], "uri": "/bill/2012/74/dail/1"}}, {"event": {"progressStage": 2, "showAs": "Second Stage", "chamber": {"showAs": "D\u00e1il", "uri": "/house/dail"}, "dates": [{"date": "2012-10-04"}, {"date": "2012-10-23"}], "uri": "/bill/2012/74/dail/2"}}, {"event": {"progressStage": 3, "showAs": "Fourth Stage", "chamber": {"showAs": "D\u00e1il", "uri": "/house/dail"}, "dates": [{"date": "2012-11-22"}], "uri": "/bill/2012/74/dail/4"}}, {"event": {"progressStage": 4, "showAs": "Fifth Stage", "chamber": {"showAs": "D\u00e1il", "uri": "/house/dail"}, "dates": [{"date": "2012-11-22"}], "uri": "/bill/2012/74/dail/5"}}, {"event": {"progressStage": 5, "showAs": "Second Stage", "chamber": {"showAs": "Seanad", "uri": "/house/seanad"}, "dates": [{"date": "2012-11-29"}], "uri": "/bill/2012/74/seanad/2"}}, {"event": {"progressStage": 7, "showAs": "Enacted", "chamber": null, "dates": [{"date": "2012-12-26"}], "uri": "/bill/2012/74/seanad/3"}}, {"event": {"progressStage": 7, "showAs": "Enacted", "chamber": null, "dates": [{"date": "2012-12-26"}], "uri": "/bill/2012/74/seanad/3"}}], "versions": [], "sponsors": [{"sponsor": {"by": {"showAs": "Alan Shatter", "uri": "/member/Alan-Shatter.D.1981-06-30"}, "as": {"showAs": "Minister for Justice and Equality", "uri": "/office/minister/justice__equality"}}}], "originHouse": {"showAs": "D\u00e1il \u00c9ireann", "uri": "/house/dail"}, "amendmentLists": [], "longTitle": "Bill entitled An Act to give effect to Council Decision 2009/371/JHA of 6 April 2009 establishing the European Police Office (Europol); to repeal the Europol Act 1997 and the Europol (Amendment) Act 2006; to extend the application of the Official Secrets Act 1963 and to provide for related matters", "billNo": "74", "uri": "/bill/2012/74", "status": "Enacted", "events": [], "method": "Presentation", "billType": "Public", "act": {"shortTitle": "Europol Act 2012", "actYear": "2012", "statuteBookURI": "http://www.irishstatutebook.ie/eli/2012/act/53", "actNo": "53", "dateSigned": "2012-12-26", "longTitle": "An Act to give effect to Council Decision 2009/371/JHA of 6 April 2009 establishing the European Police Office (Europol); to repeal the Europol Act 1997 and the Europol (Amendment) Act 2006; to extend the application of the Official Secrets Act 1963 and to provide for related matters", "uri": "/act/2012/53"}, "_id": "bill.2012.74", "source": "Government", "billYear": "2012"}