{"shortTitle": "Business Undertakings (Disclosure Of Overpayments) Bill 2012", "stages": [{"event": {"progressStage": 1, "showAs": "First Stage", "chamber": {"showAs": "Seanad", "uri": "/house/seanad"}, "dates": [{"date": "2012-06-07"}], "uri": "/bill/2012/48/seanad/1"}}, {"event": {"progressStage": 2, "showAs": "Second Stage", "chamber": {"showAs": "Seanad", "uri": "/house/seanad"}, "dates": [{"date": "2012-06-13"}], "uri": "/bill/2012/48/seanad/2"}}], "versions": [], "sponsors": [{"sponsor": {"by": {"showAs": "Alan Shatter", "uri": "/member/Alan-Shatter.D.1981-06-30"}, "as": {"showAs": null, "uri": null}}}], "originHouse": {"showAs": "Seanad \u00c9ireann", "uri": "/house/seanad"}, "amendmentLists": [], "longTitle": "Bill entitled An Act to require undertakings in receipt of overpayments to inform the payer of the occurrence of the overpayment and to facilitate the repayment of the overpayment; to permit the investigation of complaints concerning the non-disclosure or non-return of such overpayments; to create certain offences and to provide for related matters\u0000", "billNo": "48", "uri": "/bill/2012/48", "status": "Rejected", "events": [{"event": {"progressStage": null, "showAs": "Second Stage", "chamber": {"showAs": "Seanad", "uri": "/house/seanad"}, "dates": [{"date": "2012-06-13"}], "uri": "/bill/2012/48/seanad/2/rejected"}}], "method": "Presentation", "billType": "Public", "act": null, "_id": "bill.2012.48", "source": "Private Member", "billYear": "2012"}