{"shortTitle": "Medical Treatment (Termination of Pregnancy in Case of Risk to Life of Pregnant Woman) (No. 2) Bill 2012", "stages": [{"event": {"progressStage": 1, "showAs": "Second Stage", "chamber": {"showAs": "D\u00e1il", "uri": "/house/dail"}, "dates": [{"date": "2012-11-27"}, {"date": "2012-11-28"}], "uri": "/bill/2012/103/dail/2"}}, {"event": {"progressStage": 2, "showAs": "First Stage", "chamber": {"showAs": "D\u00e1il", "uri": "/house/dail"}, "dates": [{"date": "2012-12-21"}], "uri": "/bill/2012/103/dail/1"}}], "versions": [], "sponsors": [{"sponsor": {"by": {"showAs": "Leo Varadkar", "uri": "/member/Leo-Varadkar.D.2007-06-14"}, "as": {"showAs": null, "uri": null}}}], "originHouse": {"showAs": "D\u00e1il \u00c9ireann", "uri": "/house/dail"}, "amendmentLists": [], "longTitle": "Bill entitled An Act to provide an interim legislative arrangement, as required by the Council of Europe, for termination of pregnancy where as a matter of probability a real and substantial risk to the life of the pregnant woman exists; to make provision for the prevention of any curtailment, hindrance or preclusion of such treatment that may arise as a result of the pregnancy of the woman; and to provide for related matters", "billNo": "103", "uri": "/bill/2012/103", "status": "Rejected", "events": [{"event": {"progressStage": null, "showAs": "Second Stage", "chamber": {"showAs": "D\u00e1il", "uri": "/house/dail"}, "dates": [{"date": "2012-11-28"}], "uri": "/bill/2012/103/dail/2/rejected"}}], "method": "Introduction", "billType": "Public", "act": null, "_id": "bill.2012.103", "source": "Private Member", "billYear": "2012"}