{"shortTitle": "Criminal Justice (Aggravated False Imprisonment) Bill 2012", "stages": [{"event": {"progressStage": 1, "showAs": "First Stage", "chamber": {"showAs": "D\u00e1il", "uri": "/house/dail"}, "dates": [{"date": "2012-01-31"}], "uri": "/bill/2012/3/dail/1"}}], "versions": [], "sponsors": [{"sponsor": {"by": {"showAs": "Ruair\u00ed Quinn", "uri": "/member/Ruair\u00ed-Quinn.S.1976-07-01"}, "as": {"showAs": null, "uri": null}}}], "originHouse": {"showAs": "D\u00e1il \u00c9ireann", "uri": "/house/dail"}, "amendmentLists": [], "longTitle": "Bill entitled An Act to amend the provisions of the Non-Fatal Offences against the Person Act 1997 to provide for the creation of the statutory offence of Aggravated False Imprisonment\u0000", "billNo": "3", "uri": "/bill/2012/3", "status": "Lapsed", "events": [{"event": {"progressStage": null, "showAs": "Lapsed", "chamber": {"showAs": null, "uri": null}, "dates": [{"date": "2016-02-03"}], "uri": "/bill/2012/3/lapsed"}}], "method": "Introduction", "billType": "Public", "act": null, "_id": "bill.2012.3", "source": "Private Member", "billYear": "2012"}