{"shortTitle": "Patents (Amendment) Bill 2011", "stages": [{"event": {"progressStage": 1, "showAs": "First Stage", "chamber": {"showAs": "D\u00e1il", "uri": "/house/dail"}, "dates": [{"date": "2011-05-12"}], "uri": "/bill/2011/17/dail/1"}}, {"event": {"progressStage": 2, "showAs": "Second Stage", "chamber": {"showAs": "D\u00e1il", "uri": "/house/dail"}, "dates": [{"date": "2011-10-06"}], "uri": "/bill/2011/17/dail/2"}}, {"event": {"progressStage": 3, "showAs": "Fourth Stage", "chamber": {"showAs": "D\u00e1il", "uri": "/house/dail"}, "dates": [{"date": "2012-01-12"}], "uri": "/bill/2011/17/dail/4"}}, {"event": {"progressStage": 4, "showAs": "Fifth Stage", "chamber": {"showAs": "D\u00e1il", "uri": "/house/dail"}, "dates": [{"date": "2012-01-12"}], "uri": "/bill/2011/17/dail/5"}}, {"event": {"progressStage": 5, "showAs": "Second Stage", "chamber": {"showAs": "Seanad", "uri": "/house/seanad"}, "dates": [{"date": "2012-01-18"}], "uri": "/bill/2011/17/seanad/2"}}, {"event": {"progressStage": 6, "showAs": "Third Stage", "chamber": {"showAs": "Seanad", "uri": "/house/seanad"}, "dates": [{"date": "2012-01-25"}], "uri": "/bill/2011/17/seanad/3"}}, {"event": {"progressStage": 7, "showAs": "Fourth Stage", "chamber": {"showAs": "Seanad", "uri": "/house/seanad"}, "dates": [{"date": "2012-01-25"}], "uri": "/bill/2011/17/seanad/4"}}, {"event": {"progressStage": 9, "showAs": "Enacted", "chamber": null, "dates": [{"date": "2012-02-01"}], "uri": "/bill/2011/17/seanad/5"}}, {"event": {"progressStage": 9, "showAs": "Enacted", "chamber": null, "dates": [{"date": "2012-02-01"}], "uri": "/bill/2011/17/seanad/5"}}], "versions": [], "sponsors": [{"sponsor": {"by": {"showAs": "Richard Bruton", "uri": "/member/Richard-Bruton.S.1981-10-08"}, "as": {"showAs": "Minister for Jobs, Enterprise and Innovation", "uri": "/office/minister/jobs__enterprise__innovation"}}}], "originHouse": {"showAs": "D\u00e1il \u00c9ireann", "uri": "/house/dail"}, "amendmentLists": [], "longTitle": "Bill entitled An Act to give effect to Article 1 of the Agreement on the Application of Article 65 of the Convention on the Grant of European Patents, done at London on 17 October 2000; to amend the Patents Act 1992; and to provide for related matters", "billNo": "17", "uri": "/bill/2011/17", "status": "Enacted", "events": [], "method": "Presentation", "billType": "Public", "act": {"shortTitle": "Patents (Amendment) Act 2012", "actYear": "2012", "statuteBookURI": "http://www.irishstatutebook.ie/eli/2012/act/1", "actNo": "1", "dateSigned": "2012-02-01", "longTitle": "An Act to give effect to Article 1 of the Agreement on the Application of Article 65 of the Convention on the Grant of European Patents, done at London on 17 October 2000; to amend the Patents Act 1992; and to provide for related matters", "uri": "/act/2012/1"}, "_id": "bill.2011.17", "source": "Government", "billYear": "2011"}