{"shortTitle": "Finance Bill 2012", "stages": [{"event": {"progressStage": 1, "showAs": "First Stage", "chamber": {"showAs": "D\u00e1il", "uri": "/house/dail"}, "dates": [{"date": "2012-02-08"}], "uri": "/bill/2012/5/dail/1"}}, {"event": {"progressStage": 2, "showAs": "Second Stage", "chamber": {"showAs": "D\u00e1il", "uri": "/house/dail"}, "dates": [{"date": "2012-02-14"}, {"date": "2012-02-15"}, {"date": "2012-02-16"}], "uri": "/bill/2012/5/dail/2"}}, {"event": {"progressStage": 3, "showAs": "Fourth Stage", "chamber": {"showAs": "D\u00e1il", "uri": "/house/dail"}, "dates": [{"date": "2012-03-13"}], "uri": "/bill/2012/5/dail/4"}}, {"event": {"progressStage": 4, "showAs": "Fifth Stage", "chamber": {"showAs": "D\u00e1il", "uri": "/house/dail"}, "dates": [{"date": "2012-03-13"}], "uri": "/bill/2012/5/dail/5"}}, {"event": {"progressStage": 5, "showAs": "Second Stage", "chamber": {"showAs": "Seanad", "uri": "/house/seanad"}, "dates": [{"date": "2012-03-21"}], "uri": "/bill/2012/5/seanad/2"}}, {"event": {"progressStage": 6, "showAs": "Third Stage", "chamber": {"showAs": "Seanad", "uri": "/house/seanad"}, "dates": [{"date": "2012-03-22"}], "uri": "/bill/2012/5/seanad/3"}}, {"event": {"progressStage": 7, "showAs": "Fourth Stage", "chamber": {"showAs": "Seanad", "uri": "/house/seanad"}, "dates": [{"date": "2012-03-22"}], "uri": "/bill/2012/5/seanad/4"}}, {"event": {"progressStage": 9, "showAs": "Enacted", "chamber": null, "dates": [{"date": "2012-03-31"}], "uri": "/bill/2012/5/seanad/5"}}, {"event": {"progressStage": 9, "showAs": "Enacted", "chamber": null, "dates": [{"date": "2012-03-31"}], "uri": "/bill/2012/5/seanad/5"}}], "versions": [], "sponsors": [{"sponsor": {"by": {"showAs": "Michael Noonan", "uri": "/member/Michael-Noonan.D.1981-06-30"}, "as": {"showAs": "Minister for Finance", "uri": "/office/minister/finance"}}}], "originHouse": {"showAs": "D\u00e1il \u00c9ireann", "uri": "/house/dail"}, "amendmentLists": [], "longTitle": "Bill entitled An Act \u0000to provide for the imposition, repeal, remission, alteration and regulation of taxation, of stamp duties and of duties relating to excise and otherwise to make further provision in connection with finance including the regulation of customs", "billNo": "5", "uri": "/bill/2012/5", "status": "Enacted", "events": [], "method": "Presentation", "billType": "Public", "act": {"shortTitle": "Finance Act 2012", "actYear": "2012", "statuteBookURI": "http://www.irishstatutebook.ie/eli/2012/act/9", "actNo": "9", "dateSigned": "2012-03-31", "longTitle": "An Act \u0000to provide for the imposition, repeal, remission, alteration and regulation of taxation, of stamp duties and of duties relating to excise and otherwise to make further provision in connection with finance including the regulation of customs", "uri": "/act/2012/9"}, "_id": "bill.2012.5", "source": "Government", "billYear": "2012"}