{"shortTitle": "National Archives (Amendment) Bill 2012", "stages": [{"event": {"progressStage": 1, "showAs": "First Stage", "chamber": {"showAs": "D\u00e1il", "uri": "/house/dail"}, "dates": [{"date": "2012-02-15"}], "uri": "/bill/2012/8/dail/1"}}], "versions": [], "sponsors": [{"sponsor": {"by": {"showAs": "Phil Hogan", "uri": "/member/Phil-Hogan.S.1987-04-25"}, "as": {"showAs": null, "uri": null}}}], "originHouse": {"showAs": "D\u00e1il \u00c9ireann", "uri": "/house/dail"}, "amendmentLists": [], "longTitle": "Bill entitled An Act to amend the National Archives Act 1986 by providing for the transfer to the National Archives of Departmental records which are more than 15 years old; to make consequential amendments to other statutes; and to provide for related matters", "billNo": "8", "uri": "/bill/2012/8", "status": "Lapsed", "events": [{"event": {"progressStage": null, "showAs": "Lapsed", "chamber": {"showAs": null, "uri": null}, "dates": [{"date": "2016-02-03"}], "uri": "/bill/2012/8/lapsed"}}], "method": "Introduction", "billType": "Public", "act": null, "_id": "bill.2012.8", "source": "Private Member", "billYear": "2012"}