{"shortTitle": "Access to Cancer Treatment Bill 2012", "stages": [{"event": {"progressStage": 1, "showAs": "First Stage", "chamber": {"showAs": "Seanad", "uri": "/house/seanad"}, "dates": [{"date": "2012-07-04"}], "uri": "/bill/2012/60/seanad/1"}}, {"event": {"progressStage": 2, "showAs": "Second Stage", "chamber": {"showAs": "Seanad", "uri": "/house/seanad"}, "dates": [{"date": "2012-07-11"}], "uri": "/bill/2012/60/seanad/2"}}], "versions": [], "sponsors": [{"sponsor": {"by": {"showAs": "Phil Hogan", "uri": "/member/Phil-Hogan.S.1987-04-25"}, "as": {"showAs": null, "uri": null}}}, {"sponsor": {"by": {"showAs": "Phil Hogan", "uri": "/member/Phil-Hogan.S.1987-04-25"}, "as": {"showAs": null, "uri": null}}}], "originHouse": {"showAs": "Seanad \u00c9ireann", "uri": "/house/seanad"}, "amendmentLists": [], "longTitle": "Bill entitled An Act to ensure the provision by the Health Service Executive of all prescribed medicinal products necessary for the treatment of cancer in line with best practice and upon approval of the European Medicines Agency.", "billNo": "60", "uri": "/bill/2012/60", "status": "Rejected", "events": [{"event": {"progressStage": null, "showAs": "Second Stage", "chamber": {"showAs": "Seanad", "uri": "/house/seanad"}, "dates": [{"date": "2012-07-11"}], "uri": "/bill/2012/60/seanad/2/rejected"}}], "method": "Introduction", "billType": "Public", "act": null, "_id": "bill.2012.60", "source": "Private Member", "billYear": "2012"}