{"shortTitle": "Clotting Factor Concentrates and Other Biological Products Bill 2012", "stages": [{"event": {"progressStage": 1, "showAs": "First Stage", "chamber": {"showAs": "D\u00e1il", "uri": "/house/dail"}, "dates": [{"date": "2012-01-31"}], "uri": "/bill/2012/4/dail/1"}}, {"event": {"progressStage": 2, "showAs": "Second Stage", "chamber": {"showAs": "D\u00e1il", "uri": "/house/dail"}, "dates": [{"date": "2012-03-14"}], "uri": "/bill/2012/4/dail/2"}}, {"event": {"progressStage": 3, "showAs": "Third Stage", "chamber": {"showAs": "D\u00e1il", "uri": "/house/dail"}, "dates": [{"date": "2012-03-14"}], "uri": "/bill/2012/4/dail/3"}}, {"event": {"progressStage": 4, "showAs": "Fourth Stage", "chamber": {"showAs": "D\u00e1il", "uri": "/house/dail"}, "dates": [{"date": "2012-03-14"}], "uri": "/bill/2012/4/dail/4"}}, {"event": {"progressStage": 5, "showAs": "Fifth Stage", "chamber": {"showAs": "D\u00e1il", "uri": "/house/dail"}, "dates": [{"date": "2012-03-14"}], "uri": "/bill/2012/4/dail/5"}}, {"event": {"progressStage": 6, "showAs": "Second Stage", "chamber": {"showAs": "Seanad", "uri": "/house/seanad"}, "dates": [{"date": "2012-03-21"}], "uri": "/bill/2012/4/seanad/2"}}, {"event": {"progressStage": 7, "showAs": "Third Stage", "chamber": {"showAs": "Seanad", "uri": "/house/seanad"}, "dates": [{"date": "2012-03-21"}], "uri": "/bill/2012/4/seanad/3"}}, {"event": {"progressStage": 8, "showAs": "Fourth Stage", "chamber": {"showAs": "Seanad", "uri": "/house/seanad"}, "dates": [{"date": "2012-03-21"}], "uri": "/bill/2012/4/seanad/4"}}, {"event": {"progressStage": 10, "showAs": "Enacted", "chamber": null, "dates": [{"date": "2012-03-27"}], "uri": "/bill/2012/4/seanad/5"}}, {"event": {"progressStage": 10, "showAs": "Enacted", "chamber": null, "dates": [{"date": "2012-03-27"}], "uri": "/bill/2012/4/seanad/5"}}], "versions": [], "sponsors": [{"sponsor": {"by": {"showAs": "James Reilly", "uri": "/member/James-Reilly.D.2007-06-14"}, "as": {"showAs": "Minister for Health", "uri": "/office/minister/health"}}}], "originHouse": {"showAs": "D\u00e1il \u00c9ireann", "uri": "/house/dail"}, "amendmentLists": [], "longTitle": "Bill entitled An Act to provide for the procurement and making available of clotting factor concentrates and other biological medicinal products, including recombinant protein preparations, for the purpose of treating coagulation and other disorders and to provide for related matters", "billNo": "4", "uri": "/bill/2012/4", "status": "Enacted", "events": [], "method": "Presentation", "billType": "Public", "act": {"shortTitle": "Clotting Factor Concentrates and Other Biological Products Act 2012", "actYear": "2012", "statuteBookURI": "http://www.irishstatutebook.ie/eli/2012/act/8", "actNo": "8", "dateSigned": "2012-03-27", "longTitle": "An Act to provide for the procurement and making available of clotting factor concentrates and other biological medicinal products, including recombinant protein preparations, for the purpose of treating coagulation and other disorders and to provide for related matters", "uri": "/act/2012/8"}, "_id": "bill.2012.4", "source": "Government", "billYear": "2012"}