{"shortTitle": "Family Home Protection (Miscellaneous Provisions) Bill 2011", "stages": [{"event": {"progressStage": 1, "showAs": "First Stage", "chamber": {"showAs": "D\u00e1il", "uri": "/house/dail"}, "dates": [{"date": "2011-11-02"}], "uri": "/bill/2011/66/dail/1"}}, {"event": {"progressStage": 2, "showAs": "Second Stage", "chamber": {"showAs": "D\u00e1il", "uri": "/house/dail"}, "dates": [{"date": "2012-02-03"}], "uri": "/bill/2011/66/dail/2"}}], "versions": [], "sponsors": [{"sponsor": {"by": {"showAs": "Phil Hogan", "uri": "/member/Phil-Hogan.S.1987-04-25"}, "as": {"showAs": null, "uri": null}}}], "originHouse": {"showAs": "D\u00e1il \u00c9ireann", "uri": "/house/dail"}, "amendmentLists": [], "longTitle": "Bill entitled An Act to enable the Court to have regard to various, cited matters when determining whether to grant or refuse an application for possession of a family home", "billNo": "66", "uri": "/bill/2011/66", "status": "Withdrawn", "events": [{"event": {"progressStage": null, "showAs": "Withdrawn", "chamber": {"showAs": "D\u00e1il", "uri": "/house/dail"}, "dates": [{"date": "2012-02-03"}], "uri": "/bill/2011/66/dail/2/withdrawn"}}], "method": "Introduction", "billType": "Public", "act": null, "_id": "bill.2011.66", "source": "Private Member", "billYear": "2011"}