{"shortTitle": "Animal Health and Welfare Bill 2012", "stages": [{"event": {"progressStage": 1, "showAs": "First Stage", "chamber": {"showAs": "Seanad", "uri": "/house/seanad"}, "dates": [{"date": "2012-04-23"}], "uri": "/bill/2012/31/seanad/1"}}, {"event": {"progressStage": 2, "showAs": "Second Stage", "chamber": {"showAs": "Seanad", "uri": "/house/seanad"}, "dates": [{"date": "2012-05-03"}], "uri": "/bill/2012/31/seanad/2"}}, {"event": {"progressStage": 3, "showAs": "Third Stage", "chamber": {"showAs": "Seanad", "uri": "/house/seanad"}, "dates": [{"date": "2012-05-22"}, {"date": "2012-05-23"}, {"date": "2012-06-20"}, {"date": "2012-07-11"}], "uri": "/bill/2012/31/seanad/3"}}, {"event": {"progressStage": 4, "showAs": "Fourth Stage", "chamber": {"showAs": "Seanad", "uri": "/house/seanad"}, "dates": [{"date": "2012-07-18"}], "uri": "/bill/2012/31/seanad/4"}}, {"event": {"progressStage": 5, "showAs": "Fifth Stage", "chamber": {"showAs": "Seanad", "uri": "/house/seanad"}, "dates": [{"date": "2012-07-18"}], "uri": "/bill/2012/31/seanad/5"}}, {"event": {"progressStage": 6, "showAs": "Second Stage", "chamber": {"showAs": "D\u00e1il", "uri": "/house/dail"}, "dates": [{"date": "2012-09-19"}, {"date": "2012-09-20"}], "uri": "/bill/2012/31/dail/2"}}, {"event": {"progressStage": 7, "showAs": "Fourth Stage", "chamber": {"showAs": "D\u00e1il", "uri": "/house/dail"}, "dates": [{"date": "2013-03-27"}, {"date": "2013-03-28"}], "uri": "/bill/2012/31/dail/4"}}, {"event": {"progressStage": 9, "showAs": "Enacted", "chamber": null, "dates": [{"date": "2013-05-29"}], "uri": "/bill/2012/31/dail/5"}}, {"event": {"progressStage": 9, "showAs": "Enacted", "chamber": null, "dates": [{"date": "2013-05-29"}], "uri": "/bill/2012/31/dail/5"}}], "versions": [], "sponsors": [{"sponsor": {"by": {"showAs": "Simon Coveney", "uri": "/member/Simon-Coveney.D.1998-10-23"}, "as": {"showAs": "Minister for Agriculture, Food and the Marine", "uri": "/office/minister/agriculture__food__marine"}}}], "originHouse": {"showAs": "Seanad \u00c9ireann", "uri": "/house/seanad"}, "amendmentLists": [], "longTitle": "Bill entitled An Act to revise the law relating to the health and welfare of animals and their protection and identification; to provide for the regulation of certain activities relating to animals; to prevent cruelty to animals; to make provision for the licensing of animal marts and for levies for the purposes of animal health and the control of animal diseases; to repeal various enactments relating to animals; to amend the Animal Remedies Act 1993 and to provide for related matters", "billNo": "31", "uri": "/bill/2012/31", "status": "Enacted", "events": [], "method": "Presentation", "billType": "Public", "act": {"shortTitle": "Animal Health and Welfare Act 2013", "actYear": "2013", "statuteBookURI": "http://www.irishstatutebook.ie/eli/2013/act/15", "actNo": "15", "dateSigned": "2013-05-29", "longTitle": "An Act to revise the law relating to the health and welfare of animals and their protection and identification; to provide for the regulation of certain activities relating to animals; to prevent cruelty to animals; to make provision for the licensing of animal marts and for levies for the purposes of animal health and the control of animal diseases; to repeal various enactments relating to animals; to amend the Animal Remedies Act 1993 and to provide for related matters", "uri": "/act/2013/15"}, "_id": "bill.2012.31", "source": "Government", "billYear": "2012"}