{"shortTitle": "Microenterprise Loan Fund Bill 2012", "stages": [{"event": {"progressStage": 1, "showAs": "First Stage", "chamber": {"showAs": "D\u00e1il", "uri": "/house/dail"}, "dates": [{"date": "2012-06-20"}], "uri": "/bill/2012/55/dail/1"}}, {"event": {"progressStage": 2, "showAs": "Second Stage", "chamber": {"showAs": "D\u00e1il", "uri": "/house/dail"}, "dates": [{"date": "2012-06-27"}, {"date": "2012-06-28"}], "uri": "/bill/2012/55/dail/2"}}, {"event": {"progressStage": 3, "showAs": "Fourth Stage", "chamber": {"showAs": "D\u00e1il", "uri": "/house/dail"}, "dates": [{"date": "2012-07-10"}], "uri": "/bill/2012/55/dail/4"}}, {"event": {"progressStage": 4, "showAs": "Fifth Stage", "chamber": {"showAs": "D\u00e1il", "uri": "/house/dail"}, "dates": [{"date": "2012-07-10"}], "uri": "/bill/2012/55/dail/5"}}, {"event": {"progressStage": 5, "showAs": "Second Stage", "chamber": {"showAs": "Seanad", "uri": "/house/seanad"}, "dates": [{"date": "2012-07-12"}], "uri": "/bill/2012/55/seanad/2"}}, {"event": {"progressStage": 6, "showAs": "Third Stage", "chamber": {"showAs": "Seanad", "uri": "/house/seanad"}, "dates": [{"date": "2012-07-17"}], "uri": "/bill/2012/55/seanad/3"}}, {"event": {"progressStage": 7, "showAs": "Fourth Stage", "chamber": {"showAs": "Seanad", "uri": "/house/seanad"}, "dates": [{"date": "2012-07-17"}], "uri": "/bill/2012/55/seanad/4"}}, {"event": {"progressStage": 9, "showAs": "Enacted", "chamber": null, "dates": [{"date": "2012-07-24"}], "uri": "/bill/2012/55/seanad/5"}}, {"event": {"progressStage": 9, "showAs": "Enacted", "chamber": null, "dates": [{"date": "2012-07-24"}], "uri": "/bill/2012/55/seanad/5"}}], "versions": [], "sponsors": [{"sponsor": {"by": {"showAs": "Richard Bruton", "uri": "/member/Richard-Bruton.S.1981-10-08"}, "as": {"showAs": "Minister for Jobs, Enterprise and Innovation", "uri": "/office/minister/jobs__enterprise__innovation"}}}], "originHouse": {"showAs": "D\u00e1il \u00c9ireann", "uri": "/house/dail"}, "amendmentLists": [], "longTitle": "Bill entitled An Act to facilitate the lending of money to microenterprises; for that purpose to make provision for a fund to be known as the microenterprise loan fund; to provide for the formation of a company to manage that fund; and to provide for matters connected therewith\u0000", "billNo": "55", "uri": "/bill/2012/55", "status": "Enacted", "events": [], "method": "Presentation", "billType": "Public", "act": {"shortTitle": "Microenterprise Loan Fund Act 2012", "actYear": "2012", "statuteBookURI": "http://www.irishstatutebook.ie/eli/2012/act/31", "actNo": "31", "dateSigned": "2012-07-24", "longTitle": "An Act to facilitate the lending of money to microenterprises; for that purpose to make provision for a fund to be known as the microenterprise loan fund; to provide for the formation of a company to manage that fund; and to provide for matters connected therewith\u0000", "uri": "/act/2012/31"}, "_id": "bill.2012.55", "source": "Government", "billYear": "2012"}