{"shortTitle": "Local Authority Public Administration Bill 2011", "stages": [{"event": {"progressStage": 1, "showAs": "First Stage", "chamber": {"showAs": "D\u00e1il", "uri": "/house/dail"}, "dates": [{"date": "2011-09-21"}], "uri": "/bill/2011/69/dail/1"}}, {"event": {"progressStage": 2, "showAs": "Second Stage", "chamber": {"showAs": "D\u00e1il", "uri": "/house/dail"}, "dates": [{"date": "2012-01-13"}, {"date": "2012-01-17"}], "uri": "/bill/2011/69/dail/2"}}], "versions": [], "sponsors": [{"sponsor": {"by": {"showAs": "Leo Varadkar", "uri": "/member/Leo-Varadkar.D.2007-06-14"}, "as": {"showAs": null, "uri": null}}}], "originHouse": {"showAs": "D\u00e1il \u00c9ireann", "uri": "/house/dail"}, "amendmentLists": [], "longTitle": "Bill entitled An Act to compel local authorities to provide members of the public and public representatives with substantive replies to written communications within a prescribed period of time", "billNo": "69", "uri": "/bill/2011/69", "status": "Rejected", "events": [{"event": {"progressStage": null, "showAs": "Second Stage", "chamber": {"showAs": "D\u00e1il", "uri": "/house/dail"}, "dates": [{"date": "2012-01-17"}], "uri": "/bill/2011/69/dail/2/rejected"}}], "method": "Introduction", "billType": "Public", "act": null, "_id": "bill.2011.69", "source": "Private Member", "billYear": "2011"}