{"shortTitle": "Social Welfare (Amnesty) Bill 2012", "stages": [{"event": {"progressStage": 1, "showAs": "First Stage", "chamber": {"showAs": "D\u00e1il", "uri": "/house/dail"}, "dates": [{"date": "2012-10-18"}], "uri": "/bill/2012/88/dail/1"}}, {"event": {"progressStage": 2, "showAs": "Second Stage", "chamber": {"showAs": "D\u00e1il", "uri": "/house/dail"}, "dates": [{"date": "2013-01-18"}, {"date": "2013-01-22"}], "uri": "/bill/2012/88/dail/2"}}], "versions": [], "sponsors": [{"sponsor": {"by": {"showAs": "James Reilly", "uri": "/member/James-Reilly.D.2007-06-14"}, "as": {"showAs": null, "uri": null}}}], "originHouse": {"showAs": "D\u00e1il \u00c9ireann", "uri": "/house/dail"}, "amendmentLists": [], "longTitle": "Bill entitled An Act to introduce a temporary amnesty with respect to social welfare overpayments", "billNo": "88", "uri": "/bill/2012/88", "status": "Rejected", "events": [{"event": {"progressStage": null, "showAs": "Second Stage", "chamber": {"showAs": "D\u00e1il", "uri": "/house/dail"}, "dates": [{"date": "2013-01-22"}], "uri": "/bill/2012/88/dail/2/rejected"}}], "method": "Introduction", "billType": "Public", "act": null, "_id": "bill.2012.88", "source": "Private Member", "billYear": "2012"}