{"shortTitle": "Employment Equality (Amendment) Bill 2012", "stages": [{"event": {"progressStage": 1, "showAs": "First Stage", "chamber": {"showAs": "Seanad", "uri": "/house/seanad"}, "dates": [{"date": "2012-02-22"}], "uri": "/bill/2012/11/seanad/1"}}, {"event": {"progressStage": 2, "showAs": "Second Stage", "chamber": {"showAs": "Seanad", "uri": "/house/seanad"}, "dates": [{"date": "2012-05-02"}], "uri": "/bill/2012/11/seanad/2"}}], "versions": [], "sponsors": [{"sponsor": {"by": {"showAs": "Phil Hogan", "uri": "/member/Phil-Hogan.S.1987-04-25"}, "as": {"showAs": null, "uri": null}}}], "originHouse": {"showAs": "Seanad \u00c9ireann", "uri": "/house/seanad"}, "amendmentLists": [], "longTitle": "Bill entitled An Act to amend the Employment Equality Acts, 1998 to 2011 and thereby extend the general protection against discrimination on the basis of sexual orientation, or civil status in, and in connection with, employment, vocational training and membership of certain bodies\u0000", "billNo": "11", "uri": "/bill/2012/11", "status": "Rejected", "events": [{"event": {"progressStage": null, "showAs": "Second Stage", "chamber": {"showAs": "Seanad", "uri": "/house/seanad"}, "dates": [{"date": "2012-05-02"}], "uri": "/bill/2012/11/seanad/2/rejected"}}], "method": "Presentation", "billType": "Public", "act": null, "_id": "bill.2012.11", "source": "Private Member", "billYear": "2012"}