{"shortTitle": "Landlord and Tenant (Business Leases Rent Review) Bill 2012", "stages": [{"event": {"progressStage": 1, "showAs": "First Stage", "chamber": {"showAs": "D\u00e1il", "uri": "/house/dail"}, "dates": [{"date": "2012-03-28"}], "uri": "/bill/2012/20/dail/1"}}], "versions": [], "sponsors": [{"sponsor": {"by": {"showAs": "Michael Noonan", "uri": "/member/Michael-Noonan.D.1981-06-30"}, "as": {"showAs": null, "uri": null}}}], "originHouse": {"showAs": "D\u00e1il \u00c9ireann", "uri": "/house/dail"}, "amendmentLists": [], "longTitle": "Bill entitled An Act to make provision for the prohibition of clauses within business leases which provide exclusively for the upward review of the rent payable under the lease and to ensure that all existing business leases may be reviewed in a manner that allows for the fixing of a rent which is less than, greater than or the same as the amount of the rent payable prior to the date on which the rent is reviewed", "billNo": "20", "uri": "/bill/2012/20", "status": "Lapsed", "events": [{"event": {"progressStage": null, "showAs": "Lapsed", "chamber": {"showAs": null, "uri": null}, "dates": [{"date": "2016-02-03"}], "uri": "/bill/2012/20/lapsed"}}], "method": "Introduction", "billType": "Public", "act": null, "_id": "bill.2012.20", "source": "Private Member", "billYear": "2012"}