{"shortTitle": "Wind Turbines Bill 2012", "stages": [{"event": {"progressStage": 1, "showAs": "First Stage", "chamber": {"showAs": "Seanad", "uri": "/house/seanad"}, "dates": [{"date": "2012-02-16"}], "uri": "/bill/2012/9/seanad/1"}}, {"event": {"progressStage": 2, "showAs": "Second Stage", "chamber": {"showAs": "Seanad", "uri": "/house/seanad"}, "dates": [{"date": "2012-02-22"}], "uri": "/bill/2012/9/seanad/2"}}], "versions": [], "sponsors": [{"sponsor": {"by": {"showAs": "Phil Hogan", "uri": "/member/Phil-Hogan.S.1987-04-25"}, "as": {"showAs": null, "uri": null}}}], "originHouse": {"showAs": "Seanad \u00c9ireann", "uri": "/house/seanad"}, "amendmentLists": [], "longTitle": "Bill entitled An Act to make provision for a minimum distance between wind turbines and residential premises according to the size of the wind turbine; and for connected purposes", "billNo": "9", "uri": "/bill/2012/9", "status": "Lapsed", "events": [{"event": {"progressStage": null, "showAs": "Lapsed", "chamber": {"showAs": null, "uri": null}, "dates": [{"date": "2016-02-03"}], "uri": "/bill/2012/9/lapsed"}}], "method": "Presentation", "billType": "Public", "act": null, "_id": "bill.2012.9", "source": "Private Member", "billYear": "2012"}