{"shortTitle": "Motor Vehicle (Duties and Licences) Bill 2012", "stages": [{"event": {"progressStage": 1, "showAs": "First Stage", "chamber": {"showAs": "D\u00e1il", "uri": "/house/dail"}, "dates": [{"date": "2012-02-09"}], "uri": "/bill/2012/7/dail/1"}}, {"event": {"progressStage": 2, "showAs": "Second Stage", "chamber": {"showAs": "D\u00e1il", "uri": "/house/dail"}, "dates": [{"date": "2012-02-22"}], "uri": "/bill/2012/7/dail/2"}}, {"event": {"progressStage": 3, "showAs": "Fourth Stage", "chamber": {"showAs": "D\u00e1il", "uri": "/house/dail"}, "dates": [{"date": "2012-03-22"}], "uri": "/bill/2012/7/dail/4"}}, {"event": {"progressStage": 4, "showAs": "Fifth Stage", "chamber": {"showAs": "D\u00e1il", "uri": "/house/dail"}, "dates": [{"date": "2012-03-22"}], "uri": "/bill/2012/7/dail/5"}}, {"event": {"progressStage": 5, "showAs": "Second Stage", "chamber": {"showAs": "Seanad", "uri": "/house/seanad"}, "dates": [{"date": "2012-03-27"}], "uri": "/bill/2012/7/seanad/2"}}, {"event": {"progressStage": 6, "showAs": "Third Stage", "chamber": {"showAs": "Seanad", "uri": "/house/seanad"}, "dates": [{"date": "2012-03-27"}], "uri": "/bill/2012/7/seanad/3"}}, {"event": {"progressStage": 7, "showAs": "Fourth Stage", "chamber": {"showAs": "Seanad", "uri": "/house/seanad"}, "dates": [{"date": "2012-03-27"}], "uri": "/bill/2012/7/seanad/4"}}, {"event": {"progressStage": 9, "showAs": "Enacted", "chamber": null, "dates": [{"date": "2012-04-02"}], "uri": "/bill/2012/7/seanad/5"}}, {"event": {"progressStage": 9, "showAs": "Enacted", "chamber": null, "dates": [{"date": "2012-04-02"}], "uri": "/bill/2012/7/seanad/5"}}], "versions": [], "sponsors": [{"sponsor": {"by": {"showAs": "Phil Hogan", "uri": "/member/Phil-Hogan.S.1987-04-25"}, "as": {"showAs": "Minister for the Environment, Community and Local Government", "uri": "/office/minister/environment__community__local_government"}}}], "originHouse": {"showAs": "D\u00e1il \u00c9ireann", "uri": "/house/dail"}, "amendmentLists": [], "longTitle": "Bill entitled An Act to amend and extend the Finance (Excise Duties) (Vehicles) Act 1952 and the Finance (No. 2) Act 1992 in respect of certain duties or licences leviable or issuable thereunder, and to provide for related matters", "billNo": "7", "uri": "/bill/2012/7", "status": "Enacted", "events": [], "method": "Presentation", "billType": "Public", "act": {"shortTitle": "Motor Vehicle (Duties and Licences) Act 2012", "actYear": "2012", "statuteBookURI": "http://www.irishstatutebook.ie/eli/2012/act/10", "actNo": "10", "dateSigned": "2012-04-02", "longTitle": "An Act to amend and extend the Finance (Excise Duties) (Vehicles) Act 1952 and the Finance (No. 2) Act 1992 in respect of certain duties or licences leviable or issuable thereunder, and to provide for related matters", "uri": "/act/2012/10"}, "_id": "bill.2012.7", "source": "Government", "billYear": "2012"}