{"shortTitle": "Criminal Law (Human Trafficking) (Amendment) Bill 2013", "stages": [{"event": {"progressStage": 1, "showAs": "Fifth Stage", "chamber": {"showAs": "Seanad", "uri": "/house/seanad"}, "dates": [{"date": "2012-05-28"}], "uri": "/bill/2013/39/seanad/5"}}, {"event": {"progressStage": 2, "showAs": "First Stage", "chamber": {"showAs": "Seanad", "uri": "/house/seanad"}, "dates": [{"date": "2013-04-12"}], "uri": "/bill/2013/39/seanad/1"}}, {"event": {"progressStage": 3, "showAs": "Second Stage", "chamber": {"showAs": "Seanad", "uri": "/house/seanad"}, "dates": [{"date": "2013-04-24"}], "uri": "/bill/2013/39/seanad/2"}}, {"event": {"progressStage": 4, "showAs": "Third Stage", "chamber": {"showAs": "Seanad", "uri": "/house/seanad"}, "dates": [{"date": "2013-05-23"}], "uri": "/bill/2013/39/seanad/3"}}, {"event": {"progressStage": 5, "showAs": "Fourth Stage", "chamber": {"showAs": "Seanad", "uri": "/house/seanad"}, "dates": [{"date": "2013-05-28"}, {"date": "2013-07-02"}], "uri": "/bill/2013/39/seanad/4"}}, {"event": {"progressStage": 6, "showAs": "Second Stage", "chamber": {"showAs": "D\u00e1il", "uri": "/house/dail"}, "dates": [{"date": "2013-06-28"}], "uri": "/bill/2013/39/dail/2"}}, {"event": {"progressStage": 7, "showAs": "Third Stage", "chamber": {"showAs": "D\u00e1il", "uri": "/house/dail"}, "dates": [{"date": "2013-06-28"}], "uri": "/bill/2013/39/dail/3"}}, {"event": {"progressStage": 8, "showAs": "Fourth Stage", "chamber": {"showAs": "D\u00e1il", "uri": "/house/dail"}, "dates": [{"date": "2013-06-28"}], "uri": "/bill/2013/39/dail/4"}}, {"event": {"progressStage": 10, "showAs": "Enacted", "chamber": null, "dates": [{"date": "2013-07-09"}], "uri": "/bill/2013/39/dail/5"}}, {"event": {"progressStage": 10, "showAs": "Enacted", "chamber": null, "dates": [{"date": "2013-07-09"}], "uri": "/bill/2013/39/dail/5"}}], "versions": [], "sponsors": [{"sponsor": {"by": {"showAs": "Alan Shatter", "uri": "/member/Alan-Shatter.D.1981-06-30"}, "as": {"showAs": "Minister for Justice and Equality", "uri": "/office/minister/justice__equality"}}}], "originHouse": {"showAs": "Seanad \u00c9ireann", "uri": "/house/seanad"}, "amendmentLists": [], "longTitle": "Bill entitled An Act to give effect to certain provisions of directive 2011/36/EU of the European Parliament and of the Council of 5 April 2011 on preventing and combating trafficking in human beings and protecting its victims, and replacing council framework decision 2002/629/JHA; for those and other purposes to amend and extend the Criminal Law (Human Trafficking) Act 2008 and the Child Trafficking and Pornography Act 1998; and to provide for related matters\u0000", "billNo": "39", "uri": "/bill/2013/39", "status": "Enacted", "events": [], "method": "Presentation", "billType": "Public", "act": {"shortTitle": "Criminal Law (Human Trafficking) (Amendment) Act 2013", "actYear": "2013", "statuteBookURI": "http://www.irishstatutebook.ie/eli/2013/act/24", "actNo": "24", "dateSigned": "2013-07-09", "longTitle": "An Act to give effect to certain provisions of directive 2011/36/EU of the European Parliament and of the Council of 5 April 2011 on preventing and combating trafficking in human beings and protecting its victims, and replacing council framework decision 2002/629/JHA; for those and other purposes to amend and extend the Criminal Law (Human Trafficking) Act 2008 and the Child Trafficking and Pornography Act 1998; and to provide for related matters\u0000", "uri": "/act/2013/24"}, "_id": "bill.2013.39", "source": "Government", "billYear": "2013"}