{"shortTitle": "Houses of the Oireachtas Commission (Amendment) Bill 2012", "stages": [{"event": {"progressStage": 1, "showAs": "First Stage", "chamber": {"showAs": "Seanad", "uri": "/house/seanad"}, "dates": [{"date": "2012-07-14"}], "uri": "/bill/2012/77/seanad/1"}}, {"event": {"progressStage": 2, "showAs": "Second Stage", "chamber": {"showAs": "Seanad", "uri": "/house/seanad"}, "dates": [{"date": "2012-10-10"}], "uri": "/bill/2012/77/seanad/2"}}, {"event": {"progressStage": 3, "showAs": "Third Stage", "chamber": {"showAs": "Seanad", "uri": "/house/seanad"}, "dates": [{"date": "2012-10-16"}], "uri": "/bill/2012/77/seanad/3"}}, {"event": {"progressStage": 4, "showAs": "Fourth Stage", "chamber": {"showAs": "Seanad", "uri": "/house/seanad"}, "dates": [{"date": "2012-10-16"}], "uri": "/bill/2012/77/seanad/4"}}, {"event": {"progressStage": 5, "showAs": "Fifth Stage", "chamber": {"showAs": "Seanad", "uri": "/house/seanad"}, "dates": [{"date": "2012-10-16"}], "uri": "/bill/2012/77/seanad/5"}}, {"event": {"progressStage": 6, "showAs": "Second Stage", "chamber": {"showAs": "D\u00e1il", "uri": "/house/dail"}, "dates": [{"date": "2012-11-21"}], "uri": "/bill/2012/77/dail/2"}}, {"event": {"progressStage": 7, "showAs": "Fourth Stage", "chamber": {"showAs": "D\u00e1il", "uri": "/house/dail"}, "dates": [{"date": "2013-01-31"}], "uri": "/bill/2012/77/dail/4"}}, {"event": {"progressStage": 9, "showAs": "Enacted", "chamber": null, "dates": [{"date": "2013-02-26"}], "uri": "/bill/2012/77/dail/5"}}, {"event": {"progressStage": 9, "showAs": "Enacted", "chamber": null, "dates": [{"date": "2013-02-26"}], "uri": "/bill/2012/77/dail/5"}}], "versions": [], "sponsors": [{"sponsor": {"by": {"showAs": "Jimmy Deenihan", "uri": "/member/Jimmy-Deenihan.S.1983-02-23"}, "as": {"showAs": "Minister for Arts, Heritage and the Gaeltacht", "uri": "/office/minister/arts__heritage__gaeltacht"}}}], "originHouse": {"showAs": "Seanad \u00c9ireann", "uri": "/house/seanad"}, "amendmentLists": [], "longTitle": "Bill entitled An Act to amend the Houses of the Oireachtas Commission Act 2003 to confer additional functions on the Houses of the Oireachtas Commission; and to provide for related matters", "billNo": "77", "uri": "/bill/2012/77", "status": "Enacted", "events": [], "method": "Presentation", "billType": "Public", "act": {"shortTitle": "Houses of the Oireachtas Commission (Amendment) Act 2013", "actYear": "2013", "statuteBookURI": "http://www.irishstatutebook.ie/eli/2013/act/3", "actNo": "3", "dateSigned": "2013-02-26", "longTitle": "An Act to amend the Houses of the Oireachtas Commission Act 2003 to confer additional functions on the Houses of the Oireachtas Commission; and to provide for related matters", "uri": "/act/2013/3"}, "_id": "bill.2012.77", "source": "Government", "billYear": "2012"}