{"shortTitle": "Electricity Regulation (Carbon Revenue Levy)(Amendment) Bill 2012", "stages": [{"event": {"progressStage": 1, "showAs": "First Stage", "chamber": {"showAs": "D\u00e1il", "uri": "/house/dail"}, "dates": [{"date": "2012-05-16"}], "uri": "/bill/2012/42/dail/1"}}, {"event": {"progressStage": 2, "showAs": "Second Stage", "chamber": {"showAs": "D\u00e1il", "uri": "/house/dail"}, "dates": [{"date": "2012-05-24"}], "uri": "/bill/2012/42/dail/2"}}, {"event": {"progressStage": 3, "showAs": "Third Stage", "chamber": {"showAs": "D\u00e1il", "uri": "/house/dail"}, "dates": [{"date": "2012-05-24"}], "uri": "/bill/2012/42/dail/3"}}, {"event": {"progressStage": 4, "showAs": "Fourth Stage", "chamber": {"showAs": "D\u00e1il", "uri": "/house/dail"}, "dates": [{"date": "2012-05-24"}], "uri": "/bill/2012/42/dail/4"}}, {"event": {"progressStage": 5, "showAs": "Fifth Stage", "chamber": {"showAs": "D\u00e1il", "uri": "/house/dail"}, "dates": [{"date": "2012-05-24"}], "uri": "/bill/2012/42/dail/5"}}, {"event": {"progressStage": 6, "showAs": "Second Stage", "chamber": {"showAs": "Seanad", "uri": "/house/seanad"}, "dates": [{"date": "2012-05-24"}], "uri": "/bill/2012/42/seanad/2"}}, {"event": {"progressStage": 7, "showAs": "Third Stage", "chamber": {"showAs": "Seanad", "uri": "/house/seanad"}, "dates": [{"date": "2012-05-24"}], "uri": "/bill/2012/42/seanad/3"}}, {"event": {"progressStage": 8, "showAs": "Fourth Stage", "chamber": {"showAs": "Seanad", "uri": "/house/seanad"}, "dates": [{"date": "2012-05-24"}], "uri": "/bill/2012/42/seanad/4"}}, {"event": {"progressStage": 10, "showAs": "Enacted", "chamber": null, "dates": [{"date": "2012-05-25"}], "uri": "/bill/2012/42/seanad/5"}}, {"event": {"progressStage": 10, "showAs": "Enacted", "chamber": null, "dates": [{"date": "2012-05-25"}], "uri": "/bill/2012/42/seanad/5"}}], "versions": [], "sponsors": [{"sponsor": {"by": {"showAs": "Pat Rabbitte", "uri": "/member/Pat-Rabbitte.D.1989-06-29"}, "as": {"showAs": "Minister for Communications, Energy and Natural Resources", "uri": "/office/minister/communications__energy__natural_resources"}}}], "originHouse": {"showAs": "D\u00e1il \u00c9ireann", "uri": "/house/dail"}, "amendmentLists": [], "longTitle": "Bill entitled An Act to amend the Electricity Regulation Act 1999 to provide for the final levy period in respect of which the carbon revenue levy is payable and to provide for related matters", "billNo": "42", "uri": "/bill/2012/42", "status": "Enacted", "events": [], "method": "Presentation", "billType": "Public", "act": {"shortTitle": "Electricity Regulation (Carbon Revenue Levy) (Amendment) Act 2012", "actYear": "2012", "statuteBookURI": "http://www.irishstatutebook.ie/eli/2012/act/15", "actNo": "15", "dateSigned": "2012-05-25", "longTitle": "An Act to amend the Electricity Regulation Act 1999 to provide for the final levy period in respect of which the carbon revenue levy is payable and to provide for related matters", "uri": "/act/2012/15"}, "_id": "bill.2012.42", "source": "Government", "billYear": "2012"}