{"shortTitle": "Statute of Limitations (Amendment) (Home Remediation-Pyrite) Bill 2012", "stages": [{"event": {"progressStage": 1, "showAs": "First Stage", "chamber": {"showAs": "Seanad", "uri": "/house/seanad"}, "dates": [{"date": "2012-07-17"}], "uri": "/bill/2012/67/seanad/1"}}, {"event": {"progressStage": 2, "showAs": "Second Stage", "chamber": {"showAs": "Seanad", "uri": "/house/seanad"}, "dates": [{"date": "2012-12-05"}], "uri": "/bill/2012/67/seanad/2"}}], "versions": [], "sponsors": [{"sponsor": {"by": {"showAs": "Michael Noonan", "uri": "/member/Michael-Noonan.D.1981-06-30"}, "as": {"showAs": null, "uri": null}}}], "originHouse": {"showAs": "Seanad \u00c9ireann", "uri": "/house/seanad"}, "amendmentLists": [], "longTitle": "Bill entitled An Act to amend the Statute of Limitations, 1957 to enable householders whose houses have been damaged by pyrite to institute a claim within a period of time commencing when the presence of pyrite within the house has been certified by an engineer", "billNo": "67", "uri": "/bill/2012/67", "status": "Rejected", "events": [{"event": {"progressStage": null, "showAs": "Second Stage", "chamber": {"showAs": "Seanad", "uri": "/house/seanad"}, "dates": [{"date": "2014-04-10"}], "uri": "/bill/2012/67/seanad/2/rejected"}}], "method": "Presentation", "billType": "Public", "act": null, "_id": "bill.2012.67", "source": "Private Member", "billYear": "2012"}