{"shortTitle": "Valuation (Amendment) (No. 2) Bill 2012", "stages": [{"event": {"progressStage": 1, "showAs": "First Stage", "chamber": {"showAs": "Seanad", "uri": "/house/seanad"}, "dates": [{"date": "2012-08-01"}], "uri": "/bill/2012/75/seanad/1"}}, {"event": {"progressStage": 2, "showAs": "Second Stage", "chamber": {"showAs": "Seanad", "uri": "/house/seanad"}, "dates": [{"date": "2012-10-11"}], "uri": "/bill/2012/75/seanad/2"}}, {"event": {"progressStage": 3, "showAs": "Third Stage", "chamber": {"showAs": "Seanad", "uri": "/house/seanad"}, "dates": [{"date": "2014-10-01"}, {"date": "2014-10-08"}, {"date": "2014-10-22"}], "uri": "/bill/2012/75/seanad/3"}}, {"event": {"progressStage": 4, "showAs": "Fourth Stage", "chamber": {"showAs": "Seanad", "uri": "/house/seanad"}, "dates": [{"date": "2014-11-20"}], "uri": "/bill/2012/75/seanad/4"}}, {"event": {"progressStage": 5, "showAs": "Fifth Stage", "chamber": {"showAs": "Seanad", "uri": "/house/seanad"}, "dates": [{"date": "2014-11-20"}, {"date": "2015-04-16"}], "uri": "/bill/2012/75/seanad/5"}}, {"event": {"progressStage": 6, "showAs": "Second Stage", "chamber": {"showAs": "D\u00e1il", "uri": "/house/dail"}, "dates": [{"date": "2015-02-12"}], "uri": "/bill/2012/75/dail/2"}}, {"event": {"progressStage": 7, "showAs": "Fourth Stage", "chamber": {"showAs": "D\u00e1il", "uri": "/house/dail"}, "dates": [{"date": "2015-03-31"}], "uri": "/bill/2012/75/dail/4"}}, {"event": {"progressStage": 9, "showAs": "Enacted", "chamber": null, "dates": [{"date": "2015-04-23"}], "uri": "/bill/2012/75/dail/5"}}, {"event": {"progressStage": 9, "showAs": "Enacted", "chamber": null, "dates": [{"date": "2015-04-23"}], "uri": "/bill/2012/75/dail/5"}}], "versions": [], "sponsors": [{"sponsor": {"by": {"showAs": "Brendan Howlin", "uri": "/member/Brendan-Howlin.S.1983-02-23"}, "as": {"showAs": "Minister for Public Expenditure and Reform", "uri": "/office/minister/public_expenditure__reform"}}}], "originHouse": {"showAs": "Seanad \u00c9ireann", "uri": "/house/seanad"}, "amendmentLists": [], "longTitle": "Bill entitled An Act to amend the Valuation Act 2001 and to facilitate the drawing up and compilation and maintenance of valuation lists so that the valuations fixed on rateable properties in a rating authority area are both (insofar as is reasonably practicable) correct and equitable and uniform relative to each other, to provide for the undertaking, by the occupiers themselves, of all or one or more of the steps in the valuation of certain premises, to provide for certain matters relating to state property and to provide for related matters.", "billNo": "75", "uri": "/bill/2012/75", "status": "Enacted", "events": [], "method": "Presentation", "billType": "Public", "act": {"shortTitle": "Valuation (Amendment) Act 2015", "actYear": "2015", "statuteBookURI": "http://www.irishstatutebook.ie/eli/2015/act/10", "actNo": "10", "dateSigned": "2015-04-23", "longTitle": "An Act to amend the Valuation Act 2001 and to facilitate the drawing up and compilation and maintenance of valuation lists so that the valuations fixed on rateable properties in a rating authority area are both (insofar as is reasonably practicable) correct and equitable and uniform relative to each other, to provide for the undertaking, by the occupiers themselves, of all or one or more of the steps in the valuation of certain premises, to provide for certain matters relating to state property and to provide for related matters.", "uri": "/act/2015/10"}, "_id": "bill.2012.75", "source": "Government", "billYear": "2012"}