{"shortTitle": "Social Welfare Bill 2012", "stages": [{"event": {"progressStage": 1, "showAs": "First Stage", "chamber": {"showAs": "D\u00e1il", "uri": "/house/dail"}, "dates": [{"date": "2012-12-06"}], "uri": "/bill/2012/109/dail/1"}}, {"event": {"progressStage": 2, "showAs": "Second Stage", "chamber": {"showAs": "D\u00e1il", "uri": "/house/dail"}, "dates": [{"date": "2012-12-11"}, {"date": "2012-12-12"}], "uri": "/bill/2012/109/dail/2"}}, {"event": {"progressStage": 3, "showAs": "Third Stage", "chamber": {"showAs": "D\u00e1il", "uri": "/house/dail"}, "dates": [{"date": "2012-12-12"}, {"date": "2012-12-13"}], "uri": "/bill/2012/109/dail/3"}}, {"event": {"progressStage": 4, "showAs": "Fourth Stage", "chamber": {"showAs": "D\u00e1il", "uri": "/house/dail"}, "dates": [{"date": "2012-12-13"}], "uri": "/bill/2012/109/dail/4"}}, {"event": {"progressStage": 5, "showAs": "Fifth Stage", "chamber": {"showAs": "D\u00e1il", "uri": "/house/dail"}, "dates": [{"date": "2012-12-13"}], "uri": "/bill/2012/109/dail/5"}}, {"event": {"progressStage": 6, "showAs": "Second Stage", "chamber": {"showAs": "Seanad", "uri": "/house/seanad"}, "dates": [{"date": "2012-12-18"}], "uri": "/bill/2012/109/seanad/2"}}, {"event": {"progressStage": 7, "showAs": "Third Stage", "chamber": {"showAs": "Seanad", "uri": "/house/seanad"}, "dates": [{"date": "2012-12-19"}], "uri": "/bill/2012/109/seanad/3"}}, {"event": {"progressStage": 8, "showAs": "Fourth Stage", "chamber": {"showAs": "Seanad", "uri": "/house/seanad"}, "dates": [{"date": "2012-12-20"}], "uri": "/bill/2012/109/seanad/4"}}, {"event": {"progressStage": 10, "showAs": "Enacted", "chamber": null, "dates": [{"date": "2012-12-21"}], "uri": "/bill/2012/109/seanad/5"}}, {"event": {"progressStage": 10, "showAs": "Enacted", "chamber": null, "dates": [{"date": "2012-12-21"}], "uri": "/bill/2012/109/seanad/5"}}], "versions": [], "sponsors": [{"sponsor": {"by": {"showAs": "Joan Burton", "uri": "/member/Joan-Burton.D.1992-12-14"}, "as": {"showAs": "Minister for Social Protection", "uri": "/office/minister/social_protection"}}}], "originHouse": {"showAs": "D\u00e1il \u00c9ireann", "uri": "/house/dail"}, "amendmentLists": [], "longTitle": "Bill entitled An Act to amend and extend the Social Welfare Acts and to amend the Redundancy Payments Act 1967", "billNo": "109", "uri": "/bill/2012/109", "status": "Enacted", "events": [], "method": "Presentation", "billType": "Public", "act": {"shortTitle": "Social Welfare Act 2012", "actYear": "2012", "statuteBookURI": "http://www.irishstatutebook.ie/eli/2012/act/43", "actNo": "43", "dateSigned": "2012-12-21", "longTitle": "An Act to amend and extend the Social Welfare Acts and to amend the Redundancy Payments Act 1967", "uri": "/act/2012/43"}, "_id": "bill.2012.109", "source": "Government", "billYear": "2012"}