{"shortTitle": "Autism Bill 2012", "stages": [{"event": {"progressStage": 1, "showAs": "First Stage", "chamber": {"showAs": "D\u00e1il", "uri": "/house/dail"}, "dates": [{"date": "2012-10-24"}], "uri": "/bill/2012/90/dail/1"}}, {"event": {"progressStage": 2, "showAs": "Second Stage", "chamber": {"showAs": "D\u00e1il", "uri": "/house/dail"}, "dates": [{"date": "2013-03-08"}], "uri": "/bill/2012/90/dail/2"}}], "versions": [], "sponsors": [{"sponsor": {"by": {"showAs": "Alan Shatter", "uri": "/member/Alan-Shatter.D.1981-06-30"}, "as": {"showAs": null, "uri": null}}}], "originHouse": {"showAs": "D\u00e1il \u00c9ireann", "uri": "/house/dail"}, "amendmentLists": [], "longTitle": "Bill entitled An Act to provide for an autism strategy to be prepared and to provide for related matters", "billNo": "90", "uri": "/bill/2012/90", "status": "Lapsed", "events": [{"event": {"progressStage": null, "showAs": "Lapsed", "chamber": {"showAs": null, "uri": null}, "dates": [{"date": "2016-02-03"}], "uri": "/bill/2012/90/lapsed"}}], "method": "Introduction", "billType": "Public", "act": null, "_id": "bill.2012.90", "source": "Private Member", "billYear": "2012"}