{"shortTitle": "Nuclear Weapons (Prohibition of Investments) Bill 2012", "stages": [{"event": {"progressStage": 1, "showAs": "First Stage", "chamber": {"showAs": "D\u00e1il", "uri": "/house/dail"}, "dates": [{"date": "2012-09-20"}], "uri": "/bill/2012/79/dail/1"}}], "versions": [], "sponsors": [{"sponsor": {"by": {"showAs": "Frances Fitzgerald", "uri": "/member/Frances-Fitzgerald.D.1992-12-14"}, "as": {"showAs": null, "uri": null}}}], "originHouse": {"showAs": "D\u00e1il \u00c9ireann", "uri": "/house/dail"}, "amendmentLists": [], "longTitle": "Bill entitled An Act to prohibit the investment of public moneys in nuclear weapon companies and to provide for related matters", "billNo": "79", "uri": "/bill/2012/79", "status": "Lapsed", "events": [{"event": {"progressStage": null, "showAs": "Lapsed", "chamber": {"showAs": null, "uri": null}, "dates": [{"date": "2016-02-03"}], "uri": "/bill/2012/79/lapsed"}}], "method": "Introduction", "billType": "Public", "act": null, "_id": "bill.2012.79", "source": "Private Member", "billYear": "2012"}