{"shortTitle": "Residential Tenancies (Amendment) (No. 2) Bill 2012", "stages": [{"event": {"progressStage": 1, "showAs": "First Stage", "chamber": {"showAs": "D\u00e1il", "uri": "/house/dail"}, "dates": [{"date": "2012-07-19"}], "uri": "/bill/2012/69/dail/1"}}, {"event": {"progressStage": 2, "showAs": "Second Stage", "chamber": {"showAs": "D\u00e1il", "uri": "/house/dail"}, "dates": [{"date": "2012-11-15"}, {"date": "2012-11-21"}, {"date": "2012-11-22"}, {"date": "2013-01-24"}], "uri": "/bill/2012/69/dail/2"}}, {"event": {"progressStage": 3, "showAs": "Third Stage", "chamber": {"showAs": "D\u00e1il", "uri": "/house/dail"}, "dates": [{"date": "2013-05-30"}], "uri": "/bill/2012/69/dail/3"}}, {"event": {"progressStage": 4, "showAs": "Fourth Stage", "chamber": {"showAs": "D\u00e1il", "uri": "/house/dail"}, "dates": [{"date": "2013-07-18"}], "uri": "/bill/2012/69/dail/4"}}, {"event": {"progressStage": 5, "showAs": "Fifth Stage", "chamber": {"showAs": "D\u00e1il", "uri": "/house/dail"}, "dates": [{"date": "2013-07-18"}], "uri": "/bill/2012/69/dail/5"}}, {"event": {"progressStage": 6, "showAs": "Second Stage", "chamber": {"showAs": "Seanad", "uri": "/house/seanad"}, "dates": [{"date": "2013-09-24"}], "uri": "/bill/2012/69/seanad/2"}}, {"event": {"progressStage": 7, "showAs": "Third Stage", "chamber": {"showAs": "Seanad", "uri": "/house/seanad"}, "dates": [{"date": "2015-11-17"}], "uri": "/bill/2012/69/seanad/3"}}, {"event": {"progressStage": 8, "showAs": "Fourth Stage", "chamber": {"showAs": "Seanad", "uri": "/house/seanad"}, "dates": [{"date": "2015-11-24"}], "uri": "/bill/2012/69/seanad/4"}}, {"event": {"progressStage": 9, "showAs": "Fifth Stage", "chamber": {"showAs": "Seanad", "uri": "/house/seanad"}, "dates": [{"date": "2015-11-24"}], "uri": "/bill/2012/69/seanad/5"}}], "versions": [], "sponsors": [{"sponsor": {"by": {"showAs": "Phil Hogan", "uri": "/member/Phil-Hogan.S.1987-04-25"}, "as": {"showAs": "Minister for the Environment, Community and Local Government", "uri": "/office/minister/environment__community__local_government"}}}], "originHouse": {"showAs": "D\u00e1il \u00c9ireann", "uri": "/house/dail"}, "amendmentLists": [], "longTitle": "Bill entitled An Act to amend and extend the Residential Tenancies Acts 2004 and 2009; to amend the Housing (Miscellaneous Provisions) Act 2009; to provide for the application of the Residential Tenancies Act 2004 to certain dwellings that are the subject of a tenancy; to provide for the restriction, in respect of the tenants of such dwellings, of certain entitlements of tenants under the Residential Tenancies Act 2004; to re-name the Private Residential Tenancies Board and the private residential tenancies register; to provide for the dissolution of the Rent Tribunal established under the Housing (Private Rented Dwellings) (Amendment) Act 1983 and for the transfer of its functions to the Residential Tenancies Board; to repeal certain provisions of the Housing (Private Rented Dwellings) (Amendment) Act 1983; and to provide for related matters.", "billNo": "69", "uri": "/bill/2012/69", "status": "Enacted", "events": [], "method": "Presentation", "billType": "Public", "act": null, "_id": "bill.2012.69", "source": "Government", "billYear": "2012"}