{"shortTitle": "Privacy Bill 2012", "stages": [{"event": {"progressStage": 1, "showAs": "First Stage", "chamber": {"showAs": "Seanad", "uri": "/house/seanad"}, "dates": [{"date": "2012-03-22"}], "uri": "/bill/2012/19/seanad/1"}}, {"event": {"progressStage": 2, "showAs": "Second Stage", "chamber": {"showAs": "Seanad", "uri": "/house/seanad"}, "dates": [{"date": "2012-03-28"}], "uri": "/bill/2012/19/seanad/2"}}], "versions": [], "sponsors": [{"sponsor": {"by": {"showAs": "Michael Noonan", "uri": "/member/Michael-Noonan.D.1981-06-30"}, "as": {"showAs": null, "uri": null}}}, {"sponsor": {"by": {"showAs": "Michael Noonan", "uri": "/member/Michael-Noonan.D.1981-06-30"}, "as": {"showAs": null, "uri": null}}}, {"sponsor": {"by": {"showAs": "Michael Noonan", "uri": "/member/Michael-Noonan.D.1981-06-30"}, "as": {"showAs": null, "uri": null}}}], "originHouse": {"showAs": "Seanad \u00c9ireann", "uri": "/house/seanad"}, "amendmentLists": [], "longTitle": "Bill entitled An Act to provide for a Tort of Violation of Privacy; and to provide for matters connected therewith", "billNo": "19", "uri": "/bill/2012/19", "status": "Lapsed", "events": [{"event": {"progressStage": null, "showAs": "Lapsed", "chamber": {"showAs": null, "uri": null}, "dates": [{"date": "2016-02-03"}], "uri": "/bill/2012/19/lapsed"}}], "method": "Introduction", "billType": "Public", "act": null, "_id": "bill.2012.19", "source": "Private Member", "billYear": "2012"}