{"shortTitle": "National Lottery Bill 2012", "stages": [{"event": {"progressStage": 1, "showAs": "First Stage", "chamber": {"showAs": "D\u00e1il", "uri": "/house/dail"}, "dates": [{"date": "2012-12-18"}], "uri": "/bill/2012/117/dail/1"}}, {"event": {"progressStage": 2, "showAs": "Second Stage", "chamber": {"showAs": "D\u00e1il", "uri": "/house/dail"}, "dates": [{"date": "2013-01-29"}, {"date": "2013-02-05"}, {"date": "2013-02-06"}], "uri": "/bill/2012/117/dail/2"}}, {"event": {"progressStage": 3, "showAs": "Fourth Stage", "chamber": {"showAs": "D\u00e1il", "uri": "/house/dail"}, "dates": [{"date": "2013-04-17"}], "uri": "/bill/2012/117/dail/4"}}, {"event": {"progressStage": 4, "showAs": "Fifth Stage", "chamber": {"showAs": "D\u00e1il", "uri": "/house/dail"}, "dates": [{"date": "2013-04-17"}], "uri": "/bill/2012/117/dail/5"}}, {"event": {"progressStage": 5, "showAs": "Second Stage", "chamber": {"showAs": "Seanad", "uri": "/house/seanad"}, "dates": [{"date": "2013-04-24"}], "uri": "/bill/2012/117/seanad/2"}}, {"event": {"progressStage": 6, "showAs": "Third Stage", "chamber": {"showAs": "Seanad", "uri": "/house/seanad"}, "dates": [{"date": "2013-04-30"}], "uri": "/bill/2012/117/seanad/3"}}, {"event": {"progressStage": 7, "showAs": "Fourth Stage", "chamber": {"showAs": "Seanad", "uri": "/house/seanad"}, "dates": [{"date": "2013-05-07"}], "uri": "/bill/2012/117/seanad/4"}}, {"event": {"progressStage": 9, "showAs": "Enacted", "chamber": null, "dates": [{"date": "2013-05-14"}], "uri": "/bill/2012/117/seanad/5"}}, {"event": {"progressStage": 9, "showAs": "Enacted", "chamber": null, "dates": [{"date": "2013-05-14"}], "uri": "/bill/2012/117/seanad/5"}}], "versions": [], "sponsors": [{"sponsor": {"by": {"showAs": "Brendan Howlin", "uri": "/member/Brendan-Howlin.S.1983-02-23"}, "as": {"showAs": "Minister for Public Expenditure and Reform", "uri": "/office/minister/public_expenditure__reform"}}}], "originHouse": {"showAs": "D\u00e1il \u00c9ireann", "uri": "/house/dail"}, "amendmentLists": [], "longTitle": "Bill entitled An Act to provide for the holding of a national lottery on behalf of the Minister for Public Expenditure and Reform, to establish the Office of the Regulator of the National Lottery and to define the functions of the Regulator, to repeal the National Lottery Act 1986, to amend sections 27 and 28 of the Gaming and Lotteries Act 1956 and to provide for connected matters", "billNo": "117", "uri": "/bill/2012/117", "status": "Enacted", "events": [], "method": "Presentation", "billType": "Public", "act": {"shortTitle": "National Lottery Act 2013", "actYear": "2013", "statuteBookURI": "http://www.irishstatutebook.ie/eli/2013/act/13", "actNo": "13", "dateSigned": "2013-05-14", "longTitle": "An Act to provide for the holding of a national lottery on behalf of the Minister for Public Expenditure and Reform, to establish the Office of the Regulator of the National Lottery and to define the functions of the Regulator, to repeal the National Lottery Act 1986, to amend sections 27 and 28 of the Gaming and Lotteries Act 1956 and to provide for connected matters", "uri": "/act/2013/13"}, "_id": "bill.2012.117", "source": "Government", "billYear": "2012"}