{"shortTitle": "Thirtieth Amendment of the Constitution (Treaty on Stability, Coordination and Governance in the Economic and Monetary Union) Bill 2012", "stages": [{"event": {"progressStage": 1, "showAs": "First Stage", "chamber": {"showAs": "D\u00e1il", "uri": "/house/dail"}, "dates": [{"date": "2012-03-28"}], "uri": "/bill/2012/23/dail/1"}}, {"event": {"progressStage": 2, "showAs": "Second Stage", "chamber": {"showAs": "D\u00e1il", "uri": "/house/dail"}, "dates": [{"date": "2012-04-18"}, {"date": "2012-04-19"}, {"date": "2012-04-20"}], "uri": "/bill/2012/23/dail/2"}}, {"event": {"progressStage": 3, "showAs": "Third Stage", "chamber": {"showAs": "D\u00e1il", "uri": "/house/dail"}, "dates": [{"date": "2012-04-20"}], "uri": "/bill/2012/23/dail/3"}}, {"event": {"progressStage": 4, "showAs": "Fourth Stage", "chamber": {"showAs": "D\u00e1il", "uri": "/house/dail"}, "dates": [{"date": "2012-04-20"}], "uri": "/bill/2012/23/dail/4"}}, {"event": {"progressStage": 5, "showAs": "Fifth Stage", "chamber": {"showAs": "D\u00e1il", "uri": "/house/dail"}, "dates": [{"date": "2012-04-20"}], "uri": "/bill/2012/23/dail/5"}}, {"event": {"progressStage": 6, "showAs": "Second Stage", "chamber": {"showAs": "Seanad", "uri": "/house/seanad"}, "dates": [{"date": "2012-04-23"}], "uri": "/bill/2012/23/seanad/2"}}, {"event": {"progressStage": 7, "showAs": "Third Stage", "chamber": {"showAs": "Seanad", "uri": "/house/seanad"}, "dates": [{"date": "2012-04-24"}], "uri": "/bill/2012/23/seanad/3"}}, {"event": {"progressStage": 8, "showAs": "Fourth Stage", "chamber": {"showAs": "Seanad", "uri": "/house/seanad"}, "dates": [{"date": "2012-04-24"}], "uri": "/bill/2012/23/seanad/4"}}, {"event": {"progressStage": 9, "showAs": "Fifth Stage", "chamber": {"showAs": "Seanad", "uri": "/house/seanad"}, "dates": [{"date": "2012-04-24"}], "uri": "/bill/2012/23/seanad/5"}}], "versions": [], "sponsors": [{"sponsor": {"by": {"showAs": "Eamon Gilmore", "uri": "/member/Eamon-Gilmore.D.1989-06-29"}, "as": {"showAs": "Minister for Foreign Affairs and Trade", "uri": "/office/minister/foreign_affairs__trade"}}}], "originHouse": {"showAs": "D\u00e1il \u00c9ireann", "uri": "/house/dail"}, "amendmentLists": [], "longTitle": "Bill entitled An Act to amend the constitution.\u0000", "billNo": "23", "uri": "/bill/2012/23", "status": "Enacted", "events": [], "method": "Presentation", "billType": "Public", "act": null, "_id": "bill.2012.23", "source": "Government", "billYear": "2012"}