{"shortTitle": "Civil Defence Bill 2012", "stages": [{"event": {"progressStage": 1, "showAs": "First Stage", "chamber": {"showAs": "Seanad", "uri": "/house/seanad"}, "dates": [{"date": "2012-10-18"}], "uri": "/bill/2012/89/seanad/1"}}, {"event": {"progressStage": 2, "showAs": "Second Stage", "chamber": {"showAs": "Seanad", "uri": "/house/seanad"}, "dates": [{"date": "2012-11-14"}], "uri": "/bill/2012/89/seanad/2"}}, {"event": {"progressStage": 3, "showAs": "Third Stage", "chamber": {"showAs": "Seanad", "uri": "/house/seanad"}, "dates": [{"date": "2012-11-22"}], "uri": "/bill/2012/89/seanad/3"}}, {"event": {"progressStage": 4, "showAs": "Fourth Stage", "chamber": {"showAs": "Seanad", "uri": "/house/seanad"}, "dates": [{"date": "2012-11-22"}], "uri": "/bill/2012/89/seanad/4"}}, {"event": {"progressStage": 5, "showAs": "Fifth Stage", "chamber": {"showAs": "Seanad", "uri": "/house/seanad"}, "dates": [{"date": "2012-11-22"}], "uri": "/bill/2012/89/seanad/5"}}, {"event": {"progressStage": 6, "showAs": "Second Stage", "chamber": {"showAs": "D\u00e1il", "uri": "/house/dail"}, "dates": [{"date": "2012-11-29"}], "uri": "/bill/2012/89/dail/2"}}, {"event": {"progressStage": 7, "showAs": "Fourth Stage", "chamber": {"showAs": "D\u00e1il", "uri": "/house/dail"}, "dates": [{"date": "2012-12-20"}], "uri": "/bill/2012/89/dail/4"}}, {"event": {"progressStage": 9, "showAs": "Enacted", "chamber": null, "dates": [{"date": "2012-12-26"}], "uri": "/bill/2012/89/dail/5"}}, {"event": {"progressStage": 9, "showAs": "Enacted", "chamber": null, "dates": [{"date": "2012-12-26"}], "uri": "/bill/2012/89/dail/5"}}], "versions": [], "sponsors": [{"sponsor": {"by": {"showAs": "Alan Shatter", "uri": "/member/Alan-Shatter.D.1981-06-30"}, "as": {"showAs": "Minister for Defence", "uri": "/office/minister/defence"}}}], "originHouse": {"showAs": "Seanad \u00c9ireann", "uri": "/house/seanad"}, "amendmentLists": [], "longTitle": "Bill entitled An Act to provide for the dissolution of the Civil Defence Board; to transfer certain functions of the Civil Defence Board to the Minister for Defence; to repeal the Civil Defence Act 2002; and to provide for matters connected therewith", "billNo": "89", "uri": "/bill/2012/89", "status": "Enacted", "events": [], "method": "Presentation", "billType": "Public", "act": {"shortTitle": "Civil Defence Act 2012", "actYear": "2012", "statuteBookURI": "http://www.irishstatutebook.ie/eli/2012/act/51", "actNo": "51", "dateSigned": "2012-12-26", "longTitle": "An Act to provide for the dissolution of the Civil Defence Board; to transfer certain functions of the Civil Defence Board to the Minister for Defence; to repeal the Civil Defence Act 2002; and to provide for matters connected therewith", "uri": "/act/2012/51"}, "_id": "bill.2012.89", "source": "Government", "billYear": "2012"}