{"shortTitle": "Health Insurance (Amendment) Bill 2013", "stages": [{"event": {"progressStage": 1, "showAs": "Fourth Stage", "chamber": {"showAs": "D\u00e1il", "uri": "/house/dail"}, "dates": [{"date": "2012-12-10"}], "uri": "/bill/2013/112/dail/4"}}, {"event": {"progressStage": 2, "showAs": "First Stage", "chamber": {"showAs": "D\u00e1il", "uri": "/house/dail"}, "dates": [{"date": "2013-11-12"}], "uri": "/bill/2013/112/dail/1"}}, {"event": {"progressStage": 3, "showAs": "Second Stage", "chamber": {"showAs": "D\u00e1il", "uri": "/house/dail"}, "dates": [{"date": "2013-11-19"}], "uri": "/bill/2013/112/dail/2"}}, {"event": {"progressStage": 4, "showAs": "Fifth Stage", "chamber": {"showAs": "D\u00e1il", "uri": "/house/dail"}, "dates": [{"date": "2013-12-10"}], "uri": "/bill/2013/112/dail/5"}}, {"event": {"progressStage": 5, "showAs": "Second Stage", "chamber": {"showAs": "Seanad", "uri": "/house/seanad"}, "dates": [{"date": "2013-12-12"}], "uri": "/bill/2013/112/seanad/2"}}, {"event": {"progressStage": 6, "showAs": "Third Stage", "chamber": {"showAs": "Seanad", "uri": "/house/seanad"}, "dates": [{"date": "2013-12-17"}], "uri": "/bill/2013/112/seanad/3"}}, {"event": {"progressStage": 7, "showAs": "Fourth Stage", "chamber": {"showAs": "Seanad", "uri": "/house/seanad"}, "dates": [{"date": "2013-12-19"}], "uri": "/bill/2013/112/seanad/4"}}, {"event": {"progressStage": 9, "showAs": "Enacted", "chamber": null, "dates": [{"date": "2013-12-25"}], "uri": "/bill/2013/112/seanad/5"}}, {"event": {"progressStage": 9, "showAs": "Enacted", "chamber": null, "dates": [{"date": "2013-12-25"}], "uri": "/bill/2013/112/seanad/5"}}], "versions": [], "sponsors": [{"sponsor": {"by": {"showAs": "James Reilly", "uri": "/member/James-Reilly.D.2007-06-14"}, "as": {"showAs": "Minister for Health", "uri": "/office/minister/health"}}}], "originHouse": {"showAs": "D\u00e1il \u00c9ireann", "uri": "/house/dail"}, "amendmentLists": [], "longTitle": "Bill entitled An Act to amend the Health Insurance Act 1994 to specify the amount of the hospital bed utilisation credit applicable from 1 March 2014; to amend that Act to specify the amount of premium to be paid from the risk equalisation fund, in respect of certain classes of insured persons, from 1 March 2014; to make certain other amendments to that Act; to make consequential amendments to the Stamp Duties Consolidation Act 1999; and to provide for related matters", "billNo": "112", "uri": "/bill/2013/112", "status": "Enacted", "events": [], "method": "Presentation", "billType": "Public", "act": {"shortTitle": "Health Insurance (Amendment) Act 2013", "actYear": "2013", "statuteBookURI": "http://www.irishstatutebook.ie/eli/2013/act/48", "actNo": "48", "dateSigned": "2013-12-25", "longTitle": "An Act to amend the Health Insurance Act 1994 to specify the amount of the hospital bed utilisation credit applicable from 1 March 2014; to amend that Act to specify the amount of premium to be paid from the risk equalisation fund, in respect of certain classes of insured persons, from 1 March 2014; to make certain other amendments to that Act; to make consequential amendments to the Stamp Duties Consolidation Act 1999; and to provide for related matters", "uri": "/act/2013/48"}, "_id": "bill.2013.112", "source": "Government", "billYear": "2013"}