{"shortTitle": "Education and Training Boards Bill 2012", "stages": [{"event": {"progressStage": 1, "showAs": "First Stage", "chamber": {"showAs": "D\u00e1il", "uri": "/house/dail"}, "dates": [{"date": "2012-10-02"}], "uri": "/bill/2012/83/dail/1"}}, {"event": {"progressStage": 2, "showAs": "Second Stage", "chamber": {"showAs": "D\u00e1il", "uri": "/house/dail"}, "dates": [{"date": "2012-10-16"}, {"date": "2012-10-17"}], "uri": "/bill/2012/83/dail/2"}}, {"event": {"progressStage": 3, "showAs": "Fourth Stage", "chamber": {"showAs": "D\u00e1il", "uri": "/house/dail"}, "dates": [{"date": "2013-02-27"}], "uri": "/bill/2012/83/dail/4"}}, {"event": {"progressStage": 4, "showAs": "Fifth Stage", "chamber": {"showAs": "D\u00e1il", "uri": "/house/dail"}, "dates": [{"date": "2013-02-27"}], "uri": "/bill/2012/83/dail/5"}}, {"event": {"progressStage": 5, "showAs": "Second Stage", "chamber": {"showAs": "Seanad", "uri": "/house/seanad"}, "dates": [{"date": "2013-03-07"}], "uri": "/bill/2012/83/seanad/2"}}, {"event": {"progressStage": 6, "showAs": "Third Stage", "chamber": {"showAs": "Seanad", "uri": "/house/seanad"}, "dates": [{"date": "2013-03-25"}], "uri": "/bill/2012/83/seanad/3"}}, {"event": {"progressStage": 7, "showAs": "Fourth Stage", "chamber": {"showAs": "Seanad", "uri": "/house/seanad"}, "dates": [{"date": "2013-04-23"}], "uri": "/bill/2012/83/seanad/4"}}, {"event": {"progressStage": 9, "showAs": "Enacted", "chamber": null, "dates": [{"date": "2013-05-08"}], "uri": "/bill/2012/83/seanad/5"}}, {"event": {"progressStage": 9, "showAs": "Enacted", "chamber": null, "dates": [{"date": "2013-05-08"}], "uri": "/bill/2012/83/seanad/5"}}], "versions": [], "sponsors": [{"sponsor": {"by": {"showAs": "Ruair\u00ed Quinn", "uri": "/member/Ruair\u00ed-Quinn.S.1976-07-01"}, "as": {"showAs": "Minister for Education and Skills", "uri": "/office/minister/education__skills"}}}], "originHouse": {"showAs": "D\u00e1il \u00c9ireann", "uri": "/house/dail"}, "amendmentLists": [], "longTitle": "Bill entitled An Act to provide for the better coordination and delivery of education and training, and, for that purpose to provide for the establishment of bodies to be known as education and training boards; to provide for the dissolution of vocational education committees; to provide for the transfer of assets, liabilities and staff of vocational education committees to education and training boards; to provide for the repeal of the Vocational Education Acts 1930 to 2006, the amendment of the Unfair Dismissals Act 1977 and the Education Act 1998, the revocation of certain statutory instruments and the consequential amendment of certain other enactments; and to provide for related matters", "billNo": "83", "uri": "/bill/2012/83", "status": "Enacted", "events": [], "method": "Presentation", "billType": "Public", "act": {"shortTitle": "Education and Training Boards Act 2013", "actYear": "2013", "statuteBookURI": "http://www.irishstatutebook.ie/eli/2013/act/11", "actNo": "11", "dateSigned": "2013-05-08", "longTitle": "An Act to provide for the better coordination and delivery of education and training, and, for that purpose to provide for the establishment of bodies to be known as education and training boards; to provide for the dissolution of vocational education committees; to provide for the transfer of assets, liabilities and staff of vocational education committees to education and training boards; to provide for the repeal of the Vocational Education Acts 1930 to 2006, the amendment of the Unfair Dismissals Act 1977 and the Education Act 1998, the revocation of certain statutory instruments and the consequential amendment of certain other enactments; and to provide for related matters", "uri": "/act/2013/11"}, "_id": "bill.2012.83", "source": "Government", "billYear": "2012"}