{"shortTitle": "Consumer Credit (Amendment) Bill 2012", "stages": [{"event": {"progressStage": 1, "showAs": "First Stage", "chamber": {"showAs": "D\u00e1il", "uri": "/house/dail"}, "dates": [{"date": "2012-07-12"}], "uri": "/bill/2012/64/dail/1"}}, {"event": {"progressStage": 2, "showAs": "Second Stage", "chamber": {"showAs": "D\u00e1il", "uri": "/house/dail"}, "dates": [{"date": "2012-07-17"}, {"date": "2012-07-18"}], "uri": "/bill/2012/64/dail/2"}}], "versions": [], "sponsors": [{"sponsor": {"by": {"showAs": "James Reilly", "uri": "/member/James-Reilly.D.2007-06-14"}, "as": {"showAs": null, "uri": null}}}], "originHouse": {"showAs": "D\u00e1il \u00c9ireann", "uri": "/house/dail"}, "amendmentLists": [], "longTitle": "Bill entitled An Act to amend the Consumer Credit Act 1995\u0000", "billNo": "64", "uri": "/bill/2012/64", "status": "Rejected", "events": [{"event": {"progressStage": null, "showAs": "Second Stage", "chamber": {"showAs": "D\u00e1il", "uri": "/house/dail"}, "dates": [{"date": "2012-07-18"}], "uri": "/bill/2012/64/dail/2/rejected"}}], "method": "Introduction", "billType": "Public", "act": null, "_id": "bill.2012.64", "source": "Private Member", "billYear": "2012"}