{"shortTitle": "Road Traffic (Amendment) Bill 2012", "stages": [{"event": {"progressStage": 1, "showAs": "First Stage", "chamber": {"showAs": "D\u00e1il", "uri": "/house/dail"}, "dates": [{"date": "2012-12-11"}], "uri": "/bill/2012/114/dail/1"}}], "versions": [], "sponsors": [{"sponsor": {"by": {"showAs": "Richard Bruton", "uri": "/member/Richard-Bruton.S.1981-10-08"}, "as": {"showAs": null, "uri": null}}}], "originHouse": {"showAs": "D\u00e1il \u00c9ireann", "uri": "/house/dail"}, "amendmentLists": [], "longTitle": "Bill entitled An Act to introduce criminal offences concerning vehicle mileage and related matters", "billNo": "114", "uri": "/bill/2012/114", "status": "Withdrawn", "events": [{"event": {"progressStage": null, "showAs": "Withdrawn", "chamber": {"showAs": "D\u00e1il", "uri": "/house/dail"}, "dates": [{"date": "2014-04-01"}], "uri": "/bill/2012/114/dail/1/withdrawn"}}], "method": "Introduction", "billType": "Public", "act": null, "_id": "bill.2012.114", "source": "Private Member", "billYear": "2012"}