{"shortTitle": "Environment and Public Health (Wind Turbines) Bill 2012", "stages": [{"event": {"progressStage": 1, "showAs": "First Stage", "chamber": {"showAs": "D\u00e1il", "uri": "/house/dail"}, "dates": [{"date": "2012-11-13"}], "uri": "/bill/2012/98/dail/1"}}], "versions": [], "sponsors": [{"sponsor": {"by": {"showAs": "Leo Varadkar", "uri": "/member/Leo-Varadkar.D.2007-06-14"}, "as": {"showAs": null, "uri": null}}}], "originHouse": {"showAs": "D\u00e1il \u00c9ireann", "uri": "/house/dail"}, "amendmentLists": [], "longTitle": "Bill entitled An Act to protect the health of persons who may be affected by noise and shadow flicker from wind turbines; to give further effect to the Convention on Access to Information, Public Participation in Decision-Making and Access to Justice in Environmental Matters done at Aarhus, Denmark on 25 June 1998; and to provide for related matters", "billNo": "98", "uri": "/bill/2012/98", "status": "Lapsed", "events": [{"event": {"progressStage": null, "showAs": "Lapsed", "chamber": {"showAs": null, "uri": null}, "dates": [{"date": "2016-02-03"}], "uri": "/bill/2012/98/lapsed"}}], "method": "Introduction", "billType": "Public", "act": null, "_id": "bill.2012.98", "source": "Private Member", "billYear": "2012"}