{"shortTitle": "Criminal Law (Incest) (Amendment) Bill 2012", "stages": [{"event": {"progressStage": 1, "showAs": "First Stage", "chamber": {"showAs": "D\u00e1il", "uri": "/house/dail"}, "dates": [{"date": "2012-05-17"}], "uri": "/bill/2012/43/dail/1"}}, {"event": {"progressStage": 2, "showAs": "Second Stage", "chamber": {"showAs": "D\u00e1il", "uri": "/house/dail"}, "dates": [{"date": "2014-03-07"}], "uri": "/bill/2012/43/dail/2"}}], "versions": [], "sponsors": [{"sponsor": {"by": {"showAs": "Pat Rabbitte", "uri": "/member/Pat-Rabbitte.D.1989-06-29"}, "as": {"showAs": null, "uri": null}}}], "originHouse": {"showAs": "D\u00e1il \u00c9ireann", "uri": "/house/dail"}, "amendmentLists": [], "longTitle": "Bill entitled An Act to amend the Punishment of Incest Act 1908 so as to increase the penalty for offences committed under section 2.\u0000", "billNo": "43", "uri": "/bill/2012/43", "status": "Lapsed", "events": [{"event": {"progressStage": null, "showAs": "Lapsed", "chamber": {"showAs": null, "uri": null}, "dates": [{"date": "2016-02-03"}], "uri": "/bill/2012/43/lapsed"}}], "method": "Introduction", "billType": "Public", "act": null, "_id": "bill.2012.43", "source": "Private Member", "billYear": "2012"}