{"shortTitle": "Local Government (Household Charge) (Repeal) Bill 2012", "stages": [{"event": {"progressStage": 1, "showAs": "First Stage", "chamber": {"showAs": "D\u00e1il", "uri": "/house/dail"}, "dates": [{"date": "2012-03-20"}], "uri": "/bill/2012/18/dail/1"}}, {"event": {"progressStage": 2, "showAs": "Second Stage", "chamber": {"showAs": "D\u00e1il", "uri": "/house/dail"}, "dates": [{"date": "2012-06-19"}, {"date": "2012-06-20"}], "uri": "/bill/2012/18/dail/2"}}], "versions": [], "sponsors": [{"sponsor": {"by": {"showAs": "Michael Noonan", "uri": "/member/Michael-Noonan.D.1981-06-30"}, "as": {"showAs": null, "uri": null}}}], "originHouse": {"showAs": "D\u00e1il \u00c9ireann", "uri": "/house/dail"}, "amendmentLists": [], "longTitle": "Bill entitled An Act to repeal the Local Government (Household Charge) Act 2011", "billNo": "18", "uri": "/bill/2012/18", "status": "Rejected", "events": [{"event": {"progressStage": null, "showAs": "Second Stage", "chamber": {"showAs": "D\u00e1il", "uri": "/house/dail"}, "dates": [{"date": "2012-06-20"}], "uri": "/bill/2012/18/dail/2/rejected"}}], "method": "Presentation", "billType": "Public", "act": null, "_id": "bill.2012.18", "source": "Private Member", "billYear": "2012"}