{"shortTitle": "Residential Institutions Statutory Fund Bill 2012", "stages": [{"event": {"progressStage": 1, "showAs": "First Stage", "chamber": {"showAs": "D\u00e1il", "uri": "/house/dail"}, "dates": [{"date": "2012-04-13"}], "uri": "/bill/2012/28/dail/1"}}, {"event": {"progressStage": 2, "showAs": "Second Stage", "chamber": {"showAs": "D\u00e1il", "uri": "/house/dail"}, "dates": [{"date": "2012-05-08"}, {"date": "2012-06-13"}, {"date": "2012-06-14"}], "uri": "/bill/2012/28/dail/2"}}, {"event": {"progressStage": 3, "showAs": "Fourth Stage", "chamber": {"showAs": "D\u00e1il", "uri": "/house/dail"}, "dates": [{"date": "2012-07-17"}], "uri": "/bill/2012/28/dail/4"}}, {"event": {"progressStage": 4, "showAs": "Fifth Stage", "chamber": {"showAs": "D\u00e1il", "uri": "/house/dail"}, "dates": [{"date": "2012-07-17"}], "uri": "/bill/2012/28/dail/5"}}, {"event": {"progressStage": 5, "showAs": "Second Stage", "chamber": {"showAs": "Seanad", "uri": "/house/seanad"}, "dates": [{"date": "2012-07-19"}], "uri": "/bill/2012/28/seanad/2"}}, {"event": {"progressStage": 6, "showAs": "Third Stage", "chamber": {"showAs": "Seanad", "uri": "/house/seanad"}, "dates": [{"date": "2012-07-20"}], "uri": "/bill/2012/28/seanad/3"}}, {"event": {"progressStage": 7, "showAs": "Fourth Stage", "chamber": {"showAs": "Seanad", "uri": "/house/seanad"}, "dates": [{"date": "2012-07-20"}], "uri": "/bill/2012/28/seanad/4"}}, {"event": {"progressStage": 9, "showAs": "Enacted", "chamber": null, "dates": [{"date": "2012-07-25"}], "uri": "/bill/2012/28/seanad/5"}}, {"event": {"progressStage": 9, "showAs": "Enacted", "chamber": null, "dates": [{"date": "2012-07-25"}], "uri": "/bill/2012/28/seanad/5"}}], "versions": [], "sponsors": [{"sponsor": {"by": {"showAs": "Ruair\u00ed Quinn", "uri": "/member/Ruair\u00ed-Quinn.S.1976-07-01"}, "as": {"showAs": "Minister for Education and Skills", "uri": "/office/minister/education__skills"}}}], "originHouse": {"showAs": "D\u00e1il \u00c9ireann", "uri": "/house/dail"}, "amendmentLists": [], "longTitle": "Bill entitled An Act to provide for the establishment of a body to support the needs of former residents to be known as Bord an Chiste Reacht\u00fail Foras C\u00f3naithe or in the English language, the Residential Institutions Statutory Fund Board, and to define its functions; to provide for the making of contributions by certain persons; to amend the Residential Institutions Redress Act 2002; to amend the Commission to Inquire into Child Abuse (Amendment) Act 2005; and to provide for related matters", "billNo": "28", "uri": "/bill/2012/28", "status": "Enacted", "events": [], "method": "Presentation", "billType": "Public", "act": {"shortTitle": "Residential Institutions Statutory Fund Act 2012", "actYear": "2012", "statuteBookURI": "http://www.irishstatutebook.ie/eli/2012/act/35", "actNo": "35", "dateSigned": "2012-07-25", "longTitle": "An Act to provide for the establishment of a body to support the needs of former residents to be known as Bord an Chiste Reacht\u00fail Foras C\u00f3naithe or in the English language, the Residential Institutions Statutory Fund Board, and to define its functions; to provide for the making of contributions by certain persons; to amend the Residential Institutions Redress Act 2002; to amend the Commission to Inquire into Child Abuse (Amendment) Act 2005; and to provide for related matters", "uri": "/act/2012/35"}, "_id": "bill.2012.28", "source": "Government", "billYear": "2012"}