{"shortTitle": "Thirty-First Amendment of the Constitution (Children) Bill 2012", "stages": [{"event": {"progressStage": 1, "showAs": "First Stage", "chamber": {"showAs": "D\u00e1il", "uri": "/house/dail"}, "dates": [{"date": "2012-09-17"}], "uri": "/bill/2012/78/dail/1"}}, {"event": {"progressStage": 2, "showAs": "Second Stage", "chamber": {"showAs": "D\u00e1il", "uri": "/house/dail"}, "dates": [{"date": "2012-09-25"}, {"date": "2012-09-26"}, {"date": "2012-09-27"}], "uri": "/bill/2012/78/dail/2"}}, {"event": {"progressStage": 3, "showAs": "Third Stage", "chamber": {"showAs": "D\u00e1il", "uri": "/house/dail"}, "dates": [{"date": "2012-09-27"}], "uri": "/bill/2012/78/dail/3"}}, {"event": {"progressStage": 4, "showAs": "Fourth Stage", "chamber": {"showAs": "D\u00e1il", "uri": "/house/dail"}, "dates": [{"date": "2012-09-27"}], "uri": "/bill/2012/78/dail/4"}}, {"event": {"progressStage": 5, "showAs": "Fifth Stage", "chamber": {"showAs": "D\u00e1il", "uri": "/house/dail"}, "dates": [{"date": "2012-09-27"}], "uri": "/bill/2012/78/dail/5"}}, {"event": {"progressStage": 6, "showAs": "Second Stage", "chamber": {"showAs": "Seanad", "uri": "/house/seanad"}, "dates": [{"date": "2012-10-02"}], "uri": "/bill/2012/78/seanad/2"}}, {"event": {"progressStage": 7, "showAs": "Third Stage", "chamber": {"showAs": "Seanad", "uri": "/house/seanad"}, "dates": [{"date": "2012-10-03"}], "uri": "/bill/2012/78/seanad/3"}}, {"event": {"progressStage": 8, "showAs": "Fourth Stage", "chamber": {"showAs": "Seanad", "uri": "/house/seanad"}, "dates": [{"date": "2012-10-03"}], "uri": "/bill/2012/78/seanad/4"}}, {"event": {"progressStage": 9, "showAs": "Fifth Stage", "chamber": {"showAs": "Seanad", "uri": "/house/seanad"}, "dates": [{"date": "2012-10-03"}], "uri": "/bill/2012/78/seanad/5"}}], "versions": [], "sponsors": [{"sponsor": {"by": {"showAs": "Frances Fitzgerald", "uri": "/member/Frances-Fitzgerald.D.1992-12-14"}, "as": {"showAs": "Minister for Children and Youth Affairs", "uri": "/office/minister/children__youth_affairs"}}}], "originHouse": {"showAs": "D\u00e1il \u00c9ireann", "uri": "/house/dail"}, "amendmentLists": [], "longTitle": "Bill entitled An Act to amend the Constitution", "billNo": "78", "uri": "/bill/2012/78", "status": "Enacted", "events": [], "method": "Presentation", "billType": "Public", "act": null, "_id": "bill.2012.78", "source": "Government", "billYear": "2012"}