{"shortTitle": "Statistics (Heritage Amendment) Bill 2011", "stages": [{"event": {"progressStage": 1, "showAs": "First Stage", "chamber": {"showAs": "Seanad", "uri": "/house/seanad"}, "dates": [{"date": "2011-06-23"}], "uri": "/bill/2011/30/seanad/1"}}, {"event": {"progressStage": 2, "showAs": "Second Stage", "chamber": {"showAs": "Seanad", "uri": "/house/seanad"}, "dates": [{"date": "2013-10-16"}], "uri": "/bill/2011/30/seanad/2"}}], "versions": [], "sponsors": [{"sponsor": {"by": {"showAs": "Alan Shatter", "uri": "/member/Alan-Shatter.D.1981-06-30"}, "as": {"showAs": null, "uri": null}}}], "originHouse": {"showAs": "Seanad \u00c9ireann", "uri": "/house/seanad"}, "amendmentLists": [], "longTitle": "Bill entitled An Act to amend the Statistics Act 1993, in relation to the first census of population of Ireland taken since the establishment of the State; to afford that census a special heritage status and to have such released to the public for genealogical, historical and other research", "billNo": "30", "uri": "/bill/2011/30", "status": "Rejected", "events": [{"event": {"progressStage": null, "showAs": "Second Stage", "chamber": {"showAs": "Seanad", "uri": "/house/seanad"}, "dates": [{"date": "2013-10-16"}], "uri": "/bill/2011/30/seanad/2/rejected"}}], "method": "Presentation", "billType": "Public", "act": null, "_id": "bill.2011.30", "source": "Private Member", "billYear": "2011"}