{"shortTitle": "Freedom of Information (Amendment) Bill 2012", "stages": [{"event": {"progressStage": 1, "showAs": "First Stage", "chamber": {"showAs": "D\u00e1il", "uri": "/house/dail"}, "dates": [{"date": "2012-03-14"}], "uri": "/bill/2012/15/dail/1"}}], "versions": [], "sponsors": [{"sponsor": {"by": {"showAs": "Michael Noonan", "uri": "/member/Michael-Noonan.D.1981-06-30"}, "as": {"showAs": null, "uri": null}}}], "originHouse": {"showAs": "D\u00e1il \u00c9ireann", "uri": "/house/dail"}, "amendmentLists": [], "longTitle": "Bill entitled An Act to amend the Freedom of Information Act 1997 and the Freedom of Information (Amendment) Act 2003\u0000", "billNo": "15", "uri": "/bill/2012/15", "status": "Lapsed", "events": [{"event": {"progressStage": null, "showAs": "Lapsed", "chamber": {"showAs": null, "uri": null}, "dates": [{"date": "2016-02-03"}], "uri": "/bill/2012/15/lapsed"}}], "method": "Introduction", "billType": "Public", "act": null, "_id": "bill.2012.15", "source": "Private Member", "billYear": "2012"}