{"shortTitle": "Mental Health (Amendment) Bill 2008", "stages": [{"event": {"progressStage": 1, "showAs": "First Stage", "chamber": {"showAs": "Seanad", "uri": "/house/seanad"}, "dates": [{"date": "2008-06-19"}], "uri": "/bill/2008/36/seanad/1"}}, {"event": {"progressStage": 2, "showAs": "Second Stage", "chamber": {"showAs": "Seanad", "uri": "/house/seanad"}, "dates": [{"date": "2008-06-25"}, {"date": "2009-12-02"}], "uri": "/bill/2008/36/seanad/2"}}, {"event": {"progressStage": 3, "showAs": "Third Stage", "chamber": {"showAs": "Seanad", "uri": "/house/seanad"}, "dates": [{"date": "2009-12-02"}, {"date": "2011-03-23"}, {"date": "2011-03-24"}], "uri": "/bill/2008/36/seanad/3"}}, {"event": {"progressStage": 4, "showAs": "Fourth Stage", "chamber": {"showAs": "Seanad", "uri": "/house/seanad"}, "dates": [{"date": "2011-03-24"}], "uri": "/bill/2008/36/seanad/4"}}, {"event": {"progressStage": 5, "showAs": "Fifth Stage", "chamber": {"showAs": "Seanad", "uri": "/house/seanad"}, "dates": [{"date": "2011-03-24"}], "uri": "/bill/2008/36/seanad/5"}}, {"event": {"progressStage": 6, "showAs": "Second Stage", "chamber": {"showAs": "D\u00e1il", "uri": "/house/dail"}, "dates": [{"date": "2015-12-08"}], "uri": "/bill/2008/36/dail/2"}}, {"event": {"progressStage": 7, "showAs": "Third Stage", "chamber": {"showAs": "D\u00e1il", "uri": "/house/dail"}, "dates": [{"date": "2015-12-08"}], "uri": "/bill/2008/36/dail/3"}}, {"event": {"progressStage": 8, "showAs": "Fourth Stage", "chamber": {"showAs": "D\u00e1il", "uri": "/house/dail"}, "dates": [{"date": "2015-12-08"}], "uri": "/bill/2008/36/dail/4"}}, {"event": {"progressStage": 9, "showAs": "Fifth Stage", "chamber": {"showAs": "D\u00e1il", "uri": "/house/dail"}, "dates": [{"date": "2015-12-08"}], "uri": "/bill/2008/36/dail/5"}}], "versions": [], "sponsors": [{"sponsor": {"by": {"showAs": "Dermot Ahern", "uri": "/member/Dermot-Ahern.D.1987-03-10"}, "as": {"showAs": null, "uri": null}}}, {"sponsor": {"by": {"showAs": "Dermot Ahern", "uri": "/member/Dermot-Ahern.D.1987-03-10"}, "as": {"showAs": null, "uri": null}}}, {"sponsor": {"by": {"showAs": "Dermot Ahern", "uri": "/member/Dermot-Ahern.D.1987-03-10"}, "as": {"showAs": null, "uri": null}}}], "originHouse": {"showAs": "Seanad \u00c9ireann", "uri": "/house/seanad"}, "amendmentLists": [], "longTitle": "Bill entitled An Act to amend the law on Mental Health in relation to the use of involuntary procedures", "billNo": "36", "uri": "/bill/2008/36", "status": "Enacted", "events": [], "method": "Introduction", "billType": "Public", "act": null, "_id": "bill.2008.36", "source": "Private Member", "billYear": "2008"}