{"shortTitle": "NAMA and Irish Bank Resolution Corporation Transparency Bill 2011", "stages": [{"event": {"progressStage": 1, "showAs": "First Stage", "chamber": {"showAs": "Seanad", "uri": "/house/seanad"}, "dates": [{"date": "2011-12-15"}], "uri": "/bill/2011/82/seanad/1"}}, {"event": {"progressStage": 2, "showAs": "Second Stage", "chamber": {"showAs": "Seanad", "uri": "/house/seanad"}, "dates": [{"date": "2012-06-06"}], "uri": "/bill/2011/82/seanad/2"}}], "versions": [], "sponsors": [{"sponsor": {"by": {"showAs": "Richard Bruton", "uri": "/member/Richard-Bruton.S.1981-10-08"}, "as": {"showAs": null, "uri": null}}}], "originHouse": {"showAs": "Seanad \u00c9ireann", "uri": "/house/seanad"}, "amendmentLists": [], "longTitle": "Bill entitled An Act to provide that, in the interests of transparency, all relevant details of loans, properties, or other assets offered for sale by or with the approval of NAMA or the Irish Bank Resolution Corporation be available to the public by means of publication on a website", "billNo": "82", "uri": "/bill/2011/82", "status": "Rejected", "events": [{"event": {"progressStage": null, "showAs": "Second Stage", "chamber": {"showAs": "Seanad", "uri": "/house/seanad"}, "dates": [{"date": "2012-06-06"}], "uri": "/bill/2011/82/seanad/2/rejected"}}], "method": "Introduction", "billType": "Public", "act": null, "_id": "bill.2011.82", "source": "Private Member", "billYear": "2011"}