{"shortTitle": "Civil Registration (Amendment) (Domestic Registration of Death Records) Bill 2012", "stages": [{"event": {"progressStage": 1, "showAs": "First Stage", "chamber": {"showAs": "D\u00e1il", "uri": "/house/dail"}, "dates": [{"date": "2012-11-06"}], "uri": "/bill/2012/95/dail/1"}}], "versions": [], "sponsors": [{"sponsor": {"by": {"showAs": "Leo Varadkar", "uri": "/member/Leo-Varadkar.D.2007-06-14"}, "as": {"showAs": null, "uri": null}}}], "originHouse": {"showAs": "D\u00e1il \u00c9ireann", "uri": "/house/dail"}, "amendmentLists": [], "longTitle": "Bill entitled An Act to provide for the registration in the State\u2019s vital record registration system of resident citizens\u2019 deaths that occur outside the State\u0000", "billNo": "95", "uri": "/bill/2012/95", "status": "Lapsed", "events": [{"event": {"progressStage": null, "showAs": "Lapsed", "chamber": {"showAs": null, "uri": null}, "dates": [{"date": "2016-02-03"}], "uri": "/bill/2012/95/lapsed"}}], "method": "Introduction", "billType": "Public", "act": null, "_id": "bill.2012.95", "source": "Private Member", "billYear": "2012"}