{"shortTitle": "Employment Equality (Amendment) (No. 2) Bill 2012", "stages": [{"event": {"progressStage": 1, "showAs": "First Stage", "chamber": {"showAs": "Seanad", "uri": "/house/seanad"}, "dates": [{"date": "2012-03-06"}], "uri": "/bill/2012/14/seanad/1"}}, {"event": {"progressStage": 2, "showAs": "Second Stage", "chamber": {"showAs": "Seanad", "uri": "/house/seanad"}, "dates": [{"date": "2012-11-21"}], "uri": "/bill/2012/14/seanad/2"}}], "versions": [], "sponsors": [{"sponsor": {"by": {"showAs": "Michael Noonan", "uri": "/member/Michael-Noonan.D.1981-06-30"}, "as": {"showAs": null, "uri": null}}}], "originHouse": {"showAs": "Seanad \u00c9ireann", "uri": "/house/seanad"}, "amendmentLists": [], "longTitle": "Bill entitled An Act to make further provision for the promotion of equality between employed persons by prohibiting the compulsory retirement of persons at the age of 65 years of age except in limited circumstances", "billNo": "14", "uri": "/bill/2012/14", "status": "Lapsed", "events": [{"event": {"progressStage": null, "showAs": "Lapsed", "chamber": {"showAs": null, "uri": null}, "dates": [{"date": "2016-02-03"}], "uri": "/bill/2012/14/lapsed"}}], "method": "Introduction", "billType": "Public", "act": null, "_id": "bill.2012.14", "source": "Private Member", "billYear": "2012"}