{"shortTitle": "Industrial Development (Science Foundation Ireland) (Amendment) Bill 2012", "stages": [{"event": {"progressStage": 1, "showAs": "First Stage", "chamber": {"showAs": "Seanad", "uri": "/house/seanad"}, "dates": [{"date": "2012-12-10"}], "uri": "/bill/2012/113/seanad/1"}}, {"event": {"progressStage": 2, "showAs": "Second Stage", "chamber": {"showAs": "Seanad", "uri": "/house/seanad"}, "dates": [{"date": "2013-02-07"}], "uri": "/bill/2012/113/seanad/2"}}, {"event": {"progressStage": 3, "showAs": "Third Stage", "chamber": {"showAs": "Seanad", "uri": "/house/seanad"}, "dates": [{"date": "2013-02-13"}], "uri": "/bill/2012/113/seanad/3"}}, {"event": {"progressStage": 4, "showAs": "Fourth Stage", "chamber": {"showAs": "Seanad", "uri": "/house/seanad"}, "dates": [{"date": "2013-02-13"}, {"date": "2013-10-02"}], "uri": "/bill/2012/113/seanad/4"}}, {"event": {"progressStage": 5, "showAs": "Fifth Stage", "chamber": {"showAs": "Seanad", "uri": "/house/seanad"}, "dates": [{"date": "2013-02-13"}], "uri": "/bill/2012/113/seanad/5"}}, {"event": {"progressStage": 6, "showAs": "Second Stage", "chamber": {"showAs": "D\u00e1il", "uri": "/house/dail"}, "dates": [{"date": "2013-04-16"}, {"date": "2013-04-17"}, {"date": "2013-05-02"}], "uri": "/bill/2012/113/dail/2"}}, {"event": {"progressStage": 7, "showAs": "Fourth Stage", "chamber": {"showAs": "D\u00e1il", "uri": "/house/dail"}, "dates": [{"date": "2013-09-19"}], "uri": "/bill/2012/113/dail/4"}}, {"event": {"progressStage": 9, "showAs": "Enacted", "chamber": null, "dates": [{"date": "2013-10-09"}], "uri": "/bill/2012/113/dail/5"}}, {"event": {"progressStage": 9, "showAs": "Enacted", "chamber": null, "dates": [{"date": "2013-10-09"}], "uri": "/bill/2012/113/dail/5"}}], "versions": [], "sponsors": [{"sponsor": {"by": {"showAs": "Richard Bruton", "uri": "/member/Richard-Bruton.S.1981-10-08"}, "as": {"showAs": "Minister for Jobs, Enterprise and Innovation", "uri": "/office/minister/jobs__enterprise__innovation"}}}], "originHouse": {"showAs": "Seanad \u00c9ireann", "uri": "/house/seanad"}, "amendmentLists": [], "longTitle": "Bill entitled An Act to amend the Industrial Development (Science Foundation Ireland) Act 2003; to amend the Science and Technology Act 1987; to amend the Industrial Development Act 1993; to amend the Industrial Development Act 1986; to amend the Freedom of Information Act 1997 and to provide for matters connected therewith", "billNo": "113", "uri": "/bill/2012/113", "status": "Enacted", "events": [], "method": "Presentation", "billType": "Public", "act": {"shortTitle": "Industrial Development (Science Foundation Ireland) (Amendment) Act 2013", "actYear": "2013", "statuteBookURI": "http://www.irishstatutebook.ie/eli/2013/act/36", "actNo": "36", "dateSigned": "2013-10-09", "longTitle": "An Act to amend the Industrial Development (Science Foundation Ireland) Act 2003; to amend the Science and Technology Act 1987; to amend the Industrial Development Act 1993; to amend the Industrial Development Act 1986; to amend the Freedom of Information Act 1997 and to provide for matters connected therewith", "uri": "/act/2013/36"}, "_id": "bill.2012.113", "source": "Government", "billYear": "2012"}