{"shortTitle": "Housing (Miscellaneous Provisions) (Amendment) Bill 2012", "stages": [{"event": {"progressStage": 1, "showAs": "First Stage", "chamber": {"showAs": "D\u00e1il", "uri": "/house/dail"}, "dates": [{"date": "2012-10-11"}], "uri": "/bill/2012/85/dail/1"}}], "versions": [], "sponsors": [{"sponsor": {"by": {"showAs": "Ruair\u00ed Quinn", "uri": "/member/Ruair\u00ed-Quinn.S.1976-07-01"}, "as": {"showAs": null, "uri": null}}}], "originHouse": {"showAs": "D\u00e1il \u00c9ireann", "uri": "/house/dail"}, "amendmentLists": [], "longTitle": "Bill entitled An Act to amend the Housing (Miscellaneous Provisions) Act 2009 to provide for the creation and publication of a register by each housing authority of dwellings which are the subject of rental accommodation agreements and to provide for the creation and publication by the Minister of an alphabetical list of rental accommodation providers together with the total sum paid to those providers by the various housing authorities over the previous 12 months", "billNo": "85", "uri": "/bill/2012/85", "status": "Lapsed", "events": [{"event": {"progressStage": null, "showAs": "Lapsed", "chamber": {"showAs": null, "uri": null}, "dates": [{"date": "2016-02-03"}], "uri": "/bill/2012/85/lapsed"}}], "method": "Introduction", "billType": "Public", "act": null, "_id": "bill.2012.85", "source": "Private Member", "billYear": "2012"}