{"shortTitle": "Credit Institutions (Stabilisation) (Amendment) Bill 2012", "stages": [{"event": {"progressStage": 1, "showAs": "First Stage", "chamber": {"showAs": "D\u00e1il", "uri": "/house/dail"}, "dates": [{"date": "2012-10-24"}], "uri": "/bill/2012/91/dail/1"}}], "versions": [], "sponsors": [{"sponsor": {"by": {"showAs": "Alan Shatter", "uri": "/member/Alan-Shatter.D.1981-06-30"}, "as": {"showAs": null, "uri": null}}}], "originHouse": {"showAs": "D\u00e1il \u00c9ireann", "uri": "/house/dail"}, "amendmentLists": [], "longTitle": "Bill entitled An Act to make provision for the restriction and regulation of bonus payments made by credit institutions covered by the Credit Institutions (Financial Support) Act 2008 to employees of those credit institutions and to defer the payment of such bonus payments for a period of five years after the date upon which they have been earned in order to ensure that the bonus payments are justifiable and merited", "billNo": "91", "uri": "/bill/2012/91", "status": "Lapsed", "events": [{"event": {"progressStage": null, "showAs": "Lapsed", "chamber": {"showAs": null, "uri": null}, "dates": [{"date": "2016-02-03"}], "uri": "/bill/2012/91/lapsed"}}], "method": "Introduction", "billType": "Public", "act": null, "_id": "bill.2012.91", "source": "Private Member", "billYear": "2012"}