{"shortTitle": "Civil Registration (Amendment) Bill 2012", "stages": [{"event": {"progressStage": 1, "showAs": "First Stage", "chamber": {"showAs": "Seanad", "uri": "/house/seanad"}, "dates": [{"date": "2012-12-03"}], "uri": "/bill/2012/105/seanad/1"}}, {"event": {"progressStage": 2, "showAs": "Second Stage", "chamber": {"showAs": "Seanad", "uri": "/house/seanad"}, "dates": [{"date": "2012-12-06"}], "uri": "/bill/2012/105/seanad/2"}}, {"event": {"progressStage": 3, "showAs": "Third Stage", "chamber": {"showAs": "Seanad", "uri": "/house/seanad"}, "dates": [{"date": "2012-12-06"}], "uri": "/bill/2012/105/seanad/3"}}, {"event": {"progressStage": 4, "showAs": "Fourth Stage", "chamber": {"showAs": "Seanad", "uri": "/house/seanad"}, "dates": [{"date": "2012-12-06"}], "uri": "/bill/2012/105/seanad/4"}}, {"event": {"progressStage": 5, "showAs": "Fifth Stage", "chamber": {"showAs": "Seanad", "uri": "/house/seanad"}, "dates": [{"date": "2012-12-06"}], "uri": "/bill/2012/105/seanad/5"}}, {"event": {"progressStage": 6, "showAs": "Second Stage", "chamber": {"showAs": "D\u00e1il", "uri": "/house/dail"}, "dates": [{"date": "2012-12-20"}], "uri": "/bill/2012/105/dail/2"}}, {"event": {"progressStage": 7, "showAs": "Third Stage", "chamber": {"showAs": "D\u00e1il", "uri": "/house/dail"}, "dates": [{"date": "2012-12-20"}], "uri": "/bill/2012/105/dail/3"}}, {"event": {"progressStage": 8, "showAs": "Fourth Stage", "chamber": {"showAs": "D\u00e1il", "uri": "/house/dail"}, "dates": [{"date": "2012-12-20"}], "uri": "/bill/2012/105/dail/4"}}, {"event": {"progressStage": 10, "showAs": "Enacted", "chamber": null, "dates": [{"date": "2012-12-26"}], "uri": "/bill/2012/105/dail/5"}}, {"event": {"progressStage": 10, "showAs": "Enacted", "chamber": null, "dates": [{"date": "2012-12-26"}], "uri": "/bill/2012/105/dail/5"}}], "versions": [], "sponsors": [{"sponsor": {"by": {"showAs": "Joan Burton", "uri": "/member/Joan-Burton.D.1992-12-14"}, "as": {"showAs": "Minister for Social Protection", "uri": "/office/minister/social_protection"}}}], "originHouse": {"showAs": "Seanad \u00c9ireann", "uri": "/house/seanad"}, "amendmentLists": [], "longTitle": "Bill entitled An Act to amend and extend the Civil Registration Act 2004\u0000", "billNo": "105", "uri": "/bill/2012/105", "status": "Enacted", "events": [], "method": "Presentation", "billType": "Public", "act": {"shortTitle": "Civil Registration (Amendment) Act 2012", "actYear": "2012", "statuteBookURI": "http://www.irishstatutebook.ie/eli/2012/act/48", "actNo": "48", "dateSigned": "2012-12-26", "longTitle": "An Act to amend and extend the Civil Registration Act 2004\u0000", "uri": "/act/2012/48"}, "_id": "bill.2012.105", "source": "Government", "billYear": "2012"}