{"shortTitle": "Freedom of Information (Amendment) (No.2) Bill 2012", "stages": [{"event": {"progressStage": 1, "showAs": "First Stage", "chamber": {"showAs": "D\u00e1il", "uri": "/house/dail"}, "dates": [{"date": "2012-06-12"}], "uri": "/bill/2012/51/dail/1"}}, {"event": {"progressStage": 2, "showAs": "Second Stage", "chamber": {"showAs": "D\u00e1il", "uri": "/house/dail"}, "dates": [{"date": "2012-07-06"}], "uri": "/bill/2012/51/dail/2"}}, {"event": {"progressStage": 3, "showAs": "Third Stage", "chamber": {"showAs": "D\u00e1il", "uri": "/house/dail"}, "dates": [{"date": "2012-07-06"}], "uri": "/bill/2012/51/dail/3"}}], "versions": [], "sponsors": [{"sponsor": {"by": {"showAs": "Alan Shatter", "uri": "/member/Alan-Shatter.D.1981-06-30"}, "as": {"showAs": null, "uri": null}}}], "originHouse": {"showAs": "D\u00e1il \u00c9ireann", "uri": "/house/dail"}, "amendmentLists": [], "longTitle": "Bill entitled An Act to amend the provisions of the Freedom of Information Act 1997 as amended by the Freedom of Information (Amendment) Act 2003 to provide for related matters", "billNo": "51", "uri": "/bill/2012/51", "status": "Lapsed", "events": [{"event": {"progressStage": null, "showAs": "Lapsed", "chamber": {"showAs": null, "uri": null}, "dates": [{"date": "2016-02-03"}], "uri": "/bill/2012/51/lapsed"}}], "method": "Introduction", "billType": "Public", "act": null, "_id": "bill.2012.51", "source": "Private Member", "billYear": "2012"}