{"shortTitle": "Medical Treatment (Termination of Pregnancy in Case of Risk to Life of Pregnant Woman) Bill 2012", "stages": [{"event": {"progressStage": 1, "showAs": "First Stage", "chamber": {"showAs": "D\u00e1il", "uri": "/house/dail"}, "dates": [{"date": "2012-02-22"}], "uri": "/bill/2012/10/dail/1"}}, {"event": {"progressStage": 2, "showAs": "Second Stage", "chamber": {"showAs": "D\u00e1il", "uri": "/house/dail"}, "dates": [{"date": "2012-04-18"}, {"date": "2012-04-19"}], "uri": "/bill/2012/10/dail/2"}}], "versions": [], "sponsors": [{"sponsor": {"by": {"showAs": "Phil Hogan", "uri": "/member/Phil-Hogan.S.1987-04-25"}, "as": {"showAs": null, "uri": null}}}], "originHouse": {"showAs": "D\u00e1il \u00c9ireann", "uri": "/house/dail"}, "amendmentLists": [], "longTitle": "Bill entitled An Act to provide for termination of pregnancy where a real and substantial risk to the life of the pregnant woman exists; to make provision for the prevention of any curtailment, hindrance or preclusion of such treatment that may arise as a result of the pregnancy of the woman; and to provide for related matters", "billNo": "10", "uri": "/bill/2012/10", "status": "Rejected", "events": [{"event": {"progressStage": null, "showAs": "Second Stage", "chamber": {"showAs": "D\u00e1il", "uri": "/house/dail"}, "dates": [{"date": "2012-04-19"}], "uri": "/bill/2012/10/dail/2/rejected"}}], "method": "Introduction", "billType": "Public", "act": null, "_id": "bill.2012.10", "source": "Private Member", "billYear": "2012"}