{"shortTitle": "Electoral (Amendment) (Political Funding) Bill 2011", "stages": [{"event": {"progressStage": 1, "showAs": "First Stage", "chamber": {"showAs": "Seanad", "uri": "/house/seanad"}, "dates": [{"date": "2011-12-12"}], "uri": "/bill/2011/79/seanad/1"}}, {"event": {"progressStage": 2, "showAs": "Second Stage", "chamber": {"showAs": "Seanad", "uri": "/house/seanad"}, "dates": [{"date": "2012-02-02"}, {"date": "2012-02-07"}], "uri": "/bill/2011/79/seanad/2"}}, {"event": {"progressStage": 3, "showAs": "Third Stage", "chamber": {"showAs": "Seanad", "uri": "/house/seanad"}, "dates": [{"date": "2012-02-15"}, {"date": "2012-02-21"}, {"date": "2012-02-29"}], "uri": "/bill/2011/79/seanad/3"}}, {"event": {"progressStage": 4, "showAs": "Fourth Stage", "chamber": {"showAs": "Seanad", "uri": "/house/seanad"}, "dates": [{"date": "2012-03-15"}], "uri": "/bill/2011/79/seanad/4"}}, {"event": {"progressStage": 5, "showAs": "Fifth Stage", "chamber": {"showAs": "Seanad", "uri": "/house/seanad"}, "dates": [{"date": "2012-03-15"}], "uri": "/bill/2011/79/seanad/5"}}, {"event": {"progressStage": 6, "showAs": "Second Stage", "chamber": {"showAs": "D\u00e1il", "uri": "/house/dail"}, "dates": [{"date": "2012-03-21"}, {"date": "2012-03-22"}, {"date": "2012-05-09"}, {"date": "2012-06-06"}, {"date": "2012-06-19"}], "uri": "/bill/2011/79/dail/2"}}, {"event": {"progressStage": 7, "showAs": "Fourth Stage", "chamber": {"showAs": "D\u00e1il", "uri": "/house/dail"}, "dates": [{"date": "2012-07-19"}], "uri": "/bill/2011/79/dail/4"}}, {"event": {"progressStage": 9, "showAs": "Enacted", "chamber": null, "dates": [{"date": "2012-07-28"}], "uri": "/bill/2011/79/dail/5"}}, {"event": {"progressStage": 9, "showAs": "Enacted", "chamber": null, "dates": [{"date": "2012-07-28"}], "uri": "/bill/2011/79/dail/5"}}], "versions": [], "sponsors": [{"sponsor": {"by": {"showAs": "Phil Hogan", "uri": "/member/Phil-Hogan.S.1987-04-25"}, "as": {"showAs": "Minister for the Environment, Community and Local Government", "uri": "/office/minister/environment__community__local_government"}}}], "originHouse": {"showAs": "Seanad \u00c9ireann", "uri": "/house/seanad"}, "amendmentLists": [], "longTitle": "Bill entitled An Act to establish a register of corporate donors; to provide for reductions in donation and donation declaration limits; to provide for disclosure of accounts by political parties; to amend the law relating to state funding of political parties; for these and other purposes to amend the Electoral Act 1992, the Electoral Act 1997 and the Local Elections (Disclosure of Donations and Expenditure) Act 1999; and to provide for related matters", "billNo": "79", "uri": "/bill/2011/79", "status": "Enacted", "events": [], "method": "Presentation", "billType": "Public", "act": {"shortTitle": "Electoral (Amendment) (Political Funding) Act 2012", "actYear": "2012", "statuteBookURI": "http://www.irishstatutebook.ie/eli/2012/act/36", "actNo": "36", "dateSigned": "2012-07-28", "longTitle": "An Act to establish a register of corporate donors; to provide for reductions in donation and donation declaration limits; to provide for disclosure of accounts by political parties; to amend the law relating to state funding of political parties; for these and other purposes to amend the Electoral Act 1992, the Electoral Act 1997 and the Local Elections (Disclosure of Donations and Expenditure) Act 1999; and to provide for related matters", "uri": "/act/2012/36"}, "_id": "bill.2011.79", "source": "Government", "billYear": "2011"}