{"shortTitle": "Tax Transparency Bill 2012", "stages": [{"event": {"progressStage": 1, "showAs": "First Stage", "chamber": {"showAs": "D\u00e1il", "uri": "/house/dail"}, "dates": [{"date": "2012-03-29"}], "uri": "/bill/2012/24/dail/1"}}, {"event": {"progressStage": 2, "showAs": "Second Stage", "chamber": {"showAs": "D\u00e1il", "uri": "/house/dail"}, "dates": [{"date": "2012-11-09"}], "uri": "/bill/2012/24/dail/2"}}], "versions": [], "sponsors": [{"sponsor": {"by": {"showAs": "Eamon Gilmore", "uri": "/member/Eamon-Gilmore.D.1989-06-29"}, "as": {"showAs": null, "uri": null}}}], "originHouse": {"showAs": "D\u00e1il \u00c9ireann", "uri": "/house/dail"}, "amendmentLists": [], "longTitle": "Bill entitled An Act \u0000to make provision for the annual issuance to each person paying Income Tax and other such direct taxes on earnings of an itemised statement of tax paid in the most recent tax year, the estimated tax payments to be made in the coming tax year and a breakdown of the areas of government spending on which the paid taxes are to be spent and in conjunction with this measure to provide an on-line mechanism whereby all payers of Value Added Tax and Excise may estimate the total amount of such taxes paid on goods and services with a view to calculating a similar detailed breakdown of the areas of government spending on which the paid taxes are to be spent and to make the necessary provisions so that every purchase order by a government department or agency for more than five thousand euro must be published\u0000", "billNo": "24", "uri": "/bill/2012/24", "status": "Lapsed", "events": [{"event": {"progressStage": null, "showAs": "Lapsed", "chamber": {"showAs": null, "uri": null}, "dates": [{"date": "2016-02-03"}], "uri": "/bill/2012/24/lapsed"}}], "method": "Introduction", "billType": "Public", "act": null, "_id": "bill.2012.24", "source": "Private Member", "billYear": "2012"}