{"shortTitle": "Competition (Amendment) Bill 2011", "stages": [{"event": {"progressStage": 1, "showAs": "First Stage", "chamber": {"showAs": "D\u00e1il", "uri": "/house/dail"}, "dates": [{"date": "2011-09-26"}], "uri": "/bill/2011/55/dail/1"}}, {"event": {"progressStage": 2, "showAs": "Second Stage", "chamber": {"showAs": "D\u00e1il", "uri": "/house/dail"}, "dates": [{"date": "2011-11-08"}, {"date": "2011-11-09"}], "uri": "/bill/2011/55/dail/2"}}, {"event": {"progressStage": 3, "showAs": "Fourth Stage", "chamber": {"showAs": "D\u00e1il", "uri": "/house/dail"}, "dates": [{"date": "2012-02-08"}], "uri": "/bill/2011/55/dail/4"}}, {"event": {"progressStage": 4, "showAs": "Fifth Stage", "chamber": {"showAs": "D\u00e1il", "uri": "/house/dail"}, "dates": [{"date": "2012-02-08"}], "uri": "/bill/2011/55/dail/5"}}, {"event": {"progressStage": 5, "showAs": "Second Stage", "chamber": {"showAs": "Seanad", "uri": "/house/seanad"}, "dates": [{"date": "2012-03-08"}], "uri": "/bill/2011/55/seanad/2"}}, {"event": {"progressStage": 6, "showAs": "Third Stage", "chamber": {"showAs": "Seanad", "uri": "/house/seanad"}, "dates": [{"date": "2012-04-25"}], "uri": "/bill/2011/55/seanad/3"}}, {"event": {"progressStage": 7, "showAs": "Fourth Stage", "chamber": {"showAs": "Seanad", "uri": "/house/seanad"}, "dates": [{"date": "2012-06-14"}], "uri": "/bill/2011/55/seanad/4"}}, {"event": {"progressStage": 9, "showAs": "Enacted", "chamber": null, "dates": [{"date": "2012-06-20"}], "uri": "/bill/2011/55/seanad/5"}}, {"event": {"progressStage": 9, "showAs": "Enacted", "chamber": null, "dates": [{"date": "2012-06-20"}], "uri": "/bill/2011/55/seanad/5"}}], "versions": [], "sponsors": [{"sponsor": {"by": {"showAs": "Richard Bruton", "uri": "/member/Richard-Bruton.S.1981-10-08"}, "as": {"showAs": "Minister for Jobs, Enterprise and Innovation", "uri": "/office/minister/jobs__enterprise__innovation"}}}], "originHouse": {"showAs": "D\u00e1il \u00c9ireann", "uri": "/house/dail"}, "amendmentLists": [], "longTitle": "Bill entitled An Act o amend the Competition Act 2002; to amend the Companies Act 1990; and to provide for matters connected therewith", "billNo": "55", "uri": "/bill/2011/55", "status": "Enacted", "events": [], "method": "Presentation", "billType": "Public", "act": {"shortTitle": "Competition (Amendment) Act 2012", "actYear": "2012", "statuteBookURI": "http://www.irishstatutebook.ie/eli/2012/act/18", "actNo": "18", "dateSigned": "2012-06-20", "longTitle": "An Act o amend the Competition Act 2002; to amend the Companies Act 1990; and to provide for matters connected therewith", "uri": "/act/2012/18"}, "_id": "bill.2011.55", "source": "Government", "billYear": "2011"}