{"shortTitle": "Competition (Amendment) Bill 2012", "stages": [{"event": {"progressStage": 1, "showAs": "First Stage", "chamber": {"showAs": "D\u00e1il", "uri": "/house/dail"}, "dates": [{"date": "2012-06-19"}], "uri": "/bill/2012/54/dail/1"}}], "versions": [], "sponsors": [{"sponsor": {"by": {"showAs": "Jimmy Deenihan", "uri": "/member/Jimmy-Deenihan.S.1983-02-23"}, "as": {"showAs": null, "uri": null}}}], "originHouse": {"showAs": "D\u00e1il \u00c9ireann", "uri": "/house/dail"}, "amendmentLists": [], "longTitle": "Bill entitled An Act to delimit the application of the Competition Act 2002 to Trade Unions and Trade Union Members and to certain agreements negotiated with Public Bodies, and to provide for related matters", "billNo": "54", "uri": "/bill/2012/54", "status": "Lapsed", "events": [{"event": {"progressStage": null, "showAs": "Lapsed", "chamber": {"showAs": null, "uri": null}, "dates": [{"date": "2016-02-03"}], "uri": "/bill/2012/54/lapsed"}}], "method": "Introduction", "billType": "Public", "act": null, "_id": "bill.2012.54", "source": "Private Member", "billYear": "2012"}