{"shortTitle": "Health (Professional Home Care) Bill 2012", "stages": [{"event": {"progressStage": 1, "showAs": "First Stage", "chamber": {"showAs": "D\u00e1il", "uri": "/house/dail"}, "dates": [{"date": "2012-02-07"}], "uri": "/bill/2012/6/dail/1"}}], "versions": [], "sponsors": [{"sponsor": {"by": {"showAs": "Michael Noonan", "uri": "/member/Michael-Noonan.D.1981-06-30"}, "as": {"showAs": null, "uri": null}}}], "originHouse": {"showAs": "D\u00e1il \u00c9ireann", "uri": "/house/dail"}, "amendmentLists": [], "longTitle": "Bill entitled An Act to provide for the regulation of professional home care, and for that purpose to amend the Health Act 2007 and to provide for related matters\u0000", "billNo": "6", "uri": "/bill/2012/6", "status": "Lapsed", "events": [{"event": {"progressStage": null, "showAs": "Lapsed", "chamber": {"showAs": null, "uri": null}, "dates": [{"date": "2016-02-03"}], "uri": "/bill/2012/6/lapsed"}}], "method": "Introduction", "billType": "Public", "act": null, "_id": "bill.2012.6", "source": "Private Member", "billYear": "2012"}