{"shortTitle": "Valuation (Amendment) Bill 2012", "stages": [{"event": {"progressStage": 1, "showAs": "First Stage", "chamber": {"showAs": "D\u00e1il", "uri": "/house/dail"}, "dates": [{"date": "2012-06-07"}], "uri": "/bill/2012/50/dail/1"}}], "versions": [], "sponsors": [{"sponsor": {"by": {"showAs": "Alan Shatter", "uri": "/member/Alan-Shatter.D.1981-06-30"}, "as": {"showAs": null, "uri": null}}}], "originHouse": {"showAs": "D\u00e1il \u00c9ireann", "uri": "/house/dail"}, "amendmentLists": [], "longTitle": "Bill entitled An Act to amend the provisions of the Valuation Act 2001 to provide for the introduction of a property valuation self-assessment mechanism, an ability to pay clause and related matters including the abolition of liability on a subsequent occupier to pay property rates incurred by a previous occupier", "billNo": "50", "uri": "/bill/2012/50", "status": "Lapsed", "events": [{"event": {"progressStage": null, "showAs": "Lapsed", "chamber": {"showAs": null, "uri": null}, "dates": [{"date": "2016-02-03"}], "uri": "/bill/2012/50/lapsed"}}], "method": "Introduction", "billType": "Public", "act": null, "_id": "bill.2012.50", "source": "Private Member", "billYear": "2012"}