{"shortTitle": "Protection of Employees (Amendment) Bill 2012", "stages": [{"event": {"progressStage": 1, "showAs": "First Stage", "chamber": {"showAs": "D\u00e1il", "uri": "/house/dail"}, "dates": [{"date": "2012-04-26"}], "uri": "/bill/2012/33/dail/1"}}, {"event": {"progressStage": 2, "showAs": "Second Stage", "chamber": {"showAs": "D\u00e1il", "uri": "/house/dail"}, "dates": [{"date": "2012-05-01"}], "uri": "/bill/2012/33/dail/2"}}], "versions": [], "sponsors": [{"sponsor": {"by": {"showAs": "Alan Shatter", "uri": "/member/Alan-Shatter.D.1981-06-30"}, "as": {"showAs": null, "uri": null}}}], "originHouse": {"showAs": "D\u00e1il \u00c9ireann", "uri": "/house/dail"}, "amendmentLists": [], "longTitle": "Bill entitled An Act to provide for extensions to the periods of notice required to be given in collective redundancies, to provide a time limit within which applications for redress for employees must be heard, to confer certain rights on employees where employers fail to pay debts due, to provide a time limit within which applications for redress must be processed and to provide for related matters\u0000", "billNo": "33", "uri": "/bill/2012/33", "status": "Rejected", "events": [{"event": {"progressStage": null, "showAs": "Second Stage", "chamber": {"showAs": "D\u00e1il", "uri": "/house/dail"}, "dates": [{"date": "2012-05-02"}], "uri": "/bill/2012/33/dail/2/rejected"}}], "method": "Introduction", "billType": "Public", "act": null, "_id": "bill.2012.33", "source": "Private Member", "billYear": "2012"}