{"shortTitle": "Protection of Employees (Temporary Agency Work) Bill 2011", "stages": [{"event": {"progressStage": 1, "showAs": "First Stage", "chamber": {"showAs": "D\u00e1il", "uri": "/house/dail"}, "dates": [{"date": "2011-12-14"}], "uri": "/bill/2011/80/dail/1"}}, {"event": {"progressStage": 2, "showAs": "Second Stage", "chamber": {"showAs": "D\u00e1il", "uri": "/house/dail"}, "dates": [{"date": "2012-01-11"}, {"date": "2012-01-12"}, {"date": "2012-01-19"}], "uri": "/bill/2011/80/dail/2"}}, {"event": {"progressStage": 3, "showAs": "Fourth Stage", "chamber": {"showAs": "D\u00e1il", "uri": "/house/dail"}, "dates": [{"date": "2012-02-22"}], "uri": "/bill/2011/80/dail/4"}}, {"event": {"progressStage": 4, "showAs": "Fifth Stage", "chamber": {"showAs": "D\u00e1il", "uri": "/house/dail"}, "dates": [{"date": "2012-02-22"}], "uri": "/bill/2011/80/dail/5"}}, {"event": {"progressStage": 5, "showAs": "Second Stage", "chamber": {"showAs": "Seanad", "uri": "/house/seanad"}, "dates": [{"date": "2012-02-28"}], "uri": "/bill/2011/80/seanad/2"}}, {"event": {"progressStage": 6, "showAs": "Third Stage", "chamber": {"showAs": "Seanad", "uri": "/house/seanad"}, "dates": [{"date": "2012-03-01"}], "uri": "/bill/2011/80/seanad/3"}}, {"event": {"progressStage": 7, "showAs": "Fourth Stage", "chamber": {"showAs": "Seanad", "uri": "/house/seanad"}, "dates": [{"date": "2012-04-27"}], "uri": "/bill/2011/80/seanad/4"}}, {"event": {"progressStage": 9, "showAs": "Enacted", "chamber": null, "dates": [{"date": "2012-05-16"}], "uri": "/bill/2011/80/seanad/5"}}, {"event": {"progressStage": 9, "showAs": "Enacted", "chamber": null, "dates": [{"date": "2012-05-16"}], "uri": "/bill/2011/80/seanad/5"}}], "versions": [], "sponsors": [{"sponsor": {"by": {"showAs": "Richard Bruton", "uri": "/member/Richard-Bruton.S.1981-10-08"}, "as": {"showAs": "Minister for Jobs, Enterprise and Innovation", "uri": "/office/minister/jobs__enterprise__innovation"}}}], "originHouse": {"showAs": "D\u00e1il \u00c9ireann", "uri": "/house/dail"}, "amendmentLists": [], "longTitle": "Bill entitled An Act to give effect to Directive 2008/104/EC of the European Parliament and of the Council of 19 November 2008 on temporary agency work; for that purpose to amend certain enactments; and to provide for matters connected therewith\u0000", "billNo": "80", "uri": "/bill/2011/80", "status": "Enacted", "events": [], "method": "Presentation", "billType": "Public", "act": {"shortTitle": "Protection of Employees (Temporary Agency Work) Act 2012", "actYear": "2012", "statuteBookURI": "http://www.irishstatutebook.ie/eli/2012/act/13", "actNo": "13", "dateSigned": "2012-05-16", "longTitle": "An Act to give effect to Directive 2008/104/EC of the European Parliament and of the Council of 19 November 2008 on temporary agency work; for that purpose to amend certain enactments; and to provide for matters connected therewith\u0000", "uri": "/act/2012/13"}, "_id": "bill.2011.80", "source": "Government", "billYear": "2011"}