{"shortTitle": "Houses of the Oireachtas Commission (Amendment) (No. 2) Bill 2012", "stages": [{"event": {"progressStage": 1, "showAs": "First Stage", "chamber": {"showAs": "Seanad", "uri": "/house/seanad"}, "dates": [{"date": "2012-12-07"}], "uri": "/bill/2012/111/seanad/1"}}, {"event": {"progressStage": 2, "showAs": "Second Stage", "chamber": {"showAs": "Seanad", "uri": "/house/seanad"}, "dates": [{"date": "2012-12-13"}], "uri": "/bill/2012/111/seanad/2"}}, {"event": {"progressStage": 3, "showAs": "Third Stage", "chamber": {"showAs": "Seanad", "uri": "/house/seanad"}, "dates": [{"date": "2012-12-13"}], "uri": "/bill/2012/111/seanad/3"}}, {"event": {"progressStage": 4, "showAs": "Fourth Stage", "chamber": {"showAs": "Seanad", "uri": "/house/seanad"}, "dates": [{"date": "2012-12-13"}], "uri": "/bill/2012/111/seanad/4"}}, {"event": {"progressStage": 5, "showAs": "Fifth Stage", "chamber": {"showAs": "Seanad", "uri": "/house/seanad"}, "dates": [{"date": "2012-12-13"}], "uri": "/bill/2012/111/seanad/5"}}, {"event": {"progressStage": 6, "showAs": "Second Stage", "chamber": {"showAs": "D\u00e1il", "uri": "/house/dail"}, "dates": [{"date": "2012-12-20"}], "uri": "/bill/2012/111/dail/2"}}, {"event": {"progressStage": 7, "showAs": "Third Stage", "chamber": {"showAs": "D\u00e1il", "uri": "/house/dail"}, "dates": [{"date": "2012-12-20"}], "uri": "/bill/2012/111/dail/3"}}, {"event": {"progressStage": 8, "showAs": "Fourth Stage", "chamber": {"showAs": "D\u00e1il", "uri": "/house/dail"}, "dates": [{"date": "2012-12-20"}], "uri": "/bill/2012/111/dail/4"}}, {"event": {"progressStage": 10, "showAs": "Enacted", "chamber": null, "dates": [{"date": "2012-12-26"}], "uri": "/bill/2012/111/dail/5"}}, {"event": {"progressStage": 10, "showAs": "Enacted", "chamber": null, "dates": [{"date": "2012-12-26"}], "uri": "/bill/2012/111/dail/5"}}], "versions": [], "sponsors": [{"sponsor": {"by": {"showAs": "Brendan Howlin", "uri": "/member/Brendan-Howlin.S.1983-02-23"}, "as": {"showAs": "Minister for Public Expenditure and Reform", "uri": "/office/minister/public_expenditure__reform"}}}], "originHouse": {"showAs": "Seanad \u00c9ireann", "uri": "/house/seanad"}, "amendmentLists": [], "longTitle": "Bill entitled An Act to amend the Houses of the Oireachtas Commission Act 2003 and to provide for related matters", "billNo": "111", "uri": "/bill/2012/111", "status": "Enacted", "events": [], "method": "Presentation", "billType": "Public", "act": {"shortTitle": "Houses of the Oireachtas Commission (Amendment) (No. 2) Act 2012", "actYear": "2012", "statuteBookURI": "http://www.irishstatutebook.ie/eli/2012/act/50", "actNo": "50", "dateSigned": "2012-12-26", "longTitle": "An Act to amend the Houses of the Oireachtas Commission Act 2003 and to provide for related matters", "uri": "/act/2012/50"}, "_id": "bill.2012.111", "source": "Government", "billYear": "2012"}