{"shortTitle": "Electoral (Amendment) (D\u00e1il Constituencies) Bill 2012", "stages": [{"event": {"progressStage": 1, "showAs": "First Stage", "chamber": {"showAs": "D\u00e1il", "uri": "/house/dail"}, "dates": [{"date": "2012-10-03"}], "uri": "/bill/2012/84/dail/1"}}, {"event": {"progressStage": 2, "showAs": "Second Stage", "chamber": {"showAs": "D\u00e1il", "uri": "/house/dail"}, "dates": [{"date": "2012-11-20"}, {"date": "2012-11-27"}, {"date": "2012-11-28"}, {"date": "2013-01-17"}, {"date": "2013-01-24"}], "uri": "/bill/2012/84/dail/2"}}, {"event": {"progressStage": 3, "showAs": "Fourth Stage", "chamber": {"showAs": "D\u00e1il", "uri": "/house/dail"}, "dates": [{"date": "2013-02-28"}], "uri": "/bill/2012/84/dail/4"}}, {"event": {"progressStage": 4, "showAs": "Fifth Stage", "chamber": {"showAs": "D\u00e1il", "uri": "/house/dail"}, "dates": [{"date": "2013-02-28"}], "uri": "/bill/2012/84/dail/5"}}, {"event": {"progressStage": 5, "showAs": "Second Stage", "chamber": {"showAs": "Seanad", "uri": "/house/seanad"}, "dates": [{"date": "2013-03-05"}], "uri": "/bill/2012/84/seanad/2"}}, {"event": {"progressStage": 6, "showAs": "Third Stage", "chamber": {"showAs": "Seanad", "uri": "/house/seanad"}, "dates": [{"date": "2013-03-12"}], "uri": "/bill/2012/84/seanad/3"}}, {"event": {"progressStage": 7, "showAs": "Fourth Stage", "chamber": {"showAs": "Seanad", "uri": "/house/seanad"}, "dates": [{"date": "2013-03-12"}], "uri": "/bill/2012/84/seanad/4"}}, {"event": {"progressStage": 9, "showAs": "Enacted", "chamber": null, "dates": [{"date": "2013-03-20"}], "uri": "/bill/2012/84/seanad/5"}}, {"event": {"progressStage": 9, "showAs": "Enacted", "chamber": null, "dates": [{"date": "2013-03-20"}], "uri": "/bill/2012/84/seanad/5"}}], "versions": [], "sponsors": [{"sponsor": {"by": {"showAs": "Phil Hogan", "uri": "/member/Phil-Hogan.S.1987-04-25"}, "as": {"showAs": "Minister for the Environment, Community and Local Government", "uri": "/office/minister/environment__community__local_government"}}}], "originHouse": {"showAs": "D\u00e1il \u00c9ireann", "uri": "/house/dail"}, "amendmentLists": [], "longTitle": "Bill entitled An Act to provide for the numbers of members of D\u00e1il \u00c9ireann, for the revision of constituencies and for the number of members to be elected for such constituencies and to provide for related matters", "billNo": "84", "uri": "/bill/2012/84", "status": "Enacted", "events": [], "method": "Presentation", "billType": "Public", "act": {"shortTitle": "Electoral (Amendment) (D\u00e1il Constituencies) Act 2013", "actYear": "2013", "statuteBookURI": "http://www.irishstatutebook.ie/eli/2013/act/7", "actNo": "7", "dateSigned": "2013-03-20", "longTitle": "An Act to provide for the numbers of members of D\u00e1il \u00c9ireann, for the revision of constituencies and for the number of members to be elected for such constituencies and to provide for related matters", "uri": "/act/2013/7"}, "_id": "bill.2012.84", "source": "Government", "billYear": "2012"}