{"shortTitle": "Local Government (Superannuation) (Consolidation) Scheme 1998 (Amendment) Bill 2012", "stages": [{"event": {"progressStage": 1, "showAs": "First Stage", "chamber": {"showAs": "D\u00e1il", "uri": "/house/dail"}, "dates": [{"date": "2012-03-14"}], "uri": "/bill/2012/16/dail/1"}}], "versions": [], "sponsors": [{"sponsor": {"by": {"showAs": "Michael Noonan", "uri": "/member/Michael-Noonan.D.1981-06-30"}, "as": {"showAs": null, "uri": null}}}], "originHouse": {"showAs": "D\u00e1il \u00c9ireann", "uri": "/house/dail"}, "amendmentLists": [], "longTitle": "Bill entitled An Act to provide for the repeal of Article 78 of the Local Government (Superannuation) (Consolidation) Scheme 1998 in order to end the provision of added years and special severance gratuity payments for city and county managers of local authorities", "billNo": "16", "uri": "/bill/2012/16", "status": "Lapsed", "events": [{"event": {"progressStage": null, "showAs": "Lapsed", "chamber": {"showAs": null, "uri": null}, "dates": [{"date": "2016-02-03"}], "uri": "/bill/2012/16/lapsed"}}], "method": "Introduction", "billType": "Public", "act": null, "_id": "bill.2012.16", "source": "Private Member", "billYear": "2012"}