{"shortTitle": "Advance Healthcare Decisions Bill 2012", "stages": [{"event": {"progressStage": 1, "showAs": "First Stage", "chamber": {"showAs": "D\u00e1il", "uri": "/house/dail"}, "dates": [{"date": "2012-01-12"}], "uri": "/bill/2012/2/dail/1"}}, {"event": {"progressStage": 2, "showAs": "Second Stage", "chamber": {"showAs": "D\u00e1il", "uri": "/house/dail"}, "dates": [{"date": "2012-06-08"}], "uri": "/bill/2012/2/dail/2"}}], "versions": [], "sponsors": [{"sponsor": {"by": {"showAs": "Ruair\u00ed Quinn", "uri": "/member/Ruair\u00ed-Quinn.S.1976-07-01"}, "as": {"showAs": null, "uri": null}}}], "originHouse": {"showAs": "D\u00e1il \u00c9ireann", "uri": "/house/dail"}, "amendmentLists": [], "longTitle": "Bill entitled An Act to provide for the making of medical treatment decisions in advance by competent persons with the intention of those decisions subsequently providing for the withholding of care at a time when the person loses competence to make treatment decisions; to amend the Powers of Attorney Act 1996 to allow for attorneys under that act to take healthcare treatment decisions; and to provide for connected matters", "billNo": "2", "uri": "/bill/2012/2", "status": "Withdrawn", "events": [{"event": {"progressStage": null, "showAs": "Withdrawn", "chamber": {"showAs": "D\u00e1il", "uri": "/house/dail"}, "dates": [{"date": "2012-07-19"}], "uri": "/bill/2012/2/dail/3_ord/withdrawn"}}], "method": "Introduction", "billType": "Public", "act": null, "_id": "bill.2012.2", "source": "Private Member", "billYear": "2012"}