{"shortTitle": "Employment Permits (Amendment) Bill 2012", "stages": [{"event": {"progressStage": 1, "showAs": "First Stage", "chamber": {"showAs": "Seanad", "uri": "/house/seanad"}, "dates": [{"date": "2012-11-20"}], "uri": "/bill/2012/101/seanad/1"}}, {"event": {"progressStage": 2, "showAs": "Second Stage", "chamber": {"showAs": "Seanad", "uri": "/house/seanad"}, "dates": [{"date": "2012-11-28"}], "uri": "/bill/2012/101/seanad/2"}}], "versions": [], "sponsors": [{"sponsor": {"by": {"showAs": "Leo Varadkar", "uri": "/member/Leo-Varadkar.D.2007-06-14"}, "as": {"showAs": null, "uri": null}}}, {"sponsor": {"by": {"showAs": "Leo Varadkar", "uri": "/member/Leo-Varadkar.D.2007-06-14"}, "as": {"showAs": null, "uri": null}}}, {"sponsor": {"by": {"showAs": "Leo Varadkar", "uri": "/member/Leo-Varadkar.D.2007-06-14"}, "as": {"showAs": null, "uri": null}}}], "originHouse": {"showAs": "Seanad \u00c9ireann", "uri": "/house/seanad"}, "amendmentLists": [], "longTitle": "Bill entitled An Act to protect non-national workers from exploitation by providing a due diligence defence for such workers and also to preclude employers from avoiding liability through reliance upon the illegality of a contract of employment and for that purpose to amend the Employment Permits Act 2003 and to provide for related matters", "billNo": "101", "uri": "/bill/2012/101", "status": "Withdrawn", "events": [{"event": {"progressStage": null, "showAs": "Withdrawn", "chamber": {"showAs": "Seanad", "uri": "/house/seanad"}, "dates": [{"date": "2014-11-26"}], "uri": "/bill/2012/101/seanad/2/withdrawn"}}], "method": "Introduction", "billType": "Public", "act": null, "_id": "bill.2012.101", "source": "Private Member", "billYear": "2012"}