{"shortTitle": "Thirty-second Amendment of the Constitution (D\u00e1il \u00c9ireann) Bill 2012", "stages": [{"event": {"progressStage": 1, "showAs": "First Stage", "chamber": {"showAs": "D\u00e1il", "uri": "/house/dail"}, "dates": [{"date": "2012-11-22"}], "uri": "/bill/2012/104/dail/1"}}], "versions": [], "sponsors": [{"sponsor": {"by": {"showAs": "Leo Varadkar", "uri": "/member/Leo-Varadkar.D.2007-06-14"}, "as": {"showAs": null, "uri": null}}}], "originHouse": {"showAs": "D\u00e1il \u00c9ireann", "uri": "/house/dail"}, "amendmentLists": [], "longTitle": "Bill entitled An Act to amend the Constitution", "billNo": "104", "uri": "/bill/2012/104", "status": "Lapsed", "events": [{"event": {"progressStage": null, "showAs": "Lapsed", "chamber": {"showAs": null, "uri": null}, "dates": [{"date": "2016-02-03"}], "uri": "/bill/2012/104/lapsed"}}], "method": "Introduction", "billType": "Public", "act": null, "_id": "bill.2012.104", "source": "Private Member", "billYear": "2012"}