{"shortTitle": "Public Health (Tobacco) (Amendment) Bill 2012", "stages": [{"event": {"progressStage": 1, "showAs": "First Stage", "chamber": {"showAs": "D\u00e1il", "uri": "/house/dail"}, "dates": [{"date": "2012-11-06"}], "uri": "/bill/2012/94/dail/1"}}], "versions": [], "sponsors": [{"sponsor": {"by": {"showAs": "Leo Varadkar", "uri": "/member/Leo-Varadkar.D.2007-06-14"}, "as": {"showAs": null, "uri": null}}}], "originHouse": {"showAs": "D\u00e1il \u00c9ireann", "uri": "/house/dail"}, "amendmentLists": [], "longTitle": "Bill entitled An Act to amend the Public Health (Tobacco) Act 2002 to regulate the retail packaging and appearance of tobacco products in order to improve public health and to discourage the use of tobacco products and for related purposes", "billNo": "94", "uri": "/bill/2012/94", "status": "Lapsed", "events": [{"event": {"progressStage": null, "showAs": "Lapsed", "chamber": {"showAs": null, "uri": null}, "dates": [{"date": "2016-02-03"}], "uri": "/bill/2012/94/lapsed"}}], "method": "Introduction", "billType": "Public", "act": null, "_id": "bill.2012.94", "source": "Private Member", "billYear": "2012"}