{"shortTitle": "Ministers and Secretaries (Amendment) Bill 2012", "stages": [{"event": {"progressStage": 1, "showAs": "First Stage", "chamber": {"showAs": "D\u00e1il", "uri": "/house/dail"}, "dates": [{"date": "2012-09-26"}], "uri": "/bill/2012/81/dail/1"}}, {"event": {"progressStage": 2, "showAs": "Second Stage", "chamber": {"showAs": "D\u00e1il", "uri": "/house/dail"}, "dates": [{"date": "2013-05-15"}, {"date": "2013-06-20"}], "uri": "/bill/2012/81/dail/2"}}, {"event": {"progressStage": 3, "showAs": "Third Stage", "chamber": {"showAs": "Seanad", "uri": "/house/seanad"}, "dates": [{"date": "2013-06-17"}], "uri": "/bill/2012/81/seanad/3"}}, {"event": {"progressStage": 4, "showAs": "Fourth Stage", "chamber": {"showAs": "Seanad", "uri": "/house/seanad"}, "dates": [{"date": "2013-06-17"}], "uri": "/bill/2012/81/seanad/4"}}, {"event": {"progressStage": 5, "showAs": "Fifth Stage", "chamber": {"showAs": "Seanad", "uri": "/house/seanad"}, "dates": [{"date": "2013-06-17"}], "uri": "/bill/2012/81/seanad/5"}}, {"event": {"progressStage": 6, "showAs": "Fourth Stage", "chamber": {"showAs": "D\u00e1il", "uri": "/house/dail"}, "dates": [{"date": "2013-07-03"}], "uri": "/bill/2012/81/dail/4"}}, {"event": {"progressStage": 7, "showAs": "Fifth Stage", "chamber": {"showAs": "D\u00e1il", "uri": "/house/dail"}, "dates": [{"date": "2013-07-03"}], "uri": "/bill/2012/81/dail/5"}}, {"event": {"progressStage": 9, "showAs": "Enacted", "chamber": null, "dates": [{"date": "2013-07-23"}], "uri": "/bill/2012/81/seanad/2"}}, {"event": {"progressStage": 9, "showAs": "Enacted", "chamber": null, "dates": [{"date": "2013-07-23"}], "uri": "/bill/2012/81/seanad/2"}}], "versions": [], "sponsors": [{"sponsor": {"by": {"showAs": "Brendan Howlin", "uri": "/member/Brendan-Howlin.S.1983-02-23"}, "as": {"showAs": "Minister for Public Expenditure and Reform", "uri": "/office/minister/public_expenditure__reform"}}}], "originHouse": {"showAs": "D\u00e1il \u00c9ireann", "uri": "/house/dail"}, "amendmentLists": [], "longTitle": "Bill entitled An Act make provision for medium-term expenditure management and for that purpose to make provision for Government expenditure ceilings and Ministerial expenditure ceilings, and to amend the Ministers and Secretaries (Amendment) Act 2011\u0000", "billNo": "81", "uri": "/bill/2012/81", "status": "Enacted", "events": [], "method": "Presentation", "billType": "Public", "act": {"shortTitle": "Ministers and Secretaries (Amendment) Act 2013", "actYear": "2013", "statuteBookURI": "http://www.irishstatutebook.ie/eli/2013/act/29", "actNo": "29", "dateSigned": "2013-07-23", "longTitle": "An Act make provision for medium-term expenditure management and for that purpose to make provision for Government expenditure ceilings and Ministerial expenditure ceilings, and to amend the Ministers and Secretaries (Amendment) Act 2011\u0000", "uri": "/act/2013/29"}, "_id": "bill.2012.81", "source": "Government", "billYear": "2012"}