{"shortTitle": "Misuse of Motor Vehicles (Public Spaces) Bill 2012", "stages": [{"event": {"progressStage": 1, "showAs": "First Stage", "chamber": {"showAs": "D\u00e1il", "uri": "/house/dail"}, "dates": [{"date": "2012-12-04"}], "uri": "/bill/2012/106/dail/1"}}, {"event": {"progressStage": 2, "showAs": "Second Stage", "chamber": {"showAs": "D\u00e1il", "uri": "/house/dail"}, "dates": [{"date": "2014-03-07"}], "uri": "/bill/2012/106/dail/2"}}], "versions": [], "sponsors": [{"sponsor": {"by": {"showAs": "Joan Burton", "uri": "/member/Joan-Burton.D.1992-12-14"}, "as": {"showAs": null, "uri": null}}}], "originHouse": {"showAs": "D\u00e1il \u00c9ireann", "uri": "/house/dail"}, "amendmentLists": [], "longTitle": "Bill entitled An Act to give powers to an Garda S\u00edoch\u00e1na to deal with the use of motor propelled vehicles in areas designated public spaces by local authorities\u0000", "billNo": "106", "uri": "/bill/2012/106", "status": "Rejected", "events": [{"event": {"progressStage": null, "showAs": "Second Stage", "chamber": {"showAs": "D\u00e1il", "uri": "/house/dail"}, "dates": [{"date": "2014-03-11"}], "uri": "/bill/2012/106/dail/2/rejected"}}], "method": "Introduction", "billType": "Public", "act": null, "_id": "bill.2012.106", "source": "Private Member", "billYear": "2012"}