{"shortTitle": "Prohibition on use by Children of Sunbeds and Tanning Devices Bill 2012", "stages": [{"event": {"progressStage": 1, "showAs": "First Stage", "chamber": {"showAs": "D\u00e1il", "uri": "/house/dail"}, "dates": [{"date": "2012-06-06"}], "uri": "/bill/2012/52/dail/1"}}], "versions": [], "sponsors": [{"sponsor": {"by": {"showAs": "Alan Shatter", "uri": "/member/Alan-Shatter.D.1981-06-30"}, "as": {"showAs": null, "uri": null}}}], "originHouse": {"showAs": "D\u00e1il \u00c9ireann", "uri": "/house/dail"}, "amendmentLists": [], "longTitle": "Bill entitled An Act to prohibit the use of sunbeds or tanning devices by or on children under the age of 18 years and related matters\u0000", "billNo": "52", "uri": "/bill/2012/52", "status": "Lapsed", "events": [{"event": {"progressStage": null, "showAs": "Lapsed", "chamber": {"showAs": null, "uri": null}, "dates": [{"date": "2016-02-03"}], "uri": "/bill/2012/52/lapsed"}}], "method": "Introduction", "billType": "Public", "act": null, "_id": "bill.2012.52", "source": "Private Member", "billYear": "2012"}