{"shortTitle": "Planning and Development (Taking in Charge of Estates) Bill 2012", "stages": [{"event": {"progressStage": 1, "showAs": "First Stage", "chamber": {"showAs": "D\u00e1il", "uri": "/house/dail"}, "dates": [{"date": "2012-05-17"}], "uri": "/bill/2012/41/dail/1"}}], "versions": [], "sponsors": [{"sponsor": {"by": {"showAs": "Phil Hogan", "uri": "/member/Phil-Hogan.S.1987-04-25"}, "as": {"showAs": null, "uri": null}}}], "originHouse": {"showAs": "D\u00e1il \u00c9ireann", "uri": "/house/dail"}, "amendmentLists": [], "longTitle": "Bill entitled An Act to amend the Planning and Development Act 2000 and the Multi-Unit Developments Act 2011 and to provide for related matters", "billNo": "41", "uri": "/bill/2012/41", "status": "Lapsed", "events": [{"event": {"progressStage": null, "showAs": "Lapsed", "chamber": {"showAs": null, "uri": null}, "dates": [{"date": "2016-02-03"}], "uri": "/bill/2012/41/lapsed"}}], "method": "Introduction", "billType": "Public", "act": null, "_id": "bill.2012.41", "source": "Private Member", "billYear": "2012"}