{"shortTitle": "Housing Bill 2012", "stages": [{"event": {"progressStage": 1, "showAs": "First Stage", "chamber": {"showAs": "D\u00e1il", "uri": "/house/dail"}, "dates": [{"date": "2012-05-02"}], "uri": "/bill/2012/35/dail/1"}}], "versions": [], "sponsors": [{"sponsor": {"by": {"showAs": "Alan Shatter", "uri": "/member/Alan-Shatter.D.1981-06-30"}, "as": {"showAs": null, "uri": null}}}], "originHouse": {"showAs": "D\u00e1il \u00c9ireann", "uri": "/house/dail"}, "amendmentLists": [], "longTitle": "Bill entitled An Act to allow for local authority tenants who have vacated their local authority house for reasons of personal safety to remain on the local authority housing waiting list", "billNo": "35", "uri": "/bill/2012/35", "status": "Lapsed", "events": [{"event": {"progressStage": null, "showAs": "Lapsed", "chamber": {"showAs": null, "uri": null}, "dates": [{"date": "2016-02-03"}], "uri": "/bill/2012/35/lapsed"}}], "method": "Introduction", "billType": "Public", "act": null, "_id": "bill.2012.35", "source": "Private Member", "billYear": "2012"}