{"shortTitle": "Scrap and Precious Metal Dealers Bill 2011", "stages": [{"event": {"progressStage": 1, "showAs": "First Stage", "chamber": {"showAs": "D\u00e1il", "uri": "/house/dail"}, "dates": [{"date": "2011-11-02"}], "uri": "/bill/2011/64/dail/1"}}, {"event": {"progressStage": 2, "showAs": "Second Stage", "chamber": {"showAs": "D\u00e1il", "uri": "/house/dail"}, "dates": [{"date": "2012-03-02"}, {"date": "2012-03-06"}], "uri": "/bill/2011/64/dail/2"}}], "versions": [], "sponsors": [{"sponsor": {"by": {"showAs": "Phil Hogan", "uri": "/member/Phil-Hogan.S.1987-04-25"}, "as": {"showAs": null, "uri": null}}}], "originHouse": {"showAs": "D\u00e1il \u00c9ireann", "uri": "/house/dail"}, "amendmentLists": [], "longTitle": "Bill entitled An Act to amend the law as it relates to the purchasing, selling, trading, consignment selling, or otherwise transferring for value, more than three times per year, second-hand property that is a precious or scrap metal", "billNo": "64", "uri": "/bill/2011/64", "status": "Rejected", "events": [{"event": {"progressStage": null, "showAs": "Second Stage", "chamber": {"showAs": "D\u00e1il", "uri": "/house/dail"}, "dates": [{"date": "2012-03-06"}], "uri": "/bill/2011/64/dail/2/rejected"}}], "method": "Introduction", "billType": "Public", "act": null, "_id": "bill.2011.64", "source": "Private Member", "billYear": "2011"}