{"shortTitle": "Fiscal Responsibility Bill 2012", "stages": [{"event": {"progressStage": 1, "showAs": "First Stage", "chamber": {"showAs": "D\u00e1il", "uri": "/house/dail"}, "dates": [{"date": "2012-07-16"}], "uri": "/bill/2012/66/dail/1"}}, {"event": {"progressStage": 2, "showAs": "Second Stage", "chamber": {"showAs": "D\u00e1il", "uri": "/house/dail"}, "dates": [{"date": "2012-10-09"}, {"date": "2012-10-10"}, {"date": "2012-10-11"}], "uri": "/bill/2012/66/dail/2"}}, {"event": {"progressStage": 3, "showAs": "Fourth Stage", "chamber": {"showAs": "D\u00e1il", "uri": "/house/dail"}, "dates": [{"date": "2012-11-06"}, {"date": "2012-11-13"}], "uri": "/bill/2012/66/dail/4"}}, {"event": {"progressStage": 4, "showAs": "Fifth Stage", "chamber": {"showAs": "D\u00e1il", "uri": "/house/dail"}, "dates": [{"date": "2012-11-13"}], "uri": "/bill/2012/66/dail/5"}}, {"event": {"progressStage": 5, "showAs": "Second Stage", "chamber": {"showAs": "Seanad", "uri": "/house/seanad"}, "dates": [{"date": "2012-11-14"}], "uri": "/bill/2012/66/seanad/2"}}, {"event": {"progressStage": 6, "showAs": "Third Stage", "chamber": {"showAs": "Seanad", "uri": "/house/seanad"}, "dates": [{"date": "2012-11-20"}], "uri": "/bill/2012/66/seanad/3"}}, {"event": {"progressStage": 7, "showAs": "Fourth Stage", "chamber": {"showAs": "Seanad", "uri": "/house/seanad"}, "dates": [{"date": "2012-11-20"}], "uri": "/bill/2012/66/seanad/4"}}, {"event": {"progressStage": 9, "showAs": "Enacted", "chamber": null, "dates": [{"date": "2012-11-27"}], "uri": "/bill/2012/66/seanad/5"}}, {"event": {"progressStage": 9, "showAs": "Enacted", "chamber": null, "dates": [{"date": "2012-11-27"}], "uri": "/bill/2012/66/seanad/5"}}], "versions": [], "sponsors": [{"sponsor": {"by": {"showAs": "Michael Noonan", "uri": "/member/Michael-Noonan.D.1981-06-30"}, "as": {"showAs": "Minister for Finance", "uri": "/office/minister/finance"}}}], "originHouse": {"showAs": "D\u00e1il \u00c9ireann", "uri": "/house/dail"}, "amendmentLists": [], "longTitle": "Bill entitled An Act to make provision for securing that the rules in Article 3 of the Treaty on Stability, Coordination and Governance in the Economic and Monetary Union take effect in the law of the State in accordance with paragraph 2 of that Article and that the rule in Article 4 of that Treaty takes effect in the State; to make provision in accordance with Article 3 of that Treaty in relation to a medium-term budgetary objective and a correction mechanism; to establish a body to be known as Comhairle Chomhairleach Bhuis\u00e9adach na h\u00c9ireann or, in the English language, the Irish Fiscal Advisory Council and provide for its functions; and to provide for related matters", "billNo": "66", "uri": "/bill/2012/66", "status": "Enacted", "events": [], "method": "Presentation", "billType": "Public", "act": {"shortTitle": "Fiscal Responsibility Act 2012", "actYear": "2012", "statuteBookURI": "http://www.irishstatutebook.ie/eli/2012/act/39", "actNo": "39", "dateSigned": "2012-11-27", "longTitle": "An Act to make provision for securing that the rules in Article 3 of the Treaty on Stability, Coordination and Governance in the Economic and Monetary Union take effect in the law of the State in accordance with paragraph 2 of that Article and that the rule in Article 4 of that Treaty takes effect in the State; to make provision in accordance with Article 3 of that Treaty in relation to a medium-term budgetary objective and a correction mechanism; to establish a body to be known as Comhairle Chomhairleach Bhuis\u00e9adach na h\u00c9ireann or, in the English language, the Irish Fiscal Advisory Council and provide for its functions; and to provide for related matters", "uri": "/act/2012/39"}, "_id": "bill.2012.66", "source": "Government", "billYear": "2012"}