{"shortTitle": "Dormant Accounts (Amendment) Bill 2011", "stages": [{"event": {"progressStage": 1, "showAs": "First Stage", "chamber": {"showAs": "Seanad", "uri": "/house/seanad"}, "dates": [{"date": "2011-09-05"}], "uri": "/bill/2011/46/seanad/1"}}, {"event": {"progressStage": 2, "showAs": "Second Stage", "chamber": {"showAs": "Seanad", "uri": "/house/seanad"}, "dates": [{"date": "2011-10-12"}], "uri": "/bill/2011/46/seanad/2"}}, {"event": {"progressStage": 3, "showAs": "Third Stage", "chamber": {"showAs": "Seanad", "uri": "/house/seanad"}, "dates": [{"date": "2011-10-20"}], "uri": "/bill/2011/46/seanad/3"}}, {"event": {"progressStage": 4, "showAs": "Fourth Stage", "chamber": {"showAs": "Seanad", "uri": "/house/seanad"}, "dates": [{"date": "2011-10-20"}], "uri": "/bill/2011/46/seanad/4"}}, {"event": {"progressStage": 5, "showAs": "Fifth Stage", "chamber": {"showAs": "Seanad", "uri": "/house/seanad"}, "dates": [{"date": "2011-10-20"}], "uri": "/bill/2011/46/seanad/5"}}, {"event": {"progressStage": 6, "showAs": "Second Stage", "chamber": {"showAs": "D\u00e1il", "uri": "/house/dail"}, "dates": [{"date": "2011-11-15"}, {"date": "2012-02-28"}, {"date": "2012-05-03"}], "uri": "/bill/2011/46/dail/2"}}, {"event": {"progressStage": 7, "showAs": "Fourth Stage", "chamber": {"showAs": "D\u00e1il", "uri": "/house/dail"}, "dates": [{"date": "2012-07-05"}], "uri": "/bill/2011/46/dail/4"}}, {"event": {"progressStage": 9, "showAs": "Enacted", "chamber": null, "dates": [{"date": "2012-07-11"}], "uri": "/bill/2011/46/dail/5"}}, {"event": {"progressStage": 9, "showAs": "Enacted", "chamber": null, "dates": [{"date": "2012-07-11"}], "uri": "/bill/2011/46/dail/5"}}], "versions": [], "sponsors": [{"sponsor": {"by": {"showAs": "Phil Hogan", "uri": "/member/Phil-Hogan.S.1987-04-25"}, "as": {"showAs": "Minister for the Environment, Community and Local Government", "uri": "/office/minister/environment__community__local_government"}}}], "originHouse": {"showAs": "Seanad \u00c9ireann", "uri": "/house/seanad"}, "amendmentLists": [], "longTitle": "Bill entitled An Act to amend the Dormant Accounts Acts 2001 to 2005, to provide for the exercise by the Minister for the Environment, Community and Local Government of certain functions relating to the Dormant Accounts Fund and the dissolution of the Dormant Accounts Board and to provide for related matters\u0000", "billNo": "46", "uri": "/bill/2011/46", "status": "Enacted", "events": [], "method": "Presentation", "billType": "Public", "act": {"shortTitle": "Dormant Accounts (Amendment) Act 2012", "actYear": "2012", "statuteBookURI": "http://www.irishstatutebook.ie/eli/2012/act/23", "actNo": "23", "dateSigned": "2012-07-11", "longTitle": "An Act to amend the Dormant Accounts Acts 2001 to 2005, to provide for the exercise by the Minister for the Environment, Community and Local Government of certain functions relating to the Dormant Accounts Fund and the dissolution of the Dormant Accounts Board and to provide for related matters\u0000", "uri": "/act/2012/23"}, "_id": "bill.2011.46", "source": "Government", "billYear": "2011"}