{"shortTitle": "Construction Contracts Bill 2010", "stages": [{"event": {"progressStage": 1, "showAs": "First Stage", "chamber": {"showAs": "Seanad", "uri": "/house/seanad"}, "dates": [{"date": "2010-05-12"}], "uri": "/bill/2010/21/seanad/1"}}, {"event": {"progressStage": 2, "showAs": "Second Stage", "chamber": {"showAs": "Seanad", "uri": "/house/seanad"}, "dates": [{"date": "2010-05-19"}], "uri": "/bill/2010/21/seanad/2"}}, {"event": {"progressStage": 3, "showAs": "Third Stage", "chamber": {"showAs": "Seanad", "uri": "/house/seanad"}, "dates": [{"date": "2011-03-08"}], "uri": "/bill/2010/21/seanad/3"}}, {"event": {"progressStage": 4, "showAs": "Fourth Stage", "chamber": {"showAs": "Seanad", "uri": "/house/seanad"}, "dates": [{"date": "2011-03-08"}], "uri": "/bill/2010/21/seanad/4"}}, {"event": {"progressStage": 5, "showAs": "Fifth Stage", "chamber": {"showAs": "Seanad", "uri": "/house/seanad"}, "dates": [{"date": "2011-03-08"}], "uri": "/bill/2010/21/seanad/5"}}, {"event": {"progressStage": 6, "showAs": "Second Stage", "chamber": {"showAs": "D\u00e1il", "uri": "/house/dail"}, "dates": [{"date": "2012-05-03"}, {"date": "2012-05-10"}, {"date": "2012-06-19"}, {"date": "2012-06-20"}], "uri": "/bill/2010/21/dail/2"}}, {"event": {"progressStage": 7, "showAs": "Fourth Stage", "chamber": {"showAs": "D\u00e1il", "uri": "/house/dail"}, "dates": [{"date": "2013-07-16"}], "uri": "/bill/2010/21/dail/4"}}, {"event": {"progressStage": 9, "showAs": "Enacted", "chamber": null, "dates": [{"date": "2013-07-29"}], "uri": "/bill/2010/21/dail/5"}}, {"event": {"progressStage": 9, "showAs": "Enacted", "chamber": null, "dates": [{"date": "2013-07-29"}], "uri": "/bill/2010/21/dail/5"}}], "versions": [], "sponsors": [{"sponsor": {"by": {"showAs": "Dermot Ahern", "uri": "/member/Dermot-Ahern.D.1987-03-10"}, "as": {"showAs": null, "uri": null}}}], "originHouse": {"showAs": "Seanad \u00c9ireann", "uri": "/house/seanad"}, "amendmentLists": [], "longTitle": "Bill entitled An Act to regulate payments under construction contracts and to provide for related matters\u0000", "billNo": "21", "uri": "/bill/2010/21", "status": "Enacted", "events": [], "method": "Presentation", "billType": "Public", "act": {"shortTitle": "Construction Contracts Act 2013", "actYear": "2013", "statuteBookURI": "http://www.irishstatutebook.ie/eli/2013/act/34", "actNo": "34", "dateSigned": "2013-07-29", "longTitle": "An Act to regulate payments under construction contracts and to provide for related matters\u0000", "uri": "/act/2013/34"}, "_id": "bill.2010.21", "source": "Private Member", "billYear": "2010"}