{"shortTitle": "Civil Registration (Amendment) Bill 2011", "stages": [{"event": {"progressStage": 1, "showAs": "First Stage", "chamber": {"showAs": "Seanad", "uri": "/house/seanad"}, "dates": [{"date": "2011-11-03"}], "uri": "/bill/2011/65/seanad/1"}}, {"event": {"progressStage": 2, "showAs": "Second Stage", "chamber": {"showAs": "Seanad", "uri": "/house/seanad"}, "dates": [{"date": "2011-11-10"}], "uri": "/bill/2011/65/seanad/2"}}, {"event": {"progressStage": 3, "showAs": "Third Stage", "chamber": {"showAs": "Seanad", "uri": "/house/seanad"}, "dates": [{"date": "2012-05-02"}], "uri": "/bill/2011/65/seanad/3"}}, {"event": {"progressStage": 4, "showAs": "Fourth Stage", "chamber": {"showAs": "Seanad", "uri": "/house/seanad"}, "dates": [{"date": "2012-05-02"}], "uri": "/bill/2011/65/seanad/4"}}, {"event": {"progressStage": 5, "showAs": "Fifth Stage", "chamber": {"showAs": "Seanad", "uri": "/house/seanad"}, "dates": [{"date": "2012-05-02"}], "uri": "/bill/2011/65/seanad/5"}}], "versions": [], "sponsors": [{"sponsor": {"by": {"showAs": "Phil Hogan", "uri": "/member/Phil-Hogan.S.1987-04-25"}, "as": {"showAs": null, "uri": null}}}], "originHouse": {"showAs": "Seanad \u00c9ireann", "uri": "/house/seanad"}, "amendmentLists": [], "longTitle": "Bill entitled An Act to enable the Minister for Social Protection to designate bodies which may apply for the registration of members to solemnise marriages", "billNo": "65", "uri": "/bill/2011/65", "status": "Withdrawn", "events": [{"event": {"progressStage": null, "showAs": "Withdrawn", "chamber": {"showAs": "D\u00e1il", "uri": "/house/dail"}, "dates": [{"date": "2012-12-12"}], "uri": "/bill/2011/65/dail/2/withdrawn"}}], "method": "Presentation", "billType": "Public", "act": null, "_id": "bill.2011.65", "source": "Private Member", "billYear": "2011"}