{"shortTitle": "Criminal Justice (Search Warrants) Bill 2012", "stages": [{"event": {"progressStage": 1, "showAs": "First Stage", "chamber": {"showAs": "Seanad", "uri": "/house/seanad"}, "dates": [{"date": "2012-06-06"}], "uri": "/bill/2012/47/seanad/1"}}, {"event": {"progressStage": 2, "showAs": "Second Stage", "chamber": {"showAs": "Seanad", "uri": "/house/seanad"}, "dates": [{"date": "2012-06-19"}], "uri": "/bill/2012/47/seanad/2"}}, {"event": {"progressStage": 3, "showAs": "Third Stage", "chamber": {"showAs": "Seanad", "uri": "/house/seanad"}, "dates": [{"date": "2012-06-21"}], "uri": "/bill/2012/47/seanad/3"}}, {"event": {"progressStage": 4, "showAs": "Fourth Stage", "chamber": {"showAs": "Seanad", "uri": "/house/seanad"}, "dates": [{"date": "2012-06-21"}], "uri": "/bill/2012/47/seanad/4"}}, {"event": {"progressStage": 5, "showAs": "Fifth Stage", "chamber": {"showAs": "Seanad", "uri": "/house/seanad"}, "dates": [{"date": "2012-06-21"}], "uri": "/bill/2012/47/seanad/5"}}, {"event": {"progressStage": 6, "showAs": "Second Stage", "chamber": {"showAs": "D\u00e1il", "uri": "/house/dail"}, "dates": [{"date": "2012-07-03"}, {"date": "2012-07-04"}], "uri": "/bill/2012/47/dail/2"}}, {"event": {"progressStage": 7, "showAs": "Fourth Stage", "chamber": {"showAs": "D\u00e1il", "uri": "/house/dail"}, "dates": [{"date": "2012-07-18"}], "uri": "/bill/2012/47/dail/4"}}, {"event": {"progressStage": 9, "showAs": "Enacted", "chamber": null, "dates": [{"date": "2012-07-24"}], "uri": "/bill/2012/47/dail/5"}}, {"event": {"progressStage": 9, "showAs": "Enacted", "chamber": null, "dates": [{"date": "2012-07-24"}], "uri": "/bill/2012/47/dail/5"}}], "versions": [], "sponsors": [{"sponsor": {"by": {"showAs": "Alan Shatter", "uri": "/member/Alan-Shatter.D.1981-06-30"}, "as": {"showAs": "Minister for Justice and Equality", "uri": "/office/minister/justice__equality"}}}], "originHouse": {"showAs": "Seanad \u00c9ireann", "uri": "/house/seanad"}, "amendmentLists": [], "longTitle": "Bill entitled An Act to amend the provisions of the Offences against the State Act 1939, the Misuse of Drugs Act 1977 and the Criminal Justice (Drug Trafficking) Act 1996 relating to the issue of search warrants; and to provide for related matters", "billNo": "47", "uri": "/bill/2012/47", "status": "Enacted", "events": [], "method": "Presentation", "billType": "Public", "act": {"shortTitle": "Criminal Justice (Search Warrants) Act 2012", "actYear": "2012", "statuteBookURI": "http://www.irishstatutebook.ie/eli/2012/act/33", "actNo": "33", "dateSigned": "2012-07-24", "longTitle": "An Act to amend the provisions of the Offences against the State Act 1939, the Misuse of Drugs Act 1977 and the Criminal Justice (Drug Trafficking) Act 1996 relating to the issue of search warrants; and to provide for related matters", "uri": "/act/2012/33"}, "_id": "bill.2012.47", "source": "Government", "billYear": "2012"}