{"shortTitle": "Companies Bill 2012", "stages": [{"event": {"progressStage": 1, "showAs": "First Stage", "chamber": {"showAs": "D\u00e1il", "uri": "/house/dail"}, "dates": [{"date": "2012-12-13"}], "uri": "/bill/2012/116/dail/1"}}, {"event": {"progressStage": 2, "showAs": "Second Stage", "chamber": {"showAs": "D\u00e1il", "uri": "/house/dail"}, "dates": [{"date": "2013-04-23"}, {"date": "2013-04-25"}], "uri": "/bill/2012/116/dail/2"}}, {"event": {"progressStage": 3, "showAs": "Fourth Stage", "chamber": {"showAs": "D\u00e1il", "uri": "/house/dail"}, "dates": [{"date": "2014-03-25"}], "uri": "/bill/2012/116/dail/4"}}, {"event": {"progressStage": 4, "showAs": "Fifth Stage", "chamber": {"showAs": "D\u00e1il", "uri": "/house/dail"}, "dates": [{"date": "2014-04-02"}, {"date": "2014-12-10"}], "uri": "/bill/2012/116/dail/5"}}, {"event": {"progressStage": 5, "showAs": "Second Stage", "chamber": {"showAs": "Seanad", "uri": "/house/seanad"}, "dates": [{"date": "2014-06-10"}], "uri": "/bill/2012/116/seanad/2"}}, {"event": {"progressStage": 6, "showAs": "Third Stage", "chamber": {"showAs": "Seanad", "uri": "/house/seanad"}, "dates": [{"date": "2014-06-17"}], "uri": "/bill/2012/116/seanad/3"}}, {"event": {"progressStage": 7, "showAs": "Fourth Stage", "chamber": {"showAs": "Seanad", "uri": "/house/seanad"}, "dates": [{"date": "2014-09-30"}], "uri": "/bill/2012/116/seanad/4"}}, {"event": {"progressStage": 9, "showAs": "Enacted", "chamber": null, "dates": [{"date": "2014-12-23"}], "uri": "/bill/2012/116/seanad/5"}}, {"event": {"progressStage": 9, "showAs": "Enacted", "chamber": null, "dates": [{"date": "2014-12-23"}], "uri": "/bill/2012/116/seanad/5"}}], "versions": [], "sponsors": [{"sponsor": {"by": {"showAs": "Richard Bruton", "uri": "/member/Richard-Bruton.S.1981-10-08"}, "as": {"showAs": "Minister for Jobs, Enterprise and Innovation", "uri": "/office/minister/jobs__enterprise__innovation"}}}], "originHouse": {"showAs": "D\u00e1il \u00c9ireann", "uri": "/house/dail"}, "amendmentLists": [], "longTitle": "Bill entitled An Act to consolidate, with amendments, certain enactments relating to companies and to provide for related matters\u0000", "billNo": "116", "uri": "/bill/2012/116", "status": "Enacted", "events": [], "method": "Presentation", "billType": "Public", "act": {"shortTitle": "Companies Act 2014", "actYear": "2014", "statuteBookURI": "http://www.irishstatutebook.ie/eli/2014/act/38", "actNo": "38", "dateSigned": "2014-12-23", "longTitle": "An Act to consolidate, with amendments, certain enactments relating to companies and to provide for related matters\u0000", "uri": "/act/2014/38"}, "_id": "bill.2012.116", "source": "Government", "billYear": "2012"}