{"shortTitle": "Ombudsman (Amendment) Bill 2008", "stages": [{"event": {"progressStage": 1, "showAs": "First Stage", "chamber": {"showAs": "D\u00e1il", "uri": "/house/dail"}, "dates": [{"date": "2008-07-07"}], "uri": "/bill/2008/40/dail/1"}}, {"event": {"progressStage": 2, "showAs": "Second Stage", "chamber": {"showAs": "D\u00e1il", "uri": "/house/dail"}, "dates": [{"date": "2008-12-02"}], "uri": "/bill/2008/40/dail/2"}}, {"event": {"progressStage": 3, "showAs": "Third Stage", "chamber": {"showAs": "D\u00e1il", "uri": "/house/dail"}, "dates": [{"date": "2009-03-25"}], "uri": "/bill/2008/40/dail/3"}}, {"event": {"progressStage": 4, "showAs": "Fourth Stage", "chamber": {"showAs": "D\u00e1il", "uri": "/house/dail"}, "dates": [{"date": "2010-06-22"}], "uri": "/bill/2008/40/dail/4"}}, {"event": {"progressStage": 5, "showAs": "Fifth Stage", "chamber": {"showAs": "D\u00e1il", "uri": "/house/dail"}, "dates": [{"date": "2010-06-22"}], "uri": "/bill/2008/40/dail/5"}}, {"event": {"progressStage": 6, "showAs": "Third Stage", "chamber": {"showAs": "Seanad", "uri": "/house/seanad"}, "dates": [{"date": "2012-10-04"}, {"date": "2012-10-17"}], "uri": "/bill/2008/40/seanad/3"}}, {"event": {"progressStage": 7, "showAs": "Fourth Stage", "chamber": {"showAs": "Seanad", "uri": "/house/seanad"}, "dates": [{"date": "2012-10-17"}], "uri": "/bill/2008/40/seanad/4"}}, {"event": {"progressStage": 9, "showAs": "Enacted", "chamber": null, "dates": [{"date": "2012-10-31"}], "uri": "/bill/2008/40/seanad/5"}}, {"event": {"progressStage": 9, "showAs": "Enacted", "chamber": null, "dates": [{"date": "2012-10-31"}], "uri": "/bill/2008/40/seanad/5"}}], "versions": [], "sponsors": [{"sponsor": {"by": {"showAs": "Brian Lenihan", "uri": "/member/Brian-Lenihan.D.1996-04-02"}, "as": {"showAs": "Minister for Finance", "uri": "/office/minister/finance"}}}], "originHouse": {"showAs": "D\u00e1il \u00c9ireann", "uri": "/house/dail"}, "amendmentLists": [], "longTitle": null, "billNo": "40", "uri": "/bill/2008/40", "status": "Enacted", "events": [{"event": {"progressStage": null, "showAs": "Lapsed", "chamber": {"showAs": null, "uri": null}, "dates": [{"date": "2011-04-25"}], "uri": "/bill/2008/40/lapsed"}}, {"event": {"progressStage": null, "showAs": "Restored to the Order Paper", "chamber": {"showAs": null, "uri": null}, "dates": [{"date": "2011-06-01"}], "uri": "/bill/2008/40/restored"}}], "method": "Presentation", "billType": "Public", "act": {"shortTitle": "Ombudsman (Amendment) Act 2012", "actYear": "2012", "statuteBookURI": "http://www.irishstatutebook.ie/eli/2012/act/38", "actNo": "38", "dateSigned": "2012-10-31", "longTitle": null, "uri": "/act/2012/38"}, "_id": "bill.2008.40", "source": "Government", "billYear": "2008"}