{"shortTitle": "National Vetting Bureau (Children and Vulnerable Persons) Bill 2012", "stages": [{"event": {"progressStage": 1, "showAs": "First Stage", "chamber": {"showAs": "D\u00e1il", "uri": "/house/dail"}, "dates": [{"date": "2012-07-18"}], "uri": "/bill/2012/71/dail/1"}}, {"event": {"progressStage": 2, "showAs": "Second Stage", "chamber": {"showAs": "D\u00e1il", "uri": "/house/dail"}, "dates": [{"date": "2012-09-18"}, {"date": "2012-09-19"}, {"date": "2012-09-20"}], "uri": "/bill/2012/71/dail/2"}}, {"event": {"progressStage": 3, "showAs": "Fourth Stage", "chamber": {"showAs": "D\u00e1il", "uri": "/house/dail"}, "dates": [{"date": "2012-11-20"}, {"date": "2012-12-19"}], "uri": "/bill/2012/71/dail/4"}}, {"event": {"progressStage": 4, "showAs": "Fifth Stage", "chamber": {"showAs": "D\u00e1il", "uri": "/house/dail"}, "dates": [{"date": "2012-11-20"}], "uri": "/bill/2012/71/dail/5"}}, {"event": {"progressStage": 5, "showAs": "Second Stage", "chamber": {"showAs": "Seanad", "uri": "/house/seanad"}, "dates": [{"date": "2012-11-27"}], "uri": "/bill/2012/71/seanad/2"}}, {"event": {"progressStage": 6, "showAs": "Third Stage", "chamber": {"showAs": "Seanad", "uri": "/house/seanad"}, "dates": [{"date": "2012-12-12"}], "uri": "/bill/2012/71/seanad/3"}}, {"event": {"progressStage": 7, "showAs": "Fourth Stage", "chamber": {"showAs": "Seanad", "uri": "/house/seanad"}, "dates": [{"date": "2012-12-12"}], "uri": "/bill/2012/71/seanad/4"}}, {"event": {"progressStage": 9, "showAs": "Enacted", "chamber": null, "dates": [{"date": "2012-12-26"}], "uri": "/bill/2012/71/seanad/5"}}, {"event": {"progressStage": 9, "showAs": "Enacted", "chamber": null, "dates": [{"date": "2012-12-26"}], "uri": "/bill/2012/71/seanad/5"}}], "versions": [], "sponsors": [{"sponsor": {"by": {"showAs": "Alan Shatter", "uri": "/member/Alan-Shatter.D.1981-06-30"}, "as": {"showAs": "Minister for Justice and Equality", "uri": "/office/minister/justice__equality"}}}], "originHouse": {"showAs": "D\u00e1il \u00c9ireann", "uri": "/house/dail"}, "amendmentLists": [], "longTitle": "Bill entitled An Act to make provision for the protection of children and vulnerable persons and, for that purpose, to provide for the establishment and maintenance of a National Vetting Bureau (Children and Vulnerable Persons) Database System; to provide for the establishment of procedures that are to apply in respect of persons who wish to undertake certain work or activities relating to children or vulnerable persons or to provide certain services to children or vulnerable persons; to amend the Garda S\u00edoch\u00e1na Act 2005; to provide for the change of name of the Garda Central Vetting Unit to the National Vetting Bureau; and to provide for related matters\u0000", "billNo": "71", "uri": "/bill/2012/71", "status": "Enacted", "events": [], "method": "Presentation", "billType": "Public", "act": {"shortTitle": "National Vetting Bureau (Children and Vulnerable Persons) Act 2012", "actYear": "2012", "statuteBookURI": "http://www.irishstatutebook.ie/eli/2012/act/47", "actNo": "47", "dateSigned": "2012-12-26", "longTitle": "An Act to make provision for the protection of children and vulnerable persons and, for that purpose, to provide for the establishment and maintenance of a National Vetting Bureau (Children and Vulnerable Persons) Database System; to provide for the establishment of procedures that are to apply in respect of persons who wish to undertake certain work or activities relating to children or vulnerable persons or to provide certain services to children or vulnerable persons; to amend the Garda S\u00edoch\u00e1na Act 2005; to provide for the change of name of the Garda Central Vetting Unit to the National Vetting Bureau; and to provide for related matters\u0000", "uri": "/act/2012/47"}, "_id": "bill.2012.71", "source": "Government", "billYear": "2012"}