{"shortTitle": "Thirty-First Amendment of the Constitution (Economic, Social and Cultural Rights) Bill 2012", "stages": [{"event": {"progressStage": 1, "showAs": "First Stage", "chamber": {"showAs": "D\u00e1il", "uri": "/house/dail"}, "dates": [{"date": "2012-07-19"}], "uri": "/bill/2012/70/dail/1"}}], "versions": [], "sponsors": [{"sponsor": {"by": {"showAs": "Alan Shatter", "uri": "/member/Alan-Shatter.D.1981-06-30"}, "as": {"showAs": null, "uri": null}}}], "originHouse": {"showAs": "D\u00e1il \u00c9ireann", "uri": "/house/dail"}, "amendmentLists": [], "longTitle": "Bill entitled An Act to amend the Constitution", "billNo": "70", "uri": "/bill/2012/70", "status": "Lapsed", "events": [{"event": {"progressStage": null, "showAs": "Lapsed", "chamber": {"showAs": null, "uri": null}, "dates": [{"date": "2016-02-03"}], "uri": "/bill/2012/70/lapsed"}}], "method": "Introduction", "billType": "Public", "act": null, "_id": "bill.2012.70", "source": "Private Member", "billYear": "2012"}