{"shortTitle": "Medical Practitioners (Amendment) Bill 2012", "stages": [{"event": {"progressStage": 1, "showAs": "First Stage", "chamber": {"showAs": "Seanad", "uri": "/house/seanad"}, "dates": [{"date": "2012-12-19"}], "uri": "/bill/2012/119/seanad/1"}}, {"event": {"progressStage": 2, "showAs": "Second Stage", "chamber": {"showAs": "Seanad", "uri": "/house/seanad"}, "dates": [{"date": "2013-02-20"}], "uri": "/bill/2012/119/seanad/2"}}], "versions": [], "sponsors": [{"sponsor": {"by": {"showAs": "Alan Shatter", "uri": "/member/Alan-Shatter.D.1981-06-30"}, "as": {"showAs": null, "uri": null}}}], "originHouse": {"showAs": "Seanad \u00c9ireann", "uri": "/house/seanad"}, "amendmentLists": [], "longTitle": "Bill entitled An Act to provide for mandatory professional indemnity cover for certain medical practitioners; to confer additional functions on the Medical Council; and for that purpose to amend and extend the Medical Practitioners Act 2007 and to provide for related matters", "billNo": "119", "uri": "/bill/2012/119", "status": "Lapsed", "events": [{"event": {"progressStage": null, "showAs": "Lapsed", "chamber": {"showAs": null, "uri": null}, "dates": [{"date": "2016-02-03"}], "uri": "/bill/2012/119/lapsed"}}], "method": "Presentation", "billType": "Public", "act": null, "_id": "bill.2012.119", "source": "Private Member", "billYear": "2012"}