{"shortTitle": "Transport (C\u00f3ras Iompair \u00c9ireann and Subsidiary Companies Borrowings) Bill 2012", "stages": [{"event": {"progressStage": 1, "showAs": "First Stage", "chamber": {"showAs": "Seanad", "uri": "/house/seanad"}, "dates": [{"date": "2012-10-24"}], "uri": "/bill/2012/93/seanad/1"}}, {"event": {"progressStage": 2, "showAs": "Second Stage", "chamber": {"showAs": "Seanad", "uri": "/house/seanad"}, "dates": [{"date": "2012-11-21"}], "uri": "/bill/2012/93/seanad/2"}}, {"event": {"progressStage": 3, "showAs": "Third Stage", "chamber": {"showAs": "Seanad", "uri": "/house/seanad"}, "dates": [{"date": "2012-11-28"}], "uri": "/bill/2012/93/seanad/3"}}, {"event": {"progressStage": 4, "showAs": "Fourth Stage", "chamber": {"showAs": "Seanad", "uri": "/house/seanad"}, "dates": [{"date": "2012-11-28"}], "uri": "/bill/2012/93/seanad/4"}}, {"event": {"progressStage": 5, "showAs": "Fifth Stage", "chamber": {"showAs": "Seanad", "uri": "/house/seanad"}, "dates": [{"date": "2012-11-28"}], "uri": "/bill/2012/93/seanad/5"}}, {"event": {"progressStage": 6, "showAs": "Second Stage", "chamber": {"showAs": "D\u00e1il", "uri": "/house/dail"}, "dates": [{"date": "2012-12-07"}], "uri": "/bill/2012/93/dail/2"}}, {"event": {"progressStage": 7, "showAs": "Fourth Stage", "chamber": {"showAs": "D\u00e1il", "uri": "/house/dail"}, "dates": [{"date": "2012-12-20"}], "uri": "/bill/2012/93/dail/4"}}, {"event": {"progressStage": 9, "showAs": "Enacted", "chamber": null, "dates": [{"date": "2012-12-26"}], "uri": "/bill/2012/93/dail/5"}}, {"event": {"progressStage": 9, "showAs": "Enacted", "chamber": null, "dates": [{"date": "2012-12-26"}], "uri": "/bill/2012/93/dail/5"}}], "versions": [], "sponsors": [{"sponsor": {"by": {"showAs": "Leo Varadkar", "uri": "/member/Leo-Varadkar.D.2007-06-14"}, "as": {"showAs": "Minister for Transport, Tourism and Sport", "uri": "/office/minister/transport__tourism__sport"}}}], "originHouse": {"showAs": "Seanad \u00c9ireann", "uri": "/house/seanad"}, "amendmentLists": [], "longTitle": "Bill entitled An Act to amend the provisions of the Transport Act 1950, the Transport (Re-organisation of C\u00f3ras Iompair \u00c9ireann) Act 1986 and the Transport Act 1987 in so far as they relate to the borrowing powers of C\u00f3ras Iompair \u00c9ireann, Iarnr\u00f3d \u00c9ireann - Irish Rail, Bus \u00c9ireann - Irish Bus and Bus \u00c1tha Cliath - Dublin Bus, to amend Schedule 2 to the Ministers and Secretaries (Amendment) Act 2011 and to provide for connected matters", "billNo": "93", "uri": "/bill/2012/93", "status": "Enacted", "events": [], "method": "Presentation", "billType": "Public", "act": {"shortTitle": "Transport (C\u00f3ras Iompair \u00c9ireann and Subsidiary Companies Borrowings) Act 2012", "actYear": "2012", "statuteBookURI": "http://www.irishstatutebook.ie/eli/2012/act/49", "actNo": "49", "dateSigned": "2012-12-26", "longTitle": "An Act to amend the provisions of the Transport Act 1950, the Transport (Re-organisation of C\u00f3ras Iompair \u00c9ireann) Act 1986 and the Transport Act 1987 in so far as they relate to the borrowing powers of C\u00f3ras Iompair \u00c9ireann, Iarnr\u00f3d \u00c9ireann - Irish Rail, Bus \u00c9ireann - Irish Bus and Bus \u00c1tha Cliath - Dublin Bus, to amend Schedule 2 to the Ministers and Secretaries (Amendment) Act 2011 and to provide for connected matters", "uri": "/act/2012/49"}, "_id": "bill.2012.93", "source": "Government", "billYear": "2012"}