{"shortTitle": "Social Welfare and Pensions Bill 2012", "stages": [{"event": {"progressStage": 1, "showAs": "First Stage", "chamber": {"showAs": "D\u00e1il", "uri": "/house/dail"}, "dates": [{"date": "2012-04-03"}], "uri": "/bill/2012/26/dail/1"}}, {"event": {"progressStage": 2, "showAs": "Second Stage", "chamber": {"showAs": "D\u00e1il", "uri": "/house/dail"}, "dates": [{"date": "2012-04-18"}, {"date": "2012-04-19"}, {"date": "2012-04-24"}], "uri": "/bill/2012/26/dail/2"}}, {"event": {"progressStage": 3, "showAs": "Third Stage", "chamber": {"showAs": "D\u00e1il", "uri": "/house/dail"}, "dates": [{"date": "2012-04-25"}, {"date": "2012-04-26"}], "uri": "/bill/2012/26/dail/3"}}, {"event": {"progressStage": 4, "showAs": "Fourth Stage", "chamber": {"showAs": "D\u00e1il", "uri": "/house/dail"}, "dates": [{"date": "2012-04-26"}], "uri": "/bill/2012/26/dail/4"}}, {"event": {"progressStage": 5, "showAs": "Fifth Stage", "chamber": {"showAs": "D\u00e1il", "uri": "/house/dail"}, "dates": [{"date": "2012-04-26"}], "uri": "/bill/2012/26/dail/5"}}, {"event": {"progressStage": 6, "showAs": "Second Stage", "chamber": {"showAs": "Seanad", "uri": "/house/seanad"}, "dates": [{"date": "2012-04-27"}], "uri": "/bill/2012/26/seanad/2"}}, {"event": {"progressStage": 7, "showAs": "Third Stage", "chamber": {"showAs": "Seanad", "uri": "/house/seanad"}, "dates": [{"date": "2012-04-27"}, {"date": "2012-04-30"}], "uri": "/bill/2012/26/seanad/3"}}, {"event": {"progressStage": 8, "showAs": "Fourth Stage", "chamber": {"showAs": "Seanad", "uri": "/house/seanad"}, "dates": [{"date": "2012-04-30"}], "uri": "/bill/2012/26/seanad/4"}}, {"event": {"progressStage": 10, "showAs": "Enacted", "chamber": null, "dates": [{"date": "2012-05-01"}], "uri": "/bill/2012/26/seanad/5"}}, {"event": {"progressStage": 10, "showAs": "Enacted", "chamber": null, "dates": [{"date": "2012-05-01"}], "uri": "/bill/2012/26/seanad/5"}}], "versions": [], "sponsors": [{"sponsor": {"by": {"showAs": "Joan Burton", "uri": "/member/Joan-Burton.D.1992-12-14"}, "as": {"showAs": "Minister for Social Protection", "uri": "/office/minister/social_protection"}}}], "originHouse": {"showAs": "D\u00e1il \u00c9ireann", "uri": "/house/dail"}, "amendmentLists": [], "longTitle": "Bill entitled An Act to amend and extend the Social Welfare Acts and the Pensions Acts 1990 to 2011 and to provide for related matters", "billNo": "26", "uri": "/bill/2012/26", "status": "Enacted", "events": [], "method": "Presentation", "billType": "Public", "act": {"shortTitle": "Social Welfare and Pensions Act 2012", "actYear": "2012", "statuteBookURI": "http://www.irishstatutebook.ie/eli/2012/act/12", "actNo": "12", "dateSigned": "2012-05-01", "longTitle": "An Act to amend and extend the Social Welfare Acts and the Pensions Acts 1990 to 2011 and to provide for related matters", "uri": "/act/2012/12"}, "_id": "bill.2012.26", "source": "Government", "billYear": "2012"}