{"shortTitle": "Criminal Justice (Spent Convictions and Certain Disclosures) Bill 2012", "stages": [{"event": {"progressStage": 1, "showAs": "First Stage", "chamber": {"showAs": "Seanad", "uri": "/house/seanad"}, "dates": [{"date": "2012-05-02"}], "uri": "/bill/2012/34/seanad/1"}}, {"event": {"progressStage": 2, "showAs": "Second Stage", "chamber": {"showAs": "Seanad", "uri": "/house/seanad"}, "dates": [{"date": "2012-06-13"}], "uri": "/bill/2012/34/seanad/2"}}, {"event": {"progressStage": 3, "showAs": "Third Stage", "chamber": {"showAs": "Seanad", "uri": "/house/seanad"}, "dates": [{"date": "2013-01-30"}], "uri": "/bill/2012/34/seanad/3"}}, {"event": {"progressStage": 4, "showAs": "Fourth Stage", "chamber": {"showAs": "Seanad", "uri": "/house/seanad"}, "dates": [{"date": "2013-02-05"}, {"date": "2016-02-03"}], "uri": "/bill/2012/34/seanad/4"}}, {"event": {"progressStage": 5, "showAs": "Fifth Stage", "chamber": {"showAs": "Seanad", "uri": "/house/seanad"}, "dates": [{"date": "2013-02-05"}, {"date": "2016-02-03"}], "uri": "/bill/2012/34/seanad/5"}}, {"event": {"progressStage": 6, "showAs": "Second Stage", "chamber": {"showAs": "D\u00e1il", "uri": "/house/dail"}, "dates": [{"date": "2013-03-07"}, {"date": "2013-03-12"}, {"date": "2013-03-14"}], "uri": "/bill/2012/34/dail/2"}}, {"event": {"progressStage": 7, "showAs": "Fourth Stage", "chamber": {"showAs": "D\u00e1il", "uri": "/house/dail"}, "dates": [{"date": "2016-01-27"}], "uri": "/bill/2012/34/dail/4"}}, {"event": {"progressStage": 8, "showAs": "Fifth Stage", "chamber": {"showAs": "D\u00e1il", "uri": "/house/dail"}, "dates": [{"date": "2016-01-27"}], "uri": "/bill/2012/34/dail/5"}}], "versions": [], "sponsors": [{"sponsor": {"by": {"showAs": "Alan Shatter", "uri": "/member/Alan-Shatter.D.1981-06-30"}, "as": {"showAs": "Minister for Justice and Equality", "uri": "/office/minister/justice__equality"}}}], "originHouse": {"showAs": "Seanad \u00c9ireann", "uri": "/house/seanad"}, "amendmentLists": [], "longTitle": "Bill entitled An Act to make provision for the limitation of the effect of certain criminal convictions in certain circumstances and after certain periods of time; to amend the National Vetting Bureau (Children and Vulnerable Persons) Act 2012 and the Garda S\u00edoch\u00e1na Act 2005; and to provide for related matters", "billNo": "34", "uri": "/bill/2012/34", "status": "Enacted", "events": [{"event": {"progressStage": null, "showAs": null, "chamber": {"showAs": null, "uri": null}, "dates": [{"date": "2016-02-11"}], "uri": "/bill/2012/34/signature"}}], "method": "Presentation", "billType": "Public", "act": null, "_id": "bill.2012.34", "source": "Government", "billYear": "2012"}