{"shortTitle": "European Arrest Warrant (Application to Third Countries and Amendment) and Extradition (Amendment) Bill 2011", "stages": [{"event": {"progressStage": 1, "showAs": "First Stage", "chamber": {"showAs": "D\u00e1il", "uri": "/house/dail"}, "dates": [{"date": "2011-08-08"}], "uri": "/bill/2011/45/dail/1"}}, {"event": {"progressStage": 2, "showAs": "Second Stage", "chamber": {"showAs": "D\u00e1il", "uri": "/house/dail"}, "dates": [{"date": "2012-05-15"}, {"date": "2012-06-14"}], "uri": "/bill/2011/45/dail/2"}}, {"event": {"progressStage": 3, "showAs": "Fourth Stage", "chamber": {"showAs": "D\u00e1il", "uri": "/house/dail"}, "dates": [{"date": "2012-07-05"}], "uri": "/bill/2011/45/dail/4"}}, {"event": {"progressStage": 4, "showAs": "Fifth Stage", "chamber": {"showAs": "D\u00e1il", "uri": "/house/dail"}, "dates": [{"date": "2012-07-05"}], "uri": "/bill/2011/45/dail/5"}}, {"event": {"progressStage": 5, "showAs": "Second Stage", "chamber": {"showAs": "Seanad", "uri": "/house/seanad"}, "dates": [{"date": "2012-07-10"}], "uri": "/bill/2011/45/seanad/2"}}, {"event": {"progressStage": 6, "showAs": "Third Stage", "chamber": {"showAs": "Seanad", "uri": "/house/seanad"}, "dates": [{"date": "2012-07-18"}], "uri": "/bill/2011/45/seanad/3"}}, {"event": {"progressStage": 7, "showAs": "Fourth Stage", "chamber": {"showAs": "Seanad", "uri": "/house/seanad"}, "dates": [{"date": "2012-07-18"}], "uri": "/bill/2011/45/seanad/4"}}, {"event": {"progressStage": 9, "showAs": "Enacted", "chamber": null, "dates": [{"date": "2012-07-24"}], "uri": "/bill/2011/45/seanad/5"}}, {"event": {"progressStage": 9, "showAs": "Enacted", "chamber": null, "dates": [{"date": "2012-07-24"}], "uri": "/bill/2011/45/seanad/5"}}], "versions": [], "sponsors": [{"sponsor": {"by": {"showAs": "Alan Shatter", "uri": "/member/Alan-Shatter.D.1981-06-30"}, "as": {"showAs": "Minister for Justice and Equality", "uri": "/office/minister/justice__equality"}}}], "originHouse": {"showAs": "D\u00e1il \u00c9ireann", "uri": "/house/dail"}, "amendmentLists": [], "longTitle": "Bill entitled An Act to provide for the application of provisions of the European Arrest Warrant Act 2003 to states other than Member States in certain circumstances; to amend the European Arrest Warrant Act 2003; to amend the Extradition Act 1965, the Extradition (Amendment) Act 1987 and the Extradition (Amendment) Act 1994; to give effect to Article 2 of Council\u0000Framework Decision 2009/299/JHA of 26 February 2009 amending Framework Decisions 2002/584/JHA, 2005/214/JHA, 2006/783/JHA, 2008/909/JHA and 2008/947/JHA, thereby enhancing the procedural rights of persons and fostering the application of the principle of mutual recognition to decisions rendered in the absence of the person concerned at the trial; and to provide for matters connected therewith", "billNo": "45", "uri": "/bill/2011/45", "status": "Enacted", "events": [], "method": "Presentation", "billType": "Public", "act": {"shortTitle": "European Arrest Warrant (Application to Third Countries and Amendment) and Extradition (Amendment) Act 2012", "actYear": "2012", "statuteBookURI": "http://www.irishstatutebook.ie/eli/2012/act/30", "actNo": "30", "dateSigned": "2012-07-24", "longTitle": "An Act to provide for the application of provisions of the European Arrest Warrant Act 2003 to states other than Member States in certain circumstances; to amend the European Arrest Warrant Act 2003; to amend the Extradition Act 1965, the Extradition (Amendment) Act 1987 and the Extradition (Amendment) Act 1994; to give effect to Article 2 of Council\u0000Framework Decision 2009/299/JHA of 26 February 2009 amending Framework Decisions 2002/584/JHA, 2005/214/JHA, 2006/783/JHA, 2008/909/JHA and 2008/947/JHA, thereby enhancing the procedural rights of persons and fostering the application of the principle of mutual recognition to decisions rendered in the absence of the person concerned at the trial; and to provide for matters connected therewith", "uri": "/act/2012/30"}, "_id": "bill.2011.45", "source": "Government", "billYear": "2011"}