{"shortTitle": "Assaults on Emergency Workers Bill 2012", "stages": [{"event": {"progressStage": 1, "showAs": "First Stage", "chamber": {"showAs": "D\u00e1il", "uri": "/house/dail"}, "dates": [{"date": "2012-07-12"}], "uri": "/bill/2012/62/dail/1"}}, {"event": {"progressStage": 2, "showAs": "Second Stage", "chamber": {"showAs": "D\u00e1il", "uri": "/house/dail"}, "dates": [{"date": "2012-10-05"}], "uri": "/bill/2012/62/dail/2"}}], "versions": [], "sponsors": [{"sponsor": {"by": {"showAs": "Phil Hogan", "uri": "/member/Phil-Hogan.S.1987-04-25"}, "as": {"showAs": null, "uri": null}}}], "originHouse": {"showAs": "D\u00e1il \u00c9ireann", "uri": "/house/dail"}, "amendmentLists": [], "longTitle": "Bill entitled An Act to revise the law relating to non-fatal offences against the person by imposing specific terms of imprisonment on persons found guilty of assaulting members of the emergency services whilst on duty", "billNo": "62", "uri": "/bill/2012/62", "status": "Rejected", "events": [{"event": {"progressStage": null, "showAs": "Second Stage", "chamber": {"showAs": "D\u00e1il", "uri": "/house/dail"}, "dates": [{"date": "2012-10-09"}], "uri": "/bill/2012/62/dail/2/rejected"}}], "method": "Introduction", "billType": "Public", "act": null, "_id": "bill.2012.62", "source": "Private Member", "billYear": "2012"}