{"shortTitle": "Electoral (Amendment) (No. 2) Bill 2012", "stages": [{"event": {"progressStage": 1, "showAs": "First Stage", "chamber": {"showAs": "D\u00e1il", "uri": "/house/dail"}, "dates": [{"date": "2012-07-04"}], "uri": "/bill/2012/61/dail/1"}}, {"event": {"progressStage": 2, "showAs": "Second Stage", "chamber": {"showAs": "D\u00e1il", "uri": "/house/dail"}, "dates": [{"date": "2012-07-11"}], "uri": "/bill/2012/61/dail/2"}}, {"event": {"progressStage": 3, "showAs": "Third Stage", "chamber": {"showAs": "D\u00e1il", "uri": "/house/dail"}, "dates": [{"date": "2012-07-11"}], "uri": "/bill/2012/61/dail/3"}}, {"event": {"progressStage": 4, "showAs": "Fourth Stage", "chamber": {"showAs": "D\u00e1il", "uri": "/house/dail"}, "dates": [{"date": "2012-07-11"}], "uri": "/bill/2012/61/dail/4"}}, {"event": {"progressStage": 5, "showAs": "Fifth Stage", "chamber": {"showAs": "D\u00e1il", "uri": "/house/dail"}, "dates": [{"date": "2012-07-11"}], "uri": "/bill/2012/61/dail/5"}}, {"event": {"progressStage": 6, "showAs": "Second Stage", "chamber": {"showAs": "Seanad", "uri": "/house/seanad"}, "dates": [{"date": "2012-07-12"}], "uri": "/bill/2012/61/seanad/2"}}, {"event": {"progressStage": 7, "showAs": "Third Stage", "chamber": {"showAs": "Seanad", "uri": "/house/seanad"}, "dates": [{"date": "2012-07-12"}], "uri": "/bill/2012/61/seanad/3"}}, {"event": {"progressStage": 8, "showAs": "Fourth Stage", "chamber": {"showAs": "Seanad", "uri": "/house/seanad"}, "dates": [{"date": "2012-07-12"}], "uri": "/bill/2012/61/seanad/4"}}, {"event": {"progressStage": 10, "showAs": "Enacted", "chamber": null, "dates": [{"date": "2012-07-18"}], "uri": "/bill/2012/61/seanad/5"}}, {"event": {"progressStage": 10, "showAs": "Enacted", "chamber": null, "dates": [{"date": "2012-07-18"}], "uri": "/bill/2012/61/seanad/5"}}], "versions": [], "sponsors": [{"sponsor": {"by": {"showAs": "Phil Hogan", "uri": "/member/Phil-Hogan.S.1987-04-25"}, "as": {"showAs": "Minister for the Environment, Community and Local Government", "uri": "/office/minister/environment__community__local_government"}}}], "originHouse": {"showAs": "D\u00e1il \u00c9ireann", "uri": "/house/dail"}, "amendmentLists": [], "longTitle": "Bill entitled An Act to amend the Electoral Act 1992; and to provide for related matters", "billNo": "61", "uri": "/bill/2012/61", "status": "Enacted", "events": [], "method": "Presentation", "billType": "Public", "act": {"shortTitle": "Electoral (Amendment) Act 2012", "actYear": "2012", "statuteBookURI": "http://www.irishstatutebook.ie/eli/2012/act/27", "actNo": "27", "dateSigned": "2012-07-18", "longTitle": "An Act to amend the Electoral Act 1992; and to provide for related matters", "uri": "/act/2012/27"}, "_id": "bill.2012.61", "source": "Government", "billYear": "2012"}