{"shortTitle": "Credit Reporting Bill 2012", "stages": [{"event": {"progressStage": 1, "showAs": "First Stage", "chamber": {"showAs": "D\u00e1il", "uri": "/house/dail"}, "dates": [{"date": "2012-09-26"}], "uri": "/bill/2012/80/dail/1"}}, {"event": {"progressStage": 2, "showAs": "Second Stage", "chamber": {"showAs": "D\u00e1il", "uri": "/house/dail"}, "dates": [{"date": "2013-03-28"}, {"date": "2013-04-18"}], "uri": "/bill/2012/80/dail/2"}}, {"event": {"progressStage": 3, "showAs": "Third Stage", "chamber": {"showAs": "D\u00e1il", "uri": "/house/dail"}, "dates": [{"date": "2013-12-03"}], "uri": "/bill/2012/80/dail/3"}}, {"event": {"progressStage": 4, "showAs": "Fourth Stage", "chamber": {"showAs": "D\u00e1il", "uri": "/house/dail"}, "dates": [{"date": "2013-12-03"}], "uri": "/bill/2012/80/dail/4"}}, {"event": {"progressStage": 5, "showAs": "Fifth Stage", "chamber": {"showAs": "D\u00e1il", "uri": "/house/dail"}, "dates": [{"date": "2013-12-03"}], "uri": "/bill/2012/80/dail/5"}}, {"event": {"progressStage": 6, "showAs": "Second Stage", "chamber": {"showAs": "Seanad", "uri": "/house/seanad"}, "dates": [{"date": "2013-12-11"}], "uri": "/bill/2012/80/seanad/2"}}, {"event": {"progressStage": 7, "showAs": "Third Stage", "chamber": {"showAs": "Seanad", "uri": "/house/seanad"}, "dates": [{"date": "2013-12-17"}], "uri": "/bill/2012/80/seanad/3"}}, {"event": {"progressStage": 8, "showAs": "Fourth Stage", "chamber": {"showAs": "Seanad", "uri": "/house/seanad"}, "dates": [{"date": "2013-12-17"}], "uri": "/bill/2012/80/seanad/4"}}, {"event": {"progressStage": 10, "showAs": "Enacted", "chamber": null, "dates": [{"date": "2013-12-23"}], "uri": "/bill/2012/80/seanad/5"}}, {"event": {"progressStage": 10, "showAs": "Enacted", "chamber": null, "dates": [{"date": "2013-12-23"}], "uri": "/bill/2012/80/seanad/5"}}], "versions": [], "sponsors": [{"sponsor": {"by": {"showAs": "Michael Noonan", "uri": "/member/Michael-Noonan.D.1981-06-30"}, "as": {"showAs": "Minister for Finance", "uri": "/office/minister/finance"}}}], "originHouse": {"showAs": "D\u00e1il \u00c9ireann", "uri": "/house/dail"}, "amendmentLists": [], "longTitle": "Bill entitled An Act to make provision for the establishment, maintenance and operation of a Central Credit Register for the holding of information about credit applications and credit agreements and parties to them; to make provision about the information to be provided for entry on the Register; to make provision for access to the information held on the Register for the assessment of creditworthiness and other purposes; to impose duties on parties to credit agreements; and to make provision for related matters\u0000", "billNo": "80", "uri": "/bill/2012/80", "status": "Enacted", "events": [], "method": "Presentation", "billType": "Public", "act": {"shortTitle": "Credit Reporting Act 2013", "actYear": "2013", "statuteBookURI": "http://www.irishstatutebook.ie/eli/2013/act/45", "actNo": "45", "dateSigned": "2013-12-23", "longTitle": "An Act to make provision for the establishment, maintenance and operation of a Central Credit Register for the holding of information about credit applications and credit agreements and parties to them; to make provision about the information to be provided for entry on the Register; to make provision for access to the information held on the Register for the assessment of creditworthiness and other purposes; to impose duties on parties to credit agreements; and to make provision for related matters\u0000", "uri": "/act/2013/45"}, "_id": "bill.2012.80", "source": "Government", "billYear": "2012"}