{"shortTitle": "Health Service Executive (Governance) Bill 2012", "stages": [{"event": {"progressStage": 1, "showAs": "First Stage", "chamber": {"showAs": "Seanad", "uri": "/house/seanad"}, "dates": [{"date": "2012-07-16"}], "uri": "/bill/2012/65/seanad/1"}}, {"event": {"progressStage": 2, "showAs": "Second Stage", "chamber": {"showAs": "Seanad", "uri": "/house/seanad"}, "dates": [{"date": "2012-09-26"}], "uri": "/bill/2012/65/seanad/2"}}, {"event": {"progressStage": 3, "showAs": "Third Stage", "chamber": {"showAs": "Seanad", "uri": "/house/seanad"}, "dates": [{"date": "2012-10-10"}], "uri": "/bill/2012/65/seanad/3"}}, {"event": {"progressStage": 4, "showAs": "Fourth Stage", "chamber": {"showAs": "Seanad", "uri": "/house/seanad"}, "dates": [{"date": "2012-10-24"}], "uri": "/bill/2012/65/seanad/4"}}, {"event": {"progressStage": 5, "showAs": "Fifth Stage", "chamber": {"showAs": "Seanad", "uri": "/house/seanad"}, "dates": [{"date": "2012-10-24"}], "uri": "/bill/2012/65/seanad/5"}}, {"event": {"progressStage": 6, "showAs": "Second Stage", "chamber": {"showAs": "D\u00e1il", "uri": "/house/dail"}, "dates": [{"date": "2013-01-30"}, {"date": "2013-01-31"}, {"date": "2013-03-06"}], "uri": "/bill/2012/65/dail/2"}}, {"event": {"progressStage": 7, "showAs": "Fourth Stage", "chamber": {"showAs": "D\u00e1il", "uri": "/house/dail"}, "dates": [{"date": "2013-06-12"}], "uri": "/bill/2012/65/dail/4"}}, {"event": {"progressStage": 9, "showAs": "Enacted", "chamber": null, "dates": [{"date": "2013-07-03"}], "uri": "/bill/2012/65/dail/5"}}, {"event": {"progressStage": 9, "showAs": "Enacted", "chamber": null, "dates": [{"date": "2013-07-03"}], "uri": "/bill/2012/65/dail/5"}}], "versions": [], "sponsors": [{"sponsor": {"by": {"showAs": "James Reilly", "uri": "/member/James-Reilly.D.2007-06-14"}, "as": {"showAs": "Minister for Health", "uri": "/office/minister/health"}}}], "originHouse": {"showAs": "Seanad \u00c9ireann", "uri": "/house/seanad"}, "amendmentLists": [], "longTitle": "Bill entitled An Act to amend the Health Act 2004 and to provide for related matters", "billNo": "65", "uri": "/bill/2012/65", "status": "Enacted", "events": [], "method": "Presentation", "billType": "Public", "act": {"shortTitle": "Health Service Executive (Governance) Act 2013", "actYear": "2013", "statuteBookURI": "http://www.irishstatutebook.ie/eli/2013/act/23", "actNo": "23", "dateSigned": "2013-07-03", "longTitle": "An Act to amend the Health Act 2004 and to provide for related matters", "uri": "/act/2013/23"}, "_id": "bill.2012.65", "source": "Government", "billYear": "2012"}