{"shortTitle": "Road Safety Authority (Commercial Vehicle Roadworthiness) Bill 2012", "stages": [{"event": {"progressStage": 1, "showAs": "First Stage", "chamber": {"showAs": "Seanad", "uri": "/house/seanad"}, "dates": [{"date": "2012-04-03"}], "uri": "/bill/2012/25/seanad/1"}}, {"event": {"progressStage": 2, "showAs": "Second Stage", "chamber": {"showAs": "Seanad", "uri": "/house/seanad"}, "dates": [{"date": "2012-04-18"}], "uri": "/bill/2012/25/seanad/2"}}, {"event": {"progressStage": 3, "showAs": "Third Stage", "chamber": {"showAs": "Seanad", "uri": "/house/seanad"}, "dates": [{"date": "2012-04-19"}], "uri": "/bill/2012/25/seanad/3"}}, {"event": {"progressStage": 4, "showAs": "Fourth Stage", "chamber": {"showAs": "Seanad", "uri": "/house/seanad"}, "dates": [{"date": "2012-04-25"}], "uri": "/bill/2012/25/seanad/4"}}, {"event": {"progressStage": 5, "showAs": "Fifth Stage", "chamber": {"showAs": "Seanad", "uri": "/house/seanad"}, "dates": [{"date": "2012-04-25"}], "uri": "/bill/2012/25/seanad/5"}}, {"event": {"progressStage": 6, "showAs": "Second Stage", "chamber": {"showAs": "D\u00e1il", "uri": "/house/dail"}, "dates": [{"date": "2012-05-01"}, {"date": "2012-05-02"}], "uri": "/bill/2012/25/dail/2"}}, {"event": {"progressStage": 7, "showAs": "Fourth Stage", "chamber": {"showAs": "D\u00e1il", "uri": "/house/dail"}, "dates": [{"date": "2012-05-23"}], "uri": "/bill/2012/25/dail/4"}}, {"event": {"progressStage": 9, "showAs": "Enacted", "chamber": null, "dates": [{"date": "2012-05-30"}], "uri": "/bill/2012/25/dail/5"}}, {"event": {"progressStage": 9, "showAs": "Enacted", "chamber": null, "dates": [{"date": "2012-05-30"}], "uri": "/bill/2012/25/dail/5"}}], "versions": [], "sponsors": [{"sponsor": {"by": {"showAs": "Leo Varadkar", "uri": "/member/Leo-Varadkar.D.2007-06-14"}, "as": {"showAs": "Minister for Transport, Tourism and Sport", "uri": "/office/minister/transport__tourism__sport"}}}], "originHouse": {"showAs": "Seanad \u00c9ireann", "uri": "/house/seanad"}, "amendmentLists": [], "longTitle": "Bill entitled An Act to provide for a system to ensure the roadworthiness of commercial vehicles, to provide for the conferral of functions on the Road Safety Authority in relation to such system, to give further effect to Directive 2006/22/EC of the European Parliament and of the Council of 15 March 2006 in relation to the introduction of a risk rating system, to amend the Road Traffic Acts 1961 to 2011 and, in relation to driver licensing, certain other enactments and to provide for related matters", "billNo": "25", "uri": "/bill/2012/25", "status": "Enacted", "events": [], "method": "Presentation", "billType": "Public", "act": {"shortTitle": "Road Safety Authority (Commercial Vehicle Roadworthiness) Act 2012", "actYear": "2012", "statuteBookURI": "http://www.irishstatutebook.ie/eli/2012/act/16", "actNo": "16", "dateSigned": "2012-05-30", "longTitle": "An Act to provide for a system to ensure the roadworthiness of commercial vehicles, to provide for the conferral of functions on the Road Safety Authority in relation to such system, to give further effect to Directive 2006/22/EC of the European Parliament and of the Council of 15 March 2006 in relation to the introduction of a risk rating system, to amend the Road Traffic Acts 1961 to 2011 and, in relation to driver licensing, certain other enactments and to provide for related matters", "uri": "/act/2012/16"}, "_id": "bill.2012.25", "source": "Government", "billYear": "2012"}