<?xml version='1.0' encoding='UTF-8'?>
<akomaNtoso xmlns="http://docs.oasis-open.org/legaldocml/ns/akn/3.0/CSD13" xmlns:xsi="http://www.w3.org/2001/XMLSchema-instance" xsi:schemaLocation="http://docs.oasis-open.org/legaldocml/ns/akn/3.0/CSD13 ./akomantoso30.xsd ">
    <debate name="Official Report">
        <meta>
            <identification source="#source">
                <FRBRWork>
                    <FRBRthis value="/akn/ie/debateRecord/dail/2012-07-18/debate/dbsect_12"/>
                    <FRBRuri value="/akn/ie/debateRecord/dail/2012-07-18/debate"/>
                    <FRBRdate date="2012-07-18" name="#generation"/>
                    <FRBRauthor href="http://oireachtas.ie/ie/oireachtas/house/dail"/>
                    <FRBRcountry value="ie"/>
                <FRBRname value="debate"/></FRBRWork>
                <FRBRExpression>
                    <FRBRthis value="/akn/ie/debateRecord/dail/2012-07-18/debate/mul@/dbsect_12"/>
                    <FRBRuri value="/akn/ie/debateRecord/dail/2012-07-18/debate/mul@"/>
                    <FRBRdate date="2012-07-18" name="#reported"/>
                    <FRBRauthor href="http://oireachtas.ie/ie/oireachtas/role/debates"/>
                    <FRBRlanguage language="mul"/>
                </FRBRExpression>
                <FRBRManifestation>
                    <FRBRthis value="/akn/ie/debateRecord/dail/2012-07-18/debate/mul@/dbsect_12.xml"/>
                    <FRBRuri value="/akn/ie/debateRecord/dail/2012-07-18/debate/mul@.akn"/>
                    <FRBRdate date="2016-06-06T04:08:16.983185" name="#publication"/>
                    <FRBRauthor href="http://oireachtas.ie/ie/oireachtas/role/debates"/>
                </FRBRManifestation>
            </identification>
            <references source="#source">
                <TLCOrganization eId="source" href="http://oireachtas.ie" showAs="Houses of the Oireachtas"/><TLCConcept eId="generation" href="http://oireachtas.ie/ie/oireachtas//ie/oireachtas/ontology#Generation" showAs="Generation"/>
<TLCConcept eId="reported" href="http://oireachtas.ie/ie/oireachtas//ie/oireachtas/ontology#Reported" showAs="Reported"/>
<TLCConcept eId="publication" href="http://oireachtas.ie/ie/oireachtas//ie/oireachtas/ontology#Publication" showAs="Publication"/>
<TLCPerson eId="JimmyDeenihan" href="http://oireachtas.ie/ie/oireachtas/member/Jimmy-Deenihan.S.1983-02-23/dail/31" showAs="Mr. Jimmy Deenihan"/>
<TLCPerson eId="JohnHalligan" href="http://oireachtas.ie/ie/oireachtas/member/John-Halligan.D.2011-03-09/dail/31" showAs="Mr. John Halligan"/>
<TLCPerson eId="RichardBoydBarrett" href="http://oireachtas.ie/ie/oireachtas/member/Richard-Boyd-Barrett.D.2011-03-09/dail/31" showAs="Mr. Richard Boyd Barrett"/>
<TLCRole eId="Minister_for_Arts,_Heritage_and_the_Gaeltacht" href="http://oireachtas.ie/ie/oireachtas/member/Jimmy-Deenihan.S.1983-02-23/dail/31/minister/arts__heritage__gaeltacht" showAs="Minister for Arts, Heritage and the Gaeltacht"/>
</references>
            </meta>
        <preface>
            <block name="title_ga">
                <docTitle>DÍOSPÓIREACHTAÍ PARLAIMINTE</docTitle>
            </block>
            <block name="title_en">
                <docTitle>PARLIAMENTARY DEBATES</docTitle>
            </block>
            <block name="proponent_ga">
                <docProponent>DÁIL ÉIREANN</docProponent>
            </block>
            <block name="status_ga">
                <docStatus>TUAIRISC OIFIGIÚIL</docStatus>
            </block>
            <block name="status_en">
                <docStatus>(OFFICIAL REPORT)</docStatus>
            </block>
            <block name="date_ga">
                <docDate date="2012-07-18">Dé Céadaoin, 18 Iúil 2012</docDate>
            </block>
            <block name="date_en">
                <docDate date="2012-07-18">Wednesday, 18 July 2012</docDate>
            </block>
        </preface>
        <debateBody><debateSection name="question" eId="dbsect_12">
                    <heading>Arts Funding</heading>
                    <question by="#JohnHalligan" to="#Minister_for_Arts,_Heritage_and_the_Gaeltacht" eId="pq_3">
                        <p eId="para_380">3<b>Deputy John Halligan</b> asked the <b>Minister for Arts; Heritage and the Gaeltacht</b> the advice he will give for alternative funding for an organisation (details supplied) which has studios in Swords, Athlone, Navan, Ashbourne, Finglas, Balbriggan and Portlaoise in view of the fact they do not qualify for funding from the Arts Council; and if he will make a statement on the matter. [35361/12]</p>
                    </question>
                    <speech by="#JimmyDeenihan" eId="spk_247" as="#Minister_for_Arts,_Heritage_and_the_Gaeltacht">
                        <from>Deputy Jimmy Deenihan</from>
                        <p eId="para_381">Primary responsibility for the promotion of the arts at all levels is devolved to the Arts Council which is funded by my Department but statutorily independent in its day-to-day operations, including funding decisions.</p>
                        <p eId="para_382">With regard to funding submissions by groups of the nature referred to, the Deputy will appreciate that any such submission would be for independent assessment and decision by the Arts Council.  Any such potential applicant approaching my Department would be directed to the council as a matter of course.</p>
                    </speech>
                    <speech by="#RichardBoydBarrett" eId="spk_248">
                        <from>Deputy Richard Boyd Barrett</from>
                        <p eId="para_383">Understandably, on foot of the recent violence in the Phoenix Park, people expressed their despair about the situation with many young people.  The incidence of suicide among young people and child poverty is on the increase.  In that context, we all agree that it is vitally important the Government take a hands-on approach to support any initiative or organisation which provides a real alternative to drug-taking, drinking and violence.  I draw the Minister's attention to the plight of the Streets Ahead dance school.  While it is based in Swords, it involves hundreds of young people across north Dublin and beyond.  It is a fantastic outfit set up in 2004 and so far many of its members have managed to compete at national and international dance championships and competitions.  It deals with disadvantaged kids who otherwise could be in serious trouble.  However, it has been particularly hard hit by the recession and forced to reduce its numbers.  It is just about hanging on by its fingernails but is threatened with closure.  It cannot receive any funding support or a break in its rates because it falls between different stools.  The Arts Council claims because there is a competitive element involved, it cannot fund it, while the Sports Council claims it is not its responsibility because it is a dance organisation.  Will the Minister intervene and give it some advice on how it can secure funding?  It would be a significant loss if it did not survive.</p>
                    </speech>
                    <speech by="#JimmyDeenihan" eId="spk_249" as="#Minister_for_Arts,_Heritage_and_the_Gaeltacht">
                        <from>Deputy Jimmy Deenihan</from>
                        <p eId="para_384">Some weeks ago the Deputy and others were arguing for an arm's length approach between the Minister and the Arts Council to be preserved to ensure the Minister would not have a direct say in how arts funding was spent.  I remind the Deputy that I allocated €63 million to the council to look after groups such as the one in question.  It makes its decision on funding, while I have to retain the arm's length approach.  I advise the Deputy and the organisation in question which does a good job to go directly to the council.</p>
                        <p eId="para_385">In defence of the council, last year it spent €3.1 million across all genres of dance.  It has a positive approach towards dance.  I would be delighted to give the organisation in question advice.  I work with various arts groups every day.  At 8 a.m. I met one such group with a very good proposal.  However, it is the council which is the funding agency and it is protected by this House.  As it is re-emphasised that it must be independent and at arm's length, I cannot direct it in cases involving funding.  Doing so would be against the law, as this approach is now enshrined in the Constitution.  I can meet the group in question to advise it.  The Deputy should take a direct approach with the council and put forward the group's case.</p>
                    </speech>
                    <speech by="#RichardBoydBarrett" eId="spk_250">
                        <from>Deputy Richard Boyd Barrett</from>
                        <p eId="para_386">While I do not have the time to go into the details of the case, I would appreciate it if the Minister met the group.  The service it provides covers many Departments and the problem is that it seems to be falling between different stools.  I am not proposing that the Minister interfere with the Arts Council's provenance in arts policy, rather I am calling for the Minister to support a good initiative which is a small business but also a community service.  It nurtures young talent and plays a significant social role in north Dublin and beyond.  It has also enhanced Ireland's reputation on the international stage.  It is now faced with closure because of difficulties in navigating its way through the funding hoops of Departments and State agencies.  It would be helpful, therefore, if the Minister agreed to meet it.</p>
                    </speech>
                    <speech by="#JimmyDeenihan" eId="spk_251" as="#Minister_for_Arts,_Heritage_and_the_Gaeltacht">
                        <from>Deputy Jimmy Deenihan</from>
                        <p eId="para_387">Yes, I will meet it.  If the Deputy contacts my secretary, Ms Sarah Doyle, we can arrange a meeting with it.</p>
                    </speech>
                </debateSection>
                </debateBody></debate>
</akomaNtoso>
