<?xml version='1.0' encoding='UTF-8'?>
<akomaNtoso xmlns="http://docs.oasis-open.org/legaldocml/ns/akn/3.0/CSD13" xmlns:xsi="http://www.w3.org/2001/XMLSchema-instance" xsi:schemaLocation="http://docs.oasis-open.org/legaldocml/ns/akn/3.0/CSD13 ./akomantoso30.xsd ">
    <debate name="Official Report">
        <meta>
            <identification source="#source">
                <FRBRWork>
                    <FRBRthis value="/akn/ie/debateRecord/dail/2012-07-18/debate/dbsect_17"/>
                    <FRBRuri value="/akn/ie/debateRecord/dail/2012-07-18/debate"/>
                    <FRBRdate date="2012-07-18" name="#generation"/>
                    <FRBRauthor href="http://oireachtas.ie/ie/oireachtas/house/dail"/>
                    <FRBRcountry value="ie"/>
                <FRBRname value="debate"/></FRBRWork>
                <FRBRExpression>
                    <FRBRthis value="/akn/ie/debateRecord/dail/2012-07-18/debate/mul@/dbsect_17"/>
                    <FRBRuri value="/akn/ie/debateRecord/dail/2012-07-18/debate/mul@"/>
                    <FRBRdate date="2012-07-18" name="#reported"/>
                    <FRBRauthor href="http://oireachtas.ie/ie/oireachtas/role/debates"/>
                    <FRBRlanguage language="mul"/>
                </FRBRExpression>
                <FRBRManifestation>
                    <FRBRthis value="/akn/ie/debateRecord/dail/2012-07-18/debate/mul@/dbsect_17.xml"/>
                    <FRBRuri value="/akn/ie/debateRecord/dail/2012-07-18/debate/mul@.akn"/>
                    <FRBRdate date="2016-06-06T04:08:16.983185" name="#publication"/>
                    <FRBRauthor href="http://oireachtas.ie/ie/oireachtas/role/debates"/>
                </FRBRManifestation>
            </identification>
            <references source="#source">
                <TLCOrganization eId="source" href="http://oireachtas.ie" showAs="Houses of the Oireachtas"/><TLCConcept eId="generation" href="http://oireachtas.ie/ie/oireachtas//ie/oireachtas/ontology#Generation" showAs="Generation"/>
<TLCConcept eId="reported" href="http://oireachtas.ie/ie/oireachtas//ie/oireachtas/ontology#Reported" showAs="Reported"/>
<TLCConcept eId="publication" href="http://oireachtas.ie/ie/oireachtas//ie/oireachtas/ontology#Publication" showAs="Publication"/>
<TLCPerson eId="GerryAdams" href="http://oireachtas.ie/ie/oireachtas/member/Gerry-Adams.D.2011-03-09/dail/31" showAs="Mr. Gerry Adams"/>
<TLCPerson eId="JimmyDeenihan" href="http://oireachtas.ie/ie/oireachtas/member/Jimmy-Deenihan.S.1983-02-23/dail/31" showAs="Mr. Jimmy Deenihan"/>
<TLCPerson eId="MaryLouMcDonald" href="http://oireachtas.ie/ie/oireachtas/member/Mary-Lou-McDonald.D.2011-03-09/dail/31" showAs="Ms. Mary Lou McDonald"/>
<TLCPerson eId="MichaelColreavy" href="http://oireachtas.ie/ie/oireachtas/member/Michael-Colreavy.D.2011-03-09/dail/31" showAs="Mr. Michael Colreavy"/>
<TLCPerson eId="MichaelKitt" href="http://oireachtas.ie/ie/oireachtas/member/unmatchedMember/dail/31" showAs="unmatched"/>
<TLCPerson eId="PatrickODonovan" href="http://oireachtas.ie/ie/oireachtas/member/Patrick-O'Donovan.D.2011-03-09/dail/31" showAs="Mr. Patrick O'Donovan"/>
<TLCPerson eId="SandraMcLellan" href="http://oireachtas.ie/ie/oireachtas/member/Sandra-McLellan.D.2011-03-09/dail/31" showAs="Ms. Sandra McLellan"/>
<TLCRole eId="Minister_for_Arts,_Heritage_and_the_Gaeltacht" href="http://oireachtas.ie/ie/oireachtas/member/Jimmy-Deenihan.S.1983-02-23/dail/31/minister/arts__heritage__gaeltacht" showAs="Minister for Arts, Heritage and the Gaeltacht"/>
</references>
            </meta>
        <preface>
            <block name="title_ga">
                <docTitle>DÍOSPÓIREACHTAÍ PARLAIMINTE</docTitle>
            </block>
            <block name="title_en">
                <docTitle>PARLIAMENTARY DEBATES</docTitle>
            </block>
            <block name="proponent_ga">
                <docProponent>DÁIL ÉIREANN</docProponent>
            </block>
            <block name="status_ga">
                <docStatus>TUAIRISC OIFIGIÚIL</docStatus>
            </block>
            <block name="status_en">
                <docStatus>(OFFICIAL REPORT)</docStatus>
            </block>
            <block name="date_ga">
                <docDate date="2012-07-18">Dé Céadaoin, 18 Iúil 2012</docDate>
            </block>
            <block name="date_en">
                <docDate date="2012-07-18">Wednesday, 18 July 2012</docDate>
            </block>
        </preface>
        <debateBody><debateSection name="question" eId="dbsect_17">
                    <heading>Cultural Development</heading>
                    <question by="#SandraMcLellan" to="#Minister_for_Arts,_Heritage_and_the_Gaeltacht" eId="pq_7">
                        <p eId="para_446">7<b>Deputy Sandra McLellan</b> asked the <b>Minister for Arts; Heritage and the Gaeltacht</b> in view of the fact that the European Commission will be investing over seventy billion euro in developing the creative economy across Europe his plans to develop/build Ireland’s creative economy; and if he will make a statement on the matter. [35423/12]</p>
                    </question>
                    <question by="#MaryLouMcDonald" to="#Minister_for_Arts,_Heritage_and_the_Gaeltacht" eId="pq_29">
                        <p eId="para_447">29<b>Deputy Mary Lou McDonald</b> asked the <b>Minister for Arts; Heritage and the Gaeltacht</b> in view of the fact that the European Commission has launched a new call for a proposal (details supplied), his plans to develop the specific area of culture; and if he will make a statement on the matter. [35428/12]</p>
                    </question>
                    <question by="#MichaelColreavy" to="#Minister_for_Arts,_Heritage_and_the_Gaeltacht" eId="pq_30">
                        <p eId="para_448">30<b>Deputy Michael Colreavy</b> asked the <b>Minister for Arts; Heritage and the Gaeltacht</b> his plans to foster links between Ireland and the rest of Europe in order to develop the growth potential in Ireland’s creative economy; and if he will make a statement on the matter. [35425/12]</p>
                    </question>
                    <question by="#GerryAdams" to="#Minister_for_Arts,_Heritage_and_the_Gaeltacht" eId="pq_31">
                        <p eId="para_449">31<b>Deputy Gerry Adams</b> asked the <b>Minister for Arts; Heritage and the Gaeltacht</b> the intergovernmental strategies he has planned to position culture, heritage, and the creative industries as the foundation of a new economy; and if he will make a statement on the matter. [35424/12]</p>
                    </question>
                    <speech by="#JimmyDeenihan" eId="spk_283" as="#Minister_for_Arts,_Heritage_and_the_Gaeltacht">
                        <from>Deputy Jimmy Deenihan</from>
                        <p eId="para_450">I propose to take Questions Nos. 7 and 29 to 31, inclusive, together.</p>
                        <p eId="para_451">My officials and I are not aware of a European Commission source of funding which contains €70 billion for investment in projects or actions specific to the creative economy.  There are two European Union programmes operating in the areas for which I have responsibility.  The MEDIA programme is the support programme for the European audiovisual industry, details of which are available at<i>www.mediadeskireland.ie</i>.  The Culture programme is the EU support programme for organisations working in the field of culture, with details available at <i>www.ccp.ie.</i>
                        </p>
                        <p eId="para_452">For the 2007-13 period, the allocation to the MEDIA programme is €755 million, with €400 million being allocated to the Culture programme, giving a total of €1.155 billion over seven years.  A further figure of €1.8 billion refers to discussions currently under way between member states and the European Commission on a new framework programme for the cultural and creative sectors.  This is intended to run from 2014 to 2020 and to be called the Creative Europe programme.  It includes a proposal to amalgamate the current Culture and MEDIA programmes under a common framework and to create an entirely new facility to improve access to finance.  Once the new programme is finalised, details of how to seek funding from it will be made available through appropriate information outlets.</p>
                        <p eId="para_453">It is not possible to estimate how much any country will receive from any of these programmes as the funds are not distributed on a<i>pro rata</i> basis.  Calls for proposals are made periodically by the European Commission.  Applications are then assessed by an independent body, currently the Education, Audiovisual and Culture Executive Agency.  Decisions on what support is provided are based on the relative merits of applications.  There is no quota for each country, nor is a specific amount allocated to each.  </p>
                        <p eId="para_454">I understand the directorate general for enterprise and industry in the European Commission issued a call more than a year ago for proposals for transnational co-operation projects on European cultural routes<i>, </i>with up to €100,000 available per project.  The entire fund available for the programme was €500,000 and the closing date for applications under this call was 7 October 2011.  Deputy Mary Lou McDonald may be referring in her question to a European Commission call for co-operation projects to create transnational tourism products based on cultural and industrial heritage<i>.</i>  The closing date for this programme is 28 September 2012 and up to €700,000 may be available in total for all 27 member states through the directorate general for enterprise and industry.  The application form and details of the criteria are available on the Commission’s website, <i>europa.eu</i>.</p>
                        <p eId="para_455">The Government appreciates and values the contribution the wider arts sector makes to the reputation of this country.  Given the prevailing economic constraints, investment in the arts, culture and creative sectors is more important than ever, having regard to the employment intensity of the sector.  The Deputies will be aware that a report, Assessment of the Economic Impact of the Arts in Ireland, published by the Arts Council in 2011 indicated that the arts sector provides significant direct and indirect employment, supporting some 21,300 jobs and contributing €306.8 million in taxes.  The arts also affect the wider creative industries, which contribute €4.7 billion to the economy and support 79,000 jobs.</p>
                        <p eId="para_456">The heritage area is also increasingly identified as a primary stimulus in the tourism sector.  My Department is committed to promoting greater appreciation and understanding of Ireland's rich heritage as a valuable amenity for business, farming and tourism and as a means of presenting Ireland as an attractive destination for sustainable inward investment.  A report published by the Heritage Council last month indicates that Ireland's historic environment supports more than 35,000 jobs and contributes in the order of €1.5 billion to the national economy.  It also indicates that one fifth of total visitor expenditure in Ireland is attributable to our historic environment.</p>
                        <p eId="para_457">Progression of the negotiations surrounding the Creative Europe initiative will almost certainly fall to the Irish Presidency of the EU.  In pursuit of advancing the initiative, I have already been involved in numerous meetings with Ministers of culture from other member states, Members of the European Parliament and other European officials.</p>
                    </speech>
                    <speech by="#SandraMcLellan" eId="spk_284">
                        <from>Deputy Sandra McLellan</from>
                        <p eId="para_458">I thank the Minister for his reply.  Unfortunately, he did not respond to my question on how much the new European initiative might be worth to Ireland and how one might apply to it.  Will he provide more detail on the measures he intends to introduce to safeguard jobs in the sector?</p>
                    </speech>
                    <speech by="#JimmyDeenihan" eId="spk_285" as="#Minister_for_Arts,_Heritage_and_the_Gaeltacht">
                        <from>Deputy Jimmy Deenihan</from>
                        <p eId="para_459">I do not know where the Deputy came upon the figure of €70 billion to which she referred in her question.  As I indicated, the allocation under the MEDIA and Culture programmes for 2007 to 2013 was some €1.1 billion, with €1.8 billion earmarked for the period from 2014 to 2020.  I am very much engaged in the discussions on this programme with fellow member states.  A proposal has come from the Commission to which the European Parliament must respond, after which a compromise will have to be reached.  I am hopeful that an agreement might be reached during Ireland's Presidency and that the proposed allocation of €1.8 billion will be forthcoming.</p>
                        <p eId="para_460">It has come to my attention that we have not drawn down as much funding under this programme as we have under, for example, the Common Agricultural Policy.  One of the reasons Irish groups and organisations might not have applied for grant aid from Europe under the programme is that the application process is complex.  Another factor is that in recent years, before the collapse of the economy, there was generally sufficient State funding, including increased funding for the Arts Council up to 2008.  We have done much better in respect of the MEDIA programme, not least because of the efforts of a very effective organisation called MEDIA Desk Ireland.  The organisation has been highly effective in encouraging the industry to apply for funding under this programme.  In this regard, I acknowledge the work done by Siobhán O'Donoghue and others.</p>
                        <p eId="para_461">While Irish organisations were not as successful in securing funding under the cultural programme, some organisations have secured funding and improvements have been made in the past year, with increases recorded in the number of applications submitted and the number of organisations receiving funds.  One of the major challenges facing Irish organisations is the requirement to find partners in other countries.  While it may be easy to find a partner in Northern Ireland, in cases where five or six partners are required organisations must find partners in countries on mainland Europe.  It is easier for organisations located on the Continent, whether in the central and eastern European countries which acceded to the European Union in recent years or western European member states, to find partners because many of these countries share borders with other member states.  This requirement places Irish organisations at a disadvantage.</p>
                        <p eId="para_462">I will seek to have a more accessible application form introduced for the new programme.  I will also ensure the criteria are properly interpreted and assistance is provided to those applying under the programme.  I have discussed this matter with the Arts Council and will certainly make it a priority.  Given the likelihood that national funding for the arts will reduce in the coming three years, we must avail of every other source of funding.  Organisations need to fully capitalise on this programme.</p>
                    </speech>
                    <speech by="#SandraMcLellan" eId="spk_286">
                        <from>Deputy Sandra McLellan</from>
                        <p eId="para_463">It is vital to draw down any grant aid that is available and I hope the Minister will take all necessary measures to ensure Irish organisations do so.</p>
                    </speech>
                    <speech by="#JimmyDeenihan" eId="spk_287" as="#Minister_for_Arts,_Heritage_and_the_Gaeltacht">
                        <from>Deputy Jimmy Deenihan</from>
                        <p eId="para_464">As I stated, one must apply for funding if one wishes to draw it down.  More Irish organisations need to apply for funding.  I have discussed this matter with my counterpart in Northern Ireland, Ms Carál Ní Chuilín, MLA.  I have also encouraged the Arts Council to co-operate with its counterpart in Northern Ireland and look outwards to find like-minded partners in Europe.  Perhaps they should focus on finding organisations in other Celtic countries and the Nordic states which share similar attitudes to us on culture and which may be applying for similar types of support.  I will prioritise this programme with a view to increasing funding for Irish arts organisations.</p>
                    </speech>
                    <speech by="#PatrickODonovan" eId="spk_288">
                        <from>Deputy Patrick O’Donovan</from>
                        <p eId="para_465">The joint committee recently had protracted discussions with local authorities on arts funding.  In advance of engaging with other member states before a new tranche of funding is announced - despite having sat through many committee hearings on the arts, this funding was new to me - will the Minister encourage local authorities, through their twinning arrangements with local authorities in other European Union member states, to produce initiatives in this area?  As the Minister is aware, local arts officers in towns and counties are at the coalface of the arts.  If they have developed relationships with organisations in other member states, they may be able to bring something to the table to assist the Minister in his efforts.</p>
                    </speech>
                    <speech by="#JimmyDeenihan" eId="spk_289" as="#Minister_for_Arts,_Heritage_and_the_Gaeltacht">
                        <from>Deputy Jimmy Deenihan</from>
                        <p eId="para_466">The Deputy makes a practical proposal.  In the past year, I have met local authority arts and heritage officers who play a critical role in promoting the arts across the country.  The Arts Council is a national organisation based in Dublin, whereas local authority arts officers do most of the work promoting the arts in small communities.  I envisage an important role for arts officers in the new programme because they have already reached out and established a large number of twinning arrangements.  Some towns are twinned with up to six partners around Europe.  Given the connections that have been made under the twin towns arrangements, it may be possible to use them as a vehicle for capitalising on the programme.  A great deal of work remains to be done.</p>
                        <p eId="para_467">As I stated, our approach to this programme in the past was not sufficiently serious, primarily because the process was complicated.  Necessity means we must go through the process.  I thank Deputy O'Donovan for his proposal.  With Limerick set to become a city of culture in 2014, perhaps he will encourage arts organisations in the city and county to consider using the programme to maximise the amount of financial assistance available to Limerick for its 2014 programme.</p>
                    </speech>
                    <speech by="#MichaelKitt" eId="spk_290">
                        <from>Deputy Michael P. Kitt</from>
                        <p eId="para_468">I thank the Minister for the support his Department has provided for arts festivals and programmes in Galway, specifically the Galway Film Fleadh and Galway Arts Festival, the launch of which he attended last Monday.  I also commend Galway county and city councils and the Western Development Commission on the support they have provided.  I refer, in particular, to the Galway picture palace project, which I have discussed previously with the Minister.  I hope the project will secure funding from the Department and the other bodies to which I referred because it would add to the cultural and artistic life of the city and county.</p>
                    </speech>
                    <speech by="#JimmyDeenihan" eId="spk_291" as="#Minister_for_Arts,_Heritage_and_the_Gaeltacht">
                        <from>Deputy Jimmy Deenihan</from>
                        <p eId="para_469">Galway has capitalised on culture to build a vibrant economy.  Shortly after the recent Volvo Ocean Race festival, we had the opening of the Galway Film Fleadh, which has been followed by the Galway Arts Festival and in a couple of weeks the city will host the Galway Races.  Galway is an example of a city that has used the arts and culture as a platform to rejuvenate itself and create a vibrant economy.  This vibrancy was in evidence throughout the city and not only in the city centre when I visited Galway last week for the film fleadh.</p>
                        <p eId="para_470">As regards the Solas project to which the Deputy referred, my Department has committed a large sum of money to the initiative and its commitment will be honoured.  Unfortunately, we do not have any further resources to allocate to the project.  A shortfall of €1.1 million in funding must be provided before Solas can proceed.  I appeal to the business sector and people in Galway to get behind the project.  They will ultimately benefit from the proposed new facility as they will be able to watch films in the three cinemas that will make up the project.  Moreover, the visitors who will be attracted to the city as a result will stay in hotels and guesthouses, which will benefit businesses.  Given the absence of further funding for the project, I hope local people will take up the challenge and buy into the project to ensure it is completed, as I am certain it will be.  Thus far, local businesses have not made any contribution to Solas, which is a large project worth more than €6 million, although I am aware that efforts are under way in this regard.  Any town or city would be delighted to have a project that has received funding of more than €6 million.  I appeal to people in Galway, especially in the city, to get behind the project.</p>
                        <p eId="para_471">Written Answers follow Adjournment.</p>
                    </speech>
                </debateSection>
            </debateBody></debate>
</akomaNtoso>
