<?xml version='1.0' encoding='UTF-8'?>
<akomaNtoso xmlns="http://docs.oasis-open.org/legaldocml/ns/akn/3.0/CSD13" xmlns:xsi="http://www.w3.org/2001/XMLSchema-instance" xsi:schemaLocation="http://docs.oasis-open.org/legaldocml/ns/akn/3.0/CSD13 ./akomantoso30.xsd ">
    <debate name="Official Report">
        <meta>
            <identification source="#source">
                <FRBRWork>
                    <FRBRthis value="/akn/ie/debateRecord/dail/2012-07-18/debate/dbsect_10"/>
                    <FRBRuri value="/akn/ie/debateRecord/dail/2012-07-18/debate"/>
                    <FRBRdate date="2012-07-18" name="#generation"/>
                    <FRBRauthor href="http://oireachtas.ie/ie/oireachtas/house/dail"/>
                    <FRBRcountry value="ie"/>
                <FRBRname value="debate"/></FRBRWork>
                <FRBRExpression>
                    <FRBRthis value="/akn/ie/debateRecord/dail/2012-07-18/debate/mul@/dbsect_10"/>
                    <FRBRuri value="/akn/ie/debateRecord/dail/2012-07-18/debate/mul@"/>
                    <FRBRdate date="2012-07-18" name="#reported"/>
                    <FRBRauthor href="http://oireachtas.ie/ie/oireachtas/role/debates"/>
                    <FRBRlanguage language="mul"/>
                </FRBRExpression>
                <FRBRManifestation>
                    <FRBRthis value="/akn/ie/debateRecord/dail/2012-07-18/debate/mul@/dbsect_10.xml"/>
                    <FRBRuri value="/akn/ie/debateRecord/dail/2012-07-18/debate/mul@.akn"/>
                    <FRBRdate date="2016-06-06T04:08:16.983185" name="#publication"/>
                    <FRBRauthor href="http://oireachtas.ie/ie/oireachtas/role/debates"/>
                </FRBRManifestation>
            </identification>
            <references source="#source">
                <TLCOrganization eId="source" href="http://oireachtas.ie" showAs="Houses of the Oireachtas"/><TLCConcept eId="generation" href="http://oireachtas.ie/ie/oireachtas//ie/oireachtas/ontology#Generation" showAs="Generation"/>
<TLCConcept eId="reported" href="http://oireachtas.ie/ie/oireachtas//ie/oireachtas/ontology#Reported" showAs="Reported"/>
<TLCConcept eId="publication" href="http://oireachtas.ie/ie/oireachtas//ie/oireachtas/ontology#Publication" showAs="Publication"/>
<TLCPerson eId="JimmyDeenihan" href="http://oireachtas.ie/ie/oireachtas/member/Jimmy-Deenihan.S.1983-02-23/dail/31" showAs="Mr. Jimmy Deenihan"/>
<TLCPerson eId="RobertTroy" href="http://oireachtas.ie/ie/oireachtas/member/Robert-Troy.D.2011-03-09/dail/31" showAs="Mr. Robert Troy"/>
<TLCRole eId="Minister_for_Arts,_Heritage_and_the_Gaeltacht" href="http://oireachtas.ie/ie/oireachtas/member/Jimmy-Deenihan.S.1983-02-23/dail/31/minister/arts__heritage__gaeltacht" showAs="Minister for Arts, Heritage and the Gaeltacht"/>
</references>
            </meta>
        <preface>
            <block name="title_ga">
                <docTitle>DÍOSPÓIREACHTAÍ PARLAIMINTE</docTitle>
            </block>
            <block name="title_en">
                <docTitle>PARLIAMENTARY DEBATES</docTitle>
            </block>
            <block name="proponent_ga">
                <docProponent>DÁIL ÉIREANN</docProponent>
            </block>
            <block name="status_ga">
                <docStatus>TUAIRISC OIFIGIÚIL</docStatus>
            </block>
            <block name="status_en">
                <docStatus>(OFFICIAL REPORT)</docStatus>
            </block>
            <block name="date_ga">
                <docDate date="2012-07-18">Dé Céadaoin, 18 Iúil 2012</docDate>
            </block>
            <block name="date_en">
                <docDate date="2012-07-18">Wednesday, 18 July 2012</docDate>
            </block>
        </preface>
        <debateBody><debateSection name="question" eId="dbsect_10">
                    <heading>Merger of Cultural Institutions</heading>
                    <question by="#RobertTroy" to="#Minister_for_Arts,_Heritage_and_the_Gaeltacht" eId="pq_1">
                        <p eId="para_355">1<b>Deputy Robert Troy</b> asked the <b>Minister for Arts; Heritage and the Gaeltacht</b> if he has submitted his recommendations and proposals to the Department of Public Expenditure and Reform in relation to bodies under his Department on the critical review list in relation to the mergers and amalgamations of National Cultural Institutions; and if he will make a statement on the matter. [35511/12]</p>
                    </question>
                    <speech by="#JimmyDeenihan" as="#Minister_for_Arts,_Heritage_and_the_Gaeltacht" eId="spk_233">
                        <from>Minister for Arts, Heritage and the Gaeltacht  (Deputy Jimmy Deenihan)</from>
                        <p eId="para_356">As the Deputy will be aware, the Government announced a series of rationalisation measures in its public service reform plan on 17 November 2011 and a number of amalgamations, mergers and critical reviews of bodies funded from my Department's Vote group are currently being progressed, as required under that plan.  Four bodies funded from my Department's Vote group were listed in Appendix IIb of the public service reform plan for critical review, namely, the Chester Beatty Library, Culture Ireland, the Heritage Council and the Placenames Commission.  In the context of furthering these critical reviews, my Department has met and consulted extensively with each of these bodies and also has consulted with a range of stakeholders.  I should say that in the overall context of the public service reform agenda, one of my key concerns is to ensure that all options are examined in order that the most appropriate implementation approach can be adopted for each institution.</p>
                        <p eId="para_357">As for the four bodies listed for critical review in the Government's reform plan, I have now submitted proposals and recommendations to the Minister for Public Expenditure and Reform in this regard.  These are being examined by his Department at present and I anticipate the Minister will bring a memorandum to the Government on these matters in due course.  In this context, the Deputy will, of course, appreciate that I am not in a position to provide specific details on proposals and recommendations regarding the critical reviews at this time, pending their consideration by the Government.</p>
                        <p eId="para_358">Furthermore, I also have sent my proposed approach on implementation of the Government decisions on the amalgamation, merger and restructuring of various national cultural institutions and other bodies to the Minister for Public Expenditure and Reform.  As this also will be subject to consideration by the Government, I am not in a position at this juncture to go into the matter in any detail.  I was, of course, able to give the House an insight into my overall thinking on these matters as they relate to the national cultural institutions during the Private Members' debate three weeks ago.</p>
                    </speech>
                    <speech by="#RobertTroy" eId="spk_234">
                        <from>Deputy Robert Troy</from>
                        <p eId="para_359">Members are no wiser today than they were three weeks ago during the debate on the Private Members' motion tabled by my party, at which time the Minister stated they should know within a short time.  I pressed the Minister at the time and was led to believe Members would know within weeks.  The Minister has confirmed his proposals have gone to Deputy Howlin's Department of Public Expenditure and Reform.  Has that Department reverted to the Minister with questions or queries regarding the submissions?  Will the Cabinet make a decision on these proposals prior to the summer recess?  When the Minister finally lets Members into his thinking on the amalgamations and regarding the bodies under critical review, does he intend to publish his cost benefit analyses to enable everyone to see the rationale in this regard?  I have spoken at length, both during the debate on the Private Members' motion and at other times, on Fianna Fáil's thinking in respect of the merger of these cultural institutions.  Fianna Fáil believes that if the Government proceeds with what has been reported, it would constitute an attack on the autonomy of those cultural institutions and would be extremely short-sighted.  The Minister should clarify this point to Members.</p>
                    </speech>
                    <speech by="#JimmyDeenihan" eId="spk_235" as="#Minister_for_Arts,_Heritage_and_the_Gaeltacht">
                        <from>Deputy Jimmy Deenihan</from>
                        <p eId="para_360">As I outlined to Deputy Troy during the aforementioned Private Members' debate, his party proposed precisely the same measure when in government and continued with that policy right up to August 2010, during which time it advised people being appointed to boards that it would be for the duration of the board or until a possible merger or amalgamation took place.</p>
                    </speech>
                    <speech by="#RobertTroy" eId="spk_236">
                        <from>Deputy Robert Troy</from>
                        <p eId="para_361">Fianna Fáil has changed its position subsequently.</p>
                    </speech>
                    <speech by="#JimmyDeenihan" eId="spk_237" as="#Minister_for_Arts,_Heritage_and_the_Gaeltacht">
                        <from>Deputy Jimmy Deenihan</from>
                        <p eId="para_362">It is easy to change one's position when one is in opposition.</p>
                    </speech>
                    <speech by="#RobertTroy" eId="spk_238">
                        <from>Deputy Robert Troy</from>
                        <p eId="para_363">The Government parties changed a lot when they entered office.  I refer to burning the bondholders.</p>
                    </speech>
                    <speech by="#JimmyDeenihan" eId="spk_239" as="#Minister_for_Arts,_Heritage_and_the_Gaeltacht">
                        <from>Deputy Jimmy Deenihan</from>
                        <p eId="para_364">I note this is Deputy Troy's last day as spokesperson for this portfolio, as he is moving on to another position.  I wish him the best of luck and acknowledge he raised many important issues.  Moreover, he generally was highly constructive on that side of the House.</p>
                        <p eId="para_365">As I outlined in my reply, I have sent on my proposals to the Minister for Public Expenditure and Reform.  He is reviewing the proposals at present and I doubt whether there will be any announcements before the summer recess.  However, that Minister certainly will bring proposals to the Government in the autumn.  As the bodies with which I am involved only comprise a small number of the State agencies under review at present, of which there are 48 in total, there obviously will be an announcement made in the autumn relating to a number of State agencies.</p>
                    </speech>
                    <speech by="#RobertTroy" eId="spk_240">
                        <from>Deputy Robert Troy</from>
                        <p eId="para_366">I am disappointed to realise and those concerned in the particular cultural institutions will be disappointed to learn that their fate will be left hanging over them indefinitely.  I imagine passing it over to the Minister for Public Expenditure and Reform is a rubber-stamping exercise in that ultimately it is a decision for the Minister for Arts, Heritage and the Gaeltacht.  These institutions fall under the remit of his Department and I would be quite surprised were the Minister, Deputy Howlin, to challenge what he proposes.  It is disappointing that the Minister was unable to come forward today with a more realistic timeframe, which at least would let people know before the summer recess.  Does the Minister intend to publish the cost benefit analysis to support the decisions he will take?</p>
                        <p eId="para_367">Finally, I thank the Minister for his kind words.  I enjoyed working as spokesperson for arts and heritage and I look forward to moving on to a new portfolio on Members' return.  The Minister was pleasant to work with 95% of the time.</p>
                    </speech>
                    <speech by="#JimmyDeenihan" eId="spk_241" as="#Minister_for_Arts,_Heritage_and_the_Gaeltacht">
                        <from>Deputy Jimmy Deenihan</from>
                        <p eId="para_368">In respect of cost benefit analysis, any time one shares services such as human resources or information technology and so on, one obviously saves money.  In addition, there will be a streamlining process and I hope that whatever will emerge and be decided on by the Minister, Deputy Howlin, will improve the effectiveness of the cultural institutions.  This is my ambition and I note all institutions and the effectiveness thereof, including the Oireachtas, must be reviewed periodically.  This is precisely what is being done in this regard and is a good sign of democracy.  It is what democracy is all about, namely, continuous renewal and refocusing.  I have worked closely with the cultural institutions for years and am convinced and confident that whatever will emerge will be in the best interests of those institutions.  In general, when it happens I believe that while they may not all be happy with the outcome, they will accept it.  In the meantime, all the cultural institutions continue to work as before, in the interest of the Irish taxpayer.  They continue to do their work and in no way will they be impaired in their work by the ongoing deliberation in respect of the future of these institutions.</p>
                    </speech>
                </debateSection>
                </debateBody></debate>
</akomaNtoso>
