<?xml version='1.0' encoding='UTF-8'?>
<akomaNtoso xmlns="http://docs.oasis-open.org/legaldocml/ns/akn/3.0/CSD13" xmlns:xsi="http://www.w3.org/2001/XMLSchema-instance" xsi:schemaLocation="http://docs.oasis-open.org/legaldocml/ns/akn/3.0/CSD13 ./akomantoso30.xsd ">
    <debate name="Official Report">
        <meta>
            <identification source="#source">
                <FRBRWork>
                    <FRBRthis value="/akn/ie/debateRecord/dail/2012-07-18/writtens/dbsect_258"/>
                    <FRBRuri value="/akn/ie/debateRecord/dail/2012-07-18/writtens"/>
                    <FRBRdate date="2012-07-18" name="#generation"/>
                    <FRBRauthor href="http://oireachtas.ie/ie/oireachtas/house/dail"/>
                    <FRBRcountry value="ie"/>
                <FRBRname value="writtens"/></FRBRWork>
                <FRBRExpression>
                    <FRBRthis value="/akn/ie/debateRecord/dail/2012-07-18/writtens/mul@/dbsect_258"/>
                    <FRBRuri value="/akn/ie/debateRecord/dail/2012-07-18/writtens/mul@"/>
                    <FRBRdate date="2012-07-18" name="#reported"/>
                    <FRBRauthor as="#editor" href="http://oireachtas.ie/ie/oireachtas/role/debates"/>
                    <FRBRlanguage language="mul"/>
                </FRBRExpression>
                <FRBRManifestation>
                    <FRBRthis value="/akn/ie/debateRecord/dail/2012-07-18/writtens/mul@/dbsect_258.xml"/>
                    <FRBRuri value="/akn/ie/debateRecord/dail/2012-07-18/writtens/mul@.akn"/>
                    <FRBRdate date="2016-08-17T12:53:12.290656" name="#publication"/>
                    <FRBRauthor as="#editor" href="http://oireachtas.ie/ie/oireachtas/role/debates"/>
                </FRBRManifestation>
            </identification>
            <references source="#debates">
                <TLCOrganization eId="source" href="http://oireachtas.ie" showAs="Houses of the Oireachtas"/><TLCConcept eId="generation" href="http://oireachtas.ie/ie/oireachtas/ontology#Generation" showAs="Generation"/>
<TLCConcept eId="reported" href="http://oireachtas.ie/ie/oireachtas/ontology#Reported" showAs="Reported"/>
<TLCConcept eId="publication" href="http://oireachtas.ie/ie/oireachtas/ontology#Publication" showAs="Publication"/>
<TLCPerson eId="KathleenLynch" href="http://oireachtas.ie/ie/oireachtas/member/Kathleen-Lynch.D.1994-11-10/dail/31" showAs="Ms. Kathleen Lynch"/>
<TLCPerson eId="SeamusKirk" href="http://oireachtas.ie/ie/oireachtas/member/Seamus-Kirk.D.1982-12-14/dail/31" showAs="Mr. Séamus Kirk"/>
<TLCRole eId="Minister_for_Health" href="http://oireachtas.ie/ie/oireachtas/member/James-Reilly.D.2007-06-14/dail/31/minister/health" showAs="Minister for Health"/>
<TLCRole eId="Minister_of_State_at_the_Department_of_Health" href="http://oireachtas.ie/ie/oireachtas/member/Kathleen-Lynch.D.1994-11-10/dail/31/minister_state/health" showAs="Minister of State at the Department of Health"/>
</references>
        </meta>
        <preface>
            <block name="title_ga">
                <docTitle>DÍOSPÓIREACHTAÍ PARLAIMINTE</docTitle>
            </block>
            <block name="title_en">
                <docTitle>PARLIAMENTARY DEBATES</docTitle>
            </block>
            <block name="proponent_ga">
                <docProponent>DÁIL ÉIREANN</docProponent>
            </block>
            <block name="status_ga">
                <docStatus>TUAIRISC OIFIGIÚIL</docStatus>
            </block>
            <block name="status_en">
                <docStatus>(OFFICIAL REPORT)</docStatus>
            </block>
            <block name="date_ga">
                <docDate date="2012-07-18">Dé Céadaoin, 18 Iúil 2012</docDate>
            </block>
            <block name="date_en">
                <docDate date="2012-07-18">Wednesday, 18 July 2012</docDate>
            </block>
        </preface>
        <debateBody><debateSection name="writtenAnswer" eId="dbsect_258">
                    <heading>Departmental Expenditure</heading>
                    <question by="#SeamusKirk" to="#Minister_for_Health" eId="pq_348">
                        <p eId="para_5435">
        348
        <b> Deputy Seamus Kirk</b>
         asked the 
        <b>Minister for Health</b>
         the total cost of the Mental Health Tribunal section of the Mental Health Commission each year since 2007 and a breakdown of the expenditure for the last year for which such figures are available; and if he will make a statement on the matter. 
        [35659/12]
      </p>
                    </question>
                    <speech by="#KathleenLynch" as="#Minister_of_State_at_the_Department_of_Health">
                        <from>Minister of State at the Department of Health (Deputy Kathleen Lynch)</from>
                        <p eId="para_5436">Expenditure on Mental Health Tribunals since 2007 is as follows:</p>
                        <table>
                            <tr>
                                <td>
                                    <p eId="para_5437">Year</p>
                                </td>
                                <td>
                                    <p eId="para_5438">Expenditure</p>
                                </td>
                            </tr>
                            <tr>
                                <td>
                                    <p eId="para_5439">2007</p>
                                </td>
                                <td>
                                    <p eId="para_5440">9,840,944</p>
                                </td>
                            </tr>
                            <tr>
                                <td>
                                    <p eId="para_5441">2008</p>
                                </td>
                                <td>
                                    <p eId="para_5442">9,755,372</p>
                                </td>
                            </tr>
                            <tr>
                                <td>
                                    <p eId="para_5443">2009</p>
                                </td>
                                <td>
                                    <p eId="para_5444">9,802,618</p>
                                </td>
                            </tr>
                            <tr>
                                <td>
                                    <p eId="para_5445">2010</p>
                                </td>
                                <td>
                                    <p eId="para_5446">7,887,565</p>
                                </td>
                            </tr>
                        </table>
                        <table>
                            <caption>Breakdown on expenditure in 2010:</caption>
                            <tr>
                                <td/>
                                <td>
                                    <p eId="para_5447">Expenditure</p>
                                </td>
                            </tr>
                            <tr>
                                <td>
                                    <p eId="para_5448">Fees</p>
                                </td>
                                <td>
                                    <p eId="para_5449">6,365,516</p>
                                </td>
                            </tr>
                            <tr>
                                <td>
                                    <p eId="para_5450">Travel and Subsistence</p>
                                </td>
                                <td>
                                    <p eId="para_5451">500,405</p>
                                </td>
                            </tr>
                            <tr>
                                <td>
                                    <p eId="para_5452">Salaried Consultant psychiatrists</p>
                                </td>
                                <td>
                                    <p eId="para_5453">859,625</p>
                                </td>
                            </tr>
                            <tr>
                                <td>
                                    <p eId="para_5454">Other costs</p>
                                </td>
                                <td>
                                    <p eId="para_5455">162,019</p>
                                </td>
                            </tr>
                        </table>
                        <p eId="para_5456">The Financial Statements for the Mental Health Commission, which includes expenditure on Mental Health Tribunals, is laid before both Houses of the Oireachtas annually.</p>
                    </speech>
                </debateSection>
                </debateBody></debate>
</akomaNtoso>
