<?xml version='1.0' encoding='UTF-8'?>
<akomaNtoso xmlns="http://docs.oasis-open.org/legaldocml/ns/akn/3.0/CSD13" xmlns:xsi="http://www.w3.org/2001/XMLSchema-instance" xsi:schemaLocation="http://docs.oasis-open.org/legaldocml/ns/akn/3.0/CSD13 ./akomantoso30.xsd ">
    <debate name="Official Report">
        <meta>
            <identification source="#source">
                <FRBRWork>
                    <FRBRthis value="/akn/ie/debateRecord/dail/2012-07-18/writtens/dbsect_190"/>
                    <FRBRuri value="/akn/ie/debateRecord/dail/2012-07-18/writtens"/>
                    <FRBRdate date="2012-07-18" name="#generation"/>
                    <FRBRauthor href="http://oireachtas.ie/ie/oireachtas/house/dail"/>
                    <FRBRcountry value="ie"/>
                <FRBRname value="writtens"/></FRBRWork>
                <FRBRExpression>
                    <FRBRthis value="/akn/ie/debateRecord/dail/2012-07-18/writtens/mul@/dbsect_190"/>
                    <FRBRuri value="/akn/ie/debateRecord/dail/2012-07-18/writtens/mul@"/>
                    <FRBRdate date="2012-07-18" name="#reported"/>
                    <FRBRauthor as="#editor" href="http://oireachtas.ie/ie/oireachtas/role/debates"/>
                    <FRBRlanguage language="mul"/>
                </FRBRExpression>
                <FRBRManifestation>
                    <FRBRthis value="/akn/ie/debateRecord/dail/2012-07-18/writtens/mul@/dbsect_190.xml"/>
                    <FRBRuri value="/akn/ie/debateRecord/dail/2012-07-18/writtens/mul@.akn"/>
                    <FRBRdate date="2016-08-17T12:53:12.290656" name="#publication"/>
                    <FRBRauthor as="#editor" href="http://oireachtas.ie/ie/oireachtas/role/debates"/>
                </FRBRManifestation>
            </identification>
            <references source="#debates">
                <TLCOrganization eId="source" href="http://oireachtas.ie" showAs="Houses of the Oireachtas"/><TLCConcept eId="generation" href="http://oireachtas.ie/ie/oireachtas/ontology#Generation" showAs="Generation"/>
<TLCConcept eId="reported" href="http://oireachtas.ie/ie/oireachtas/ontology#Reported" showAs="Reported"/>
<TLCConcept eId="publication" href="http://oireachtas.ie/ie/oireachtas/ontology#Publication" showAs="Publication"/>
<TLCPerson eId="AlanShatter" href="http://oireachtas.ie/ie/oireachtas/member/Alan-Shatter.D.1981-06-30/dail/31" showAs="Mr. Alan Shatter"/>
<TLCPerson eId="PaschalDonohoe" href="http://oireachtas.ie/ie/oireachtas/member/Paschal-Donohoe.S.2007-07-23/dail/31" showAs="Mr. Paschal Donohoe"/>
<TLCRole eId="Minister_for_Justice_and_Equality" href="http://oireachtas.ie/ie/oireachtas/member/Alan-Shatter.D.1981-06-30/dail/31/minister/justice__equality" showAs="Minister for Justice and Equality"/>
</references>
        </meta>
        <preface>
            <block name="title_ga">
                <docTitle>DÍOSPÓIREACHTAÍ PARLAIMINTE</docTitle>
            </block>
            <block name="title_en">
                <docTitle>PARLIAMENTARY DEBATES</docTitle>
            </block>
            <block name="proponent_ga">
                <docProponent>DÁIL ÉIREANN</docProponent>
            </block>
            <block name="status_ga">
                <docStatus>TUAIRISC OIFIGIÚIL</docStatus>
            </block>
            <block name="status_en">
                <docStatus>(OFFICIAL REPORT)</docStatus>
            </block>
            <block name="date_ga">
                <docDate date="2012-07-18">Dé Céadaoin, 18 Iúil 2012</docDate>
            </block>
            <block name="date_en">
                <docDate date="2012-07-18">Wednesday, 18 July 2012</docDate>
            </block>
        </preface>
        <debateBody><debateSection name="writtenAnswer" eId="dbsect_190">
                    <heading>Citizenship Applications</heading>
                    <question by="#PaschalDonohoe" to="#Minister_for_Justice_and_Equality" eId="pq_254">
                        <p eId="para_4773">
        254
        <b> Deputy Paschal Donohoe</b>
         asked the 
        <b>Minister for Justice and Equality</b>
         if he will provide an update on a person’s naturalisation application (details attached) in Dublin 7; and if he will make a statement on the matter. 
        [35544/12]
      </p>
                    </question>
                    <speech by="#AlanShatter" as="#Minister_for_Justice_and_Equality">
                        <from>Minister for Justice and Equality (Deputy Alan Shatter)</from>
                        <p eId="para_4774">I refer the Deputy to my reply to Parliamentary Question No. 657 of  Wednesday, 6 June 2012.  The position remains as stated.</p>
                        <p class="indent_2" eId="para_4775">
                            <i>Reply to Parliamentary Question 657 of 6 June 2012</i>
                        </p>
                        <p class="indent_2" eId="para_4776">I am advised by the Citizenship Division of the Irish Naturalisation and Immigration Service (INIS) that a valid application for a certificate of naturalisation was received from the person referred to by the Deputy in October 2009.  The application is currently being processed with a view to establishing whether the applicant meets the statutory conditions for the granting of naturalisation, such as good character and lawful residence, and will be submitted to me for decision as expeditiously as possible.</p>
                        <p class="indent_2" eId="para_4777">It is recognised that all applicants for citizenship would wish to have a decision on their application without delay.  Considerable resources are deployed to process applications and these resources together with the necessary administrative arrangements are kept under review.</p>
                        <p class="indent_2" eId="para_4778">As well as being a significant event in the life of its recipient, the granting of Irish citizenship through naturalisation as provided for in law is also a major step for the State which confers certain rights and entitlements not only within the State but also at European Union level and it is important that appropriate procedures are in place to preserve the integrity of the process.</p>
                        <p class="indent_2" eId="para_4779">Queries in relation to the status of individual immigration cases may be made directly to INIS by e-mail using the Oireachtas Mail facility which has been specifically established for this purpose. This service enables up to date information on such cases to be obtained without the need to seek information by way of the Parliamentary Questions process. The Deputy may consider using the e-mail service except in cases where the response from INIS is, in the Deputy's view, inadequate or too long awaited.</p>
                    </speech>
                </debateSection>
                </debateBody></debate>
</akomaNtoso>
