<?xml version='1.0' encoding='UTF-8'?>
<akomaNtoso xmlns="http://docs.oasis-open.org/legaldocml/ns/akn/3.0/CSD13" xmlns:xsi="http://www.w3.org/2001/XMLSchema-instance" xsi:schemaLocation="http://docs.oasis-open.org/legaldocml/ns/akn/3.0/CSD13 ./akomantoso30.xsd ">
    <debate name="Official Report">
        <meta>
            <identification source="#source">
                <FRBRWork>
                    <FRBRthis value="/akn/ie/debateRecord/dail/2012-07-18/writtens/dbsect_225"/>
                    <FRBRuri value="/akn/ie/debateRecord/dail/2012-07-18/writtens"/>
                    <FRBRdate date="2012-07-18" name="#generation"/>
                    <FRBRauthor href="http://oireachtas.ie/ie/oireachtas/house/dail"/>
                    <FRBRcountry value="ie"/>
                <FRBRname value="writtens"/></FRBRWork>
                <FRBRExpression>
                    <FRBRthis value="/akn/ie/debateRecord/dail/2012-07-18/writtens/mul@/dbsect_225"/>
                    <FRBRuri value="/akn/ie/debateRecord/dail/2012-07-18/writtens/mul@"/>
                    <FRBRdate date="2012-07-18" name="#reported"/>
                    <FRBRauthor as="#editor" href="http://oireachtas.ie/ie/oireachtas/role/debates"/>
                    <FRBRlanguage language="mul"/>
                </FRBRExpression>
                <FRBRManifestation>
                    <FRBRthis value="/akn/ie/debateRecord/dail/2012-07-18/writtens/mul@/dbsect_225.xml"/>
                    <FRBRuri value="/akn/ie/debateRecord/dail/2012-07-18/writtens/mul@.akn"/>
                    <FRBRdate date="2016-08-17T12:53:12.290656" name="#publication"/>
                    <FRBRauthor as="#editor" href="http://oireachtas.ie/ie/oireachtas/role/debates"/>
                </FRBRManifestation>
            </identification>
            <references source="#debates">
                <TLCOrganization eId="source" href="http://oireachtas.ie" showAs="Houses of the Oireachtas"/><TLCConcept eId="generation" href="http://oireachtas.ie/ie/oireachtas/ontology#Generation" showAs="Generation"/>
<TLCConcept eId="reported" href="http://oireachtas.ie/ie/oireachtas/ontology#Reported" showAs="Reported"/>
<TLCConcept eId="publication" href="http://oireachtas.ie/ie/oireachtas/ontology#Publication" showAs="Publication"/>
<TLCPerson eId="CatherineMurphy" href="http://oireachtas.ie/ie/oireachtas/member/Catherine-Murphy.D.2005-03-11/dail/31" showAs="Ms. Catherine Murphy"/>
<TLCPerson eId="SimonCoveney" href="http://oireachtas.ie/ie/oireachtas/member/Simon-Coveney.D.1998-10-23/dail/31" showAs="Mr. Simon Coveney"/>
<TLCRole eId="Minister_for_Agriculture,_Food_and_the_Marine" href="http://oireachtas.ie/ie/oireachtas/member/Simon-Coveney.D.1998-10-23/dail/31/minister/agriculture__food__marine" showAs="Minister for Agriculture, Food and the Marine"/>
</references>
        </meta>
        <preface>
            <block name="title_ga">
                <docTitle>DÍOSPÓIREACHTAÍ PARLAIMINTE</docTitle>
            </block>
            <block name="title_en">
                <docTitle>PARLIAMENTARY DEBATES</docTitle>
            </block>
            <block name="proponent_ga">
                <docProponent>DÁIL ÉIREANN</docProponent>
            </block>
            <block name="status_ga">
                <docStatus>TUAIRISC OIFIGIÚIL</docStatus>
            </block>
            <block name="status_en">
                <docStatus>(OFFICIAL REPORT)</docStatus>
            </block>
            <block name="date_ga">
                <docDate date="2012-07-18">Dé Céadaoin, 18 Iúil 2012</docDate>
            </block>
            <block name="date_en">
                <docDate date="2012-07-18">Wednesday, 18 July 2012</docDate>
            </block>
        </preface>
        <debateBody><debateSection name="writtenAnswer" eId="dbsect_225">
                    <heading>Food Harvest 2020</heading>
                    <question by="#CatherineMurphy" to="#Minister_for_Agriculture,_Food_and_the_Marine" eId="pq_297">
                        <p eId="para_5298">
        297
        <b> Deputy Catherine Murphy</b>
         asked the 
        <b>Minister for Agriculture, Food and the Marine</b>
         if the agri-industry blueprint for developing Food Harvest 2020 will meet the requirements of the habitats directive, to ensure that the plan, individually or in combination with other plans or projects, will not have a significant effect on or adversely affect the integrity of any protected site under European law; and if he will make a statement on the matter. 
        [35740/12]
      </p>
                    </question>
                    <speech by="#SimonCoveney" as="#Minister_for_Agriculture,_Food_and_the_Marine">
                        <from>Minister for Agriculture, Food and the Marine (Deputy Simon Coveney)</from>
                        <p eId="para_5299">Food Harvest 2020 is a strategy that was developed by an industry-led committee whose wide membership included representatives of the food and drink industry, state agencies, academia, farm bodies and other interested stakeholders. As a strategic policy document, it is not in the category of plan or project under the provisions of Article 6(3) of the Habitats Directive 92/43/EEC that would require "appropriate assessment" of impact on a particular site or sites.  Implementation of many of the key measures needed to achieve the growth figures set out in the report is a matter for private sector actors including industry and individual farmers, while co-ordination of the State contribution to Food Harvest 2020 is overseen by a High Level Implementation Committee (HLIC), which I chair. This Committee consists of representatives from Bord Bia, Teagasc, Bord Iascaigh Mhara. Enterprise Ireland, the Environmental Protection Agency, the Department of Public Expenditure and Reform and this Department.</p>
                        <p eId="para_5300">The HLIC decided it would be appropriate that an analysis of environmental impacts should be undertaken to inform the implementation of measures by all relevant actors including those in the private sector. The committee recognised that the broad targets in the report might be achieved in a variety of ways and determined that the environmental analysis should be of various possible scenarios related to their realisation. It is felt that this type of analysis is appropriate to the high level strategic nature of the report.</p>
                        <p eId="para_5301">An independent team of consultants has been appointed to carry out the work and is due to present an interim report in the coming weeks with a final report due in October.  The analysis will substantially follow the process of strategic environmental assessment as set out in Directive 2001/42/EC. It will include the likely impacts of achieving the targets, through a number of scenarios, on:</p>
                        <p eId="para_5302">biodiversity,</p>
                        <p eId="para_5303">flora/fauna,</p>
                        <p eId="para_5304">water, including groundwater quality,</p>
                        <p eId="para_5305">soil,</p>
                        <p eId="para_5306">air quality,</p>
                        <p eId="para_5307">landscape and</p>
                        <p eId="para_5308">climatic factors including impacts on greenhouse gas emission levels.</p>
                        <p eId="para_5309">The outcome of this analysis will be important in informing future more detailed plans, programmes and projects related to achievement of the broad targets in Food Harvest 2020, including whether appropriate assessment is required of any such proposals under the Habitats Directive.  The Department is facilitating public consultation for the process, and in this regard details of the consultation were posted on the Department's website on 11 May 2012 and advertised in the Irish Independent on 16 May 2012 with a closing date of 28 June 2012. On request, this closing date was subsequently extended to 6 July 2012. This represents a consultation period of some eight weeks.  The closing date for submissions was set originally for the end of June in order to allow sufficient time for the consultants to properly consider submissions before the finalisation of their interim report but, of course, any further submissions received will also be forwarded to the consultants.</p>
                    </speech><!--Fix-->
                </debateSection></debateBody></debate>
</akomaNtoso>
