<?xml version='1.0' encoding='UTF-8'?>
<akomaNtoso xmlns="http://docs.oasis-open.org/legaldocml/ns/akn/3.0/CSD13" xmlns:xsi="http://www.w3.org/2001/XMLSchema-instance" xsi:schemaLocation="http://docs.oasis-open.org/legaldocml/ns/akn/3.0/CSD13 ./akomantoso30.xsd ">
    <debate name="Official Report">
        <meta>
            <identification source="#source">
                <FRBRWork>
                    <FRBRthis value="/akn/ie/debateRecord/dail/2012-07-18/writtens/dbsect_3"/>
                    <FRBRuri value="/akn/ie/debateRecord/dail/2012-07-18/writtens"/>
                    <FRBRdate date="2012-07-18" name="#generation"/>
                    <FRBRauthor href="http://oireachtas.ie/ie/oireachtas/house/dail"/>
                    <FRBRcountry value="ie"/>
                <FRBRname value="writtens"/></FRBRWork>
                <FRBRExpression>
                    <FRBRthis value="/akn/ie/debateRecord/dail/2012-07-18/writtens/mul@/dbsect_3"/>
                    <FRBRuri value="/akn/ie/debateRecord/dail/2012-07-18/writtens/mul@"/>
                    <FRBRdate date="2012-07-18" name="#reported"/>
                    <FRBRauthor as="#editor" href="http://oireachtas.ie/ie/oireachtas/role/debates"/>
                    <FRBRlanguage language="mul"/>
                </FRBRExpression>
                <FRBRManifestation>
                    <FRBRthis value="/akn/ie/debateRecord/dail/2012-07-18/writtens/mul@/dbsect_3.xml"/>
                    <FRBRuri value="/akn/ie/debateRecord/dail/2012-07-18/writtens/mul@.akn"/>
                    <FRBRdate date="2016-08-17T12:53:12.290656" name="#publication"/>
                    <FRBRauthor as="#editor" href="http://oireachtas.ie/ie/oireachtas/role/debates"/>
                </FRBRManifestation>
            </identification>
            <references source="#debates">
                <TLCOrganization eId="source" href="http://oireachtas.ie" showAs="Houses of the Oireachtas"/><TLCConcept eId="generation" href="http://oireachtas.ie/ie/oireachtas/ontology#Generation" showAs="Generation"/>
<TLCConcept eId="reported" href="http://oireachtas.ie/ie/oireachtas/ontology#Reported" showAs="Reported"/>
<TLCConcept eId="publication" href="http://oireachtas.ie/ie/oireachtas/ontology#Publication" showAs="Publication"/>
<TLCPerson eId="DinnyMcGinley" href="http://oireachtas.ie/ie/oireachtas/member/Dinny-McGinley.D.1982-03-09/dail/31" showAs="Mr. Dinny McGinley"/>
<TLCPerson eId="MichaelColreavy" href="http://oireachtas.ie/ie/oireachtas/member/Michael-Colreavy.D.2011-03-09/dail/31" showAs="Mr. Michael Colreavy"/>
<TLCRole eId="Minister_for_Arts,_Heritage_and_the_Gaeltacht" href="http://oireachtas.ie/ie/oireachtas/member/Jimmy-Deenihan.S.1983-02-23/dail/31/minister/arts__heritage__gaeltacht" showAs="Minister for Arts, Heritage and the Gaeltacht"/>
<TLCRole eId="Minister_of_State_at_the_Department_of_Arts,_Heritage_and_the_Gaeltacht" href="http://oireachtas.ie/ie/oireachtas/member/Dinny-McGinley.D.1982-03-09/dail/31/minister_state/arts__heritage__gaeltacht" showAs="Minister of State at the Department of Arts, Heritage and the Gaeltacht"/>
</references>
        </meta>
        <preface>
            <block name="title_ga">
                <docTitle>DÍOSPÓIREACHTAÍ PARLAIMINTE</docTitle>
            </block>
            <block name="title_en">
                <docTitle>PARLIAMENTARY DEBATES</docTitle>
            </block>
            <block name="proponent_ga">
                <docProponent>DÁIL ÉIREANN</docProponent>
            </block>
            <block name="status_ga">
                <docStatus>TUAIRISC OIFIGIÚIL</docStatus>
            </block>
            <block name="status_en">
                <docStatus>(OFFICIAL REPORT)</docStatus>
            </block>
            <block name="date_ga">
                <docDate date="2012-07-18">Dé Céadaoin, 18 Iúil 2012</docDate>
            </block>
            <block name="date_en">
                <docDate date="2012-07-18">Wednesday, 18 July 2012</docDate>
            </block>
        </preface>
        <debateBody><debateSection name="writtenAnswer" eId="dbsect_3">
                    <heading>Clár Tacaíochta Teaghlaigh</heading>
                    <question by="#MichaelColreavy" to="#Minister_for_Arts,_Heritage_and_the_Gaeltacht" eId="pq_9">
                        <p eId="para_17">
        9
        
          D’fhiafraigh
        <b>Michael Colreavy</b>
         den 
        <b>Aire Ealaíon, Oidhreachta agus Gaeltachta</b>
          mar gheall ar an scéim a thug an tAire isteach in ionad Scéim Labhairt na Gaeilge, cé mhéid fiosrúchán atá faighte ag an Roinn ag lorg an phacáiste, cén teagmháil atá déanta ag an Roinn leis na daoine sin ó shin; cé mhéid pacáiste atá roinnte amach; cad atá sa phacáiste anois.  
        [35032/12]
      </p>
                    </question>
                    <speech by="#DinnyMcGinley" as="#Minister_of_State_at_the_Department_of_Arts,_Heritage_and_the_Gaeltacht">
                        <from>Minister of State at the Department of Arts, Heritage and the Gaeltacht (Deputy Dinny McGinley)</from>
                        <p eId="para_18">Ar an 26 Aibreán 2012, d'fhógair mé an Clár Tacaíochta Teaghlaigh a bhfuil sé mar aidhm aige an Ghaeilge a threisiú mar theanga teaghlaigh agus pobail sa Ghaeltacht i gcomhréir leis an Straitéis 20 Bliain don Ghaeilge. Faoin gClár seo, tá mo Roinnse ag tógáil 12 beart ar leith chun tacú le teaghlaigh Ghaeltachta atá ag tógáil a gclann le Gaeilge nó a dteastaíonn uathu a gclann a thógáil le Gaeilge.</p>
                        <p eId="para_19">Mar chuid de na bearta seo, táthar ag soláthar pacáiste tacaíochta do thuismitheoirí a dhéanann teagmháil le mo Roinnse. Go dtí seo, tá 87 iarratas faighte ag mo Roinnse don phacáiste tacaíochta. Tá leabhrán sa phacáiste tacaíochta do thuismitheoirí, a bhfuil sé mar chuspóir aige comhairle phraiticiúil a chur ar thuismitheoirí maidir le páistí a thógáil le Gaeilge, chomh maith le dlúthdhiosca rannta agus leabhar rannta atá oiriúnach do pháistí. Tá obair idir lámha ag mo Roinnse faoi láthair i dtreo cur leis an bpacáiste tacaíochta seo.</p>
                    </speech>
                </debateSection>
                </debateBody></debate>
</akomaNtoso>
