<?xml version='1.0' encoding='UTF-8'?>
<akomaNtoso xmlns="http://docs.oasis-open.org/legaldocml/ns/akn/3.0/CSD13" xmlns:xsi="http://www.w3.org/2001/XMLSchema-instance" xsi:schemaLocation="http://docs.oasis-open.org/legaldocml/ns/akn/3.0/CSD13 ./akomantoso30.xsd ">
    <debate name="Official Report">
        <meta>
            <identification source="#source">
                <FRBRWork>
                    <FRBRthis value="/akn/ie/debateRecord/dail/2012-07-18/writtens/dbsect_281"/>
                    <FRBRuri value="/akn/ie/debateRecord/dail/2012-07-18/writtens"/>
                    <FRBRdate date="2012-07-18" name="#generation"/>
                    <FRBRauthor href="http://oireachtas.ie/ie/oireachtas/house/dail"/>
                    <FRBRcountry value="ie"/>
                <FRBRname value="writtens"/></FRBRWork>
                <FRBRExpression>
                    <FRBRthis value="/akn/ie/debateRecord/dail/2012-07-18/writtens/mul@/dbsect_281"/>
                    <FRBRuri value="/akn/ie/debateRecord/dail/2012-07-18/writtens/mul@"/>
                    <FRBRdate date="2012-07-18" name="#reported"/>
                    <FRBRauthor as="#editor" href="http://oireachtas.ie/ie/oireachtas/role/debates"/>
                    <FRBRlanguage language="mul"/>
                </FRBRExpression>
                <FRBRManifestation>
                    <FRBRthis value="/akn/ie/debateRecord/dail/2012-07-18/writtens/mul@/dbsect_281.xml"/>
                    <FRBRuri value="/akn/ie/debateRecord/dail/2012-07-18/writtens/mul@.akn"/>
                    <FRBRdate date="2016-08-17T12:53:12.290656" name="#publication"/>
                    <FRBRauthor as="#editor" href="http://oireachtas.ie/ie/oireachtas/role/debates"/>
                </FRBRManifestation>
            </identification>
            <references source="#debates">
                <TLCOrganization eId="source" href="http://oireachtas.ie" showAs="Houses of the Oireachtas"/><TLCConcept eId="generation" href="http://oireachtas.ie/ie/oireachtas/ontology#Generation" showAs="Generation"/>
<TLCConcept eId="reported" href="http://oireachtas.ie/ie/oireachtas/ontology#Reported" showAs="Reported"/>
<TLCConcept eId="publication" href="http://oireachtas.ie/ie/oireachtas/ontology#Publication" showAs="Publication"/>
<TLCPerson eId="LeoVaradkar" href="http://oireachtas.ie/ie/oireachtas/member/Leo-Varadkar.D.2007-06-14/dail/31" showAs="Dr. Leo Varadkar"/>
<TLCPerson eId="PatrickDeering" href="http://oireachtas.ie/ie/oireachtas/member/Patrick-Deering.D.2011-03-09/dail/31" showAs="Mr. Patrick Deering"/>
<TLCRole eId="Minister_for_Transport,_Tourism_and_Sport" href="http://oireachtas.ie/ie/oireachtas/member/Leo-Varadkar.D.2007-06-14/dail/31/minister/transport__tourism__sport" showAs="Minister for Transport, Tourism and Sport"/>
</references>
        </meta>
        <preface>
            <block name="title_ga">
                <docTitle>DÍOSPÓIREACHTAÍ PARLAIMINTE</docTitle>
            </block>
            <block name="title_en">
                <docTitle>PARLIAMENTARY DEBATES</docTitle>
            </block>
            <block name="proponent_ga">
                <docProponent>DÁIL ÉIREANN</docProponent>
            </block>
            <block name="status_ga">
                <docStatus>TUAIRISC OIFIGIÚIL</docStatus>
            </block>
            <block name="status_en">
                <docStatus>(OFFICIAL REPORT)</docStatus>
            </block>
            <block name="date_ga">
                <docDate date="2012-07-18">Dé Céadaoin, 18 Iúil 2012</docDate>
            </block>
            <block name="date_en">
                <docDate date="2012-07-18">Wednesday, 18 July 2012</docDate>
            </block>
        </preface>
        <debateBody><debateSection name="writtenAnswer" eId="dbsect_281">
                    <heading>Road Safety</heading>
                    <question by="#PatrickDeering" to="#Minister_for_Transport,_Tourism_and_Sport" eId="pq_380">
                        <p eId="para_5634">
        380
        <b> Deputy Pat Deering</b>
         asked the 
        <b>Minister for Transport, Tourism and Sport</b>
         the stage of the plans to regulate use of and speed of tractors on public roads, as there is particular concern in the farming community over the proposed 20% reduction in speed limit and the exclusion of tractors from motorways, bearing in mind the knock on effect this will have on costs to this crucial industry. 
        [35528/12]
      </p>
                    </question>
                    <speech by="#LeoVaradkar" as="#Minister_for_Transport,_Tourism_and_Sport">
                        <from>Minister for Transport, Tourism and Sport (Deputy Leo Varadkar)</from>
                        <p eId="para_5635">I am currently examining proposals in relation to the use of agricultural and works vehicles on Irish roads and I will announce my decision in due course. I am conscious that there are a number of different views on this matter and will bear them in mind as part of the decision making process.</p>
                    </speech>
                </debateSection>
                </debateBody></debate>
</akomaNtoso>
