<?xml version='1.0' encoding='UTF-8'?>
<akomaNtoso xmlns="http://docs.oasis-open.org/legaldocml/ns/akn/3.0/CSD13" xmlns:xsi="http://www.w3.org/2001/XMLSchema-instance" xsi:schemaLocation="http://docs.oasis-open.org/legaldocml/ns/akn/3.0/CSD13 ./akomantoso30.xsd ">
    <debate name="Official Report">
        <meta>
            <identification source="#source">
                <FRBRWork>
                    <FRBRthis value="/akn/ie/debateRecord/dail/2012-07-18/writtens/dbsect_143"/>
                    <FRBRuri value="/akn/ie/debateRecord/dail/2012-07-18/writtens"/>
                    <FRBRdate date="2012-07-18" name="#generation"/>
                    <FRBRauthor href="http://oireachtas.ie/ie/oireachtas/house/dail"/>
                    <FRBRcountry value="ie"/>
                <FRBRname value="writtens"/></FRBRWork>
                <FRBRExpression>
                    <FRBRthis value="/akn/ie/debateRecord/dail/2012-07-18/writtens/mul@/dbsect_143"/>
                    <FRBRuri value="/akn/ie/debateRecord/dail/2012-07-18/writtens/mul@"/>
                    <FRBRdate date="2012-07-18" name="#reported"/>
                    <FRBRauthor as="#editor" href="http://oireachtas.ie/ie/oireachtas/role/debates"/>
                    <FRBRlanguage language="mul"/>
                </FRBRExpression>
                <FRBRManifestation>
                    <FRBRthis value="/akn/ie/debateRecord/dail/2012-07-18/writtens/mul@/dbsect_143.xml"/>
                    <FRBRuri value="/akn/ie/debateRecord/dail/2012-07-18/writtens/mul@.akn"/>
                    <FRBRdate date="2016-08-17T12:53:12.290656" name="#publication"/>
                    <FRBRauthor as="#editor" href="http://oireachtas.ie/ie/oireachtas/role/debates"/>
                </FRBRManifestation>
            </identification>
            <references source="#debates">
                <TLCOrganization eId="source" href="http://oireachtas.ie" showAs="Houses of the Oireachtas"/><TLCConcept eId="generation" href="http://oireachtas.ie/ie/oireachtas/ontology#Generation" showAs="Generation"/>
<TLCConcept eId="reported" href="http://oireachtas.ie/ie/oireachtas/ontology#Reported" showAs="Reported"/>
<TLCConcept eId="publication" href="http://oireachtas.ie/ie/oireachtas/ontology#Publication" showAs="Publication"/>
<TLCPerson eId="JimmyDeenihan" href="http://oireachtas.ie/ie/oireachtas/member/Jimmy-Deenihan.S.1983-02-23/dail/31" showAs="Mr. Jimmy Deenihan"/>
<TLCPerson eId="RobertTroy" href="http://oireachtas.ie/ie/oireachtas/member/Robert-Troy.D.2011-03-09/dail/31" showAs="Mr. Robert Troy"/>
<TLCRole eId="Minister_for_Arts,_Heritage_and_the_Gaeltacht" href="http://oireachtas.ie/ie/oireachtas/member/Jimmy-Deenihan.S.1983-02-23/dail/31/minister/arts__heritage__gaeltacht" showAs="Minister for Arts, Heritage and the Gaeltacht"/>
</references>
        </meta>
        <preface>
            <block name="title_ga">
                <docTitle>DÍOSPÓIREACHTAÍ PARLAIMINTE</docTitle>
            </block>
            <block name="title_en">
                <docTitle>PARLIAMENTARY DEBATES</docTitle>
            </block>
            <block name="proponent_ga">
                <docProponent>DÁIL ÉIREANN</docProponent>
            </block>
            <block name="status_ga">
                <docStatus>TUAIRISC OIFIGIÚIL</docStatus>
            </block>
            <block name="status_en">
                <docStatus>(OFFICIAL REPORT)</docStatus>
            </block>
            <block name="date_ga">
                <docDate date="2012-07-18">Dé Céadaoin, 18 Iúil 2012</docDate>
            </block>
            <block name="date_en">
                <docDate date="2012-07-18">Wednesday, 18 July 2012</docDate>
            </block>
        </preface>
        <debateBody><debateSection name="writtenAnswer" eId="dbsect_143">
                    <heading>Film Industry Development</heading>
                    <question by="#RobertTroy" to="#Minister_for_Arts,_Heritage_and_the_Gaeltacht" eId="pq_191">
                        <p eId="para_4034">
        191
        <b> Deputy Robert Troy</b>
         asked the 
        <b>Minister for Arts, Heritage and the Gaeltacht</b>
         the amount of budget the Irish Film Board has given to its own board members; and if he will make a statement on the matter. 
        [35654/12]
      </p>
                    </question>
                    <speech by="#JimmyDeenihan" as="#Minister_for_Arts,_Heritage_and_the_Gaeltacht">
                        <from>Minister for Arts, Heritage and the Gaeltacht (Deputy Jimmy Deenihan)</from>
                        <p eId="para_4035">The Irish Film Board (IFB) is the statutorily independent agency responsible for the promotion and development of the Irish film industry and I have no responsibility in relation to its day-to-day operational matters.  The allocation of support to projects, including projects that members of the board of the IFB may have an interest in, is accordingly a matter for the IFB itself.</p>
                        <p eId="para_4036">Details of any support provided to projects with which members of the board have an association are detailed in its annual reports, as are its recusal policies for dealing with such applications.  These are available on the IFB website at<i>www.irishfilmboard.ie/irish_film_industry/reports/</i>.</p>
                        <p eId="para_4037">Copies of the published IFB's annual reports are also available in the Oireachtas Library.</p>
                    </speech><!--Fix-->
                </debateSection></debateBody></debate>
</akomaNtoso>
