<?xml version='1.0' encoding='UTF-8'?>
<akomaNtoso xmlns="http://docs.oasis-open.org/legaldocml/ns/akn/3.0/CSD13" xmlns:xsi="http://www.w3.org/2001/XMLSchema-instance" xsi:schemaLocation="http://docs.oasis-open.org/legaldocml/ns/akn/3.0/CSD13 ./akomantoso30.xsd ">
    <debate name="Official Report">
        <meta>
            <identification source="#source">
                <FRBRWork>
                    <FRBRthis value="/akn/ie/debateRecord/dail/2012-07-18/writtens/dbsect_139"/>
                    <FRBRuri value="/akn/ie/debateRecord/dail/2012-07-18/writtens"/>
                    <FRBRdate date="2012-07-18" name="#generation"/>
                    <FRBRauthor href="http://oireachtas.ie/ie/oireachtas/house/dail"/>
                    <FRBRcountry value="ie"/>
                <FRBRname value="writtens"/></FRBRWork>
                <FRBRExpression>
                    <FRBRthis value="/akn/ie/debateRecord/dail/2012-07-18/writtens/mul@/dbsect_139"/>
                    <FRBRuri value="/akn/ie/debateRecord/dail/2012-07-18/writtens/mul@"/>
                    <FRBRdate date="2012-07-18" name="#reported"/>
                    <FRBRauthor as="#editor" href="http://oireachtas.ie/ie/oireachtas/role/debates"/>
                    <FRBRlanguage language="mul"/>
                </FRBRExpression>
                <FRBRManifestation>
                    <FRBRthis value="/akn/ie/debateRecord/dail/2012-07-18/writtens/mul@/dbsect_139.xml"/>
                    <FRBRuri value="/akn/ie/debateRecord/dail/2012-07-18/writtens/mul@.akn"/>
                    <FRBRdate date="2016-08-17T12:53:12.290656" name="#publication"/>
                    <FRBRauthor as="#editor" href="http://oireachtas.ie/ie/oireachtas/role/debates"/>
                </FRBRManifestation>
            </identification>
            <references source="#debates">
                <TLCOrganization eId="source" href="http://oireachtas.ie" showAs="Houses of the Oireachtas"/><TLCConcept eId="generation" href="http://oireachtas.ie/ie/oireachtas/ontology#Generation" showAs="Generation"/>
<TLCConcept eId="reported" href="http://oireachtas.ie/ie/oireachtas/ontology#Reported" showAs="Reported"/>
<TLCConcept eId="publication" href="http://oireachtas.ie/ie/oireachtas/ontology#Publication" showAs="Publication"/>
<TLCPerson eId="JimmyDeenihan" href="http://oireachtas.ie/ie/oireachtas/member/Jimmy-Deenihan.S.1983-02-23/dail/31" showAs="Mr. Jimmy Deenihan"/>
<TLCPerson eId="SandraMcLellan" href="http://oireachtas.ie/ie/oireachtas/member/Sandra-McLellan.D.2011-03-09/dail/31" showAs="Ms. Sandra McLellan"/>
<TLCRole eId="Minister_for_Arts,_Heritage_and_the_Gaeltacht" href="http://oireachtas.ie/ie/oireachtas/member/Jimmy-Deenihan.S.1983-02-23/dail/31/minister/arts__heritage__gaeltacht" showAs="Minister for Arts, Heritage and the Gaeltacht"/>
</references>
        </meta>
        <preface>
            <block name="title_ga">
                <docTitle>DÍOSPÓIREACHTAÍ PARLAIMINTE</docTitle>
            </block>
            <block name="title_en">
                <docTitle>PARLIAMENTARY DEBATES</docTitle>
            </block>
            <block name="proponent_ga">
                <docProponent>DÁIL ÉIREANN</docProponent>
            </block>
            <block name="status_ga">
                <docStatus>TUAIRISC OIFIGIÚIL</docStatus>
            </block>
            <block name="status_en">
                <docStatus>(OFFICIAL REPORT)</docStatus>
            </block>
            <block name="date_ga">
                <docDate date="2012-07-18">Dé Céadaoin, 18 Iúil 2012</docDate>
            </block>
            <block name="date_en">
                <docDate date="2012-07-18">Wednesday, 18 July 2012</docDate>
            </block>
        </preface>
        <debateBody><debateSection name="writtenAnswer" eId="dbsect_139">
                    <heading>Heritage Council</heading>
                    <question by="#SandraMcLellan" to="#Minister_for_Arts,_Heritage_and_the_Gaeltacht" eId="pq_187">
                        <p eId="para_4013">
        187
        <b> Deputy Sandra McLellan</b>
         asked the 
        <b>Minister for Arts, Heritage and the Gaeltacht</b>
         his plans to engage in European projects that can showcase the value of heritage here; if he intends to develop a new empowering and community led enabling approach to the management and conservation of our heritage assets; and if he will make a statement on the matter. 
        [35833/12]
      </p>
                    </question>
                    <speech by="#JimmyDeenihan" as="#Minister_for_Arts,_Heritage_and_the_Gaeltacht">
                        <from>Minister for Arts, Heritage and the Gaeltacht (Deputy Jimmy Deenihan)</from>
                        <p eId="para_4014">My Department's principal objectives as regards our shared national heritage are to:</p>
                        <p eId="para_4015">promote the role which Ireland's heritage has to play in making Ireland an attractive destination for sustainable tourism and inward investment, and</p>
                        <p eId="para_4016">provide for the protection, conservation and development of our built and natural heritage in accordance with best practice and legal requirements both nationally and internationally.</p>
                        <p eId="para_4017">My Department, in delivering the continued protection, conservation and enhancement of our shared national heritage, does so within a multi-stranded framework and set of mechanisms based on various legislative provisions.  Central to this task is the continued engagement by my Department, relevant agencies and local authorities with communities and the active assistance of the owners of our national heritage assets.  This is a core activity of the Heritage Council in particular.</p>
                        <p eId="para_4018">My Department provides some limited funding under a number of headings for investment in the built and natural heritage, and also supports the Heritage Council and the Irish Heritage Trust in their work in the heritage area.  My Department is focused on working creatively across Government and with partner bodies, such as the Heritage Council, the Irish Heritage Trust, Fáilte Ireland, the EU-funded Rural Development Programme (formerly LEADER) and other heritage interests, in seeking to ensure that resources are directed towards the heritage sector.</p>
                        <p eId="para_4019">As Minister for the Arts, Heritage and the Gaeltacht, I am seeking to develop a number of initiatives which can contribute to the protection and appropriate re-use of our built heritage and the on-going challenges facing our architectural heritage, such as the adaptive re-use for historic properties and a forward plan-led approach to cultural heritage and urban design in our towns and cities.</p>
                        <p eId="para_4020">In this regard, my Department is currently engaged in developing a specific heritage-led Historic Towns Initiative in collaboration with Fáilte Ireland and the Heritage Council.  My primary objective with this initiative is to ensure that the participating towns have access to and an understanding of appropriate guidance to assist them in best conserving their heritage assets and, in so doing, underpin the sustainability of their community and local economy.  It is my hope that meeting these goals will also, by extension, significantly enhance the visitor experience, thus helping to maximise the potential positive contribution of tourism to each of these towns and their respective hinterlands.  I expect that the initiative, once fully developed by the end of 2012, will be piloted in at least three towns in 2013.  The initiative is informed by the experience of related interventions in other Member States for example under the EU INHERIT (2005-2007) and HerO (2008-2011) programmes.</p>
                        <p eId="para_4021">Ireland, represented by my Department and the Heritage Council, is also an active participant in the EU Joint Programming Initiative on Cultural Heritage and Global Change (JPICH) — specifically through the vehicle of the Joint Heritage European Programme (JHEP).  Funding from this programme is partly used to provide a full-time project manager at the Heritage Council, dealing directly with the heritage organisations of 25 EU Member States and other JPI Associated Countries.  Thus, Ireland is directly involved in shaping the priorities and agenda for heritage-related research in Europe, contributing to the formation of a Strategic Research Agenda for Cultural Heritage in all participating States.  Participation in the JPICH is an important step in establishing Ireland as a key player in European-level collaborative projects relating to Cultural Heritage and in establishing an effective network of European heritage partners.</p>
                        <p eId="para_4022">Finally, my Department regularly engages in the EU LIFE+ programme, in association with other Departments, agencies and NGOs, for the purpose of protecting and restoring our natural heritage, in particular habitats and species.  LIFE funding requires that projects have a substantial awareness raising component.  Current projects in which my Department is involved as funder and/or participant include removal of invasive non-native plant species from Lough Corrib and the canals; and restoration and improvement works on the Mulkear River.</p>
                    </speech>
                </debateSection>
                </debateBody></debate>
</akomaNtoso>
