<?xml version='1.0' encoding='UTF-8'?>
<akomaNtoso xmlns="http://docs.oasis-open.org/legaldocml/ns/akn/3.0/CSD13" xmlns:xsi="http://www.w3.org/2001/XMLSchema-instance" xsi:schemaLocation="http://docs.oasis-open.org/legaldocml/ns/akn/3.0/CSD13 ./akomantoso30.xsd ">
    <debate name="Official Report">
        <meta>
            <identification source="#source">
                <FRBRWork>
                    <FRBRthis value="/akn/ie/debateRecord/dail/2012-07-18/writtens/dbsect_151"/>
                    <FRBRuri value="/akn/ie/debateRecord/dail/2012-07-18/writtens"/>
                    <FRBRdate date="2012-07-18" name="#generation"/>
                    <FRBRauthor href="http://oireachtas.ie/ie/oireachtas/house/dail"/>
                    <FRBRcountry value="ie"/>
                <FRBRname value="writtens"/></FRBRWork>
                <FRBRExpression>
                    <FRBRthis value="/akn/ie/debateRecord/dail/2012-07-18/writtens/mul@/dbsect_151"/>
                    <FRBRuri value="/akn/ie/debateRecord/dail/2012-07-18/writtens/mul@"/>
                    <FRBRdate date="2012-07-18" name="#reported"/>
                    <FRBRauthor as="#editor" href="http://oireachtas.ie/ie/oireachtas/role/debates"/>
                    <FRBRlanguage language="mul"/>
                </FRBRExpression>
                <FRBRManifestation>
                    <FRBRthis value="/akn/ie/debateRecord/dail/2012-07-18/writtens/mul@/dbsect_151.xml"/>
                    <FRBRuri value="/akn/ie/debateRecord/dail/2012-07-18/writtens/mul@.akn"/>
                    <FRBRdate date="2016-08-17T12:53:12.290656" name="#publication"/>
                    <FRBRauthor as="#editor" href="http://oireachtas.ie/ie/oireachtas/role/debates"/>
                </FRBRManifestation>
            </identification>
            <references source="#debates">
                <TLCOrganization eId="source" href="http://oireachtas.ie" showAs="Houses of the Oireachtas"/><TLCConcept eId="generation" href="http://oireachtas.ie/ie/oireachtas/ontology#Generation" showAs="Generation"/>
<TLCConcept eId="reported" href="http://oireachtas.ie/ie/oireachtas/ontology#Reported" showAs="Reported"/>
<TLCConcept eId="publication" href="http://oireachtas.ie/ie/oireachtas/ontology#Publication" showAs="Publication"/>
<TLCPerson eId="JerryButtimer" href="http://oireachtas.ie/ie/oireachtas/member/Jerry-Buttimer.S.2007-07-23/dail/31" showAs="Mr. Jerry Buttimer"/>
<TLCPerson eId="JimmyDeenihan" href="http://oireachtas.ie/ie/oireachtas/member/Jimmy-Deenihan.S.1983-02-23/dail/31" showAs="Mr. Jimmy Deenihan"/>
<TLCRole eId="Minister_for_Arts,_Heritage_and_the_Gaeltacht" href="http://oireachtas.ie/ie/oireachtas/member/Jimmy-Deenihan.S.1983-02-23/dail/31/minister/arts__heritage__gaeltacht" showAs="Minister for Arts, Heritage and the Gaeltacht"/>
</references>
        </meta>
        <preface>
            <block name="title_ga">
                <docTitle>DÍOSPÓIREACHTAÍ PARLAIMINTE</docTitle>
            </block>
            <block name="title_en">
                <docTitle>PARLIAMENTARY DEBATES</docTitle>
            </block>
            <block name="proponent_ga">
                <docProponent>DÁIL ÉIREANN</docProponent>
            </block>
            <block name="status_ga">
                <docStatus>TUAIRISC OIFIGIÚIL</docStatus>
            </block>
            <block name="status_en">
                <docStatus>(OFFICIAL REPORT)</docStatus>
            </block>
            <block name="date_ga">
                <docDate date="2012-07-18">Dé Céadaoin, 18 Iúil 2012</docDate>
            </block>
            <block name="date_en">
                <docDate date="2012-07-18">Wednesday, 18 July 2012</docDate>
            </block>
        </preface>
        <debateBody><debateSection name="writtenAnswer" eId="dbsect_151">
                    <heading>Ministerial Advisers</heading>
                    <question by="#JerryButtimer" to="#Minister_for_Arts,_Heritage_and_the_Gaeltacht" eId="pq_206">
                        <p eId="para_4091">
        206
        <b> Deputy Jerry Buttimer</b>
         asked the 
        <b>Minister for Arts, Heritage and the Gaeltacht</b>
         if he will provide details of the number of political advisers employed by him or his Department; and if he will make a statement on the matter. 
        [35866/12]
      </p>
                    </question>
                    <question by="#JerryButtimer" to="#Minister_for_Arts,_Heritage_and_the_Gaeltacht" eId="pq_207">
                        <p eId="para_4092">
        207
        <b> Deputy Jerry Buttimer</b>
         asked the 
        <b>Minister for Arts, Heritage and the Gaeltacht</b>
         if he will provide details of the number of political advisers employed by his predecessors in each of the past five years; and if he will make a statement on the matter. 
        [35885/12]
      </p>
                    </question>
                    <speech by="#JimmyDeenihan" as="#Minister_for_Arts,_Heritage_and_the_Gaeltacht">
                        <from>Minister for Arts, Heritage and the Gaeltacht (Deputy Jimmy Deenihan)</from>
                        <p eId="para_4093">I propose to take Questions Nos. 206 and 207 together.</p>
                        <p eId="para_4094">As the Deputy will be aware, my Department was established on 2 June 2011.  Two special advisers are currently appointed to my office, one with effect from 7 June 2011 and the other from 2 April 2012. No special advisers have been appointed in the case of the Minister of State at my Department.</p>
                    </speech>
                </debateSection>
                </debateBody></debate>
</akomaNtoso>
