<?xml version='1.0' encoding='UTF-8'?>
<akomaNtoso xmlns="http://docs.oasis-open.org/legaldocml/ns/akn/3.0/CSD13" xmlns:xsi="http://www.w3.org/2001/XMLSchema-instance" xsi:schemaLocation="http://docs.oasis-open.org/legaldocml/ns/akn/3.0/CSD13 ./akomantoso30.xsd ">
    <debate name="Official Report">
        <meta>
            <identification source="#source">
                <FRBRWork>
                    <FRBRthis value="/akn/ie/debateRecord/dail/2012-07-18/writtens/dbsect_48"/>
                    <FRBRuri value="/akn/ie/debateRecord/dail/2012-07-18/writtens"/>
                    <FRBRdate date="2012-07-18" name="#generation"/>
                    <FRBRauthor href="http://oireachtas.ie/ie/oireachtas/house/dail"/>
                    <FRBRcountry value="ie"/>
                <FRBRname value="writtens"/></FRBRWork>
                <FRBRExpression>
                    <FRBRthis value="/akn/ie/debateRecord/dail/2012-07-18/writtens/mul@/dbsect_48"/>
                    <FRBRuri value="/akn/ie/debateRecord/dail/2012-07-18/writtens/mul@"/>
                    <FRBRdate date="2012-07-18" name="#reported"/>
                    <FRBRauthor as="#editor" href="http://oireachtas.ie/ie/oireachtas/role/debates"/>
                    <FRBRlanguage language="mul"/>
                </FRBRExpression>
                <FRBRManifestation>
                    <FRBRthis value="/akn/ie/debateRecord/dail/2012-07-18/writtens/mul@/dbsect_48.xml"/>
                    <FRBRuri value="/akn/ie/debateRecord/dail/2012-07-18/writtens/mul@.akn"/>
                    <FRBRdate date="2016-08-17T12:53:12.290656" name="#publication"/>
                    <FRBRauthor as="#editor" href="http://oireachtas.ie/ie/oireachtas/role/debates"/>
                </FRBRManifestation>
            </identification>
            <references source="#debates">
                <TLCOrganization eId="source" href="http://oireachtas.ie" showAs="Houses of the Oireachtas"/><TLCConcept eId="generation" href="http://oireachtas.ie/ie/oireachtas/ontology#Generation" showAs="Generation"/>
<TLCConcept eId="reported" href="http://oireachtas.ie/ie/oireachtas/ontology#Reported" showAs="Reported"/>
<TLCConcept eId="publication" href="http://oireachtas.ie/ie/oireachtas/ontology#Publication" showAs="Publication"/>
<TLCPerson eId="MichaelNoonan" href="http://oireachtas.ie/ie/oireachtas/member/Michael-Noonan.D.1981-06-30/dail/31" showAs="Mr. Michael Noonan"/>
<TLCPerson eId="MichelleMulherin" href="http://oireachtas.ie/ie/oireachtas/member/Michelle-Mulherin.D.2011-03-09/dail/31" showAs="Ms. Michelle Mulherin"/>
<TLCRole eId="Minister_for_Finance" href="http://oireachtas.ie/ie/oireachtas/member/Michael-Noonan.D.1981-06-30/dail/31/minister/finance" showAs="Minister for Finance"/>
</references>
        </meta>
        <preface>
            <block name="title_ga">
                <docTitle>DÍOSPÓIREACHTAÍ PARLAIMINTE</docTitle>
            </block>
            <block name="title_en">
                <docTitle>PARLIAMENTARY DEBATES</docTitle>
            </block>
            <block name="proponent_ga">
                <docProponent>DÁIL ÉIREANN</docProponent>
            </block>
            <block name="status_ga">
                <docStatus>TUAIRISC OIFIGIÚIL</docStatus>
            </block>
            <block name="status_en">
                <docStatus>(OFFICIAL REPORT)</docStatus>
            </block>
            <block name="date_ga">
                <docDate date="2012-07-18">Dé Céadaoin, 18 Iúil 2012</docDate>
            </block>
            <block name="date_en">
                <docDate date="2012-07-18">Wednesday, 18 July 2012</docDate>
            </block>
        </preface>
        <debateBody><debateSection name="writtenAnswer" eId="dbsect_48">
                    <heading>National Asset Management Agency</heading>
                    <question by="#MichelleMulherin" to="#Minister_for_Finance" eId="pq_76">
                        <p eId="para_473">
        76
        <b> Deputy Michelle Mulherin</b>
         asked the 
        <b>Minister for Finance</b>
         the number of firms of solicitors that are on the National Asset Management Agency panel of solicitors; and if he will make a statement on the matter. 
        [35790/12]
      </p>
                    </question>
                    <question by="#MichelleMulherin" to="#Minister_for_Finance" eId="pq_77">
                        <p eId="para_474">
        77
        <b> Deputy Michelle Mulherin</b>
         asked the 
        <b>Minister for Finance</b>
         the number of firms of solicitors that have received work from National Asset Management Agency since they were appointed to the panel; and if he will make a statement on the matter. 
        [35791/12]
      </p>
                    </question>
                    <question by="#MichelleMulherin" to="#Minister_for_Finance" eId="pq_78">
                        <p eId="para_475">
        78
        <b> Deputy Michelle Mulherin</b>
         asked the 
        <b>Minister for Finance</b>
         the firms of solicitors that have received work from National Asset Management Agency since the panel of solicitors was established; and if he will make a statement on the matter. 
        [35792/12]
      </p>
                    </question>
                    <question by="#MichelleMulherin" to="#Minister_for_Finance" eId="pq_79">
                        <p eId="para_476">
        79
        <b> Deputy Michelle Mulherin</b>
         asked the 
        <b>Minister for Finance</b>
         the number of cases that have been referred by National Asset Management Agency to those firms of solicitors who have received instructions from it in the past two years; and if he will make a statement on the matter. 
        [35793/12]
      </p>
                    </question>
                    <question by="#MichelleMulherin" to="#Minister_for_Finance" eId="pq_80">
                        <p eId="para_477">
        80
        <b> Deputy Michelle Mulherin</b>
         asked the 
        <b>Minister for Finance</b>
         the number of firms of solicitors on the National Asset Management Agency panel that have not yet received any instructions from it; and if he will make a statement on the matter. 
        [35794/12]
      </p>
                    </question>
                    <question by="#MichelleMulherin" to="#Minister_for_Finance" eId="pq_81">
                        <p eId="para_478">
        81
        <b> Deputy Michelle Mulherin</b>
         asked the 
        <b>Minister for Finance</b>
         the reason National Asset Management Agency has not used all of the firms of solicitors on the NAMA panel; and if he will make a statement on the matter. 
        [35795/12]
      </p>
                    </question>
                    <question by="#MichelleMulherin" to="#Minister_for_Finance" eId="pq_82">
                        <p eId="para_479">
        82
        <b> Deputy Michelle Mulherin</b>
         asked the 
        <b>Minister for Finance</b>
         the number of firms of solicitors in Connacht that are on the National Asset Management Agency panel; and if he will make a statement on the matter. 
        [35796/12]
      </p>
                    </question>
                    <question by="#MichelleMulherin" to="#Minister_for_Finance" eId="pq_83">
                        <p eId="para_480">
        83
        <b> Deputy Michelle Mulherin</b>
         asked the 
        <b>Minister for Finance</b>
         the work, if any, that has been given to solicitors on the NAMA panel in Connacht in the past two years; and if he will make a statement on the matter. 
        [35797/12]
      </p>
                    </question>
                    <speech by="#MichaelNoonan" as="#Minister_for_Finance">
                        <from>Minister for Finance (Deputy Michael Noonan)</from>
                        <p eId="para_481">I propose to take Questions Nos. 76 to 83, inclusive, together.</p>
                        <p eId="para_482">I am advised by NAMA that a list of all tenders run by it and the results of the tenders are available on its website,<i>www.nama.ie</i>.  NAMA operates three legal panels from which it procures services as and when required:</p>
                        <p eId="para_483">Legal Due Diligence Panel (Issue date: 31st of July 2009)</p>
                        <p eId="para_484">Enforcement and Refinancing Panel (Issue date: 31st March 2010)</p>
                        <p eId="para_485">Corporate Legal Services Panel (Issue date: 22nd September 2011)</p>
                        <p eId="para_486">The list of firms on each panel is available at<i>www.nama.ie/procurement/</i>.</p>
                        <p eId="para_487">It is not clear as to which Panel the Deputy is referring.  On the presumption that the questions relate to the Legal Due Diligence Panel, NAMA advises that:</p>
                        <p eId="para_488">The appointment by the NTMA of the 64 legal firms to that legal panel was carried out in advance of the establishment of NAMA.  It was made in contemplation of due diligence work which would be carried out by NAMA in respect of the acquisition of relevant bank assets from institutions participating in the NAMA scheme.  At that time, the NTMA did not have a clear view of the resources that would be required to fulfil that task.  Accordingly, it made clear that the making of any such appointment would not necessarily mean that a successful appointee would subsequently be engaged.  This was specified in clause 3.1 of that agreement.</p>
                        <p eId="para_489">As it transpired, the vast bulk of loans (and corresponding debt exposures) acquired by NAMA were highly concentrated in a relatively small number of debtors whose secured lending arrangements were both complex and expansive.  NAMA formed the view that it required the assistance of certain specialist firms on its panel who, in NAMA's view, had the resources, expertise and experience to deal with those arrangements.  That is not to say, however, that NAMA only relied on such firms in the due diligence process.  As the process progressed, NAMA engaged firms of all sizes and representing a geographic spread. However, it should be noted that over 90% of the property collateral securing NAMA loans was based in a small number of counties: Dublin, Cork, Galway, Limerick, Wicklow, Kildare, Meath and Louth.</p>
                        <p eId="para_490">While NAMA was aware of having the resources of the entire appointed panel at its disposal, it did not actually need to engage all on that panel for a variety of reasons. Amongst these, NAMA engaged a number of solicitors to work with it directly, in-house, in carrying out the legal due diligence function, which brought significant efficiencies and acquired knowledge within the Agency.  NAMA also, in conjunction with the participating institutions, refined the due diligence process to enable NAMA to limit the legal resources it required.</p>
                        <p eId="para_491">The work for which this panel was formed is now substantially complete and those on the Panel will be notified of its termination in due course.</p>
                        <p eId="para_492">In relation to due diligence work carried out for NAMA from its inception to end-March 2012, please be advised of the following fees paid, which formed part of a response to a previous parliamentary question on the matter:</p>
                        <p eId="para_493">
                            <i>Due Diligence Costs </i>
                        </p>
                        <p eId="para_494">
                            <i>Due diligence costs are costs that NAMA has incurred upon acquiring the portfolio of loans from the Participating Institutions. The Loan valuation model used by NAMA to acquire the loans makes an allowance for due diligence costs as a reduction from the acquisition value of the loans and as a result NAMA recovers the majority of its due diligence costs from the Financial Institutions</i>.</p>
                        <p eId="para_495">
                            <i>a) Legal due diligence (from inception to March 31st, 2012)</i>
                        </p>
                        <p class="indent_1" eId="para_496">
                            <i>Legal due diligence costs are recovered from the Financial Institutions through a reduction in the acquisition value.</i>
                        </p>
                        <table>
                            <tr>
                                <td>
                                    <p eId="para_497">Legal due diligence</p>
                                </td>
                                <td>
                                    <p eId="para_498">2010</p>
                                </td>
                                <td>
                                    <p eId="para_499">2011</p>
                                </td>
                                <td>
                                    <p eId="para_500">2012</p>
                                </td>
                                <td>
                                    <p eId="para_501">Total €’000</p>
                                </td>
                            </tr>
                            <tr>
                                <td>
                                    <p eId="para_502">Hogan Lovells International LLP</p>
                                </td>
                                <td>
                                    <p eId="para_503">1,279</p>
                                </td>
                                <td>
                                    <p eId="para_504">1,046</p>
                                </td>
                                <td>
                                    <p eId="para_505">134</p>
                                </td>
                                <td>
                                    <p eId="para_506">2,459</p>
                                </td>
                            </tr>
                            <tr>
                                <td>
                                    <p eId="para_507">Allen &amp; Overy LLP</p>
                                </td>
                                <td>
                                    <p eId="para_508">922</p>
                                </td>
                                <td>
                                    <p eId="para_509">633</p>
                                </td>
                                <td>
                                    <p eId="para_510">12</p>
                                </td>
                                <td>
                                    <p eId="para_511">1,567</p>
                                </td>
                            </tr>
                            <tr>
                                <td>
                                    <p eId="para_512">Arthur Cox</p>
                                </td>
                                <td>
                                    <p eId="para_513">1,033</p>
                                </td>
                                <td>
                                    <p eId="para_514">419</p>
                                </td>
                                <td>
                                    <p eId="para_515">96</p>
                                </td>
                                <td>
                                    <p eId="para_516">1,548</p>
                                </td>
                            </tr>
                            <tr>
                                <td>
                                    <p eId="para_517">Dillon Eustace</p>
                                </td>
                                <td>
                                    <p eId="para_518">709</p>
                                </td>
                                <td>
                                    <p eId="para_519">428</p>
                                </td>
                                <td>
                                    <p eId="para_520">5</p>
                                </td>
                                <td>
                                    <p eId="para_521">1,142</p>
                                </td>
                            </tr>
                            <tr>
                                <td>
                                    <p eId="para_522">Maples and Calder</p>
                                </td>
                                <td>
                                    <p eId="para_523">553</p>
                                </td>
                                <td>
                                    <p eId="para_524">550</p>
                                </td>
                                <td>
                                    <p eId="para_525">0</p>
                                </td>
                                <td>
                                    <p eId="para_526">1,103</p>
                                </td>
                            </tr>
                            <tr>
                                <td>
                                    <p eId="para_527">Beauchamps Solicitors</p>
                                </td>
                                <td>
                                    <p eId="para_528">289</p>
                                </td>
                                <td>
                                    <p eId="para_529">702</p>
                                </td>
                                <td>
                                    <p eId="para_530">77</p>
                                </td>
                                <td>
                                    <p eId="para_531">1,068</p>
                                </td>
                            </tr>
                            <tr>
                                <td>
                                    <p eId="para_532">Byrne Wallace</p>
                                </td>
                                <td>
                                    <p eId="para_533">605</p>
                                </td>
                                <td>
                                    <p eId="para_534">418</p>
                                </td>
                                <td>
                                    <p eId="para_535">0</p>
                                </td>
                                <td>
                                    <p eId="para_536">1,023</p>
                                </td>
                            </tr>
                            <tr>
                                <td>
                                    <p eId="para_537">Matheson Ormsby Prentice</p>
                                </td>
                                <td>
                                    <p eId="para_538">339</p>
                                </td>
                                <td>
                                    <p eId="para_539">622</p>
                                </td>
                                <td>
                                    <p eId="para_540">33</p>
                                </td>
                                <td>
                                    <p eId="para_541">994</p>
                                </td>
                            </tr>
                            <tr>
                                <td>
                                    <p eId="para_542">Eversheds O’Donnell Sweeney</p>
                                </td>
                                <td>
                                    <p eId="para_543">380</p>
                                </td>
                                <td>
                                    <p eId="para_544">214</p>
                                </td>
                                <td>
                                    <p eId="para_545">20</p>
                                </td>
                                <td>
                                    <p eId="para_546">614</p>
                                </td>
                            </tr>
                            <tr>
                                <td>
                                    <p eId="para_547">LK Shields Solicitors</p>
                                </td>
                                <td>
                                    <p eId="para_548">377</p>
                                </td>
                                <td>
                                    <p eId="para_549">196</p>
                                </td>
                                <td>
                                    <p eId="para_550">0</p>
                                </td>
                                <td>
                                    <p eId="para_551">573</p>
                                </td>
                            </tr>
                            <tr>
                                <td>
                                    <p eId="para_552">Arthur Cox Northern Ireland</p>
                                </td>
                                <td>
                                    <p eId="para_553">165</p>
                                </td>
                                <td>
                                    <p eId="para_554">193</p>
                                </td>
                                <td>
                                    <p eId="para_555">91</p>
                                </td>
                                <td>
                                    <p eId="para_556">449</p>
                                </td>
                            </tr>
                            <tr>
                                <td>
                                    <p eId="para_557">Gartlan Furey Solicitors</p>
                                </td>
                                <td>
                                    <p eId="para_558">39</p>
                                </td>
                                <td>
                                    <p eId="para_559">304</p>
                                </td>
                                <td>
                                    <p eId="para_560">0</p>
                                </td>
                                <td>
                                    <p eId="para_561">343</p>
                                </td>
                            </tr>
                            <tr>
                                <td>
                                    <p eId="para_562">Ronan Daly Jermyn Solicitors</p>
                                </td>
                                <td>
                                    <p eId="para_563">116</p>
                                </td>
                                <td>
                                    <p eId="para_564">202</p>
                                </td>
                                <td>
                                    <p eId="para_565">0</p>
                                </td>
                                <td>
                                    <p eId="para_566">318</p>
                                </td>
                            </tr>
                            <tr>
                                <td>
                                    <p eId="para_567">Eugene F Collins</p>
                                </td>
                                <td>
                                    <p eId="para_568">269</p>
                                </td>
                                <td>
                                    <p eId="para_569">0</p>
                                </td>
                                <td>
                                    <p eId="para_570">0</p>
                                </td>
                                <td>
                                    <p eId="para_571">269</p>
                                </td>
                            </tr>
                            <tr>
                                <td>
                                    <p eId="para_572">Gore &amp; Grimes Solicitors</p>
                                </td>
                                <td>
                                    <p eId="para_573">61</p>
                                </td>
                                <td>
                                    <p eId="para_574">198</p>
                                </td>
                                <td>
                                    <p eId="para_575">7</p>
                                </td>
                                <td>
                                    <p eId="para_576">266</p>
                                </td>
                            </tr>
                            <tr>
                                <td>
                                    <p eId="para_577">Andrew Crean-Lynch Solicitors</p>
                                </td>
                                <td>
                                    <p eId="para_578">67</p>
                                </td>
                                <td>
                                    <p eId="para_579">63</p>
                                </td>
                                <td>
                                    <p eId="para_580">64</p>
                                </td>
                                <td>
                                    <p eId="para_581">194</p>
                                </td>
                            </tr>
                            <tr>
                                <td>
                                    <p eId="para_582">O’Flynn Exhams Solicitors</p>
                                </td>
                                <td>
                                    <p eId="para_583">70</p>
                                </td>
                                <td>
                                    <p eId="para_584">100</p>
                                </td>
                                <td>
                                    <p eId="para_585">0</p>
                                </td>
                                <td>
                                    <p eId="para_586">170</p>
                                </td>
                            </tr>
                            <tr>
                                <td>
                                    <p eId="para_587">Holmes O’Malley Sexton Solicitors</p>
                                </td>
                                <td>
                                    <p eId="para_588">0</p>
                                </td>
                                <td>
                                    <p eId="para_589">153</p>
                                </td>
                                <td>
                                    <p eId="para_590">0</p>
                                </td>
                                <td>
                                    <p eId="para_591">153</p>
                                </td>
                            </tr>
                            <tr>
                                <td>
                                    <p eId="para_592">Mason Hayes &amp; Curran</p>
                                </td>
                                <td>
                                    <p eId="para_593">64</p>
                                </td>
                                <td>
                                    <p eId="para_594">21</p>
                                </td>
                                <td>
                                    <p eId="para_595">34</p>
                                </td>
                                <td>
                                    <p eId="para_596">119</p>
                                </td>
                            </tr>
                            <tr>
                                <td>
                                    <p eId="para_597">A&amp;L Goodbody Solicitors</p>
                                </td>
                                <td>
                                    <p eId="para_598">0</p>
                                </td>
                                <td>
                                    <p eId="para_599">69</p>
                                </td>
                                <td>
                                    <p eId="para_600">28</p>
                                </td>
                                <td>
                                    <p eId="para_601">97</p>
                                </td>
                            </tr>
                            <tr>
                                <td>
                                    <p eId="para_602">Tods Murray</p>
                                </td>
                                <td>
                                    <p eId="para_603">42</p>
                                </td>
                                <td>
                                    <p eId="para_604">23</p>
                                </td>
                                <td>
                                    <p eId="para_605">0</p>
                                </td>
                                <td>
                                    <p eId="para_606">65</p>
                                </td>
                            </tr>
                            <tr>
                                <td>
                                    <p eId="para_607">William Fry Solicitors</p>
                                </td>
                                <td>
                                    <p eId="para_608">60</p>
                                </td>
                                <td>
                                    <p eId="para_609">0</p>
                                </td>
                                <td>
                                    <p eId="para_610">0</p>
                                </td>
                                <td>
                                    <p eId="para_611">60</p>
                                </td>
                            </tr>
                            <tr>
                                <td>
                                    <p eId="para_612">Ogier</p>
                                </td>
                                <td>
                                    <p eId="para_613">6</p>
                                </td>
                                <td>
                                    <p eId="para_614">35</p>
                                </td>
                                <td>
                                    <p eId="para_615">0</p>
                                </td>
                                <td>
                                    <p eId="para_616">41</p>
                                </td>
                            </tr>
                            <tr>
                                <td>
                                    <p eId="para_617">Campos Ferreira Sa Carneiro</p>
                                </td>
                                <td>
                                    <p eId="para_618">27</p>
                                </td>
                                <td>
                                    <p eId="para_619">0</p>
                                </td>
                                <td>
                                    <p eId="para_620">0</p>
                                </td>
                                <td>
                                    <p eId="para_621">27</p>
                                </td>
                            </tr>
                            <tr>
                                <td>
                                    <p eId="para_622">Cains</p>
                                </td>
                                <td>
                                    <p eId="para_623">0</p>
                                </td>
                                <td>
                                    <p eId="para_624">11</p>
                                </td>
                                <td>
                                    <p eId="para_625">0</p>
                                </td>
                                <td>
                                    <p eId="para_626">11</p>
                                </td>
                            </tr>
                            <tr>
                                <td>
                                    <p eId="para_627">R. John McBratney (Exper Reviewer)</p>
                                </td>
                                <td>
                                    <p eId="para_628">24</p>
                                </td>
                                <td>
                                    <p eId="para_629">-14</p>
                                </td>
                                <td>
                                    <p eId="para_630">0</p>
                                </td>
                                <td>
                                    <p eId="para_631">10</p>
                                </td>
                            </tr>
                            <tr>
                                <td>
                                    <p eId="para_632">Parker, Hudson, Rainer &amp; Dobbs LLP</p>
                                </td>
                                <td>
                                    <p eId="para_633">0</p>
                                </td>
                                <td>
                                    <p eId="para_634">3</p>
                                </td>
                                <td>
                                    <p eId="para_635">0</p>
                                </td>
                                <td>
                                    <p eId="para_636">3</p>
                                </td>
                            </tr>
                            <tr>
                                <td>
                                    <p eId="para_637">Mourant Ozannes</p>
                                </td>
                                <td>
                                    <p eId="para_638">0</p>
                                </td>
                                <td>
                                    <p eId="para_639">1</p>
                                </td>
                                <td>
                                    <p eId="para_640">0</p>
                                </td>
                                <td>
                                    <p eId="para_641">1</p>
                                </td>
                            </tr>
                            <tr>
                                <td>
                                    <p eId="para_642">Total</p>
                                </td>
                                <td>
                                    <p eId="para_643">7,497</p>
                                </td>
                                <td>
                                    <p eId="para_644">6,591</p>
                                </td>
                                <td>
                                    <p eId="para_645">599</p>
                                </td>
                                <td>
                                    <p eId="para_646">14,687</p>
                                </td>
                            </tr>
                        </table>
                        <p eId="para_647">
                            <i>b) Property due diligence (from inception to March 31st, 2012)</i>
                        </p>
                        <p class="indent_1" eId="para_648">
                            <i>Property due diligence costs are recovered from the Financial Institutions through a reduction in the acquisition value.</i>
                        </p>
                        <table>
                            <tr>
                                <td>
                                    <p eId="para_649">Property due diligence</p>
                                </td>
                                <td>
                                    <p eId="para_650">2010</p>
                                </td>
                                <td>
                                    <p eId="para_651">2011</p>
                                </td>
                                <td>
                                    <p eId="para_652">2012</p>
                                </td>
                                <td>
                                    <p eId="para_653">Total €’000</p>
                                </td>
                            </tr>
                            <tr>
                                <td>
                                    <p eId="para_654">Donal O'Buachalla &amp; Co Ltd</p>
                                </td>
                                <td>
                                    <p eId="para_655">329</p>
                                </td>
                                <td>
                                    <p eId="para_656">873</p>
                                </td>
                                <td>
                                    <p eId="para_657">0</p>
                                </td>
                                <td>
                                    <p eId="para_658">1,202</p>
                                </td>
                            </tr>
                            <tr>
                                <td>
                                    <p eId="para_659">Colliers International Dublin</p>
                                </td>
                                <td>
                                    <p eId="para_660">444</p>
                                </td>
                                <td>
                                    <p eId="para_661">524</p>
                                </td>
                                <td>
                                    <p eId="para_662">19</p>
                                </td>
                                <td>
                                    <p eId="para_663">987</p>
                                </td>
                            </tr>
                            <tr>
                                <td>
                                    <p eId="para_664">Lisney Ltd</p>
                                </td>
                                <td>
                                    <p eId="para_665">293</p>
                                </td>
                                <td>
                                    <p eId="para_666">567</p>
                                </td>
                                <td>
                                    <p eId="para_667">11</p>
                                </td>
                                <td>
                                    <p eId="para_668">871</p>
                                </td>
                            </tr>
                            <tr>
                                <td>
                                    <p eId="para_669">Jones Lang Lasalle Ltd -Dublin</p>
                                </td>
                                <td>
                                    <p eId="para_670">330</p>
                                </td>
                                <td>
                                    <p eId="para_671">428</p>
                                </td>
                                <td>
                                    <p eId="para_672">2</p>
                                </td>
                                <td>
                                    <p eId="para_673">760</p>
                                </td>
                            </tr>
                            <tr>
                                <td>
                                    <p eId="para_674">Knight Frank LLP</p>
                                </td>
                                <td>
                                    <p eId="para_675">266</p>
                                </td>
                                <td>
                                    <p eId="para_676">490</p>
                                </td>
                                <td>
                                    <p eId="para_677">3</p>
                                </td>
                                <td>
                                    <p eId="para_678">759</p>
                                </td>
                            </tr>
                            <tr>
                                <td>
                                    <p eId="para_679">WK Nowlan &amp; Associates</p>
                                </td>
                                <td>
                                    <p eId="para_680">327</p>
                                </td>
                                <td>
                                    <p eId="para_681">406</p>
                                </td>
                                <td>
                                    <p eId="para_682">16</p>
                                </td>
                                <td>
                                    <p eId="para_683">749</p>
                                </td>
                            </tr>
                            <tr>
                                <td>
                                    <p eId="para_684">Lambert Smith Hampton</p>
                                </td>
                                <td>
                                    <p eId="para_685">111</p>
                                </td>
                                <td>
                                    <p eId="para_686">578</p>
                                </td>
                                <td>
                                    <p eId="para_687">2</p>
                                </td>
                                <td>
                                    <p eId="para_688">691</p>
                                </td>
                            </tr>
                            <tr>
                                <td>
                                    <p eId="para_689">HWBC Ltd</p>
                                </td>
                                <td>
                                    <p eId="para_690">210</p>
                                </td>
                                <td>
                                    <p eId="para_691">418</p>
                                </td>
                                <td>
                                    <p eId="para_692">3</p>
                                </td>
                                <td>
                                    <p eId="para_693">631</p>
                                </td>
                            </tr>
                            <tr>
                                <td>
                                    <p eId="para_694">Savills Commercial (Ireland) Ltd</p>
                                </td>
                                <td>
                                    <p eId="para_695">52</p>
                                </td>
                                <td>
                                    <p eId="para_696">456</p>
                                </td>
                                <td>
                                    <p eId="para_697">105</p>
                                </td>
                                <td>
                                    <p eId="para_698">613</p>
                                </td>
                            </tr>
                            <tr>
                                <td>
                                    <p eId="para_699">CB Richard Ellis</p>
                                </td>
                                <td>
                                    <p eId="para_700">278</p>
                                </td>
                                <td>
                                    <p eId="para_701">283</p>
                                </td>
                                <td>
                                    <p eId="para_702">50</p>
                                </td>
                                <td>
                                    <p eId="para_703">611</p>
                                </td>
                            </tr>
                            <tr>
                                <td>
                                    <p eId="para_704">Bannon Commercial Property Consultants Ltd</p>
                                </td>
                                <td>
                                    <p eId="para_705">229</p>
                                </td>
                                <td>
                                    <p eId="para_706">301</p>
                                </td>
                                <td>
                                    <p eId="para_707">3</p>
                                </td>
                                <td>
                                    <p eId="para_708">533</p>
                                </td>
                            </tr>
                            <tr>
                                <td>
                                    <p eId="para_709">Irish &amp; European</p>
                                </td>
                                <td>
                                    <p eId="para_710">70</p>
                                </td>
                                <td>
                                    <p eId="para_711">417</p>
                                </td>
                                <td>
                                    <p eId="para_712">7</p>
                                </td>
                                <td>
                                    <p eId="para_713">494</p>
                                </td>
                            </tr>
                            <tr>
                                <td>
                                    <p eId="para_714">Cushman and Wakefield</p>
                                </td>
                                <td>
                                    <p eId="para_715">56</p>
                                </td>
                                <td>
                                    <p eId="para_716">355</p>
                                </td>
                                <td>
                                    <p eId="para_717">65</p>
                                </td>
                                <td>
                                    <p eId="para_718">476</p>
                                </td>
                            </tr>
                            <tr>
                                <td>
                                    <p eId="para_719">DTZ Sherry Fitzgerald</p>
                                </td>
                                <td>
                                    <p eId="para_720">75</p>
                                </td>
                                <td>
                                    <p eId="para_721">391</p>
                                </td>
                                <td>
                                    <p eId="para_722">40</p>
                                </td>
                                <td>
                                    <p eId="para_723">506</p>
                                </td>
                            </tr>
                            <tr>
                                <td>
                                    <p eId="para_724">Rooney Auctioners &amp; Chartered Surveyors</p>
                                </td>
                                <td>
                                    <p eId="para_725">82</p>
                                </td>
                                <td>
                                    <p eId="para_726">327</p>
                                </td>
                                <td>
                                    <p eId="para_727">6</p>
                                </td>
                                <td>
                                    <p eId="para_728">415</p>
                                </td>
                            </tr>
                            <tr>
                                <td>
                                    <p eId="para_729">GVA Grimley Ltd</p>
                                </td>
                                <td>
                                    <p eId="para_730">142</p>
                                </td>
                                <td>
                                    <p eId="para_731">231</p>
                                </td>
                                <td>
                                    <p eId="para_732">0</p>
                                </td>
                                <td>
                                    <p eId="para_733">373</p>
                                </td>
                            </tr>
                            <tr>
                                <td>
                                    <p eId="para_734">Drivers Jonas Deloitte</p>
                                </td>
                                <td>
                                    <p eId="para_735">106</p>
                                </td>
                                <td>
                                    <p eId="para_736">208</p>
                                </td>
                                <td>
                                    <p eId="para_737">0</p>
                                </td>
                                <td>
                                    <p eId="para_738">314</p>
                                </td>
                            </tr>
                            <tr>
                                <td>
                                    <p eId="para_739">Cohalan Downing</p>
                                </td>
                                <td>
                                    <p eId="para_740">71</p>
                                </td>
                                <td>
                                    <p eId="para_741">203</p>
                                </td>
                                <td>
                                    <p eId="para_742">0</p>
                                </td>
                                <td>
                                    <p eId="para_743">274</p>
                                </td>
                            </tr>
                            <tr>
                                <td>
                                    <p eId="para_744">Gerlad Eve LLP</p>
                                </td>
                                <td>
                                    <p eId="para_745">32</p>
                                </td>
                                <td>
                                    <p eId="para_746">190</p>
                                </td>
                                <td>
                                    <p eId="para_747">0</p>
                                </td>
                                <td>
                                    <p eId="para_748">222</p>
                                </td>
                            </tr>
                            <tr>
                                <td>
                                    <p eId="para_749">Colliers International Belfast</p>
                                </td>
                                <td>
                                    <p eId="para_750">53</p>
                                </td>
                                <td>
                                    <p eId="para_751">158</p>
                                </td>
                                <td>
                                    <p eId="para_752">5</p>
                                </td>
                                <td>
                                    <p eId="para_753">216</p>
                                </td>
                            </tr>
                            <tr>
                                <td>
                                    <p eId="para_754">Osborne King Commerical Property Consultants</p>
                                </td>
                                <td>
                                    <p eId="para_755">30</p>
                                </td>
                                <td>
                                    <p eId="para_756">175</p>
                                </td>
                                <td>
                                    <p eId="para_757">0</p>
                                </td>
                                <td>
                                    <p eId="para_758">205</p>
                                </td>
                            </tr>
                            <tr>
                                <td>
                                    <p eId="para_759">BTW Shiells Commerical Property Consultants</p>
                                </td>
                                <td>
                                    <p eId="para_760">39</p>
                                </td>
                                <td>
                                    <p eId="para_761">143</p>
                                </td>
                                <td>
                                    <p eId="para_762">5</p>
                                </td>
                                <td>
                                    <p eId="para_763">187</p>
                                </td>
                            </tr>
                            <tr>
                                <td>
                                    <p eId="para_764">Frazer Kidd &amp; Partners</p>
                                </td>
                                <td>
                                    <p eId="para_765">44</p>
                                </td>
                                <td>
                                    <p eId="para_766">85</p>
                                </td>
                                <td>
                                    <p eId="para_767">22</p>
                                </td>
                                <td>
                                    <p eId="para_768">151</p>
                                </td>
                            </tr>
                            <tr>
                                <td>
                                    <p eId="para_769">DTZ Sherry Fitzgerald Ltd - Cork</p>
                                </td>
                                <td>
                                    <p eId="para_770">11</p>
                                </td>
                                <td>
                                    <p eId="para_771">59</p>
                                </td>
                                <td>
                                    <p eId="para_772">0</p>
                                </td>
                                <td>
                                    <p eId="para_773">70</p>
                                </td>
                            </tr>
                            <tr>
                                <td>
                                    <p eId="para_774">Colliers International USA</p>
                                </td>
                                <td>
                                    <p eId="para_775">44</p>
                                </td>
                                <td>
                                    <p eId="para_776">18</p>
                                </td>
                                <td>
                                    <p eId="para_777">2</p>
                                </td>
                                <td>
                                    <p eId="para_778">64</p>
                                </td>
                            </tr>
                            <tr>
                                <td>
                                    <p eId="para_779">CB Richard Ellis Hotels</p>
                                </td>
                                <td>
                                    <p eId="para_780">2</p>
                                </td>
                                <td>
                                    <p eId="para_781">34</p>
                                </td>
                                <td>
                                    <p eId="para_782">6</p>
                                </td>
                                <td>
                                    <p eId="para_783">42</p>
                                </td>
                            </tr>
                            <tr>
                                <td>
                                    <p eId="para_784">Savills Commercial (UK) Ltd</p>
                                </td>
                                <td>
                                    <p eId="para_785">25</p>
                                </td>
                                <td>
                                    <p eId="para_786">8</p>
                                </td>
                                <td>
                                    <p eId="para_787">0</p>
                                </td>
                                <td>
                                    <p eId="para_788">33</p>
                                </td>
                            </tr>
                            <tr>
                                <td>
                                    <p eId="para_789">J Sheils Planning &amp; Enviornmental Ltd</p>
                                </td>
                                <td>
                                    <p eId="para_790">0</p>
                                </td>
                                <td>
                                    <p eId="para_791">23</p>
                                </td>
                                <td>
                                    <p eId="para_792">0</p>
                                </td>
                                <td>
                                    <p eId="para_793">23</p>
                                </td>
                            </tr>
                            <tr>
                                <td>
                                    <p eId="para_794">Lisney Ltd (Belfast)</p>
                                </td>
                                <td>
                                    <p eId="para_795">0</p>
                                </td>
                                <td>
                                    <p eId="para_796">16</p>
                                </td>
                                <td>
                                    <p eId="para_797">0</p>
                                </td>
                                <td>
                                    <p eId="para_798">16</p>
                                </td>
                            </tr>
                            <tr>
                                <td>
                                    <p eId="para_799">CB Richard Ellis (GBP) Ltd</p>
                                </td>
                                <td>
                                    <p eId="para_800">14</p>
                                </td>
                                <td>
                                    <p eId="para_801">0</p>
                                </td>
                                <td>
                                    <p eId="para_802">44</p>
                                </td>
                                <td>
                                    <p eId="para_803">58</p>
                                </td>
                            </tr>
                            <tr>
                                <td>
                                    <p eId="para_804">DTZ McCoombe Pierce</p>
                                </td>
                                <td>
                                    <p eId="para_805">12</p>
                                </td>
                                <td>
                                    <p eId="para_806">1</p>
                                </td>
                                <td>
                                    <p eId="para_807">0</p>
                                </td>
                                <td>
                                    <p eId="para_808">13</p>
                                </td>
                            </tr>
                            <tr>
                                <td>
                                    <p eId="para_809">Knight Frank (Dublin)</p>
                                </td>
                                <td>
                                    <p eId="para_810">0</p>
                                </td>
                                <td>
                                    <p eId="para_811">9</p>
                                </td>
                                <td>
                                    <p eId="para_812">10</p>
                                </td>
                                <td>
                                    <p eId="para_813">19</p>
                                </td>
                            </tr>
                            <tr>
                                <td>
                                    <p eId="para_814">CB Richard Ellis (France) Valuation</p>
                                </td>
                                <td>
                                    <p eId="para_815">0</p>
                                </td>
                                <td>
                                    <p eId="para_816">11</p>
                                </td>
                                <td>
                                    <p eId="para_817">0</p>
                                </td>
                                <td>
                                    <p eId="para_818">11</p>
                                </td>
                            </tr>
                            <tr>
                                <td>
                                    <p eId="para_819">Savills Immobilien Beratungs-Gmbh (Berlin)</p>
                                </td>
                                <td>
                                    <p eId="para_820">0</p>
                                </td>
                                <td>
                                    <p eId="para_821">7</p>
                                </td>
                                <td>
                                    <p eId="para_822">0</p>
                                </td>
                                <td>
                                    <p eId="para_823">7</p>
                                </td>
                            </tr>
                            <tr>
                                <td>
                                    <p eId="para_824">CB Richard Ellis Inc</p>
                                </td>
                                <td>
                                    <p eId="para_825">0</p>
                                </td>
                                <td>
                                    <p eId="para_826">6</p>
                                </td>
                                <td>
                                    <p eId="para_827">0</p>
                                </td>
                                <td>
                                    <p eId="para_828">6</p>
                                </td>
                            </tr>
                            <tr>
                                <td>
                                    <p eId="para_829">Colliers International London</p>
                                </td>
                                <td>
                                    <p eId="para_830">6</p>
                                </td>
                                <td>
                                    <p eId="para_831">0</p>
                                </td>
                                <td>
                                    <p eId="para_832">0</p>
                                </td>
                                <td>
                                    <p eId="para_833">6</p>
                                </td>
                            </tr>
                            <tr>
                                <td>
                                    <p eId="para_834">Cushman and Wakefield of Florida Inc.</p>
                                </td>
                                <td>
                                    <p eId="para_835">6</p>
                                </td>
                                <td>
                                    <p eId="para_836">0</p>
                                </td>
                                <td>
                                    <p eId="para_837">0</p>
                                </td>
                                <td>
                                    <p eId="para_838">6</p>
                                </td>
                            </tr>
                            <tr>
                                <td>
                                    <p eId="para_839">CBRE sr.o (Czech Republic)</p>
                                </td>
                                <td>
                                    <p eId="para_840">0</p>
                                </td>
                                <td>
                                    <p eId="para_841">0</p>
                                </td>
                                <td>
                                    <p eId="para_842">5</p>
                                </td>
                                <td>
                                    <p eId="para_843">5</p>
                                </td>
                            </tr>
                            <tr>
                                <td>
                                    <p eId="para_844">Savills Consultores Inmobiliarios</p>
                                </td>
                                <td>
                                    <p eId="para_845">0</p>
                                </td>
                                <td>
                                    <p eId="para_846">4</p>
                                </td>
                                <td>
                                    <p eId="para_847">0</p>
                                </td>
                                <td>
                                    <p eId="para_848">4</p>
                                </td>
                            </tr>
                            <tr>
                                <td>
                                    <p eId="para_849">DTZ Debenham Tie Leung</p>
                                </td>
                                <td>
                                    <p eId="para_850">0</p>
                                </td>
                                <td>
                                    <p eId="para_851">1</p>
                                </td>
                                <td>
                                    <p eId="para_852">0</p>
                                </td>
                                <td>
                                    <p eId="para_853">1</p>
                                </td>
                            </tr>
                            <tr>
                                <td>
                                    <p eId="para_854">David White Valuations</p>
                                </td>
                                <td>
                                    <p eId="para_855">1</p>
                                </td>
                                <td>
                                    <p eId="para_856">0</p>
                                </td>
                                <td>
                                    <p eId="para_857">0</p>
                                </td>
                                <td>
                                    <p eId="para_858">1</p>
                                </td>
                            </tr>
                            <tr>
                                <td>
                                    <p eId="para_859">CB Richard Ellis (Srbija)</p>
                                </td>
                                <td>
                                    <p eId="para_860">0</p>
                                </td>
                                <td>
                                    <p eId="para_861">0</p>
                                </td>
                                <td>
                                    <p eId="para_862">1</p>
                                </td>
                                <td>
                                    <p eId="para_863">1</p>
                                </td>
                            </tr>
                            <tr>
                                <td>
                                    <p eId="para_864">CBRE NI (Northern Ireland)</p>
                                </td>
                                <td>
                                    <p eId="para_865">0</p>
                                </td>
                                <td>
                                    <p eId="para_866">0</p>
                                </td>
                                <td>
                                    <p eId="para_867">1</p>
                                </td>
                                <td>
                                    <p eId="para_868">1</p>
                                </td>
                            </tr>
                            <tr>
                                <td>
                                    <p eId="para_869">Total</p>
                                </td>
                                <td>
                                    <p eId="para_870">3,791</p>
                                </td>
                                <td>
                                    <p eId="para_871">8,403</p>
                                </td>
                                <td>
                                    <p eId="para_872">433</p>
                                </td>
                                <td>
                                    <p eId="para_873">12,627</p>
                                </td>
                            </tr>
                        </table>
                        <p eId="para_874">
                            <i>c) Loan Valuation and related due diligence (from inception to March 31st, 2012)</i>
                        </p>
                        <p class="indent_1" eId="para_875">
                            <i>Loan valuation and related due diligence costs are recovered from the Financial Institutions through a reduction in the acquisition value.</i>
                        </p>
                        <table>
                            <tr>
                                <td>
                                    <p eId="para_876">Loan Valuation &amp; related due diligence</p>
                                </td>
                                <td>
                                    <p eId="para_877">2010</p>
                                </td>
                                <td>
                                    <p eId="para_878">2011</p>
                                </td>
                                <td>
                                    <p eId="para_879">2012</p>
                                </td>
                                <td>
                                    <p eId="para_880">Total €’000</p>
                                </td>
                            </tr>
                            <tr>
                                <td>
                                    <p eId="para_881">Enrst &amp; Young</p>
                                </td>
                                <td>
                                    <p eId="para_882">1,521</p>
                                </td>
                                <td>
                                    <p eId="para_883">6,867</p>
                                </td>
                                <td>
                                    <p eId="para_884">33</p>
                                </td>
                                <td>
                                    <p eId="para_885">8,421</p>
                                </td>
                            </tr>
                            <tr>
                                <td>
                                    <p eId="para_886">PriceWaterhouseCoopers</p>
                                </td>
                                <td>
                                    <p eId="para_887">3,858</p>
                                </td>
                                <td>
                                    <p eId="para_888">3,662</p>
                                </td>
                                <td>
                                    <p eId="para_889">6</p>
                                </td>
                                <td>
                                    <p eId="para_890">7,526</p>
                                </td>
                            </tr>
                            <tr>
                                <td>
                                    <p eId="para_891">Alvarez &amp; Marsal Europe LLP</p>
                                </td>
                                <td>
                                    <p eId="para_892">2,214</p>
                                </td>
                                <td>
                                    <p eId="para_893">4,410</p>
                                </td>
                                <td>
                                    <p eId="para_894">450</p>
                                </td>
                                <td>
                                    <p eId="para_895">7,074</p>
                                </td>
                            </tr>
                            <tr>
                                <td>
                                    <p eId="para_896">FTI Consulting Ltd</p>
                                </td>
                                <td>
                                    <p eId="para_897">881</p>
                                </td>
                                <td>
                                    <p eId="para_898">2,676</p>
                                </td>
                                <td>
                                    <p eId="para_899">770</p>
                                </td>
                                <td>
                                    <p eId="para_900">4,327</p>
                                </td>
                            </tr>
                            <tr>
                                <td>
                                    <p eId="para_901">UHY Hacker Young LLP</p>
                                </td>
                                <td>
                                    <p eId="para_902">659</p>
                                </td>
                                <td>
                                    <p eId="para_903">2,096</p>
                                </td>
                                <td>
                                    <p eId="para_904">986</p>
                                </td>
                                <td>
                                    <p eId="para_905">3,741</p>
                                </td>
                            </tr>
                            <tr>
                                <td>
                                    <p eId="para_906">Lisney Ltd (Belfast)</p>
                                </td>
                                <td>
                                    <p eId="para_907">9,132</p>
                                </td>
                                <td>
                                    <p eId="para_908">19,711</p>
                                </td>
                                <td>
                                    <p eId="para_909">2,244</p>
                                </td>
                                <td>
                                    <p eId="para_910">31,087</p>
                                </td>
                            </tr>
                        </table>
                    </speech><!--Fix-->
                </debateSection></debateBody></debate>
</akomaNtoso>
