<?xml version='1.0' encoding='UTF-8'?>
<akomaNtoso xmlns="http://docs.oasis-open.org/legaldocml/ns/akn/3.0/CSD13" xmlns:xsi="http://www.w3.org/2001/XMLSchema-instance" xsi:schemaLocation="http://docs.oasis-open.org/legaldocml/ns/akn/3.0/CSD13 ./akomantoso30.xsd ">
    <debate name="Official Report">
        <meta>
            <identification source="#source">
                <FRBRWork>
                    <FRBRthis value="/akn/ie/debateRecord/dail/2012-07-18/writtens/dbsect_204"/>
                    <FRBRuri value="/akn/ie/debateRecord/dail/2012-07-18/writtens"/>
                    <FRBRdate date="2012-07-18" name="#generation"/>
                    <FRBRauthor href="http://oireachtas.ie/ie/oireachtas/house/dail"/>
                    <FRBRcountry value="ie"/>
                <FRBRname value="writtens"/></FRBRWork>
                <FRBRExpression>
                    <FRBRthis value="/akn/ie/debateRecord/dail/2012-07-18/writtens/mul@/dbsect_204"/>
                    <FRBRuri value="/akn/ie/debateRecord/dail/2012-07-18/writtens/mul@"/>
                    <FRBRdate date="2012-07-18" name="#reported"/>
                    <FRBRauthor as="#editor" href="http://oireachtas.ie/ie/oireachtas/role/debates"/>
                    <FRBRlanguage language="mul"/>
                </FRBRExpression>
                <FRBRManifestation>
                    <FRBRthis value="/akn/ie/debateRecord/dail/2012-07-18/writtens/mul@/dbsect_204.xml"/>
                    <FRBRuri value="/akn/ie/debateRecord/dail/2012-07-18/writtens/mul@.akn"/>
                    <FRBRdate date="2016-08-17T12:53:12.290656" name="#publication"/>
                    <FRBRauthor as="#editor" href="http://oireachtas.ie/ie/oireachtas/role/debates"/>
                </FRBRManifestation>
            </identification>
            <references source="#debates">
                <TLCOrganization eId="source" href="http://oireachtas.ie" showAs="Houses of the Oireachtas"/><TLCConcept eId="generation" href="http://oireachtas.ie/ie/oireachtas/ontology#Generation" showAs="Generation"/>
<TLCConcept eId="reported" href="http://oireachtas.ie/ie/oireachtas/ontology#Reported" showAs="Reported"/>
<TLCConcept eId="publication" href="http://oireachtas.ie/ie/oireachtas/ontology#Publication" showAs="Publication"/>
<TLCPerson eId="AlanShatter" href="http://oireachtas.ie/ie/oireachtas/member/Alan-Shatter.D.1981-06-30/dail/31" showAs="Mr. Alan Shatter"/>
<TLCPerson eId="TommyBroughan" href="http://oireachtas.ie/ie/oireachtas/member/Thomas-P-Broughan.D.1992-12-14/dail/31" showAs="Mr. Tommy Broughan"/>
<TLCRole eId="Minister_for_Justice_and_Equality" href="http://oireachtas.ie/ie/oireachtas/member/Alan-Shatter.D.1981-06-30/dail/31/minister/justice__equality" showAs="Minister for Justice and Equality"/>
</references>
        </meta>
        <preface>
            <block name="title_ga">
                <docTitle>DÍOSPÓIREACHTAÍ PARLAIMINTE</docTitle>
            </block>
            <block name="title_en">
                <docTitle>PARLIAMENTARY DEBATES</docTitle>
            </block>
            <block name="proponent_ga">
                <docProponent>DÁIL ÉIREANN</docProponent>
            </block>
            <block name="status_ga">
                <docStatus>TUAIRISC OIFIGIÚIL</docStatus>
            </block>
            <block name="status_en">
                <docStatus>(OFFICIAL REPORT)</docStatus>
            </block>
            <block name="date_ga">
                <docDate date="2012-07-18">Dé Céadaoin, 18 Iúil 2012</docDate>
            </block>
            <block name="date_en">
                <docDate date="2012-07-18">Wednesday, 18 July 2012</docDate>
            </block>
        </preface>
        <debateBody><debateSection name="writtenAnswer" eId="dbsect_204">
                    <heading>Garda Investigations</heading>
                    <question by="#TommyBroughan" to="#Minister_for_Justice_and_Equality" eId="pq_269">
                        <p eId="para_4866">
        269
        <b>Deputy Thomas P. Broughan</b>
         asked the 
        <b>Minister for Justice and Equality</b>
         if he has received a detailed report from the Garda Commissioner regarding the trouble which occurred in the Phoenix Park on the 7 July last; if the promoters and relevant local authorities and the Office of Public Works officials were interviewed; the number of persons arrested and charged to date; the number of successful convictions secured to date; and if he will make a statement on the matter. 
        [35839/12]
      </p>
                    </question>
                    <speech by="#AlanShatter" as="#Minister_for_Justice_and_Equality">
                        <from>Minister for Justice and Equality (Deputy Alan Shatter)</from>
                        <p eId="para_4867">As I set out in my response to the Deputy on 17 July 2012 (Question No. 535), An Garda Síochána is reviewing what happened at the concert in question.  An initial meeting was held with the concert organisers last week and it was agreed that both organisations will carry out a more in depth review regarding all aspects of the event. The fact is that the arrangements which were in place on the Saturday night did not prevent the type of behaviour which took place.</p>
                        <p eId="para_4868">The Garda Commissioner has undertaken to let me have a full report following that review and I can assure the Deputy that I am determined any lessons will be taken fully into account in future planning and risk management of such events.</p>
                        <p eId="para_4869">Insofar as arrests are concerned, I am informed that 148 incidents were reported in connection with the event in question and 33 persons were arrested.  The majority of the incidents remain under investigation.  One person has been charged with offences of assault, contrary to the Non-Fatal Offences against the Person Act, 1997 and several offences contrary to the Criminal Justice (Public Order) Act, 1996 and was remained in custody.</p>
                    </speech><!--Fix-->
                </debateSection></debateBody></debate>
</akomaNtoso>
