<?xml version='1.0' encoding='UTF-8'?>
<akomaNtoso xmlns="http://docs.oasis-open.org/legaldocml/ns/akn/3.0/CSD13" xmlns:xsi="http://www.w3.org/2001/XMLSchema-instance" xsi:schemaLocation="http://docs.oasis-open.org/legaldocml/ns/akn/3.0/CSD13 ./akomantoso30.xsd ">
    <debate name="Official Report">
        <meta>
            <identification source="#source">
                <FRBRWork>
                    <FRBRthis value="/akn/ie/debateRecord/dail/2012-07-18/writtens/dbsect_24"/>
                    <FRBRuri value="/akn/ie/debateRecord/dail/2012-07-18/writtens"/>
                    <FRBRdate date="2012-07-18" name="#generation"/>
                    <FRBRauthor href="http://oireachtas.ie/ie/oireachtas/house/dail"/>
                    <FRBRcountry value="ie"/>
                <FRBRname value="writtens"/></FRBRWork>
                <FRBRExpression>
                    <FRBRthis value="/akn/ie/debateRecord/dail/2012-07-18/writtens/mul@/dbsect_24"/>
                    <FRBRuri value="/akn/ie/debateRecord/dail/2012-07-18/writtens/mul@"/>
                    <FRBRdate date="2012-07-18" name="#reported"/>
                    <FRBRauthor as="#editor" href="http://oireachtas.ie/ie/oireachtas/role/debates"/>
                    <FRBRlanguage language="mul"/>
                </FRBRExpression>
                <FRBRManifestation>
                    <FRBRthis value="/akn/ie/debateRecord/dail/2012-07-18/writtens/mul@/dbsect_24.xml"/>
                    <FRBRuri value="/akn/ie/debateRecord/dail/2012-07-18/writtens/mul@.akn"/>
                    <FRBRdate date="2016-08-17T12:53:12.290656" name="#publication"/>
                    <FRBRauthor as="#editor" href="http://oireachtas.ie/ie/oireachtas/role/debates"/>
                </FRBRManifestation>
            </identification>
            <references source="#debates">
                <TLCOrganization eId="source" href="http://oireachtas.ie" showAs="Houses of the Oireachtas"/><TLCConcept eId="generation" href="http://oireachtas.ie/ie/oireachtas/ontology#Generation" showAs="Generation"/>
<TLCConcept eId="reported" href="http://oireachtas.ie/ie/oireachtas/ontology#Reported" showAs="Reported"/>
<TLCConcept eId="publication" href="http://oireachtas.ie/ie/oireachtas/ontology#Publication" showAs="Publication"/>
<TLCPerson eId="JimmyDeenihan" href="http://oireachtas.ie/ie/oireachtas/member/Jimmy-Deenihan.S.1983-02-23/dail/31" showAs="Mr. Jimmy Deenihan"/>
<TLCPerson eId="SeanCroweSF" href="http://oireachtas.ie/ie/oireachtas/member/Seán-Crowe.D.2002-06-06/dail/31" showAs="Mr. Sean Crowe"/>
<TLCRole eId="Minister_for_Arts,_Heritage_and_the_Gaeltacht" href="http://oireachtas.ie/ie/oireachtas/member/Jimmy-Deenihan.S.1983-02-23/dail/31/minister/arts__heritage__gaeltacht" showAs="Minister for Arts, Heritage and the Gaeltacht"/>
</references>
        </meta>
        <preface>
            <block name="title_ga">
                <docTitle>DÍOSPÓIREACHTAÍ PARLAIMINTE</docTitle>
            </block>
            <block name="title_en">
                <docTitle>PARLIAMENTARY DEBATES</docTitle>
            </block>
            <block name="proponent_ga">
                <docProponent>DÁIL ÉIREANN</docProponent>
            </block>
            <block name="status_ga">
                <docStatus>TUAIRISC OIFIGIÚIL</docStatus>
            </block>
            <block name="status_en">
                <docStatus>(OFFICIAL REPORT)</docStatus>
            </block>
            <block name="date_ga">
                <docDate date="2012-07-18">Dé Céadaoin, 18 Iúil 2012</docDate>
            </block>
            <block name="date_en">
                <docDate date="2012-07-18">Wednesday, 18 July 2012</docDate>
            </block>
        </preface>
        <debateBody><debateSection name="writtenAnswer" eId="dbsect_24">
                    <heading>Arts Funding</heading>
                    <question by="#SeanCroweSF" to="#Minister_for_Arts,_Heritage_and_the_Gaeltacht" eId="pq_43">
                        <p eId="para_134">
        43
        <b>Deputy Seán Crowe</b>
         asked the 
        <b>Minister for Arts, Heritage and the Gaeltacht</b>
         his plans to publish data relating to public spending which would indicate the contribution made by the arts to combating poverty and exclusion; and if he will make a statement on the matter. 
        [35431/12]
      </p>
                    </question>
                    <speech by="#JimmyDeenihan" as="#Minister_for_Arts,_Heritage_and_the_Gaeltacht">
                        <from>Minister for Arts, Heritage and the Gaeltacht (Deputy Jimmy Deenihan)</from>
                        <p eId="para_135">The Government's policy on the arts is to promote and strengthen the arts in all its forms, to increase access to and participation in the arts, and to make the arts an integral and valued part of our national life.  I am continuing to work towards this goal with my Department and the agencies within its remit.</p>
                        <p eId="para_136">
                            <i>The Programme for Government 2011-2016, </i>along with my Department’s <i>Statement of Strategy,</i> has the overall goal of promoting and developing Ireland’s world-class artistic and creative strengths at home and abroad, and maximising their societal, economic and reputational value for the country.</p>
                        <p eId="para_137">My Department is, therefore, actively engaged in promoting the benefit of arts and culture to the wider community throughout the country. Our mandate seeks to promote access to and participation in, the arts by all sections of Irish society and to support our national cultural institutions in their work to preserve, protect and present our heritage and cultural assets. The Deputy will appreciate, however, that I have no statutory function in relation to poverty and exclusion.</p>
                        <p eId="para_138">As the Deputy will know, responsibility for the promotion of the arts at all levels throughout the country is devolved primarily to the Arts Council, as the principal agency through which State funding is channelled to the arts.  Under the Arts Act 2003, the general functions of the Council include the following:</p>
                        <p eId="para_139">to stimulate public interest in the arts;</p>
                        <p eId="para_140">to promote knowledge, appreciation and practice of the arts; and</p>
                        <p eId="para_141">to assist in improving standards in the arts.</p>
                        <p eId="para_142">The Arts Council is a statutorily independent in its day-to-day operations, including in relation to its funding decisions.  I understand that, while the Arts Council does not have any specific initiatives in place the sole purpose of which would be to combat poverty or promote social inclusion, inclusion and wide social access to the arts has long been a core value of the Arts Council The outcome of this can be seen in the Council's funding decisions across all art forms and areas of arts practice and, in particular, in the funding through Arts Participation grants and in the grants for arts activity for Young People, Children and Education. Furthermore, the Council recently considered the matter of social inclusion and has identified the twin areas of<i>Education</i> and of <i>Public Access and Engagement</i>   as priorities. It is also the case that the Arts Council’s long-standing partnership with local authorities throughout the country is premised in part on the understanding that local authority arts programmes often seek to address those sections of society with little or limited access to the arts.</p>
                    </speech>
                    <summary eId="sum_17">Question No. 44 answered with Question No. 8.</summary>
                    <summary eId="sum_18">Question No. 45 answered with Question No. 15.</summary>
                </debateSection>
                </debateBody></debate>
</akomaNtoso>
