<?xml version='1.0' encoding='UTF-8'?>
<akomaNtoso xmlns="http://docs.oasis-open.org/legaldocml/ns/akn/3.0/CSD13" xmlns:xsi="http://www.w3.org/2001/XMLSchema-instance" xsi:schemaLocation="http://docs.oasis-open.org/legaldocml/ns/akn/3.0/CSD13 ./akomantoso30.xsd ">
    <debate name="Official Report">
        <meta>
            <identification source="#source">
                <FRBRWork>
                    <FRBRthis value="/akn/ie/debateRecord/dail/2012-07-18/writtens/dbsect_174"/>
                    <FRBRuri value="/akn/ie/debateRecord/dail/2012-07-18/writtens"/>
                    <FRBRdate date="2012-07-18" name="#generation"/>
                    <FRBRauthor href="http://oireachtas.ie/ie/oireachtas/house/dail"/>
                    <FRBRcountry value="ie"/>
                <FRBRname value="writtens"/></FRBRWork>
                <FRBRExpression>
                    <FRBRthis value="/akn/ie/debateRecord/dail/2012-07-18/writtens/mul@/dbsect_174"/>
                    <FRBRuri value="/akn/ie/debateRecord/dail/2012-07-18/writtens/mul@"/>
                    <FRBRdate date="2012-07-18" name="#reported"/>
                    <FRBRauthor as="#editor" href="http://oireachtas.ie/ie/oireachtas/role/debates"/>
                    <FRBRlanguage language="mul"/>
                </FRBRExpression>
                <FRBRManifestation>
                    <FRBRthis value="/akn/ie/debateRecord/dail/2012-07-18/writtens/mul@/dbsect_174.xml"/>
                    <FRBRuri value="/akn/ie/debateRecord/dail/2012-07-18/writtens/mul@.akn"/>
                    <FRBRdate date="2016-08-17T12:53:12.290656" name="#publication"/>
                    <FRBRauthor as="#editor" href="http://oireachtas.ie/ie/oireachtas/role/debates"/>
                </FRBRManifestation>
            </identification>
            <references source="#debates">
                <TLCOrganization eId="source" href="http://oireachtas.ie" showAs="Houses of the Oireachtas"/><TLCConcept eId="generation" href="http://oireachtas.ie/ie/oireachtas/ontology#Generation" showAs="Generation"/>
<TLCConcept eId="reported" href="http://oireachtas.ie/ie/oireachtas/ontology#Reported" showAs="Reported"/>
<TLCConcept eId="publication" href="http://oireachtas.ie/ie/oireachtas/ontology#Publication" showAs="Publication"/>
<TLCPerson eId="BrianStanley" href="http://oireachtas.ie/ie/oireachtas/member/Brian-Stanley.D.2011-03-09/dail/31" showAs="Mr. Brian Stanley"/>
<TLCPerson eId="PhilipHogan" href="http://oireachtas.ie/ie/oireachtas/member/Phil-Hogan.S.1987-04-25/dail/31" showAs="Mr. Phil Hogan"/>
<TLCRole eId="Minister_for_the_Environment,_Community_and_Local_Government" href="http://oireachtas.ie/ie/oireachtas/member/Phil-Hogan.S.1987-04-25/dail/31/minister/environment__community__local_government" showAs="Minister for the Environment, Community and Local Government"/>
</references>
        </meta>
        <preface>
            <block name="title_ga">
                <docTitle>DÍOSPÓIREACHTAÍ PARLAIMINTE</docTitle>
            </block>
            <block name="title_en">
                <docTitle>PARLIAMENTARY DEBATES</docTitle>
            </block>
            <block name="proponent_ga">
                <docProponent>DÁIL ÉIREANN</docProponent>
            </block>
            <block name="status_ga">
                <docStatus>TUAIRISC OIFIGIÚIL</docStatus>
            </block>
            <block name="status_en">
                <docStatus>(OFFICIAL REPORT)</docStatus>
            </block>
            <block name="date_ga">
                <docDate date="2012-07-18">Dé Céadaoin, 18 Iúil 2012</docDate>
            </block>
            <block name="date_en">
                <docDate date="2012-07-18">Wednesday, 18 July 2012</docDate>
            </block>
        </preface>
        <debateBody><debateSection name="writtenAnswer" eId="dbsect_174">
                    <heading>Proposed Legislation</heading>
                    <question by="#BrianStanley" to="#Minister_for_the_Environment,_Community_and_Local_Government" eId="pq_232">
                        <p eId="para_4489">
        232
        <b> Deputy Brian Stanley</b>
         asked the 
        <b>Minister for the Environment, Community and Local Government</b>
         the reason for the delay in releasing the overview analysis of the responses to the public consultation on climate change that were due to be released at the end of June and when will the analysis now be released. 
        [35756/12]
      </p>
                    </question>
                    <question by="#BrianStanley" to="#Minister_for_the_Environment,_Community_and_Local_Government" eId="pq_233">
                        <p eId="para_4490">
        233
        <b> Deputy Brian Stanley</b>
         asked the 
        <b>Minister for the Environment, Community and Local Government</b>
         if he is still committed to the time frame outlined in his roadmap for climate policy, including the publication of heads of a climate Bill in 2012; the progress made to date on his roadmap; and if he will make a statement on the matter. 
        [35757/12]
      </p>
                    </question>
                    <speech by="#PhilipHogan" as="#Minister_for_the_Environment,_Community_and_Local_Government">
                        <from>Minister for the Environment, Community and Local Government (Deputy Phil Hogan)</from>
                        <p eId="para_4491">I propose to take Questions Nos. 232 and 233 together.</p>
                        <p eId="para_4492">I am committed to the terms of the Programme for the development of national climate policy and legislation published in January 2012, including the commitment to issue Heads of a Climate Bill by the end of this year.</p>
                        <p eId="para_4493">In terms of progress on the Programme to date, the public consultation was completed on schedule.  It attracted a very strong response, within excess of 600 submissions received.  My Department is at an advanced stage in working through these submissions and an overview will be made available online as soon as possible.</p>
                        <p eId="para_4494">The Secretariat to the National Economic and Social Council have submitted their interim report.  As indicated in the Programme, I intend to release the report and formally invite views from the Oireachtas Joint Committee on the Environment, Culture and the Gaeltacht by the end of September 2012.  I foresee a central role for the Joint Committee in the policy development process, most importantly on the critical issue of coming to a clear national understanding of how to meet our binding EU and wider international mitigation commitments, as well as pursuing national objectives in a low-carbon global economy.</p>
                    </speech>
                </debateSection>
                </debateBody></debate>
</akomaNtoso>
