<?xml version='1.0' encoding='UTF-8'?>
<akomaNtoso xmlns="http://docs.oasis-open.org/legaldocml/ns/akn/3.0/CSD13" xmlns:xsi="http://www.w3.org/2001/XMLSchema-instance" xsi:schemaLocation="http://docs.oasis-open.org/legaldocml/ns/akn/3.0/CSD13 ./akomantoso30.xsd ">
    <debate name="Official Report">
        <meta>
            <identification source="#source">
                <FRBRWork>
                    <FRBRthis value="/akn/ie/debateRecord/dail/2012-07-18/writtens/dbsect_200"/>
                    <FRBRuri value="/akn/ie/debateRecord/dail/2012-07-18/writtens"/>
                    <FRBRdate date="2012-07-18" name="#generation"/>
                    <FRBRauthor href="http://oireachtas.ie/ie/oireachtas/house/dail"/>
                    <FRBRcountry value="ie"/>
                <FRBRname value="writtens"/></FRBRWork>
                <FRBRExpression>
                    <FRBRthis value="/akn/ie/debateRecord/dail/2012-07-18/writtens/mul@/dbsect_200"/>
                    <FRBRuri value="/akn/ie/debateRecord/dail/2012-07-18/writtens/mul@"/>
                    <FRBRdate date="2012-07-18" name="#reported"/>
                    <FRBRauthor as="#editor" href="http://oireachtas.ie/ie/oireachtas/role/debates"/>
                    <FRBRlanguage language="mul"/>
                </FRBRExpression>
                <FRBRManifestation>
                    <FRBRthis value="/akn/ie/debateRecord/dail/2012-07-18/writtens/mul@/dbsect_200.xml"/>
                    <FRBRuri value="/akn/ie/debateRecord/dail/2012-07-18/writtens/mul@.akn"/>
                    <FRBRdate date="2016-08-17T12:53:12.290656" name="#publication"/>
                    <FRBRauthor as="#editor" href="http://oireachtas.ie/ie/oireachtas/role/debates"/>
                </FRBRManifestation>
            </identification>
            <references source="#debates">
                <TLCOrganization eId="source" href="http://oireachtas.ie" showAs="Houses of the Oireachtas"/><TLCConcept eId="generation" href="http://oireachtas.ie/ie/oireachtas/ontology#Generation" showAs="Generation"/>
<TLCConcept eId="reported" href="http://oireachtas.ie/ie/oireachtas/ontology#Reported" showAs="Reported"/>
<TLCConcept eId="publication" href="http://oireachtas.ie/ie/oireachtas/ontology#Publication" showAs="Publication"/>
<TLCPerson eId="AlanShatter" href="http://oireachtas.ie/ie/oireachtas/member/Alan-Shatter.D.1981-06-30/dail/31" showAs="Mr. Alan Shatter"/>
<TLCPerson eId="MarcellaCorcoranKennedy" href="http://oireachtas.ie/ie/oireachtas/member/Marcella-Corcoran-Kennedy.D.2011-03-09/dail/31" showAs="Ms. Marcella Corcoran Kennedy"/>
<TLCRole eId="Minister_for_Justice_and_Equality" href="http://oireachtas.ie/ie/oireachtas/member/Alan-Shatter.D.1981-06-30/dail/31/minister/justice__equality" showAs="Minister for Justice and Equality"/>
</references>
        </meta>
        <preface>
            <block name="title_ga">
                <docTitle>DÍOSPÓIREACHTAÍ PARLAIMINTE</docTitle>
            </block>
            <block name="title_en">
                <docTitle>PARLIAMENTARY DEBATES</docTitle>
            </block>
            <block name="proponent_ga">
                <docProponent>DÁIL ÉIREANN</docProponent>
            </block>
            <block name="status_ga">
                <docStatus>TUAIRISC OIFIGIÚIL</docStatus>
            </block>
            <block name="status_en">
                <docStatus>(OFFICIAL REPORT)</docStatus>
            </block>
            <block name="date_ga">
                <docDate date="2012-07-18">Dé Céadaoin, 18 Iúil 2012</docDate>
            </block>
            <block name="date_en">
                <docDate date="2012-07-18">Wednesday, 18 July 2012</docDate>
            </block>
        </preface>
        <debateBody><debateSection name="writtenAnswer" eId="dbsect_200">
                    <heading>Human Trafficking</heading>
                    <question by="#MarcellaCorcoranKennedy" to="#Minister_for_Justice_and_Equality" eId="pq_265">
                        <p eId="para_4815">
        265
        <b> Deputy Marcella Corcoran Kennedy</b>
         asked the 
        <b>Minister for Justice and Equality</b>
         the number of investigations carried out into alleged human trafficking since the introduction of the Criminal Law (Human Trafficking) Act 2008; the number of potential victims of trafficking identified; the number of prosecutions that have commenced; the number of trafficking victims who have received the period of recovery and reflection as defined in the 2008 Act; and if he will make a statement on the matter. 
        [35834/12]
      </p>
                    </question>
                    <speech by="#AlanShatter" as="#Minister_for_Justice_and_Equality">
                        <from>Minister for Justice and Equality (Deputy Alan Shatter)</from>
                        <p eId="para_4816">I can inform the Deputy that since the Criminal Law (Human Trafficking) Act 2008 came into effect there have been 244 investigations carried out into alleged human trafficking.  258 potential victims were identified and 15 prosecutions for human trafficking related offences were commenced. In addition, in 2009, as a result of interstate cooperation between the Romanian and Irish authorities, 3 persons were prosecuted in Romania for trafficking related offences committed in Ireland. 19 potential  victims of human trafficking who had no other permission to remain lawfully in the State were granted a period of recovery and reflection under the Administrative Immigration Arrangements for the Protection of Victims of Human Trafficking.</p>
                        <p eId="para_4817">An Garda Síochána are pro-active in attempting to detect any breach of the provisions of the Criminal Law (Human Trafficking) Act 2008 and investigates all allegations of human trafficking with a view to identifying potential victims and perpetrators.</p>
                        <p eId="para_4818">Over the past few years strong legislative, administrative and operational measures have been put in place to combat and prevent trafficking in persons.  The Criminal Law (Human Trafficking) Act 2008, with penalties of up to life imprisonment for human trafficking, has greatly strengthened the law in this area.  A dedicated Anti-Human Trafficking Unit was established in my Department in 2008 with the purpose of ensuring that the State's response to human trafficking is co-ordinated and comprehensive.  This led to the production of a National Action Plan to Prevent and Combat Trafficking of Persons. In addition to the dedicated Unit in my Department there are 3 other dedicated Units in State Agencies dealing with the issue — the Human Trafficking Investigation and Co-ordination Unit in the Garda National Immigration Bureau; the Anti-Human Trafficking Team in the Health Service Executive  and a specialised Human Trafficking legal team in the Legal Aid Board. Dedicated personnel are also assigned to deal with the prosecution of cases in the Director of Public Prosecutions  Office.  There are a wide range of training and awareness raising activities on-going and extensive consultation structures exist with Non-Governmental Organisations, International Organisations and State Agencies.</p>
                        <p eId="para_4819">More detailed statistical information on the nature and extent of human trafficking in Ireland and information on prosecutions and convictions are available in the Annual Reports on Trafficking In Human Beings in Ireland for 2009, 2010 and 2011 on the web site<i>www.blueblindfold.gov.ie</i>  at the <i>What is Being Done? / Data Strategy</i> section.</p>
                    </speech>
                </debateSection>
                </debateBody></debate>
</akomaNtoso>
