<?xml version='1.0' encoding='UTF-8'?>
<akomaNtoso xmlns="http://docs.oasis-open.org/legaldocml/ns/akn/3.0/CSD13" xmlns:xsi="http://www.w3.org/2001/XMLSchema-instance" xsi:schemaLocation="http://docs.oasis-open.org/legaldocml/ns/akn/3.0/CSD13 ./akomantoso30.xsd ">
    <debate name="Official Report">
        <meta>
            <identification source="#source">
                <FRBRWork>
                    <FRBRthis value="/akn/ie/debateRecord/dail/2012-07-18/writtens/dbsect_286"/>
                    <FRBRuri value="/akn/ie/debateRecord/dail/2012-07-18/writtens"/>
                    <FRBRdate date="2012-07-18" name="#generation"/>
                    <FRBRauthor href="http://oireachtas.ie/ie/oireachtas/house/dail"/>
                    <FRBRcountry value="ie"/>
                <FRBRname value="writtens"/></FRBRWork>
                <FRBRExpression>
                    <FRBRthis value="/akn/ie/debateRecord/dail/2012-07-18/writtens/mul@/dbsect_286"/>
                    <FRBRuri value="/akn/ie/debateRecord/dail/2012-07-18/writtens/mul@"/>
                    <FRBRdate date="2012-07-18" name="#reported"/>
                    <FRBRauthor as="#editor" href="http://oireachtas.ie/ie/oireachtas/role/debates"/>
                    <FRBRlanguage language="mul"/>
                </FRBRExpression>
                <FRBRManifestation>
                    <FRBRthis value="/akn/ie/debateRecord/dail/2012-07-18/writtens/mul@/dbsect_286.xml"/>
                    <FRBRuri value="/akn/ie/debateRecord/dail/2012-07-18/writtens/mul@.akn"/>
                    <FRBRdate date="2016-08-17T12:53:12.290656" name="#publication"/>
                    <FRBRauthor as="#editor" href="http://oireachtas.ie/ie/oireachtas/role/debates"/>
                </FRBRManifestation>
            </identification>
            <references source="#debates">
                <TLCOrganization eId="source" href="http://oireachtas.ie" showAs="Houses of the Oireachtas"/><TLCConcept eId="generation" href="http://oireachtas.ie/ie/oireachtas/ontology#Generation" showAs="Generation"/>
<TLCConcept eId="reported" href="http://oireachtas.ie/ie/oireachtas/ontology#Reported" showAs="Reported"/>
<TLCConcept eId="publication" href="http://oireachtas.ie/ie/oireachtas/ontology#Publication" showAs="Publication"/>
<TLCPerson eId="JimDaly" href="http://oireachtas.ie/ie/oireachtas/member/Jim-Daly.D.2011-03-09/dail/31" showAs="Mr. Jim Daly"/>
<TLCPerson eId="LeoVaradkar" href="http://oireachtas.ie/ie/oireachtas/member/Leo-Varadkar.D.2007-06-14/dail/31" showAs="Dr. Leo Varadkar"/>
<TLCRole eId="Minister_for_Transport,_Tourism_and_Sport" href="http://oireachtas.ie/ie/oireachtas/member/Leo-Varadkar.D.2007-06-14/dail/31/minister/transport__tourism__sport" showAs="Minister for Transport, Tourism and Sport"/>
</references>
        </meta>
        <preface>
            <block name="title_ga">
                <docTitle>DÍOSPÓIREACHTAÍ PARLAIMINTE</docTitle>
            </block>
            <block name="title_en">
                <docTitle>PARLIAMENTARY DEBATES</docTitle>
            </block>
            <block name="proponent_ga">
                <docProponent>DÁIL ÉIREANN</docProponent>
            </block>
            <block name="status_ga">
                <docStatus>TUAIRISC OIFIGIÚIL</docStatus>
            </block>
            <block name="status_en">
                <docStatus>(OFFICIAL REPORT)</docStatus>
            </block>
            <block name="date_ga">
                <docDate date="2012-07-18">Dé Céadaoin, 18 Iúil 2012</docDate>
            </block>
            <block name="date_en">
                <docDate date="2012-07-18">Wednesday, 18 July 2012</docDate>
            </block>
        </preface>
        <debateBody><debateSection name="writtenAnswer" eId="dbsect_286">
                    <heading>Road Maintenance</heading>
                    <question by="#JimDaly" to="#Minister_for_Transport,_Tourism_and_Sport" eId="pq_390">
                        <p eId="para_5662">
        390
        <b> Deputy Jim Daly</b>
         asked the 
        <b>Minister for Transport, Tourism and Sport</b>
         the level of funding that has been requested by Cork County Council to address the damage caused to the road network by recent flooding in west Cork; and if he will make a statement on the matter. 
        [35788/12]
      </p>
                    </question>
                    <speech by="#LeoVaradkar" as="#Minister_for_Transport,_Tourism_and_Sport">
                        <from>Minister for Transport, Tourism and Sport (Deputy Leo Varadkar)</from>
                        <p eId="para_5663">In the past few days my Department received a preliminary estimate of the cost of damage caused by the severe weather event of 28th June last. The communication stresses that the figures supplied are estimates and may not be complete.</p>
                        <p eId="para_5664">The improvement and maintenance of regional and local roads in its area, is a statutory function of each road authority in accordance with the provisions of section 13 of the Roads Act, 1993. Works on such roads are a matter for the relevant local authority to be funded from its own resources supplemented by State road grants.</p>
                        <p eId="para_5665">The 2012 regional and local road grant allocations have now been allocated and there are no further funds available at this time from which an additional allocation could be made. In addition, my Department does not set aside funding in its budget to cover expenditure resulting from severe weather. Instead, local authorities are provided with flexibility, where possible, to amend their Regional and Local Road Grants to accommodate remedial works. I can confirm that I will facilitate any request by Cork County Council to amend its Programme for 2012 to accommodate rehabilitation works on the roads damaged by the recent floods and the deferral to 2013 of less critical works.</p>
                    </speech>
                </debateSection>
                </debateBody></debate>
</akomaNtoso>
