<?xml version='1.0' encoding='UTF-8'?>
<akomaNtoso xmlns="http://docs.oasis-open.org/legaldocml/ns/akn/3.0/CSD13" xmlns:xsi="http://www.w3.org/2001/XMLSchema-instance" xsi:schemaLocation="http://docs.oasis-open.org/legaldocml/ns/akn/3.0/CSD13 ./akomantoso30.xsd ">
    <debate name="Official Report">
        <meta>
            <identification source="#source">
                <FRBRWork>
                    <FRBRthis value="/akn/ie/debateRecord/dail/2012-07-18/writtens/dbsect_129"/>
                    <FRBRuri value="/akn/ie/debateRecord/dail/2012-07-18/writtens"/>
                    <FRBRdate date="2012-07-18" name="#generation"/>
                    <FRBRauthor href="http://oireachtas.ie/ie/oireachtas/house/dail"/>
                    <FRBRcountry value="ie"/>
                <FRBRname value="writtens"/></FRBRWork>
                <FRBRExpression>
                    <FRBRthis value="/akn/ie/debateRecord/dail/2012-07-18/writtens/mul@/dbsect_129"/>
                    <FRBRuri value="/akn/ie/debateRecord/dail/2012-07-18/writtens/mul@"/>
                    <FRBRdate date="2012-07-18" name="#reported"/>
                    <FRBRauthor as="#editor" href="http://oireachtas.ie/ie/oireachtas/role/debates"/>
                    <FRBRlanguage language="mul"/>
                </FRBRExpression>
                <FRBRManifestation>
                    <FRBRthis value="/akn/ie/debateRecord/dail/2012-07-18/writtens/mul@/dbsect_129.xml"/>
                    <FRBRuri value="/akn/ie/debateRecord/dail/2012-07-18/writtens/mul@.akn"/>
                    <FRBRdate date="2016-08-17T12:53:12.290656" name="#publication"/>
                    <FRBRauthor as="#editor" href="http://oireachtas.ie/ie/oireachtas/role/debates"/>
                </FRBRManifestation>
            </identification>
            <references source="#debates">
                <TLCOrganization eId="source" href="http://oireachtas.ie" showAs="Houses of the Oireachtas"/><TLCConcept eId="generation" href="http://oireachtas.ie/ie/oireachtas/ontology#Generation" showAs="Generation"/>
<TLCConcept eId="reported" href="http://oireachtas.ie/ie/oireachtas/ontology#Reported" showAs="Reported"/>
<TLCConcept eId="publication" href="http://oireachtas.ie/ie/oireachtas/ontology#Publication" showAs="Publication"/>
<TLCPerson eId="JoanBurtonLAB" href="http://oireachtas.ie/ie/oireachtas/member/Joan-Burton.D.1992-12-14/dail/31" showAs="Ms. Joan Burton"/>
<TLCPerson eId="PatrickNulty" href="http://oireachtas.ie/ie/oireachtas/member/Patrick-Nulty.D.2011-10-27/dail/31" showAs="Mr. Patrick Nulty Resigned"/>
<TLCRole eId="Minister_for_Social_Protection" href="http://oireachtas.ie/ie/oireachtas/member/Joan-Burton.D.1992-12-14/dail/31/minister/social_protection" showAs="Minister for Social Protection"/>
</references>
        </meta>
        <preface>
            <block name="title_ga">
                <docTitle>DÍOSPÓIREACHTAÍ PARLAIMINTE</docTitle>
            </block>
            <block name="title_en">
                <docTitle>PARLIAMENTARY DEBATES</docTitle>
            </block>
            <block name="proponent_ga">
                <docProponent>DÁIL ÉIREANN</docProponent>
            </block>
            <block name="status_ga">
                <docStatus>TUAIRISC OIFIGIÚIL</docStatus>
            </block>
            <block name="status_en">
                <docStatus>(OFFICIAL REPORT)</docStatus>
            </block>
            <block name="date_ga">
                <docDate date="2012-07-18">Dé Céadaoin, 18 Iúil 2012</docDate>
            </block>
            <block name="date_en">
                <docDate date="2012-07-18">Wednesday, 18 July 2012</docDate>
            </block>
        </preface>
        <debateBody><debateSection name="writtenAnswer" eId="dbsect_129">
                    <heading>Rent Supplement Scheme</heading>
                    <question by="#PatrickNulty" to="#Minister_for_Social_Protection" eId="pq_175">
                        <p eId="para_3948">
        175
        <b> Deputy Patrick Nulty</b>
         asked the 
        <b>Minister for Social Protection</b>
         if regulations will be issued to ensure that rent supplement applicants will be issued both a deposit and a month's advance rent by their community welfare officer if the applicant’s landlord demands same and will not otherwise allow an applicant to take up the tenancy; if her attention has been drawn to the fact that unless a CWO will assist applicants in this way that many are being driven into the hands of exploitative moneylenders; and if she will make a statement on the matter. 
        [35731/12]
      </p>
                    </question>
                    <speech by="#JoanBurtonLAB" as="#Minister_for_Social_Protection">
                        <from>Minister for Social Protection (Deputy Joan Burton)</from>
                        <p eId="para_3949">The purpose of the rent supplement scheme is to provide short-term support to eligible people living in private rented accommodation whose means are insufficient to meet their accommodation costs and who do not have accommodation available to them from any other source. The overall aim is to provide short-term assistance and not to act as an alternative to the other social housing schemes operated by the Exchequer. There are currently approximately 92,000 persons in receipt of rent supplement for which the Government has provided €436 million in 2012.</p>
                        <p eId="para_3950">Under the supplementary welfare allowance (SWA) scheme, an exceptional needs payment (ENP) may be made to help meet an essential once-off cost, such as a payment of a rent deposit, which the applicant is unable to meet out of his/her own resources.</p>
                        <p eId="para_3951">There is no automatic entitlement to an exceptional needs payment and each application is determined by the person administering the scheme based on the particular circumstances of the case, taking account of the nature and extent of the need.  Such payments are confined to occurrences which the person administering the scheme considers to be unexpected, unforeseen or exceptional.</p>
                        <p eId="para_3952">Multiple rent deposits are not generally paid to the same person and every effort is made to ensure that only one payment is made.  If the landlord or tenant terminates the tenancy, the tenant can use the returned deposit to secure a new tenancy.</p>
                        <p eId="para_3953">Payment of rent supplement in advance may be made at the discretion of the Department's representative in exceptional circumstances based on the individual needs of the customer. This flexibility ensures that individuals with particular needs can be accommodated within the scheme. Accordingly, it is not proposed to issue further instructions to officers administering rent supplement.</p>
                    </speech><!--Fix-->
                </debateSection></debateBody></debate>
</akomaNtoso>
