<?xml version='1.0' encoding='UTF-8'?>
<akomaNtoso xmlns="http://docs.oasis-open.org/legaldocml/ns/akn/3.0/CSD13" xmlns:xsi="http://www.w3.org/2001/XMLSchema-instance" xsi:schemaLocation="http://docs.oasis-open.org/legaldocml/ns/akn/3.0/CSD13 ./akomantoso30.xsd ">
    <debate name="Official Report">
        <meta>
            <identification source="#source">
                <FRBRWork>
                    <FRBRthis value="/akn/ie/debateRecord/dail/2012-07-18/writtens/dbsect_13"/>
                    <FRBRuri value="/akn/ie/debateRecord/dail/2012-07-18/writtens"/>
                    <FRBRdate date="2012-07-18" name="#generation"/>
                    <FRBRauthor href="http://oireachtas.ie/ie/oireachtas/house/dail"/>
                    <FRBRcountry value="ie"/>
                <FRBRname value="writtens"/></FRBRWork>
                <FRBRExpression>
                    <FRBRthis value="/akn/ie/debateRecord/dail/2012-07-18/writtens/mul@/dbsect_13"/>
                    <FRBRuri value="/akn/ie/debateRecord/dail/2012-07-18/writtens/mul@"/>
                    <FRBRdate date="2012-07-18" name="#reported"/>
                    <FRBRauthor as="#editor" href="http://oireachtas.ie/ie/oireachtas/role/debates"/>
                    <FRBRlanguage language="mul"/>
                </FRBRExpression>
                <FRBRManifestation>
                    <FRBRthis value="/akn/ie/debateRecord/dail/2012-07-18/writtens/mul@/dbsect_13.xml"/>
                    <FRBRuri value="/akn/ie/debateRecord/dail/2012-07-18/writtens/mul@.akn"/>
                    <FRBRdate date="2016-08-17T12:53:12.290656" name="#publication"/>
                    <FRBRauthor as="#editor" href="http://oireachtas.ie/ie/oireachtas/role/debates"/>
                </FRBRManifestation>
            </identification>
            <references source="#debates">
                <TLCOrganization eId="source" href="http://oireachtas.ie" showAs="Houses of the Oireachtas"/><TLCConcept eId="generation" href="http://oireachtas.ie/ie/oireachtas/ontology#Generation" showAs="Generation"/>
<TLCConcept eId="reported" href="http://oireachtas.ie/ie/oireachtas/ontology#Reported" showAs="Reported"/>
<TLCConcept eId="publication" href="http://oireachtas.ie/ie/oireachtas/ontology#Publication" showAs="Publication"/>
<TLCPerson eId="DinnyMcGinley" href="http://oireachtas.ie/ie/oireachtas/member/Dinny-McGinley.D.1982-03-09/dail/31" showAs="Mr. Dinny McGinley"/>
<TLCPerson eId="PeadarToibin" href="http://oireachtas.ie/ie/oireachtas/member/Peadar-Tóibín.D.2011-03-09/dail/31" showAs="Mr. Peadar Tóibín"/>
<TLCRole eId="Minister_for_Arts,_Heritage_and_the_Gaeltacht" href="http://oireachtas.ie/ie/oireachtas/member/Jimmy-Deenihan.S.1983-02-23/dail/31/minister/arts__heritage__gaeltacht" showAs="Minister for Arts, Heritage and the Gaeltacht"/>
<TLCRole eId="Minister_of_State_at_the_Department_of_Arts,_Heritage_and_the_Gaeltacht" href="http://oireachtas.ie/ie/oireachtas/member/Dinny-McGinley.D.1982-03-09/dail/31/minister_state/arts__heritage__gaeltacht" showAs="Minister of State at the Department of Arts, Heritage and the Gaeltacht"/>
</references>
        </meta>
        <preface>
            <block name="title_ga">
                <docTitle>DÍOSPÓIREACHTAÍ PARLAIMINTE</docTitle>
            </block>
            <block name="title_en">
                <docTitle>PARLIAMENTARY DEBATES</docTitle>
            </block>
            <block name="proponent_ga">
                <docProponent>DÁIL ÉIREANN</docProponent>
            </block>
            <block name="status_ga">
                <docStatus>TUAIRISC OIFIGIÚIL</docStatus>
            </block>
            <block name="status_en">
                <docStatus>(OFFICIAL REPORT)</docStatus>
            </block>
            <block name="date_ga">
                <docDate date="2012-07-18">Dé Céadaoin, 18 Iúil 2012</docDate>
            </block>
            <block name="date_en">
                <docDate date="2012-07-18">Wednesday, 18 July 2012</docDate>
            </block>
        </preface>
        <debateBody><debateSection name="writtenAnswer" eId="dbsect_13">
                    <heading>Acht na dTeangacha Oifigiúla</heading>
                    <question by="#PeadarToibin" to="#Minister_for_Arts,_Heritage_and_the_Gaeltacht" eId="pq_22">
                        <p eId="para_63">
        22
        
          D’fhiafraigh
        <b>Peadar Tóibín</b>
         den 
        <b>Aire Ealaíon, Oidhreachta agus Gaeltachta</b>
          cén uair a fhoilseofar an t-athbhreithniú ar Acht na dTeangacha Oifigiúla.  
        [35022/12]
      </p>
                    </question>
                    <speech by="#DinnyMcGinley" as="#Minister_of_State_at_the_Department_of_Arts,_Heritage_and_the_Gaeltacht">
                        <from>Minister of State at the Department of Arts, Heritage and the Gaeltacht (Deputy Dinny McGinley)</from>
                        <p eId="para_64">Mar thoradh ar phróiseas comhairliúcháin phoiblí a reáchtáladh mar chuid den athbhreithniú ar Acht na dTeangacha Oifigiúla, fuarthas timpeall 1,400 freagra ar shuirbhé maidir le seirbhísí trí Ghaeilge ó chomhlachtaí poiblí, chomh maith le 260 aighneacht óhiliomad páirtithe leasmhara, lena n-áirítear Ranna Rialtais agus comhlachtaí poiblí eile, eagraíochtaí Gaeilge agus Gaeltachta agus an pobal i gcoitinne. Tá anailís ar na moltaíéagsúla a fuarthas ar siúl ag oifigigh mo Roinne faoi láthair.</p>
                        <p eId="para_65">Táthar ag súil go bhfoilseofar tuarascáil ar an bpróiseas comhairliúcháin san fhómhar chomh maith le torthaí an tsuirbhé agus na haighneachtaí a fuarthas uathu siúd a chuir in iúl go raibh siad sásta go bhfoilseofaí iad.</p>
                        <p eId="para_66">Tar éis don athbhreithniú a bheith curtha i gcrích, déanfar an cás do leasú na reachtaíochta a bhreithniú agus cuirfear moltaí cuí i dtaca leis sin faoi bhráid an Rialtais.</p>
                    </speech>
                    <summary eId="sum_10">Question No. 23 answered with Question No. 18.</summary>
                    <summary eId="sum_11">Question No. 24 answered with Question No. 8.</summary>
                </debateSection>
                </debateBody></debate>
</akomaNtoso>
