<?xml version='1.0' encoding='UTF-8'?>
<akomaNtoso xmlns="http://docs.oasis-open.org/legaldocml/ns/akn/3.0/CSD13" xmlns:xsi="http://www.w3.org/2001/XMLSchema-instance" xsi:schemaLocation="http://docs.oasis-open.org/legaldocml/ns/akn/3.0/CSD13 ./akomantoso30.xsd ">
    <debate name="Official Report">
        <meta>
            <identification source="#source">
                <FRBRWork>
                    <FRBRthis value="/akn/ie/debateRecord/dail/2012-07-18/writtens/dbsect_94"/>
                    <FRBRuri value="/akn/ie/debateRecord/dail/2012-07-18/writtens"/>
                    <FRBRdate date="2012-07-18" name="#generation"/>
                    <FRBRauthor href="http://oireachtas.ie/ie/oireachtas/house/dail"/>
                    <FRBRcountry value="ie"/>
                <FRBRname value="writtens"/></FRBRWork>
                <FRBRExpression>
                    <FRBRthis value="/akn/ie/debateRecord/dail/2012-07-18/writtens/mul@/dbsect_94"/>
                    <FRBRuri value="/akn/ie/debateRecord/dail/2012-07-18/writtens/mul@"/>
                    <FRBRdate date="2012-07-18" name="#reported"/>
                    <FRBRauthor as="#editor" href="http://oireachtas.ie/ie/oireachtas/role/debates"/>
                    <FRBRlanguage language="mul"/>
                </FRBRExpression>
                <FRBRManifestation>
                    <FRBRthis value="/akn/ie/debateRecord/dail/2012-07-18/writtens/mul@/dbsect_94.xml"/>
                    <FRBRuri value="/akn/ie/debateRecord/dail/2012-07-18/writtens/mul@.akn"/>
                    <FRBRdate date="2016-08-17T12:53:12.290656" name="#publication"/>
                    <FRBRauthor as="#editor" href="http://oireachtas.ie/ie/oireachtas/role/debates"/>
                </FRBRManifestation>
            </identification>
            <references source="#debates">
                <TLCOrganization eId="source" href="http://oireachtas.ie" showAs="Houses of the Oireachtas"/><TLCConcept eId="generation" href="http://oireachtas.ie/ie/oireachtas/ontology#Generation" showAs="Generation"/>
<TLCConcept eId="reported" href="http://oireachtas.ie/ie/oireachtas/ontology#Reported" showAs="Reported"/>
<TLCConcept eId="publication" href="http://oireachtas.ie/ie/oireachtas/ontology#Publication" showAs="Publication"/>
<TLCPerson eId="JohnLyonsLab" href="http://oireachtas.ie/ie/oireachtas/member/John-Lyons.D.2011-03-09/dail/31" showAs="Mr. John Lyons"/>
<TLCPerson eId="RichardBruton" href="http://oireachtas.ie/ie/oireachtas/member/Richard-Bruton.S.1981-10-08/dail/31" showAs="Mr. Richard Bruton"/>
<TLCRole eId="Minister_for_Jobs,_Enterprise_and_Innovation" href="http://oireachtas.ie/ie/oireachtas/member/Richard-Bruton.S.1981-10-08/dail/31/minister/jobs__enterprise__innovation" showAs="Minister for Jobs, Enterprise and Innovation"/>
</references>
        </meta>
        <preface>
            <block name="title_ga">
                <docTitle>DÍOSPÓIREACHTAÍ PARLAIMINTE</docTitle>
            </block>
            <block name="title_en">
                <docTitle>PARLIAMENTARY DEBATES</docTitle>
            </block>
            <block name="proponent_ga">
                <docProponent>DÁIL ÉIREANN</docProponent>
            </block>
            <block name="status_ga">
                <docStatus>TUAIRISC OIFIGIÚIL</docStatus>
            </block>
            <block name="status_en">
                <docStatus>(OFFICIAL REPORT)</docStatus>
            </block>
            <block name="date_ga">
                <docDate date="2012-07-18">Dé Céadaoin, 18 Iúil 2012</docDate>
            </block>
            <block name="date_en">
                <docDate date="2012-07-18">Wednesday, 18 July 2012</docDate>
            </block>
        </preface>
        <debateBody><debateSection name="writtenAnswer" eId="dbsect_94">
                    <heading>Languages Programme</heading>
                    <question by="#JohnLyonsLab" to="#Minister_for_Jobs,_Enterprise_and_Innovation" eId="pq_136">
                        <p eId="para_3738">
        136
        <b> Deputy John Lyons</b>
         asked the 
        <b>Minister for Jobs, Enterprise and Innovation</b>
         if he will consider working closely with the small and medium enterprise sector to highlight the value of foreign language capability in developing export growth; and if he will make a statement on the matter. 
        [35696/12]
      </p>
                    </question>
                    <speech by="#RichardBruton" as="#Minister_for_Jobs,_Enterprise_and_Innovation">
                        <from>Minister for Jobs, Enterprise and Innovation (Deputy Richard Bruton)</from>
                        <p eId="para_3739">Driving export growth is central to our economic recovery and is a key focus of the Government's Action Plan for Jobs.  In March 2012, Enterprise Ireland (EI) established the Potential Exporters Division, as one of the key measure in the Action Plan for Jobs.  Its role is to stimulate greater activity within companies across all regions and to reorient those demonstrating real growth potential from the domestic to the international market place.</p>
                        <p eId="para_3740">From Enterprise Ireland's perspective, exporting companies need to continuously assess and develop their capabilities in a broad range of areas including inter-cultural communications and Cultural Awareness including language skills with priorities in German, French, Spanish, Mandarin and Russian.</p>
                        <p eId="para_3741">The lack of foreign language skills among some Irish companies can be an inhibitor to their ability to secure and grow new customer opportunities, and deepen business opportunities with existing customers, suppliers, partners and key buying influencers in non-English speaking markets.</p>
                        <p eId="para_3742">The<i>Key Skills for Enterprise to Trade Internationally</i> Report published by Forfás and the Expert Group on Future Skills Needs (EGFSN) on 22 June 2012, highlighted that Ireland’s SME base lags behind the rest of Europe in terms of their awareness of the need for foreign language skills to accelerate international growth opportunities and that, over recent years, the supply of graduates with foreign language skills has diminished.</p>
                        <p eId="para_3743">Enterprise Ireland was closely involved in the assessment of the future skills needs in this area and the above Report's preparation through its membership of the steering group and arranging the participation on the Group of a number of its client companies.  Enterprise Ireland strongly supports the recommendations of the Report in relation to the development of strategic marketing capability amongst its SME client companies and the call for Ireland to further strengthen our multi-lingual workforce.</p>
                        <p eId="para_3744">Against this background, Enterprise Ireland continuously witnesses the positive impact on credibility and sustained export growth for those Irish companies that have invested in bringing the language skills into the company or developing them within.</p>
                        <p eId="para_3745">One of Enterprise Ireland's current initiatives is the<i>Graduates 4 International Growth Programme (G4IG)</i>, which is focused on matching graduates with Irish companies seeking to develop in international markets.  <i>G4IG</i> supports companies through the recruitment, assessment and training of graduates in International Business.</p>
                        <p eId="para_3746">Graduates are recruited on an 18 month contract of which 6 months is spent in Ireland undergoing academic and on the job training followed by 12 months in an overseas market.  Graduates participating on this Programme have, through their overseas placements, the opportunity to enhance and strengthen their language and inter-cultural skills to the benefit of the sponsor companies as well as improve their own capabilities.</p>
                        <p eId="para_3747">
                            <i>G4IG</i> will remain the primary focus for EI in this regard, and is meeting the demand from Irish companies currently for this support (128 graduates were placed in the first two phases of programme).  Phase Three of the Programme is currently under way with a target of 80 graduates to be placed in Irish companies from September 2012 onwards.</p>
                    </speech>
                </debateSection>
                </debateBody></debate>
</akomaNtoso>
