<?xml version='1.0' encoding='UTF-8'?>
<akomaNtoso xmlns="http://docs.oasis-open.org/legaldocml/ns/akn/3.0/CSD13" xmlns:xsi="http://www.w3.org/2001/XMLSchema-instance" xsi:schemaLocation="http://docs.oasis-open.org/legaldocml/ns/akn/3.0/CSD13 ./akomantoso30.xsd ">
    <debate name="Official Report">
        <meta>
            <identification source="#source">
                <FRBRWork>
                    <FRBRthis value="/akn/ie/debateRecord/dail/2012-07-18/writtens/dbsect_159"/>
                    <FRBRuri value="/akn/ie/debateRecord/dail/2012-07-18/writtens"/>
                    <FRBRdate date="2012-07-18" name="#generation"/>
                    <FRBRauthor href="http://oireachtas.ie/ie/oireachtas/house/dail"/>
                    <FRBRcountry value="ie"/>
                <FRBRname value="writtens"/></FRBRWork>
                <FRBRExpression>
                    <FRBRthis value="/akn/ie/debateRecord/dail/2012-07-18/writtens/mul@/dbsect_159"/>
                    <FRBRuri value="/akn/ie/debateRecord/dail/2012-07-18/writtens/mul@"/>
                    <FRBRdate date="2012-07-18" name="#reported"/>
                    <FRBRauthor as="#editor" href="http://oireachtas.ie/ie/oireachtas/role/debates"/>
                    <FRBRlanguage language="mul"/>
                </FRBRExpression>
                <FRBRManifestation>
                    <FRBRthis value="/akn/ie/debateRecord/dail/2012-07-18/writtens/mul@/dbsect_159.xml"/>
                    <FRBRuri value="/akn/ie/debateRecord/dail/2012-07-18/writtens/mul@.akn"/>
                    <FRBRdate date="2016-08-17T12:53:12.290656" name="#publication"/>
                    <FRBRauthor as="#editor" href="http://oireachtas.ie/ie/oireachtas/role/debates"/>
                </FRBRManifestation>
            </identification>
            <references source="#debates">
                <TLCOrganization eId="source" href="http://oireachtas.ie" showAs="Houses of the Oireachtas"/><TLCConcept eId="generation" href="http://oireachtas.ie/ie/oireachtas/ontology#Generation" showAs="Generation"/>
<TLCConcept eId="reported" href="http://oireachtas.ie/ie/oireachtas/ontology#Reported" showAs="Reported"/>
<TLCConcept eId="publication" href="http://oireachtas.ie/ie/oireachtas/ontology#Publication" showAs="Publication"/>
<TLCPerson eId="JanOSullivan" href="http://oireachtas.ie/ie/oireachtas/member/Jan-O'Sullivan.S.1993-02-17/dail/31" showAs="Ms. Jan O'Sullivan"/>
<TLCPerson eId="TerenceFlanagan" href="http://oireachtas.ie/ie/oireachtas/member/Terence-Flanagan.D.2007-06-14/dail/31" showAs="Mr. Terence Flanagan"/>
<TLCRole eId="Minister_for_the_Environment,_Community_and_Local_Government" href="http://oireachtas.ie/ie/oireachtas/member/Phil-Hogan.S.1987-04-25/dail/31/minister/environment__community__local_government" showAs="Minister for the Environment, Community and Local Government"/>
<TLCRole eId="Minister_of_State_at_the_Department_of_the_Environment,_Community_and_Local_Government" href="http://oireachtas.ie/ie/oireachtas/member/Jan-O'Sullivan.S.1993-02-17/dail/31/minister_state/environment__community__local_government" showAs="Minister of State at the Department of the Environment, Community and Local Government"/>
</references>
        </meta>
        <preface>
            <block name="title_ga">
                <docTitle>DÍOSPÓIREACHTAÍ PARLAIMINTE</docTitle>
            </block>
            <block name="title_en">
                <docTitle>PARLIAMENTARY DEBATES</docTitle>
            </block>
            <block name="proponent_ga">
                <docProponent>DÁIL ÉIREANN</docProponent>
            </block>
            <block name="status_ga">
                <docStatus>TUAIRISC OIFIGIÚIL</docStatus>
            </block>
            <block name="status_en">
                <docStatus>(OFFICIAL REPORT)</docStatus>
            </block>
            <block name="date_ga">
                <docDate date="2012-07-18">Dé Céadaoin, 18 Iúil 2012</docDate>
            </block>
            <block name="date_en">
                <docDate date="2012-07-18">Wednesday, 18 July 2012</docDate>
            </block>
        </preface>
        <debateBody><debateSection name="writtenAnswer" eId="dbsect_159">
                    <heading>Outdoor Events</heading>
                    <question by="#TerenceFlanagan" to="#Minister_for_the_Environment,_Community_and_Local_Government" eId="pq_217">
                        <p eId="para_4275">
        217
        <b>Deputy Terence Flanagan</b>
         asked the 
        <b>Minister for the Environment, Community and Local Government</b>
         if there are plans to introduce stricter licensing controls in the aftermath of the Phoenix Park concert on 7 July; and if he will make a statement on the matter. 
        [35535/12]
      </p>
                    </question>
                    <speech by="#JanOSullivan" as="#Minister_of_State_at_the_Department_of_the_Environment,_Community_and_Local_Government">
                        <from>Minister of State at the Department of the Environment, Community and Local Government (Deputy Jan O’Sullivan)</from>
                        <p eId="para_4276">Section 230 of the Planning and Development Act, 2000, which came into operation on 11 March 2002, provides that a licence is required in respect of the holding of an event, or class of event, prescribed under Part 16 of the Planning and Development (Licensing of Outdoor Events) Regulations, 2001. These Regulations, which received the positive approval of both Houses of the Oireachtas, include requirements such as:</p>
                        <p eId="para_4277">(a) publication of a notice of intention to apply for a licence;</p>
                        <p eId="para_4278">(b)  notification of prescribed persons or bodies;</p>
                        <p eId="para_4279">(c) form and content of an application for a licence;</p>
                        <p eId="para_4280">(d) plans, documents and information to be submitted with an application;</p>
                        <p eId="para_4281">(e) bodies to be consulted in relation to a licence;</p>
                        <p eId="para_4282">(f) enabling submissions and observations to be made within a prescribed time;</p>
                        <p eId="para_4283">(g) requiring an applicant to submit further information in respect of their application; and</p>
                        <p eId="para_4284">(h) the time within which a decision on an application must be made.</p>
                        <p eId="para_4285">The prescribed bodies required to be consulted are: (a) the relevant Chief Superintendent of An Garda Síochána; (b) the relevant Health Board; or (c) any county council, county borough corporation, borough corporation or urban district council (other than the local authority to whom the application is made), the area of which will be affected by the event.</p>
                        <p eId="para_4286">The regulations also provide that a local authority may consult any other body, not being a prescribed body, in relation to an application where it considers it appropriate, and that the local authority may take whatever measures it considers necessary, including the convening of meetings or taking of oral submissions, to seek the views of any person in regard to the application.</p>
                        <p eId="para_4287">Section 231 provides that where an application is made in accordance with the regulations, the local authority may decide to grant the licence, grant the licence subject to such conditions as it considers appropriate or refuse the licence. Conditions subject to which a licence is granted may relate to, inter alia, the following: (i) securing the safety of persons at the place in connection with the event; (ii) the provision of adequate facilities for the health and welfare of persons at the place in connection with the event; (iii) the maintenance of public order; and (iv) the display of notices for persons attending the event as to their obligations and conduct at the event.</p>
                        <p eId="para_4288">Following events at the recent concert in the Phoenix Park, I anticipate that the relevant licensing authority, Dublin City Council, will be reviewing this event, in consultation with the promoters and other bodies as appropriate, to see what lessons should be learned and whether changes to the licensing system are necessary.  My Department will be in contact with the council in this regard.</p>
                    </speech>
                </debateSection>
                </debateBody></debate>
</akomaNtoso>
