<?xml version='1.0' encoding='UTF-8'?>
<akomaNtoso xmlns="http://docs.oasis-open.org/legaldocml/ns/akn/3.0/CSD13" xmlns:xsi="http://www.w3.org/2001/XMLSchema-instance" xsi:schemaLocation="http://docs.oasis-open.org/legaldocml/ns/akn/3.0/CSD13 ./akomantoso30.xsd ">
    <debate name="Official Report">
        <meta>
            <identification source="#source">
                <FRBRWork>
                    <FRBRthis value="/akn/ie/debateRecord/dail/2012-07-18/writtens/dbsect_29"/>
                    <FRBRuri value="/akn/ie/debateRecord/dail/2012-07-18/writtens"/>
                    <FRBRdate date="2012-07-18" name="#generation"/>
                    <FRBRauthor href="http://oireachtas.ie/ie/oireachtas/house/dail"/>
                    <FRBRcountry value="ie"/>
                <FRBRname value="writtens"/></FRBRWork>
                <FRBRExpression>
                    <FRBRthis value="/akn/ie/debateRecord/dail/2012-07-18/writtens/mul@/dbsect_29"/>
                    <FRBRuri value="/akn/ie/debateRecord/dail/2012-07-18/writtens/mul@"/>
                    <FRBRdate date="2012-07-18" name="#reported"/>
                    <FRBRauthor as="#editor" href="http://oireachtas.ie/ie/oireachtas/role/debates"/>
                    <FRBRlanguage language="mul"/>
                </FRBRExpression>
                <FRBRManifestation>
                    <FRBRthis value="/akn/ie/debateRecord/dail/2012-07-18/writtens/mul@/dbsect_29.xml"/>
                    <FRBRuri value="/akn/ie/debateRecord/dail/2012-07-18/writtens/mul@.akn"/>
                    <FRBRdate date="2016-08-17T12:53:12.290656" name="#publication"/>
                    <FRBRauthor as="#editor" href="http://oireachtas.ie/ie/oireachtas/role/debates"/>
                </FRBRManifestation>
            </identification>
            <references source="#debates">
                <TLCOrganization eId="source" href="http://oireachtas.ie" showAs="Houses of the Oireachtas"/><TLCConcept eId="generation" href="http://oireachtas.ie/ie/oireachtas/ontology#Generation" showAs="Generation"/>
<TLCConcept eId="reported" href="http://oireachtas.ie/ie/oireachtas/ontology#Reported" showAs="Reported"/>
<TLCConcept eId="publication" href="http://oireachtas.ie/ie/oireachtas/ontology#Publication" showAs="Publication"/>
<TLCPerson eId="EamonGilmore" href="http://oireachtas.ie/ie/oireachtas/member/Eamon-Gilmore.D.1989-06-29/dail/31" showAs="Mr. Eamon Gilmore"/>
<TLCPerson eId="PadraigMacLochlainn" href="http://oireachtas.ie/ie/oireachtas/member/Pádraig-MacLochlainn.D.2011-03-09/dail/31" showAs="Mr. Pádraig Mac Lochlainn"/>
<TLCRole eId="Minister_for_Foreign" href="http://oireachtas.ie/ie/oireachtas/minister/foreign" showAs="Minister for Foreign"/>
<TLCRole eId="Tánaiste_and_Minister_for_Foreign_Affairs_and_Trade" href="http://oireachtas.ie/ie/oireachtas/member/Eamon-Gilmore.D.1989-06-29/dail/31/role/tánaiste_and_minister_for_foreign_affairs_and_trade" showAs="Tánaiste and Minister for Foreign Affairs and Trade"/>
</references>
        </meta>
        <preface>
            <block name="title_ga">
                <docTitle>DÍOSPÓIREACHTAÍ PARLAIMINTE</docTitle>
            </block>
            <block name="title_en">
                <docTitle>PARLIAMENTARY DEBATES</docTitle>
            </block>
            <block name="proponent_ga">
                <docProponent>DÁIL ÉIREANN</docProponent>
            </block>
            <block name="status_ga">
                <docStatus>TUAIRISC OIFIGIÚIL</docStatus>
            </block>
            <block name="status_en">
                <docStatus>(OFFICIAL REPORT)</docStatus>
            </block>
            <block name="date_ga">
                <docDate date="2012-07-18">Dé Céadaoin, 18 Iúil 2012</docDate>
            </block>
            <block name="date_en">
                <docDate date="2012-07-18">Wednesday, 18 July 2012</docDate>
            </block>
        </preface>
        <debateBody><debateSection name="writtenAnswer" eId="dbsect_29">
                    <heading>Departmental Expenditure</heading>
                    <question by="#PadraigMacLochlainn" to="#Minister_for_Foreign" eId="pq_51">
                        <p eId="para_248">
        51
        <b>Deputy Pádraig Mac Lochlainn</b>
         asked the 
        <b>Tánaiste and Minister for Foreign Affairs and Trade</b>
         if he will provide the updated figures for expenditure savings relevant to his Department as outlined in last years budget document. 
        [35644/12]
      </p>
                    </question>
                    <question by="#PadraigMacLochlainn" to="#Minister_for_Foreign" eId="pq_52">
                        <p eId="para_249">
        52
        <b> Deputy Pádraig Mac Lochlainn</b>
         asked the 
        <b>Tánaiste and Minister for Foreign Affairs and Trade</b>
         if he will provide figures for any potential savings in his Department planned for the next budget. 
        [35645/12]
      </p>
                    </question>
                    <speech by="#EamonGilmore" as="#Tánaiste_and_Minister_for_Foreign_Affairs_and_Trade">
                        <from>Tánaiste and Minister for Foreign Affairs and Trade (Deputy Eamon Gilmore)</from>
                        <p eId="para_250">I propose to take Questions Nos. 51 and 52 together.</p>
                        <p eId="para_251">The Government's Comprehensive Review of Expenditure sets out the following expenditure ceilings and savings for the Foreign Affairs Group (Votes 27 and 28):</p>
                        <table>
                            <tr>
                                <td/>
                                <td>
                                    <p eId="para_252">2012  (€ million)</p>
                                </td>
                                <td>
                                    <p eId="para_253">2013 (€ million)</p>
                                </td>
                                <td>
                                    <p eId="para_254">2014 (€ million)</p>
                                </td>
                            </tr>
                            <tr>
                                <td>
                                    <p eId="para_255">Total allocations for gross current expenditure</p>
                                </td>
                                <td>
                                    <p eId="para_256">724</p>
                                </td>
                                <td>
                                    <p eId="para_257">733</p>
                                </td>
                                <td>
                                    <p eId="para_258">719</p>
                                </td>
                            </tr>
                            <tr>
                                <td>
                                    <p eId="para_259">Savings measures introduced in 2012</p>
                                </td>
                                <td>
                                    <p eId="para_260">55</p>
                                </td>
                                <td>
                                    <p eId="para_261">56</p>
                                </td>
                                <td>
                                    <p eId="para_262">56</p>
                                </td>
                            </tr>
                            <tr>
                                <td>
                                    <p eId="para_263">Savings remaining to be specified (cumulative)</p>
                                </td>
                                <td/>
                                <td>
                                    <p eId="para_264">44</p>
                                </td>
                                <td>
                                    <p eId="para_265">94</p>
                                </td>
                            </tr>
                        </table>
                        <p eId="para_266">The savings measures introduced in 2012 will result in savings of €56m annually for each of 2013 and 2014.  These savings arise from reductions in the allocations for development cooperation, support for Irish emigrants and the reconciliation and anti-sectarian funds, and from the closure of three overseas missions.</p>
                        <p eId="para_267">Additional savings measures to be specified for 2013 and 2014 are under active consideration and will be disclosed in due course as part of the normal Estimates process.</p>
                    </speech>
                </debateSection>
                </debateBody></debate>
</akomaNtoso>
