<?xml version='1.0' encoding='UTF-8'?>
<akomaNtoso xmlns="http://docs.oasis-open.org/legaldocml/ns/akn/3.0/CSD13" xmlns:xsi="http://www.w3.org/2001/XMLSchema-instance" xsi:schemaLocation="http://docs.oasis-open.org/legaldocml/ns/akn/3.0/CSD13 ./akomantoso30.xsd ">
    <debate name="Official Report">
        <meta>
            <identification source="#source">
                <FRBRWork>
                    <FRBRthis value="/akn/ie/debateRecord/dail/2012-07-18/writtens/dbsect_167"/>
                    <FRBRuri value="/akn/ie/debateRecord/dail/2012-07-18/writtens"/>
                    <FRBRdate date="2012-07-18" name="#generation"/>
                    <FRBRauthor href="http://oireachtas.ie/ie/oireachtas/house/dail"/>
                    <FRBRcountry value="ie"/>
                <FRBRname value="writtens"/></FRBRWork>
                <FRBRExpression>
                    <FRBRthis value="/akn/ie/debateRecord/dail/2012-07-18/writtens/mul@/dbsect_167"/>
                    <FRBRuri value="/akn/ie/debateRecord/dail/2012-07-18/writtens/mul@"/>
                    <FRBRdate date="2012-07-18" name="#reported"/>
                    <FRBRauthor as="#editor" href="http://oireachtas.ie/ie/oireachtas/role/debates"/>
                    <FRBRlanguage language="mul"/>
                </FRBRExpression>
                <FRBRManifestation>
                    <FRBRthis value="/akn/ie/debateRecord/dail/2012-07-18/writtens/mul@/dbsect_167.xml"/>
                    <FRBRuri value="/akn/ie/debateRecord/dail/2012-07-18/writtens/mul@.akn"/>
                    <FRBRdate date="2016-08-17T12:53:12.290656" name="#publication"/>
                    <FRBRauthor as="#editor" href="http://oireachtas.ie/ie/oireachtas/role/debates"/>
                </FRBRManifestation>
            </identification>
            <references source="#debates">
                <TLCOrganization eId="source" href="http://oireachtas.ie" showAs="Houses of the Oireachtas"/><TLCConcept eId="generation" href="http://oireachtas.ie/ie/oireachtas/ontology#Generation" showAs="Generation"/>
<TLCConcept eId="reported" href="http://oireachtas.ie/ie/oireachtas/ontology#Reported" showAs="Reported"/>
<TLCConcept eId="publication" href="http://oireachtas.ie/ie/oireachtas/ontology#Publication" showAs="Publication"/>
<TLCPerson eId="MichaelMartin" href="http://oireachtas.ie/ie/oireachtas/member/Micheál-Martin.D.1989-06-29/dail/31" showAs="Mr. Micheál Martin"/>
<TLCPerson eId="PhilipHogan" href="http://oireachtas.ie/ie/oireachtas/member/Phil-Hogan.S.1987-04-25/dail/31" showAs="Mr. Phil Hogan"/>
<TLCRole eId="Minister_for_the_Environment,_Community_and_Local_Government" href="http://oireachtas.ie/ie/oireachtas/member/Phil-Hogan.S.1987-04-25/dail/31/minister/environment__community__local_government" showAs="Minister for the Environment, Community and Local Government"/>
</references>
        </meta>
        <preface>
            <block name="title_ga">
                <docTitle>DÍOSPÓIREACHTAÍ PARLAIMINTE</docTitle>
            </block>
            <block name="title_en">
                <docTitle>PARLIAMENTARY DEBATES</docTitle>
            </block>
            <block name="proponent_ga">
                <docProponent>DÁIL ÉIREANN</docProponent>
            </block>
            <block name="status_ga">
                <docStatus>TUAIRISC OIFIGIÚIL</docStatus>
            </block>
            <block name="status_en">
                <docStatus>(OFFICIAL REPORT)</docStatus>
            </block>
            <block name="date_ga">
                <docDate date="2012-07-18">Dé Céadaoin, 18 Iúil 2012</docDate>
            </block>
            <block name="date_en">
                <docDate date="2012-07-18">Wednesday, 18 July 2012</docDate>
            </block>
        </preface>
        <debateBody><debateSection name="writtenAnswer" eId="dbsect_167">
                    <heading>Building Regulations</heading>
                    <question by="#MichaelMartin" to="#Minister_for_the_Environment,_Community_and_Local_Government" eId="pq_225">
                        <p eId="para_4413">
        225
        <b> Deputy Micheál Martin</b>
         asked the 
        <b>Minister for the Environment, Community and Local Government</b>
         his position regarding the role of chartered architectural technologists under the proposed Building Control (Amendment) Regulations 2012, which in its current format will have a direct impact on their right to carry out their professional activities; and if he will make a statement on the matter. 
        [35628/12]
      </p>
                    </question>
                    <speech by="#PhilipHogan" as="#Minister_for_the_Environment,_Community_and_Local_Government">
                        <from>Minister for the Environment, Community and Local Government (Deputy Phil Hogan)</from>
                        <p eId="para_4414">Earlier this year I released for public consultation proposed Building Control (Amendment) Regulations which will provide for:</p>
                        <p class="indent_1" eId="para_4415">(a) the introduction of mandatory certificates of compliance by builders and designers of buildings confirming that the statutory requirements of the Building Regulations have been met; and</p>
                        <p class="indent_1" eId="para_4416">(b) the lodgement of drawings at both commencement and completion of construction, demonstrating how the building has been designed and built to comply with all parts of the Building Regulations.</p>
                        <p eId="para_4417">The regulations as proposed require, among other things, that the owner of a proposed building or works must assign a competent professional to inspect and certify the proposed building or works.  The assigned person must be an Architect or a Building Surveyor named on a register maintained in line with Part 3 or Part 5 respectively of the Building Control Act 2007 or be a Chartered Engineer named on the register maintained under Section 7 of the Institution of Civil Engineers of Ireland (Charter Amendment) Act 1969.</p>
                        <p eId="para_4418">It is envisaged that the assigned person will inspect and certify the building or works in line with a Code of Practice which is currently being prepared and which will be published, following consultation with industry stakeholders, in advance of the implementation of the proposed regulations.</p>
                        <p eId="para_4419">The proposed Building Control (Amendment) Regulations will now be reviewed by my Department in the light of the submissions received during the public consultation process, which closed on 24 May 2012, with a view to having a final set of Regulations prepared and signed into law in the coming months.</p>
                        <p eId="para_4420">The Building Control Act 2007, among other things, provides at parts 3 and 5 respectively for the registration of persons entitled to use the title of Architect and Building Surveyor.   A variety of routes to registration as either Architect or Building Surveyor are provided for, having regard to the academic qualifications, professional attainment and practical experience of prospective candidates for registration. I understand that a number of members of the Chartered Institute of Architectural Technologists (CIAT) have already successfully applied for registration on the register of Architects.  Depending on their academic qualifications, professional attainments and practical experience members of CIAT may also be eligible for registration on the register of Building Surveyors.  I would encourage members of CIAT interested in signing certificates of compliance to explore and pursue the routes to registration which may be open to them having regard to their own professional background.</p>
                    </speech>
                </debateSection>
                </debateBody></debate>
</akomaNtoso>
