<?xml version='1.0' encoding='UTF-8'?>
<akomaNtoso xmlns="http://docs.oasis-open.org/legaldocml/ns/akn/3.0/CSD13" xmlns:xsi="http://www.w3.org/2001/XMLSchema-instance" xsi:schemaLocation="http://docs.oasis-open.org/legaldocml/ns/akn/3.0/CSD13 ./akomantoso30.xsd ">
    <debate name="Official Report">
        <meta>
            <identification source="#source">
                <FRBRWork>
                    <FRBRthis value="/akn/ie/debateRecord/dail/2012-07-18/writtens/dbsect_168"/>
                    <FRBRuri value="/akn/ie/debateRecord/dail/2012-07-18/writtens"/>
                    <FRBRdate date="2012-07-18" name="#generation"/>
                    <FRBRauthor href="http://oireachtas.ie/ie/oireachtas/house/dail"/>
                    <FRBRcountry value="ie"/>
                <FRBRname value="writtens"/></FRBRWork>
                <FRBRExpression>
                    <FRBRthis value="/akn/ie/debateRecord/dail/2012-07-18/writtens/mul@/dbsect_168"/>
                    <FRBRuri value="/akn/ie/debateRecord/dail/2012-07-18/writtens/mul@"/>
                    <FRBRdate date="2012-07-18" name="#reported"/>
                    <FRBRauthor as="#editor" href="http://oireachtas.ie/ie/oireachtas/role/debates"/>
                    <FRBRlanguage language="mul"/>
                </FRBRExpression>
                <FRBRManifestation>
                    <FRBRthis value="/akn/ie/debateRecord/dail/2012-07-18/writtens/mul@/dbsect_168.xml"/>
                    <FRBRuri value="/akn/ie/debateRecord/dail/2012-07-18/writtens/mul@.akn"/>
                    <FRBRdate date="2016-08-17T12:53:12.290656" name="#publication"/>
                    <FRBRauthor as="#editor" href="http://oireachtas.ie/ie/oireachtas/role/debates"/>
                </FRBRManifestation>
            </identification>
            <references source="#debates">
                <TLCOrganization eId="source" href="http://oireachtas.ie" showAs="Houses of the Oireachtas"/><TLCConcept eId="generation" href="http://oireachtas.ie/ie/oireachtas/ontology#Generation" showAs="Generation"/>
<TLCConcept eId="reported" href="http://oireachtas.ie/ie/oireachtas/ontology#Reported" showAs="Reported"/>
<TLCConcept eId="publication" href="http://oireachtas.ie/ie/oireachtas/ontology#Publication" showAs="Publication"/>
<TLCPerson eId="JanOSullivan" href="http://oireachtas.ie/ie/oireachtas/member/Jan-O'Sullivan.S.1993-02-17/dail/31" showAs="Ms. Jan O'Sullivan"/>
<TLCPerson eId="MichaelMartin" href="http://oireachtas.ie/ie/oireachtas/member/Micheál-Martin.D.1989-06-29/dail/31" showAs="Mr. Micheál Martin"/>
<TLCRole eId="Minister_for_the_Environment,_Community_and_Local_Government" href="http://oireachtas.ie/ie/oireachtas/member/Phil-Hogan.S.1987-04-25/dail/31/minister/environment__community__local_government" showAs="Minister for the Environment, Community and Local Government"/>
<TLCRole eId="Minister_of_State_at_the_Department_of_the_Environment,_Community_and_Local_Government" href="http://oireachtas.ie/ie/oireachtas/member/Jan-O'Sullivan.S.1993-02-17/dail/31/minister_state/environment__community__local_government" showAs="Minister of State at the Department of the Environment, Community and Local Government"/>
</references>
        </meta>
        <preface>
            <block name="title_ga">
                <docTitle>DÍOSPÓIREACHTAÍ PARLAIMINTE</docTitle>
            </block>
            <block name="title_en">
                <docTitle>PARLIAMENTARY DEBATES</docTitle>
            </block>
            <block name="proponent_ga">
                <docProponent>DÁIL ÉIREANN</docProponent>
            </block>
            <block name="status_ga">
                <docStatus>TUAIRISC OIFIGIÚIL</docStatus>
            </block>
            <block name="status_en">
                <docStatus>(OFFICIAL REPORT)</docStatus>
            </block>
            <block name="date_ga">
                <docDate date="2012-07-18">Dé Céadaoin, 18 Iúil 2012</docDate>
            </block>
            <block name="date_en">
                <docDate date="2012-07-18">Wednesday, 18 July 2012</docDate>
            </block>
        </preface>
        <debateBody><debateSection name="writtenAnswer" eId="dbsect_168">
                    <heading>Private Residential Tenancies Board</heading>
                    <question by="#MichaelMartin" to="#Minister_for_the_Environment,_Community_and_Local_Government" eId="pq_226">
                        <p eId="para_4421">
        226
        <b>Deputy Micheál Martin</b>
         asked the 
        <b>Minister for the Environment, Community and Local Government</b>
         the role of the Private Residential Tenancies Board in securing determination orders against landlords for retaining deposits; the role the PRTB plays in retaining deposits; if the PRTB gives support to tenants pursuing determination orders in the courts, the future steps he intends taking on these issues; and if he will make a statement on the matter. 
        [35629/12]
      </p>
                    </question>
                    <speech by="#JanOSullivan" as="#Minister_of_State_at_the_Department_of_the_Environment,_Community_and_Local_Government">
                        <from>Minister of State at the Department of the Environment, Community and Local Government (Deputy Jan O’Sullivan)</from>
                        <p eId="para_4422">The Residential Tenancies Act 2004 regulates the tenant-landlord relationship in the private rented residential sector. Under section 12 (1)(d) of the Act a landlord is obliged to promptly refund deposits unless, and in accordance with the provisions of the Act, rent or other charges or taxes are owing or there is damage to the property beyond normal wear and tear.</p>
                        <p eId="para_4423">My Department conducted a review of the Act in 2009 and the incorrect retention of deposits by landlords was identified in the review process as one of a range of issues that merited specific attention. In July 2011 the Government approved the drafting of the Residential Tenancies (Amendment) Bill 2011 and I anticipate its publication in the coming days. The Programme for Government 2011 commits to the introduction of a deposit protection scheme and it is important that action in this regard is taken in the context of a strong evidence base. I have therefore asked the PRTB to commission analysis-based research on such a scheme and to report back to me with recommendations. I understand that the PRTB has recently awarded the tender for this research and I expect that the Board will revert to me with detailed research and recommendations in Autumn 2012.</p>
                        <p eId="para_4424">The Act provides for the enforcement of determination orders, where such have not been complied with, by application to the Circuit Court by either a party to the determination order or by the Board itself. Given the discretionary nature of this power, the Board exercises it in the context of the circumstances pertaining to each case.</p>
                    </speech>
                </debateSection>
                </debateBody></debate>
</akomaNtoso>
