<?xml version='1.0' encoding='UTF-8'?>
<akomaNtoso xmlns="http://docs.oasis-open.org/legaldocml/ns/akn/3.0/CSD13" xmlns:xsi="http://www.w3.org/2001/XMLSchema-instance" xsi:schemaLocation="http://docs.oasis-open.org/legaldocml/ns/akn/3.0/CSD13 ./akomantoso30.xsd ">
    <debate name="Official Report">
        <meta>
            <identification source="#source">
                <FRBRWork>
                    <FRBRthis value="/akn/ie/debateRecord/dail/2012-07-18/writtens/dbsect_155"/>
                    <FRBRuri value="/akn/ie/debateRecord/dail/2012-07-18/writtens"/>
                    <FRBRdate date="2012-07-18" name="#generation"/>
                    <FRBRauthor href="http://oireachtas.ie/ie/oireachtas/house/dail"/>
                    <FRBRcountry value="ie"/>
                <FRBRname value="writtens"/></FRBRWork>
                <FRBRExpression>
                    <FRBRthis value="/akn/ie/debateRecord/dail/2012-07-18/writtens/mul@/dbsect_155"/>
                    <FRBRuri value="/akn/ie/debateRecord/dail/2012-07-18/writtens/mul@"/>
                    <FRBRdate date="2012-07-18" name="#reported"/>
                    <FRBRauthor as="#editor" href="http://oireachtas.ie/ie/oireachtas/role/debates"/>
                    <FRBRlanguage language="mul"/>
                </FRBRExpression>
                <FRBRManifestation>
                    <FRBRthis value="/akn/ie/debateRecord/dail/2012-07-18/writtens/mul@/dbsect_155.xml"/>
                    <FRBRuri value="/akn/ie/debateRecord/dail/2012-07-18/writtens/mul@.akn"/>
                    <FRBRdate date="2016-08-17T12:53:12.290656" name="#publication"/>
                    <FRBRauthor as="#editor" href="http://oireachtas.ie/ie/oireachtas/role/debates"/>
                </FRBRManifestation>
            </identification>
            <references source="#debates">
                <TLCOrganization eId="source" href="http://oireachtas.ie" showAs="Houses of the Oireachtas"/><TLCConcept eId="generation" href="http://oireachtas.ie/ie/oireachtas/ontology#Generation" showAs="Generation"/>
<TLCConcept eId="reported" href="http://oireachtas.ie/ie/oireachtas/ontology#Reported" showAs="Reported"/>
<TLCConcept eId="publication" href="http://oireachtas.ie/ie/oireachtas/ontology#Publication" showAs="Publication"/>
<TLCPerson eId="MattieMcGrath" href="http://oireachtas.ie/ie/oireachtas/member/Mattie-McGrath.D.2007-06-14/dail/31" showAs="Mr. Mattie McGrath"/>
<TLCPerson eId="PatRabbitte" href="http://oireachtas.ie/ie/oireachtas/member/Pat-Rabbitte.D.1989-06-29/dail/31" showAs="Mr. Pat Rabbitte"/>
<TLCRole eId="Minister_for_Communications,_Energy_and_Natural_Resources" href="http://oireachtas.ie/ie/oireachtas/member/Pat-Rabbitte.D.1989-06-29/dail/31/minister/communications__energy__natural_resources" showAs="Minister for Communications, Energy and Natural Resources"/>
</references>
        </meta>
        <preface>
            <block name="title_ga">
                <docTitle>DÍOSPÓIREACHTAÍ PARLAIMINTE</docTitle>
            </block>
            <block name="title_en">
                <docTitle>PARLIAMENTARY DEBATES</docTitle>
            </block>
            <block name="proponent_ga">
                <docProponent>DÁIL ÉIREANN</docProponent>
            </block>
            <block name="status_ga">
                <docStatus>TUAIRISC OIFIGIÚIL</docStatus>
            </block>
            <block name="status_en">
                <docStatus>(OFFICIAL REPORT)</docStatus>
            </block>
            <block name="date_ga">
                <docDate date="2012-07-18">Dé Céadaoin, 18 Iúil 2012</docDate>
            </block>
            <block name="date_en">
                <docDate date="2012-07-18">Wednesday, 18 July 2012</docDate>
            </block>
        </preface>
        <debateBody><debateSection name="writtenAnswer" eId="dbsect_155">
                    <heading>Workplace Safety</heading>
                    <question by="#MattieMcGrath" to="#Minister_for_Communications,_Energy_and_Natural_Resources" eId="pq_211">
                        <p eId="para_4171">
        211
        <b> Deputy Mattie McGrath</b>
         asked the 
        <b>Minister for Communications, Energy and Natural Resources</b>
         if he will explain the circumstances surrounding the underground gas explosion that occurred during the commissioning of the new Bord Gáis pipeline between Midleton in County Cork and Ballyporeen in County Tipperary; the safeguards that are in place to prevent a reoccurrence of same; and if he will make a statement on the matter. 
        [35525/12]
      </p>
                    </question>
                    <question by="#MattieMcGrath" to="#Minister_for_Communications,_Energy_and_Natural_Resources" eId="pq_212">
                        <p eId="para_4172">
        212
        <b> Deputy Mattie McGrath</b>
         asked the 
        <b>Minister for Communications, Energy and Natural Resources</b>
         if he and the Commission for Energy Regulations will confirm that a site specific explosion protection document is in place for each site on the Bord Gáis Network as required under regulation 169 of the Safety, Health and Welfare at Work (General Application) Regulations 2007, S.I. No. 299 of 2007; and if he will make a statement on the matter. 
        [35526/12]
      </p>
                    </question>
                    <speech by="#PatRabbitte" as="#Minister_for_Communications,_Energy_and_Natural_Resources">
                        <from>Minister for Communications, Energy and Natural Resources (Deputy Pat Rabbitte)</from>
                        <p eId="para_4173">I propose to take Questions Nos. 211 and 212 together.</p>
                        <p eId="para_4174">The matters raised by the Deputy are operational matters for Bord Gáis Éireann (BGÉ) regulated in accordance with the safety regulatory framework established by the Commission for Energy Regulation (CER) and I have no function in this regard.</p>
                        <p eId="para_4175">BGÉ is the owner of the national gas transmission and distribution systems and is mandated with the development and maintenance of the natural gas network under the Gas Act 1976.</p>
                        <p eId="para_4176">The CER is the statutorily independent body charged with all aspects of the licensing of transmission and distribution operators.  A key legal responsibility of the CER is to promote the safety of natural gas for customers and the public generally.</p>
                        <p eId="para_4177">The CER's remit also includes specific responsibility for natural gas safety.  The Energy (Miscellaneous Provisions) Act 2006 empowered the CER to regulate from a safety perspective undertakings involved in gas transmission, distribution, storage, supply and shipping.  The CER has established a natural gas safety regulatory framework, including a system for the inspection and testing of natural gas transmission and distribution pipelines.</p>
                        <p eId="para_4178">The CER places obligations on undertakings to ensure that any safety risks associated with their operations are reduced to as low as reasonably practicable.  BGÉ's transmission and distribution operations are subjected to ongoing audit and inspection by the CER.  Additionally, BGÉ reports quarterly to the CER on a comprehensive range of safety performance indicators, to verify that all operations are in compliance with the overall natural gas regulatory framework.</p>
                        <p eId="para_4179">BGÉ develops, operates and maintains Ireland's natural gas network under a CER regulated Safety Case regime.  The CER has a comprehensive audit regime to monitor compliance with Safety Case requirements.  I understand that the CER has approved Safety Cases covering the operation and maintenance of the gas network.  BGÉ manages gas network maintenance and safety programmes using procedures in accordance with the Safety Cases under the CER Gas Safety Regulatory Framework and the requirements of the Health and Safety Authority.  BGÉ prepares Risk Assessments for each major gas site or installation.</p>
                        <p eId="para_4180">The incident referred to by the Deputy occurred in May 2010 as the relevant BGÉ subsidiary, Bord Gáis Networks (BGN), was inspecting the Curraleigh West to Midleton pipeline prior to bringing the pipeline into operation.  The gauge used in the inspection showed evidence of having been subjected to abnormally high temperatures.  I am advised that there was no evidence of an explosion and the underground pipeline was not breached.  Further testing was carried out and the line has been re-tested on a number of subsequent occasions and is operating satisfactorily.</p>
                        <p eId="para_4181">Following this incident, BGN commissioned an independent external review of procedures and, based on the review findings, made amendments to technical commissioning and purging procedures.  The national Gas Safety Committee continues to supervise ongoing BGN analysis into the technical issues involved, which the Committee has determined was not a pipeline integrity issue.</p>
                        <p eId="para_4182">In addition, BGÉ also applies a Safety Management System, Technical Audit and Inspection and Training Programmes across all activities of its networks business inclusive of its own staff, business partners and contractors used for Network maintenance and safety works.</p>
                        <p eId="para_4183">Safety is BGÉ's first priority and the company is committed to ongoing development and maintenance of the gas networks and systems to ensure safety and to deliver continuous safety improvement and performance. I have every confidence in BGÉ's priority commitment to safety and in its safety and emergency response service.  There is never room for complacency however, and BGÉ itself is engaged in a constant process of safety review and   enhancement working with CER.</p>
                    </speech>
                </debateSection>
                </debateBody></debate>
</akomaNtoso>
