<?xml version='1.0' encoding='UTF-8'?>
<akomaNtoso xmlns="http://docs.oasis-open.org/legaldocml/ns/akn/3.0/CSD13" xmlns:xsi="http://www.w3.org/2001/XMLSchema-instance" xsi:schemaLocation="http://docs.oasis-open.org/legaldocml/ns/akn/3.0/CSD13 ./akomantoso30.xsd ">
    <debate name="Official Report">
        <meta>
            <identification source="#source">
                <FRBRWork>
                    <FRBRthis value="/akn/ie/debateRecord/dail/2012-07-18/writtens/dbsect_229"/>
                    <FRBRuri value="/akn/ie/debateRecord/dail/2012-07-18/writtens"/>
                    <FRBRdate date="2012-07-18" name="#generation"/>
                    <FRBRauthor href="http://oireachtas.ie/ie/oireachtas/house/dail"/>
                    <FRBRcountry value="ie"/>
                <FRBRname value="writtens"/></FRBRWork>
                <FRBRExpression>
                    <FRBRthis value="/akn/ie/debateRecord/dail/2012-07-18/writtens/mul@/dbsect_229"/>
                    <FRBRuri value="/akn/ie/debateRecord/dail/2012-07-18/writtens/mul@"/>
                    <FRBRdate date="2012-07-18" name="#reported"/>
                    <FRBRauthor as="#editor" href="http://oireachtas.ie/ie/oireachtas/role/debates"/>
                    <FRBRlanguage language="mul"/>
                </FRBRExpression>
                <FRBRManifestation>
                    <FRBRthis value="/akn/ie/debateRecord/dail/2012-07-18/writtens/mul@/dbsect_229.xml"/>
                    <FRBRuri value="/akn/ie/debateRecord/dail/2012-07-18/writtens/mul@.akn"/>
                    <FRBRdate date="2016-08-17T12:53:12.290656" name="#publication"/>
                    <FRBRauthor as="#editor" href="http://oireachtas.ie/ie/oireachtas/role/debates"/>
                </FRBRManifestation>
            </identification>
            <references source="#debates">
                <TLCOrganization eId="source" href="http://oireachtas.ie" showAs="Houses of the Oireachtas"/><TLCConcept eId="generation" href="http://oireachtas.ie/ie/oireachtas/ontology#Generation" showAs="Generation"/>
<TLCConcept eId="reported" href="http://oireachtas.ie/ie/oireachtas/ontology#Reported" showAs="Reported"/>
<TLCConcept eId="publication" href="http://oireachtas.ie/ie/oireachtas/ontology#Publication" showAs="Publication"/>
<TLCPerson eId="MichaelCreed" href="http://oireachtas.ie/ie/oireachtas/member/Michael-Creed.D.1989-06-29/dail/31" showAs="Mr. Michael Creed"/>
<TLCPerson eId="SimonCoveney" href="http://oireachtas.ie/ie/oireachtas/member/Simon-Coveney.D.1998-10-23/dail/31" showAs="Mr. Simon Coveney"/>
<TLCRole eId="Minister_for_Agriculture,_Food_and_the_Marine" href="http://oireachtas.ie/ie/oireachtas/member/Simon-Coveney.D.1998-10-23/dail/31/minister/agriculture__food__marine" showAs="Minister for Agriculture, Food and the Marine"/>
</references>
        </meta>
        <preface>
            <block name="title_ga">
                <docTitle>DÍOSPÓIREACHTAÍ PARLAIMINTE</docTitle>
            </block>
            <block name="title_en">
                <docTitle>PARLIAMENTARY DEBATES</docTitle>
            </block>
            <block name="proponent_ga">
                <docProponent>DÁIL ÉIREANN</docProponent>
            </block>
            <block name="status_ga">
                <docStatus>TUAIRISC OIFIGIÚIL</docStatus>
            </block>
            <block name="status_en">
                <docStatus>(OFFICIAL REPORT)</docStatus>
            </block>
            <block name="date_ga">
                <docDate date="2012-07-18">Dé Céadaoin, 18 Iúil 2012</docDate>
            </block>
            <block name="date_en">
                <docDate date="2012-07-18">Wednesday, 18 July 2012</docDate>
            </block>
        </preface>
        <debateBody><debateSection name="writtenAnswer" eId="dbsect_229">
                    <heading>Rural Environment Protection Scheme</heading>
                    <question by="#MichaelCreed" to="#Minister_for_Agriculture,_Food_and_the_Marine" eId="pq_301">
                        <p eId="para_5339">
        301
        <b> Deputy Michael Creed</b>
         asked the 
        <b>Minister for Agriculture, Food and the Marine</b>
         the reason for the delay in expediting a decision on a rural environment protection scheme scheme appeal in respect of a person (details supplied) in County Cork; and if he will make a statement on the matter. 
        [35901/12]
      </p>
                    </question>
                    <speech by="#SimonCoveney" as="#Minister_for_Agriculture,_Food_and_the_Marine">
                        <from>Minister for Agriculture, Food and the Marine (Deputy Simon Coveney)</from>
                        <p eId="para_5340">The person mentioned commenced in REPS 3 in October 2006 and received payments for the first 4 years of the plan.</p>
                        <p eId="para_5341">Following a Compliance Inspection, a 100% penalty was imposed on 3rd May 2011 for the amount of €3,058.32 as a result of an "adjustment for area change". An appeal was received on 17th November 2011 by the Agriculture Appeals Office in Portlaoise.  Following examination of this case a decision was reached and was conveyed in a letter issued to the person named by the Appeals Officer on 26th   June 2011 in which the Appeals Officer allowed the appeal against the penalty. Arrangements have now been made to implement the Appeals Office decision and payment will issued to the person named very shortly.</p>
                    </speech>
                </debateSection>
                </debateBody></debate>
</akomaNtoso>
