<?xml version='1.0' encoding='UTF-8'?>
<akomaNtoso xmlns="http://docs.oasis-open.org/legaldocml/ns/akn/3.0/CSD13" xmlns:xsi="http://www.w3.org/2001/XMLSchema-instance" xsi:schemaLocation="http://docs.oasis-open.org/legaldocml/ns/akn/3.0/CSD13 ./akomantoso30.xsd ">
    <debate name="Official Report">
        <meta>
            <identification source="#source">
                <FRBRWork>
                    <FRBRthis value="/akn/ie/debateRecord/dail/2012-07-18/writtens/dbsect_157"/>
                    <FRBRuri value="/akn/ie/debateRecord/dail/2012-07-18/writtens"/>
                    <FRBRdate date="2012-07-18" name="#generation"/>
                    <FRBRauthor href="http://oireachtas.ie/ie/oireachtas/house/dail"/>
                    <FRBRcountry value="ie"/>
                <FRBRname value="writtens"/></FRBRWork>
                <FRBRExpression>
                    <FRBRthis value="/akn/ie/debateRecord/dail/2012-07-18/writtens/mul@/dbsect_157"/>
                    <FRBRuri value="/akn/ie/debateRecord/dail/2012-07-18/writtens/mul@"/>
                    <FRBRdate date="2012-07-18" name="#reported"/>
                    <FRBRauthor as="#editor" href="http://oireachtas.ie/ie/oireachtas/role/debates"/>
                    <FRBRlanguage language="mul"/>
                </FRBRExpression>
                <FRBRManifestation>
                    <FRBRthis value="/akn/ie/debateRecord/dail/2012-07-18/writtens/mul@/dbsect_157.xml"/>
                    <FRBRuri value="/akn/ie/debateRecord/dail/2012-07-18/writtens/mul@.akn"/>
                    <FRBRdate date="2016-08-17T12:53:12.290656" name="#publication"/>
                    <FRBRauthor as="#editor" href="http://oireachtas.ie/ie/oireachtas/role/debates"/>
                </FRBRManifestation>
            </identification>
            <references source="#debates">
                <TLCOrganization eId="source" href="http://oireachtas.ie" showAs="Houses of the Oireachtas"/><TLCConcept eId="generation" href="http://oireachtas.ie/ie/oireachtas/ontology#Generation" showAs="Generation"/>
<TLCConcept eId="reported" href="http://oireachtas.ie/ie/oireachtas/ontology#Reported" showAs="Reported"/>
<TLCConcept eId="publication" href="http://oireachtas.ie/ie/oireachtas/ontology#Publication" showAs="Publication"/>
<TLCPerson eId="BrianStanley" href="http://oireachtas.ie/ie/oireachtas/member/Brian-Stanley.D.2011-03-09/dail/31" showAs="Mr. Brian Stanley"/>
<TLCPerson eId="PatRabbitte" href="http://oireachtas.ie/ie/oireachtas/member/Pat-Rabbitte.D.1989-06-29/dail/31" showAs="Mr. Pat Rabbitte"/>
<TLCRole eId="Minister_for_Communications,_Energy_and_Natural_Resources" href="http://oireachtas.ie/ie/oireachtas/member/Pat-Rabbitte.D.1989-06-29/dail/31/minister/communications__energy__natural_resources" showAs="Minister for Communications, Energy and Natural Resources"/>
</references>
        </meta>
        <preface>
            <block name="title_ga">
                <docTitle>DÍOSPÓIREACHTAÍ PARLAIMINTE</docTitle>
            </block>
            <block name="title_en">
                <docTitle>PARLIAMENTARY DEBATES</docTitle>
            </block>
            <block name="proponent_ga">
                <docProponent>DÁIL ÉIREANN</docProponent>
            </block>
            <block name="status_ga">
                <docStatus>TUAIRISC OIFIGIÚIL</docStatus>
            </block>
            <block name="status_en">
                <docStatus>(OFFICIAL REPORT)</docStatus>
            </block>
            <block name="date_ga">
                <docDate date="2012-07-18">Dé Céadaoin, 18 Iúil 2012</docDate>
            </block>
            <block name="date_en">
                <docDate date="2012-07-18">Wednesday, 18 July 2012</docDate>
            </block>
        </preface>
        <debateBody><debateSection name="writtenAnswer" eId="dbsect_157">
                    <heading>Departmental Expenditure</heading>
                    <question by="#BrianStanley" to="#Minister_for_Communications,_Energy_and_Natural_Resources" eId="pq_214">
                        <p eId="para_4188">
        214
        <b> Deputy Brian Stanley</b>
         asked the 
        <b>Minister for Communications, Energy and Natural Resources</b>
         if he will provide a breakdown of the total annual spend, including all grants, by his Department on all structures of local government here for 2011, and also for June 2011 to June 2012. 
        [35679/12]
      </p>
                    </question>
                    <speech by="#PatRabbitte" as="#Minister_for_Communications,_Energy_and_Natural_Resources">
                        <from>Minister for Communications, Energy and Natural Resources (Deputy Pat Rabbitte)</from>
                        <p eId="para_4189">Details of payments by my Department to local authorities for the period in question are set out in the following Table.  These related to a variety of programmes including Information and Communications Technology (Metropolitan Area Networks), Capital Mining Works, Integrated Mapping for the Sustainable Development of Ireland's Marine Resource (INFOMAR).</p>
                        <table>
                            <caption>Table: Payments to local authorities by Department of Communications Energy and Natural Resources</caption>
                            <tr>
                                <td>
                                    <p eId="para_4190">Local Authority</p>
                                </td>
                                <td>
                                    <p eId="para_4191">January to June 2011 €</p>
                                </td>
                                <td>
                                    <p eId="para_4192">July to December 2011 €</p>
                                </td>
                                <td>
                                    <p eId="para_4193">January to June 2012 €</p>
                                </td>
                                <td>
                                    <p eId="para_4194">Total €</p>
                                </td>
                            </tr>
                            <tr>
                                <td>
                                    <p eId="para_4195">Cavan County Council</p>
                                </td>
                                <td>
                                    <p eId="para_4196">0</p>
                                </td>
                                <td>
                                    <p eId="para_4197">203</p>
                                </td>
                                <td>
                                    <p eId="para_4198">908</p>
                                </td>
                                <td>
                                    <p eId="para_4199">1,111</p>
                                </td>
                            </tr>
                            <tr>
                                <td>
                                    <p eId="para_4200">Clare County Council</p>
                                </td>
                                <td>
                                    <p eId="para_4201">0</p>
                                </td>
                                <td>
                                    <p eId="para_4202">25,000</p>
                                </td>
                                <td>
                                    <p eId="para_4203">0</p>
                                </td>
                                <td>
                                    <p eId="para_4204">25,000</p>
                                </td>
                            </tr>
                            <tr>
                                <td>
                                    <p eId="para_4205">Donegal County Council</p>
                                </td>
                                <td>
                                    <p eId="para_4206">0</p>
                                </td>
                                <td>
                                    <p eId="para_4207">246,041</p>
                                </td>
                                <td>
                                    <p eId="para_4208">0</p>
                                </td>
                                <td>
                                    <p eId="para_4209">246,041</p>
                                </td>
                            </tr>
                            <tr>
                                <td>
                                    <p eId="para_4210">Dublin City Council</p>
                                </td>
                                <td>
                                    <p eId="para_4211">919</p>
                                </td>
                                <td>
                                    <p eId="para_4212">310</p>
                                </td>
                                <td>
                                    <p eId="para_4213">464</p>
                                </td>
                                <td>
                                    <p eId="para_4214">1,693</p>
                                </td>
                            </tr>
                            <tr>
                                <td>
                                    <p eId="para_4215">Dun Laoghaire-Rathdown County Council</p>
                                </td>
                                <td>
                                    <p eId="para_4216">53</p>
                                </td>
                                <td>
                                    <p eId="para_4217">106</p>
                                </td>
                                <td>
                                    <p eId="para_4218">110</p>
                                </td>
                                <td>
                                    <p eId="para_4219">269</p>
                                </td>
                            </tr>
                            <tr>
                                <td>
                                    <p eId="para_4220">Fermanagh District Council</p>
                                </td>
                                <td>
                                    <p eId="para_4221">5,980</p>
                                </td>
                                <td>
                                    <p eId="para_4222">0</p>
                                </td>
                                <td>
                                    <p eId="para_4223">0</p>
                                </td>
                                <td>
                                    <p eId="para_4224">5,980</p>
                                </td>
                            </tr>
                            <tr>
                                <td>
                                    <p eId="para_4225">Galway County Council</p>
                                </td>
                                <td>
                                    <p eId="para_4226">0</p>
                                </td>
                                <td>
                                    <p eId="para_4227">532,911</p>
                                </td>
                                <td>
                                    <p eId="para_4228">0</p>
                                </td>
                                <td>
                                    <p eId="para_4229">532,911</p>
                                </td>
                            </tr>
                            <tr>
                                <td>
                                    <p eId="para_4230">Kerry County Council</p>
                                </td>
                                <td>
                                    <p eId="para_4231">0</p>
                                </td>
                                <td>
                                    <p eId="para_4232">132,488</p>
                                </td>
                                <td>
                                    <p eId="para_4233">0</p>
                                </td>
                                <td>
                                    <p eId="para_4234">132,488</p>
                                </td>
                            </tr>
                            <tr>
                                <td>
                                    <p eId="para_4235">Louth County Council</p>
                                </td>
                                <td>
                                    <p eId="para_4236">0</p>
                                </td>
                                <td>
                                    <p eId="para_4237">726</p>
                                </td>
                                <td>
                                    <p eId="para_4238">369</p>
                                </td>
                                <td>
                                    <p eId="para_4239">1,095</p>
                                </td>
                            </tr>
                            <tr>
                                <td>
                                    <p eId="para_4240">Meath County Council</p>
                                </td>
                                <td>
                                    <p eId="para_4241">0</p>
                                </td>
                                <td>
                                    <p eId="para_4242">0</p>
                                </td>
                                <td>
                                    <p eId="para_4243">450</p>
                                </td>
                                <td>
                                    <p eId="para_4244">450</p>
                                </td>
                            </tr>
                            <tr>
                                <td>
                                    <p eId="para_4245">Monaghan County Council</p>
                                </td>
                                <td>
                                    <p eId="para_4246">0</p>
                                </td>
                                <td>
                                    <p eId="para_4247">149,194</p>
                                </td>
                                <td>
                                    <p eId="para_4248">0</p>
                                </td>
                                <td>
                                    <p eId="para_4249">149,194</p>
                                </td>
                            </tr>
                            <tr>
                                <td>
                                    <p eId="para_4250">North Tipperary County Council</p>
                                </td>
                                <td>
                                    <p eId="para_4251">435,231</p>
                                </td>
                                <td>
                                    <p eId="para_4252">896,545</p>
                                </td>
                                <td>
                                    <p eId="para_4253">0</p>
                                </td>
                                <td>
                                    <p eId="para_4254">1,331,776</p>
                                </td>
                            </tr>
                            <tr>
                                <td>
                                    <p eId="para_4255">South East Regional Authority</p>
                                </td>
                                <td>
                                    <p eId="para_4256">63,382</p>
                                </td>
                                <td>
                                    <p eId="para_4257">52,867</p>
                                </td>
                                <td>
                                    <p eId="para_4258">0</p>
                                </td>
                                <td>
                                    <p eId="para_4259">116,249</p>
                                </td>
                            </tr>
                            <tr>
                                <td>
                                    <p eId="para_4260">Shannon Broadband Ltd *</p>
                                </td>
                                <td>
                                    <p eId="para_4261">0</p>
                                </td>
                                <td>
                                    <p eId="para_4262">100,000</p>
                                </td>
                                <td>
                                    <p eId="para_4263">63,261</p>
                                </td>
                                <td>
                                    <p eId="para_4264">163,261</p>
                                </td>
                            </tr>
                            <tr>
                                <td>
                                    <p eId="para_4265">Totals</p>
                                </td>
                                <td>
                                    <p eId="para_4266">505,565</p>
                                </td>
                                <td>
                                    <p eId="para_4267">2,136,391</p>
                                </td>
                                <td>
                                    <p eId="para_4268">65,562</p>
                                </td>
                                <td>
                                    <p eId="para_4269">2,707,518</p>
                                </td>
                            </tr>
                        </table>
                        <p eId="para_4270">*Partnership involving Shannon Development, Limerick City and County, Clare, North Tipperary and Offaly County Councils.</p>
                    </speech>
                </debateSection>
                </debateBody></debate>
</akomaNtoso>
