<?xml version='1.0' encoding='UTF-8'?>
<akomaNtoso xmlns="http://docs.oasis-open.org/legaldocml/ns/akn/3.0/CSD13" xmlns:xsi="http://www.w3.org/2001/XMLSchema-instance" xsi:schemaLocation="http://docs.oasis-open.org/legaldocml/ns/akn/3.0/CSD13 ./akomantoso30.xsd ">
    <debate name="Official Report">
        <meta>
            <identification source="#source">
                <FRBRWork>
                    <FRBRthis value="/akn/ie/debateRecord/dail/2012-07-18/writtens/dbsect_164"/>
                    <FRBRuri value="/akn/ie/debateRecord/dail/2012-07-18/writtens"/>
                    <FRBRdate date="2012-07-18" name="#generation"/>
                    <FRBRauthor href="http://oireachtas.ie/ie/oireachtas/house/dail"/>
                    <FRBRcountry value="ie"/>
                <FRBRname value="writtens"/></FRBRWork>
                <FRBRExpression>
                    <FRBRthis value="/akn/ie/debateRecord/dail/2012-07-18/writtens/mul@/dbsect_164"/>
                    <FRBRuri value="/akn/ie/debateRecord/dail/2012-07-18/writtens/mul@"/>
                    <FRBRdate date="2012-07-18" name="#reported"/>
                    <FRBRauthor as="#editor" href="http://oireachtas.ie/ie/oireachtas/role/debates"/>
                    <FRBRlanguage language="mul"/>
                </FRBRExpression>
                <FRBRManifestation>
                    <FRBRthis value="/akn/ie/debateRecord/dail/2012-07-18/writtens/mul@/dbsect_164.xml"/>
                    <FRBRuri value="/akn/ie/debateRecord/dail/2012-07-18/writtens/mul@.akn"/>
                    <FRBRdate date="2016-08-17T12:53:12.290656" name="#publication"/>
                    <FRBRauthor as="#editor" href="http://oireachtas.ie/ie/oireachtas/role/debates"/>
                </FRBRManifestation>
            </identification>
            <references source="#debates">
                <TLCOrganization eId="source" href="http://oireachtas.ie" showAs="Houses of the Oireachtas"/><TLCConcept eId="generation" href="http://oireachtas.ie/ie/oireachtas/ontology#Generation" showAs="Generation"/>
<TLCConcept eId="reported" href="http://oireachtas.ie/ie/oireachtas/ontology#Reported" showAs="Reported"/>
<TLCConcept eId="publication" href="http://oireachtas.ie/ie/oireachtas/ontology#Publication" showAs="Publication"/>
<TLCPerson eId="PatrickODonovan" href="http://oireachtas.ie/ie/oireachtas/member/Patrick-O'Donovan.D.2011-03-09/dail/31" showAs="Mr. Patrick O'Donovan"/>
<TLCPerson eId="PhilipHogan" href="http://oireachtas.ie/ie/oireachtas/member/Phil-Hogan.S.1987-04-25/dail/31" showAs="Mr. Phil Hogan"/>
<TLCRole eId="Minister_for_the_Environment,_Community_and_Local_Government" href="http://oireachtas.ie/ie/oireachtas/member/Phil-Hogan.S.1987-04-25/dail/31/minister/environment__community__local_government" showAs="Minister for the Environment, Community and Local Government"/>
</references>
        </meta>
        <preface>
            <block name="title_ga">
                <docTitle>DÍOSPÓIREACHTAÍ PARLAIMINTE</docTitle>
            </block>
            <block name="title_en">
                <docTitle>PARLIAMENTARY DEBATES</docTitle>
            </block>
            <block name="proponent_ga">
                <docProponent>DÁIL ÉIREANN</docProponent>
            </block>
            <block name="status_ga">
                <docStatus>TUAIRISC OIFIGIÚIL</docStatus>
            </block>
            <block name="status_en">
                <docStatus>(OFFICIAL REPORT)</docStatus>
            </block>
            <block name="date_ga">
                <docDate date="2012-07-18">Dé Céadaoin, 18 Iúil 2012</docDate>
            </block>
            <block name="date_en">
                <docDate date="2012-07-18">Wednesday, 18 July 2012</docDate>
            </block>
        </preface>
        <debateBody><debateSection name="writtenAnswer" eId="dbsect_164">
                    <heading>Ministerial Expenditure</heading>
                    <question by="#PatrickODonovan" to="#Minister_for_the_Environment,_Community_and_Local_Government" eId="pq_222">
                        <p eId="para_4311">
        222
        <b> Deputy Patrick O’Donovan</b>
         asked the 
        <b>Minister for the Environment, Community and Local Government</b>
         the amounts spent by previous Ministers and Ministers of State within his Department on subsistence, mobile phone communications and recouped expenses, with indications given to the portion that are both vouched and unvouched for each year from 1 January 2007 to 9 March 2011 inclusive; the extent of such expenditure that was discharged directly by his Department on behalf of the Minister concerned; the extent to which the expenditure was discharged by credit card directly by or on behalf of the Minister involved; and if he will make a statement on the matter. 
        [35502/12]
      </p>
                    </question>
                    <speech by="#PhilipHogan" as="#Minister_for_the_Environment,_Community_and_Local_Government">
                        <from>Minister for the Environment, Community and Local Government (Deputy Phil Hogan)</from>
                        <p eId="para_4312">Details of the travel and subsistence claims, mobile phone costs and other expenses recouped by Ministers and Ministers of State in my Department from 1 January 2007 to 9 March 2011 are set out below.</p>
                        <table>
                            <tr>
                                <td>
                                    <p eId="para_4313">Year</p>
                                </td>
                                <td>
                                    <p eId="para_4314">Minister/Minister of State</p>
                                </td>
                                <td>
                                    <p eId="para_4315">Travel &amp; Subsistence</p>
                                </td>
                                <td>
                                    <p eId="para_4316">Mobile Phone Costs</p>
                                </td>
                                <td>
                                    <p eId="para_4317">Other Recouped Expenses</p>
                                </td>
                            </tr>
                            <tr>
                                <td>
                                    <p eId="para_4318">2007</p>
                                </td>
                                <td>
                                    <p eId="para_4319">Minister, Dick Roche</p>
                                </td>
                                <td>
                                    <p eId="para_4320">€1,086.84</p>
                                </td>
                                <td>
                                    <p eId="para_4321">€2,985.28</p>
                                </td>
                                <td>
                                    <p eId="para_4322">Nil</p>
                                </td>
                            </tr>
                            <tr>
                                <td/>
                                <td>
                                    <p eId="para_4323">Minister, John Gormley</p>
                                </td>
                                <td>
                                    <p eId="para_4324">€2,484.54</p>
                                </td>
                                <td>
                                    <p eId="para_4325">€1,061.49</p>
                                </td>
                                <td>
                                    <p eId="para_4326">Nil</p>
                                </td>
                            </tr>
                            <tr>
                                <td/>
                                <td>
                                    <p eId="para_4327">Minister of State, Batt O’Keeffe</p>
                                </td>
                                <td>
                                    <p eId="para_4328">€34,237.03</p>
                                </td>
                                <td>
                                    <p eId="para_4329">€2,985.28</p>
                                </td>
                                <td>
                                    <p eId="para_4330">€45.90</p>
                                </td>
                            </tr>
                            <tr>
                                <td/>
                                <td>
                                    <p eId="para_4331">Minister of State, Noel Ahern</p>
                                </td>
                                <td>
                                    <p eId="para_4332">€20,389.91</p>
                                </td>
                                <td>
                                    <p eId="para_4333">€1,166.18</p>
                                </td>
                                <td>
                                    <p eId="para_4334">Nil</p>
                                </td>
                            </tr>
                            <tr>
                                <td/>
                                <td>
                                    <p eId="para_4335">Minister of State, Tony Killeen</p>
                                </td>
                                <td>
                                    <p eId="para_4336">€18,958.19</p>
                                </td>
                                <td>
                                    <p eId="para_4337">€1,839.92</p>
                                </td>
                                <td>
                                    <p eId="para_4338">€235.79</p>
                                </td>
                            </tr>
                            <tr>
                                <td>
                                    <p eId="para_4339">2008</p>
                                </td>
                                <td>
                                    <p eId="para_4340">Minister, John Gormley</p>
                                </td>
                                <td>
                                    <p eId="para_4341">€1,697.09</p>
                                </td>
                                <td>
                                    <p eId="para_4342">€3,585.96</p>
                                </td>
                                <td>
                                    <p eId="para_4343">€122.75</p>
                                </td>
                            </tr>
                            <tr>
                                <td/>
                                <td>
                                    <p eId="para_4344">Minister of State, Batt O’Keeffe</p>
                                </td>
                                <td>
                                    <p eId="para_4345">€45,933.91</p>
                                </td>
                                <td>
                                    <p eId="para_4346">€1,703.75</p>
                                </td>
                                <td>
                                    <p eId="para_4347">Nil</p>
                                </td>
                            </tr>
                            <tr>
                                <td/>
                                <td>
                                    <p eId="para_4348">Minister of State, Michael Finneran</p>
                                </td>
                                <td>
                                    <p eId="para_4349">€26,944.40</p>
                                </td>
                                <td>
                                    <p eId="para_4350">€781.68</p>
                                </td>
                                <td>
                                    <p eId="para_4351">Nil</p>
                                </td>
                            </tr>
                            <tr>
                                <td/>
                                <td>
                                    <p eId="para_4352">Minister of State, Michael Kitt</p>
                                </td>
                                <td>
                                    <p eId="para_4353">€21,266.28</p>
                                </td>
                                <td>
                                    <p eId="para_4354">€1,279.77</p>
                                </td>
                                <td>
                                    <p eId="para_4355">Nil</p>
                                </td>
                            </tr>
                            <tr>
                                <td/>
                                <td>
                                    <p eId="para_4356">Minister of State, Tony Killeen</p>
                                </td>
                                <td>
                                    <p eId="para_4357">€22,292.62</p>
                                </td>
                                <td>
                                    <p eId="para_4358">€1,637.53</p>
                                </td>
                                <td>
                                    <p eId="para_4359">Nil</p>
                                </td>
                            </tr>
                            <tr>
                                <td>
                                    <p eId="para_4360">2009</p>
                                </td>
                                <td>
                                    <p eId="para_4361">Minister, John Gormley</p>
                                </td>
                                <td>
                                    <p eId="para_4362">€2,154.07</p>
                                </td>
                                <td>
                                    <p eId="para_4363">€4,258.87</p>
                                </td>
                                <td>
                                    <p eId="para_4364">Nil</p>
                                </td>
                            </tr>
                            <tr>
                                <td/>
                                <td>
                                    <p eId="para_4365">Minister of State, Michael Finneran</p>
                                </td>
                                <td>
                                    <p eId="para_4366">€36,573.27</p>
                                </td>
                                <td>
                                    <p eId="para_4367">€2,172.76</p>
                                </td>
                                <td>
                                    <p eId="para_4368">Nil</p>
                                </td>
                            </tr>
                            <tr>
                                <td/>
                                <td>
                                    <p eId="para_4369">Minister of State, Michael Kitt</p>
                                </td>
                                <td>
                                    <p eId="para_4370">€16,674.44</p>
                                </td>
                                <td>
                                    <p eId="para_4371">€618.84</p>
                                </td>
                                <td>
                                    <p eId="para_4372">Nil</p>
                                </td>
                            </tr>
                            <tr>
                                <td>
                                    <p eId="para_4373">2010</p>
                                </td>
                                <td>
                                    <p eId="para_4374">Minister, John Gormley</p>
                                </td>
                                <td>
                                    <p eId="para_4375">€2,721.04</p>
                                </td>
                                <td>
                                    <p eId="para_4376">€4,228.81</p>
                                </td>
                                <td>
                                    <p eId="para_4377">Nil</p>
                                </td>
                            </tr>
                            <tr>
                                <td/>
                                <td>
                                    <p eId="para_4378">Minister of State, Michael Finneran</p>
                                </td>
                                <td>
                                    <p eId="para_4379">€26,886.30</p>
                                </td>
                                <td>
                                    <p eId="para_4380">€3,058.5</p>
                                </td>
                                <td>
                                    <p eId="para_4381">Nil</p>
                                </td>
                            </tr>
                            <tr>
                                <td/>
                                <td>
                                    <p eId="para_4382">Minister of State, Ciarán Cuffe</p>
                                </td>
                                <td>
                                    <p eId="para_4383">Nil</p>
                                </td>
                                <td>
                                    <p eId="para_4384">Nil</p>
                                </td>
                                <td>
                                    <p eId="para_4385">Nil</p>
                                </td>
                            </tr>
                            <tr>
                                <td>
                                    <p eId="para_4386">2011</p>
                                </td>
                                <td>
                                    <p eId="para_4387">Minister, John Gormley</p>
                                </td>
                                <td>
                                    <p eId="para_4388">Nil</p>
                                </td>
                                <td>
                                    <p eId="para_4389">€520.16</p>
                                </td>
                                <td>
                                    <p eId="para_4390">Nil</p>
                                </td>
                            </tr>
                            <tr>
                                <td/>
                                <td>
                                    <p eId="para_4391">Minister, Eamonn O’Cuiv</p>
                                </td>
                                <td>
                                    <p eId="para_4392">Nil</p>
                                </td>
                                <td>
                                    <p eId="para_4393">Nil</p>
                                </td>
                                <td>
                                    <p eId="para_4394">Nil</p>
                                </td>
                            </tr>
                            <tr>
                                <td/>
                                <td>
                                    <p eId="para_4395">Minister of State, Michael Finneran</p>
                                </td>
                                <td>
                                    <p eId="para_4396">€16,398.54</p>
                                </td>
                                <td>
                                    <p eId="para_4397">€1,002.70</p>
                                </td>
                                <td>
                                    <p eId="para_4398">Nil</p>
                                </td>
                            </tr>
                            <tr>
                                <td/>
                                <td>
                                    <p eId="para_4399">Minister of State, Ciarán Cuffe</p>
                                </td>
                                <td>
                                    <p eId="para_4400">Nil</p>
                                </td>
                                <td>
                                    <p eId="para_4401">Nil</p>
                                </td>
                                <td>
                                    <p eId="para_4402">Nil</p>
                                </td>
                            </tr>
                        </table>
                        <p eId="para_4403">Travel and subsistence expenses are paid on the basis of recoupment claims submitted by an individual Minister or Minister of State,   in accordance with the relevant circulars issued by the Department of Finance. The mobile phone costs outlined above were discharged directly by the Department, except in the case of Minister Gormley in 2007 and 2008 when the Department paid €416.77 and €545.22 in the respective years for such costs recouped to the Minister on the basis of a vouched claim.  The other recouped expenses detailed above are entertainment costs incurred directly by the Minister or Minister of State where reimbursement was subsequently sought on the basis of vouched claims.</p>
                        <p eId="para_4404">None of the costs outlined above were discharged on Departmental credit cards.</p>
                    </speech>
                </debateSection>
                </debateBody></debate>
</akomaNtoso>
