<?xml version='1.0' encoding='UTF-8'?>
<akomaNtoso xmlns="http://docs.oasis-open.org/legaldocml/ns/akn/3.0/CSD13" xmlns:xsi="http://www.w3.org/2001/XMLSchema-instance" xsi:schemaLocation="http://docs.oasis-open.org/legaldocml/ns/akn/3.0/CSD13 ./akomantoso30.xsd ">
    <debate name="Official Report">
        <meta>
            <identification source="#source">
                <FRBRWork>
                    <FRBRthis value="/akn/ie/debateRecord/dail/2012-07-18/writtens/dbsect_285"/>
                    <FRBRuri value="/akn/ie/debateRecord/dail/2012-07-18/writtens"/>
                    <FRBRdate date="2012-07-18" name="#generation"/>
                    <FRBRauthor href="http://oireachtas.ie/ie/oireachtas/house/dail"/>
                    <FRBRcountry value="ie"/>
                <FRBRname value="writtens"/></FRBRWork>
                <FRBRExpression>
                    <FRBRthis value="/akn/ie/debateRecord/dail/2012-07-18/writtens/mul@/dbsect_285"/>
                    <FRBRuri value="/akn/ie/debateRecord/dail/2012-07-18/writtens/mul@"/>
                    <FRBRdate date="2012-07-18" name="#reported"/>
                    <FRBRauthor as="#editor" href="http://oireachtas.ie/ie/oireachtas/role/debates"/>
                    <FRBRlanguage language="mul"/>
                </FRBRExpression>
                <FRBRManifestation>
                    <FRBRthis value="/akn/ie/debateRecord/dail/2012-07-18/writtens/mul@/dbsect_285.xml"/>
                    <FRBRuri value="/akn/ie/debateRecord/dail/2012-07-18/writtens/mul@.akn"/>
                    <FRBRdate date="2016-08-17T12:53:12.290656" name="#publication"/>
                    <FRBRauthor as="#editor" href="http://oireachtas.ie/ie/oireachtas/role/debates"/>
                </FRBRManifestation>
            </identification>
            <references source="#debates">
                <TLCOrganization eId="source" href="http://oireachtas.ie" showAs="Houses of the Oireachtas"/><TLCConcept eId="generation" href="http://oireachtas.ie/ie/oireachtas/ontology#Generation" showAs="Generation"/>
<TLCConcept eId="reported" href="http://oireachtas.ie/ie/oireachtas/ontology#Reported" showAs="Reported"/>
<TLCConcept eId="publication" href="http://oireachtas.ie/ie/oireachtas/ontology#Publication" showAs="Publication"/>
<TLCPerson eId="AlanKelly" href="http://oireachtas.ie/ie/oireachtas/member/Alan-Kelly.S.2007-07-23/dail/31" showAs="Mr. Alan Kelly"/>
<TLCPerson eId="FinianMcGrath" href="http://oireachtas.ie/ie/oireachtas/member/Finian-McGrath.D.2002-06-06/dail/31" showAs="Mr. Finian McGrath"/>
<TLCRole eId="Minister_for_Transport,_Tourism_and_Sport" href="http://oireachtas.ie/ie/oireachtas/member/Leo-Varadkar.D.2007-06-14/dail/31/minister/transport__tourism__sport" showAs="Minister for Transport, Tourism and Sport"/>
<TLCRole eId="Minister_of_State_at_the_Department_of_Transport,_Tourism_and_Sport" href="http://oireachtas.ie/ie/oireachtas/member/Alan-Kelly.S.2007-07-23/dail/31/minister_state/transport__tourism__sport" showAs="Minister of State at the Department of Transport, Tourism and Sport"/>
</references>
        </meta>
        <preface>
            <block name="title_ga">
                <docTitle>DÍOSPÓIREACHTAÍ PARLAIMINTE</docTitle>
            </block>
            <block name="title_en">
                <docTitle>PARLIAMENTARY DEBATES</docTitle>
            </block>
            <block name="proponent_ga">
                <docProponent>DÁIL ÉIREANN</docProponent>
            </block>
            <block name="status_ga">
                <docStatus>TUAIRISC OIFIGIÚIL</docStatus>
            </block>
            <block name="status_en">
                <docStatus>(OFFICIAL REPORT)</docStatus>
            </block>
            <block name="date_ga">
                <docDate date="2012-07-18">Dé Céadaoin, 18 Iúil 2012</docDate>
            </block>
            <block name="date_en">
                <docDate date="2012-07-18">Wednesday, 18 July 2012</docDate>
            </block>
        </preface>
        <debateBody><debateSection name="writtenAnswer" eId="dbsect_285">
                    <heading>Taxi Regulations</heading>
                    <question by="#FinianMcGrath" to="#Minister_for_Transport,_Tourism_and_Sport" eId="pq_387">
                        <p eId="para_5654">
        387
        <b> Deputy Finian McGrath</b>
         asked the 
        <b>Minister for Transport, Tourism and Sport</b>
         the way he will be dealing with the 23% of oversupply in the taxi industry. 
        [35743/12]
      </p>
                    </question>
                    <question by="#FinianMcGrath" to="#Minister_for_Transport,_Tourism_and_Sport" eId="pq_388">
                        <p eId="para_5655">
        388
        <b> Deputy Finian McGrath</b>
         asked the 
        <b>Minister for Transport, Tourism and Sport</b>
         if his attention has been drawn to the fact that the nine year rule is destroying the livelihood of full time taxi drivers. 
        [35744/12]
      </p>
                    </question>
                    <question by="#FinianMcGrath" to="#Minister_for_Transport,_Tourism_and_Sport" eId="pq_389">
                        <p eId="para_5656">
        389
        <b> Deputy Finian McGrath</b>
                            <b>
          </b>asked the 
        <b>Minister for Transport, Tourism and Sport</b>
         the reason full time independent taxi drivers were excluded from the review body. 
        [35745/12]
      </p>
                    </question>
                    <speech by="#AlanKelly" as="#Minister_of_State_at_the_Department_of_Transport,_Tourism_and_Sport">
                        <from>Minister of State at the Department of Transport, Tourism and Sport (Deputy Alan Kelly)</from>
                        <p eId="para_5657">I propose to take Questions Nos. 387 to 389, inclusive, together.</p>
                        <p eId="para_5658">As part of the Taxi Regulation Review in 2011, the independent consultants, Indecon, were engaged to carry out an economic analysis of the taxi market. The Indecon analysis indicated that a problem of over-supply caused by fall in demand in the previous 3-4 years was not being matched by a corresponding level of market exit.</p>
                        <p eId="para_5659">The Taxi Review Group agreed that the future approach to taxi regulation was to improve standards and to strengthen enforcement of the taxi regulations and did not justify imposing quantitative restrictions on the sector. The programme of reform outlined in the Report is designed to raise standards and to curb non-compliance thereby leading to a level playing field for legitimate operators in the sector. It is intended that the effect of the Report reforms will be to assist in tackling contributory factors to oversupply in the sector and to create a more vigorously regulated market that will reward legitimate operators and give consumers more confidence in the taxi market.</p>
                        <p eId="para_5660">The Taxi Review Group was composed of representatives from the key stakeholder groups — representing consumers and the taxi industry, including dispatch operators, full-time taxi drivers and vehicle licence holders.</p>
                        <p eId="para_5661">As to the so-called "nine year rule", last year the National Transport Authority (NTA) carried out a public consultation on vehicle standards, which included vehicle age.  The outcome of the consultation was made available for the consideration of the Taxi Regulation Review Group. Action 10 of the Taxi Regulation Review Report proposes that existing vehicles in the fleet prior to 1st January 2009, should be allowed to operate until they are a maximum of 14 years of age, subject to passing a roadworthiness test and an NTA licence renewal assessment at six monthly intervals for vehicles that are nine years or older. Action 10 is being implemented by the NTA.</p>
                    </speech>
                </debateSection>
                </debateBody></debate>
</akomaNtoso>
