<?xml version='1.0' encoding='UTF-8'?>
<akomaNtoso xmlns="http://docs.oasis-open.org/legaldocml/ns/akn/3.0/CSD13" xmlns:xsi="http://www.w3.org/2001/XMLSchema-instance" xsi:schemaLocation="http://docs.oasis-open.org/legaldocml/ns/akn/3.0/CSD13 ./akomantoso30.xsd ">
    <debate name="Official Report">
        <meta>
            <identification source="#source">
                <FRBRWork>
                    <FRBRthis value="/akn/ie/debateRecord/dail/2012-07-18/writtens/dbsect_23"/>
                    <FRBRuri value="/akn/ie/debateRecord/dail/2012-07-18/writtens"/>
                    <FRBRdate date="2012-07-18" name="#generation"/>
                    <FRBRauthor href="http://oireachtas.ie/ie/oireachtas/house/dail"/>
                    <FRBRcountry value="ie"/>
                <FRBRname value="writtens"/></FRBRWork>
                <FRBRExpression>
                    <FRBRthis value="/akn/ie/debateRecord/dail/2012-07-18/writtens/mul@/dbsect_23"/>
                    <FRBRuri value="/akn/ie/debateRecord/dail/2012-07-18/writtens/mul@"/>
                    <FRBRdate date="2012-07-18" name="#reported"/>
                    <FRBRauthor as="#editor" href="http://oireachtas.ie/ie/oireachtas/role/debates"/>
                    <FRBRlanguage language="mul"/>
                </FRBRExpression>
                <FRBRManifestation>
                    <FRBRthis value="/akn/ie/debateRecord/dail/2012-07-18/writtens/mul@/dbsect_23.xml"/>
                    <FRBRuri value="/akn/ie/debateRecord/dail/2012-07-18/writtens/mul@.akn"/>
                    <FRBRdate date="2016-08-17T12:53:12.290656" name="#publication"/>
                    <FRBRauthor as="#editor" href="http://oireachtas.ie/ie/oireachtas/role/debates"/>
                </FRBRManifestation>
            </identification>
            <references source="#debates">
                <TLCOrganization eId="source" href="http://oireachtas.ie" showAs="Houses of the Oireachtas"/><TLCConcept eId="generation" href="http://oireachtas.ie/ie/oireachtas/ontology#Generation" showAs="Generation"/>
<TLCConcept eId="reported" href="http://oireachtas.ie/ie/oireachtas/ontology#Reported" showAs="Reported"/>
<TLCConcept eId="publication" href="http://oireachtas.ie/ie/oireachtas/ontology#Publication" showAs="Publication"/>
<TLCPerson eId="BrianStanley" href="http://oireachtas.ie/ie/oireachtas/member/Brian-Stanley.D.2011-03-09/dail/31" showAs="Mr. Brian Stanley"/>
<TLCPerson eId="DinnyMcGinley" href="http://oireachtas.ie/ie/oireachtas/member/Dinny-McGinley.D.1982-03-09/dail/31" showAs="Mr. Dinny McGinley"/>
<TLCRole eId="Minister_for_Arts,_Heritage_and_the_Gaeltacht" href="http://oireachtas.ie/ie/oireachtas/member/Jimmy-Deenihan.S.1983-02-23/dail/31/minister/arts__heritage__gaeltacht" showAs="Minister for Arts, Heritage and the Gaeltacht"/>
<TLCRole eId="Minister_of_State_at_the_Department_of_Arts,_Heritage_and_the_Gaeltacht" href="http://oireachtas.ie/ie/oireachtas/member/Dinny-McGinley.D.1982-03-09/dail/31/minister_state/arts__heritage__gaeltacht" showAs="Minister of State at the Department of Arts, Heritage and the Gaeltacht"/>
</references>
        </meta>
        <preface>
            <block name="title_ga">
                <docTitle>DÍOSPÓIREACHTAÍ PARLAIMINTE</docTitle>
            </block>
            <block name="title_en">
                <docTitle>PARLIAMENTARY DEBATES</docTitle>
            </block>
            <block name="proponent_ga">
                <docProponent>DÁIL ÉIREANN</docProponent>
            </block>
            <block name="status_ga">
                <docStatus>TUAIRISC OIFIGIÚIL</docStatus>
            </block>
            <block name="status_en">
                <docStatus>(OFFICIAL REPORT)</docStatus>
            </block>
            <block name="date_ga">
                <docDate date="2012-07-18">Dé Céadaoin, 18 Iúil 2012</docDate>
            </block>
            <block name="date_en">
                <docDate date="2012-07-18">Wednesday, 18 July 2012</docDate>
            </block>
        </preface>
        <debateBody><debateSection name="writtenAnswer" eId="dbsect_23">
                    <heading>Comhrar Naíonraí na Gaeltachta</heading>
                    <question by="#BrianStanley" to="#Minister_for_Arts,_Heritage_and_the_Gaeltacht" eId="pq_42">
                        <p eId="para_108">
        42
        
          D’fhiafraigh
        <b> Brian Stanley</b>
                            <b>
          </b>den 
        <b>Aire Ealaíon, Oidhreachta agus Gaeltachta</b>
         cé mhéid páiste a d’fhreastail ar na Naíonraí agus na Naíolanna Gaeltachta sna cúig bliana seo a chuaigh thart agus cé mhéid duine atá ar na rollaí acu don bhliain seo chugainn. 
        [35034/12]
      </p>
                    </question>
                    <speech by="#DinnyMcGinley" as="#Minister_of_State_at_the_Department_of_Arts,_Heritage_and_the_Gaeltacht">
                        <from>Minister of State at the Department of Arts, Heritage and the Gaeltacht (Deputy Dinny McGinley)</from>
                        <p eId="para_109">Tá an t-eolas maidir le líon na bpáistí a d'fhreastail ar naíonraí agus ar naíolanna Gaeltachta atá cláraithe le Comhar Naíonraí na Gaeltachta Teo. do na blianta 2008-2012 agus an figiúr measta don bhliain 2013 léirithe sna táblaí thíos.</p>
                        <table>
                            <caption>Naíonraí</caption>
                            <tr>
                                <td>
                                    <p eId="para_110">2008</p>
                                </td>
                                <td>
                                    <p eId="para_111">2009</p>
                                </td>
                                <td>
                                    <p eId="para_112">2010</p>
                                </td>
                                <td>
                                    <p eId="para_113">2011</p>
                                </td>
                                <td>
                                    <p eId="para_114">2012</p>
                                </td>
                                <td>
                                    <p eId="para_115">2013 (Meastachán)</p>
                                </td>
                            </tr>
                            <tr>
                                <td>
                                    <p eId="para_116">930</p>
                                </td>
                                <td>
                                    <p eId="para_117">934</p>
                                </td>
                                <td>
                                    <p eId="para_118">927</p>
                                </td>
                                <td>
                                    <p eId="para_119">934</p>
                                </td>
                                <td>
                                    <p eId="para_120">931</p>
                                </td>
                                <td>
                                    <p eId="para_121">940</p>
                                </td>
                            </tr>
                        </table>
                        <table>
                            <caption>Naíolanna</caption>
                            <tr>
                                <td>
                                    <p eId="para_122">2008</p>
                                </td>
                                <td>
                                    <p eId="para_123">2009</p>
                                </td>
                                <td>
                                    <p eId="para_124">2010</p>
                                </td>
                                <td>
                                    <p eId="para_125">2011</p>
                                </td>
                                <td>
                                    <p eId="para_126">2012</p>
                                </td>
                                <td>
                                    <p eId="para_127">2013 (Meastachán)</p>
                                </td>
                            </tr>
                            <tr>
                                <td>
                                    <p eId="para_128">280</p>
                                </td>
                                <td>
                                    <p eId="para_129">380</p>
                                </td>
                                <td>
                                    <p eId="para_130">420</p>
                                </td>
                                <td>
                                    <p eId="para_131">400</p>
                                </td>
                                <td>
                                    <p eId="para_132">400</p>
                                </td>
                                <td>
                                    <p eId="para_133">450</p>
                                </td>
                            </tr>
                        </table>
                    </speech>
                </debateSection>
                </debateBody></debate>
</akomaNtoso>
