<?xml version='1.0' encoding='UTF-8'?>
<akomaNtoso xmlns="http://docs.oasis-open.org/legaldocml/ns/akn/3.0/CSD13" xmlns:xsi="http://www.w3.org/2001/XMLSchema-instance" xsi:schemaLocation="http://docs.oasis-open.org/legaldocml/ns/akn/3.0/CSD13 ./akomantoso30.xsd ">
    <debate name="Official Report">
        <meta>
            <identification source="#source">
                <FRBRWork>
                    <FRBRthis value="/akn/ie/debateRecord/dail/2012-07-18/writtens/dbsect_17"/>
                    <FRBRuri value="/akn/ie/debateRecord/dail/2012-07-18/writtens"/>
                    <FRBRdate date="2012-07-18" name="#generation"/>
                    <FRBRauthor href="http://oireachtas.ie/ie/oireachtas/house/dail"/>
                    <FRBRcountry value="ie"/>
                <FRBRname value="writtens"/></FRBRWork>
                <FRBRExpression>
                    <FRBRthis value="/akn/ie/debateRecord/dail/2012-07-18/writtens/mul@/dbsect_17"/>
                    <FRBRuri value="/akn/ie/debateRecord/dail/2012-07-18/writtens/mul@"/>
                    <FRBRdate date="2012-07-18" name="#reported"/>
                    <FRBRauthor as="#editor" href="http://oireachtas.ie/ie/oireachtas/role/debates"/>
                    <FRBRlanguage language="mul"/>
                </FRBRExpression>
                <FRBRManifestation>
                    <FRBRthis value="/akn/ie/debateRecord/dail/2012-07-18/writtens/mul@/dbsect_17.xml"/>
                    <FRBRuri value="/akn/ie/debateRecord/dail/2012-07-18/writtens/mul@.akn"/>
                    <FRBRdate date="2016-08-17T12:53:12.290656" name="#publication"/>
                    <FRBRauthor as="#editor" href="http://oireachtas.ie/ie/oireachtas/role/debates"/>
                </FRBRManifestation>
            </identification>
            <references source="#debates">
                <TLCOrganization eId="source" href="http://oireachtas.ie" showAs="Houses of the Oireachtas"/><TLCConcept eId="generation" href="http://oireachtas.ie/ie/oireachtas/ontology#Generation" showAs="Generation"/>
<TLCConcept eId="reported" href="http://oireachtas.ie/ie/oireachtas/ontology#Reported" showAs="Reported"/>
<TLCConcept eId="publication" href="http://oireachtas.ie/ie/oireachtas/ontology#Publication" showAs="Publication"/>
<TLCPerson eId="JimmyDeenihan" href="http://oireachtas.ie/ie/oireachtas/member/Jimmy-Deenihan.S.1983-02-23/dail/31" showAs="Mr. Jimmy Deenihan"/>
<TLCPerson eId="PeadarToibin" href="http://oireachtas.ie/ie/oireachtas/member/Peadar-Tóibín.D.2011-03-09/dail/31" showAs="Mr. Peadar Tóibín"/>
<TLCRole eId="Minister_for_Arts,_Heritage_and_the_Gaeltacht" href="http://oireachtas.ie/ie/oireachtas/member/Jimmy-Deenihan.S.1983-02-23/dail/31/minister/arts__heritage__gaeltacht" showAs="Minister for Arts, Heritage and the Gaeltacht"/>
</references>
        </meta>
        <preface>
            <block name="title_ga">
                <docTitle>DÍOSPÓIREACHTAÍ PARLAIMINTE</docTitle>
            </block>
            <block name="title_en">
                <docTitle>PARLIAMENTARY DEBATES</docTitle>
            </block>
            <block name="proponent_ga">
                <docProponent>DÁIL ÉIREANN</docProponent>
            </block>
            <block name="status_ga">
                <docStatus>TUAIRISC OIFIGIÚIL</docStatus>
            </block>
            <block name="status_en">
                <docStatus>(OFFICIAL REPORT)</docStatus>
            </block>
            <block name="date_ga">
                <docDate date="2012-07-18">Dé Céadaoin, 18 Iúil 2012</docDate>
            </block>
            <block name="date_en">
                <docDate date="2012-07-18">Wednesday, 18 July 2012</docDate>
            </block>
        </preface>
        <debateBody><debateSection name="writtenAnswer" eId="dbsect_17">
                    <heading>National Cultural Institutions</heading>
                    <question by="#PeadarToibin" to="#Minister_for_Arts,_Heritage_and_the_Gaeltacht" eId="pq_33">
                        <p eId="para_83">
        33
        <b> Deputy Peadar Tóibín</b>
         asked the 
        <b>Minister for Arts, Heritage and the Gaeltacht in view of</b>
         the fact that the recent Euro Barometer Aggregate Report 2011 on Well Being ranks culture as number 8 out of 9 factors that contribute to well-being alongside the economy, civic life and the environment, his plans to ensure that culture and heritage is utilised to transform our cities and towns; and if he will make a statement on the matter. 
        [35430/12]
      </p>
                    </question>
                    <speech by="#JimmyDeenihan" as="#Minister_for_Arts,_Heritage_and_the_Gaeltacht">
                        <from>Minister for Arts, Heritage and the Gaeltacht (Deputy Jimmy Deenihan)</from>
                        <p eId="para_84">As the Deputy will be aware, my Department's Mission Statement includes the promotion and protection of Ireland's heritage and culture. In this regard, our national cultural institutions are a key part of cultural landscape and contribute hugely to the overall well-being of our society.  Through their collections, staffing and contribution to knowledge, they are essential building blocks of the cultural identity and creativity of our country.</p>
                        <p eId="para_85">My Department also support a number of regional museums, galleries and cultural centres throughout the country, which complement the work of our national cultural institutions. In addition to this, there are a number of specific initiatives which are designed to increase cultural participation and inclusiveness in our cities and towns. For example, for the last number of years, my Department has provided funding towards the Culture Night initiative.  This initiative has continued to grow on a yearly basis and in 2011 a record 30 towns and cities throughout the island of Ireland participated, showcasing the best of our artistic and cultural heritage.  Plans for Culture Night 2012 are well advanced and it is hoped that this year's event will build on the success and popularity of previous years to create a unique offering of memorable experiences involving local arts, culture and heritage communities, which will hopefully stimulate repeat visits to cultural attractions.</p>
                        <p eId="para_86">The National Museum also supports an active programme of loans from its collections to local and regional museums throughout the country. My Department also operates a mobility of collections scheme under which funding is made available for local/regional galleries and museums for particular costs associated with collaborative projects with the National Cultural Institutions.</p>
                        <p eId="para_87">On the heritage side, my Department is currently promoting the role which Ireland's heritage has to play in making our country an attractive destination for sustainable tourism and inward investment, both in terms of the operation of Ireland's national parks and nature reserves, and in terms of our unique built heritage, which distinguishes us and which makes Ireland an attractive tourist location for both visitors and Irish people themselves. Cultural and heritage tourism is one of the most important elements of Ireland's tourism product and heritage properties, including those in State care, are an important element of that attraction.</p>
                        <p eId="para_88">My Department provides some limited funding under a number of headings for investment in the built and natural heritage, and also supports the Heritage Council and the Irish Heritage Trust in their work in the heritage area. However, the scope to provide additional funding for the protection, conservation and development of the State's built heritage is constrained by the current national economic difficulties and the significant reduction in the public finances. My Department is, therefore, focusing on working creatively across Government and with partner bodies, such as the Heritage Council, the Irish Heritage Trust, Fáilte Ireland, the LEADER Programme and other heritage interests, in seeking to ensure that resources are directed towards the heritage sector. My Department will also continue to provide funding for the protection, conservation and development of our built and natural heritage, in so far as resources allow.</p>
                    </speech>
                </debateSection>
                </debateBody></debate>
</akomaNtoso>
