<?xml version='1.0' encoding='UTF-8'?>
<akomaNtoso xmlns="http://docs.oasis-open.org/legaldocml/ns/akn/3.0/CSD13" xmlns:xsi="http://www.w3.org/2001/XMLSchema-instance" xsi:schemaLocation="http://docs.oasis-open.org/legaldocml/ns/akn/3.0/CSD13 ./akomantoso30.xsd ">
    <debate name="Official Report">
        <meta>
            <identification source="#source">
                <FRBRWork>
                    <FRBRthis value="/akn/ie/debateRecord/dail/2012-07-18/writtens/dbsect_2"/>
                    <FRBRuri value="/akn/ie/debateRecord/dail/2012-07-18/writtens"/>
                    <FRBRdate date="2012-07-18" name="#generation"/>
                    <FRBRauthor href="http://oireachtas.ie/ie/oireachtas/house/dail"/>
                    <FRBRcountry value="ie"/>
                <FRBRname value="writtens"/></FRBRWork>
                <FRBRExpression>
                    <FRBRthis value="/akn/ie/debateRecord/dail/2012-07-18/writtens/mul@/dbsect_2"/>
                    <FRBRuri value="/akn/ie/debateRecord/dail/2012-07-18/writtens/mul@"/>
                    <FRBRdate date="2012-07-18" name="#reported"/>
                    <FRBRauthor as="#editor" href="http://oireachtas.ie/ie/oireachtas/role/debates"/>
                    <FRBRlanguage language="mul"/>
                </FRBRExpression>
                <FRBRManifestation>
                    <FRBRthis value="/akn/ie/debateRecord/dail/2012-07-18/writtens/mul@/dbsect_2.xml"/>
                    <FRBRuri value="/akn/ie/debateRecord/dail/2012-07-18/writtens/mul@.akn"/>
                    <FRBRdate date="2016-08-17T12:53:12.290656" name="#publication"/>
                    <FRBRauthor as="#editor" href="http://oireachtas.ie/ie/oireachtas/role/debates"/>
                </FRBRManifestation>
            </identification>
            <references source="#debates">
                <TLCOrganization eId="source" href="http://oireachtas.ie" showAs="Houses of the Oireachtas"/><TLCConcept eId="generation" href="http://oireachtas.ie/ie/oireachtas/ontology#Generation" showAs="Generation"/>
<TLCConcept eId="reported" href="http://oireachtas.ie/ie/oireachtas/ontology#Reported" showAs="Reported"/>
<TLCConcept eId="publication" href="http://oireachtas.ie/ie/oireachtas/ontology#Publication" showAs="Publication"/>
<TLCPerson eId="BernardJDurkan" href="http://oireachtas.ie/ie/oireachtas/member/Bernard-Durkan.D.1981-06-30/dail/31" showAs="Mr. Bernard Durkan"/>
<TLCPerson eId="BrianStanley" href="http://oireachtas.ie/ie/oireachtas/member/Brian-Stanley.D.2011-03-09/dail/31" showAs="Mr. Brian Stanley"/>
<TLCPerson eId="CaoimhglinOCaolain" href="http://oireachtas.ie/ie/oireachtas/member/Caoimhghín-Ó-Caoláin.D.1997-06-26/dail/31" showAs="Mr. Caoimhghín Ó Caoláin"/>
<TLCPerson eId="DenisNaughten" href="http://oireachtas.ie/ie/oireachtas/member/Denis-Naughten.S.1997-01-28/dail/31" showAs="Mr. Denis Naughten"/>
<TLCPerson eId="JimmyDeenihan" href="http://oireachtas.ie/ie/oireachtas/member/Jimmy-Deenihan.S.1983-02-23/dail/31" showAs="Mr. Jimmy Deenihan"/>
<TLCPerson eId="SeanFleming" href="http://oireachtas.ie/ie/oireachtas/member/Seán-Fleming.D.1997-06-26/dail/31" showAs="Mr. Sean Fleming"/>
<TLCRole eId="Minister_for_Arts,_Heritage_and_the_Gaeltacht" href="http://oireachtas.ie/ie/oireachtas/member/Jimmy-Deenihan.S.1983-02-23/dail/31/minister/arts__heritage__gaeltacht" showAs="Minister for Arts, Heritage and the Gaeltacht"/>
</references>
        </meta>
        <preface>
            <block name="title_ga">
                <docTitle>DÍOSPÓIREACHTAÍ PARLAIMINTE</docTitle>
            </block>
            <block name="title_en">
                <docTitle>PARLIAMENTARY DEBATES</docTitle>
            </block>
            <block name="proponent_ga">
                <docProponent>DÁIL ÉIREANN</docProponent>
            </block>
            <block name="status_ga">
                <docStatus>TUAIRISC OIFIGIÚIL</docStatus>
            </block>
            <block name="status_en">
                <docStatus>(OFFICIAL REPORT)</docStatus>
            </block>
            <block name="date_ga">
                <docDate date="2012-07-18">Dé Céadaoin, 18 Iúil 2012</docDate>
            </block>
            <block name="date_en">
                <docDate date="2012-07-18">Wednesday, 18 July 2012</docDate>
            </block>
        </preface>
        <debateBody><debateSection name="writtenAnswer" eId="dbsect_2">
                    <heading>Turbary Rights</heading>
                    <question by="#SeanFleming" to="#Minister_for_Arts,_Heritage_and_the_Gaeltacht" eId="pq_8">
                        <p eId="para_1">
        8
        <b>  Deputy Sean Fleming</b>
         asked the 
        <b>Minister for Arts, Heritage and the Gaeltacht</b>
          the most recent discussions he has held with the EC regarding his attempts to seek an extension to the derogation; and if he will make a statement on the matter.  
        [35420/12]
      </p>
                    </question>
                    <question by="#DenisNaughten" to="#Minister_for_Arts,_Heritage_and_the_Gaeltacht" eId="pq_24">
                        <p eId="para_2">
        24
        <b>  Deputy Denis Naughten</b>
         asked the 
        <b>Minister for Arts, Heritage and the Gaeltacht</b>
          his plans to address the ongoing issues regarding the implementation of the ban on turf cutting; and if he will make a statement on the matter.  
        [35036/12]
      </p>
                    </question>
                    <question by="#CaoimhglinOCaolain" to="#Minister_for_Arts,_Heritage_and_the_Gaeltacht" eId="pq_28">
                        <p eId="para_3">
        28
        <b>  Deputy Caoimhghín Ó Caoláin</b>
         asked the 
        <b>Minister for Arts, Heritage and the Gaeltacht</b>
          the efforts he has made to resolve the outstanding issues in relation to turf cutting; the engagement he and his Department have had with the TCCA and with other stakeholders and with officials at a European level; and the way he proposes to bring the situation to a successful conclusion; and if he will make a statement on the matter.  
        [35432/12]
      </p>
                    </question>
                    <question by="#BrianStanley" to="#Minister_for_Arts,_Heritage_and_the_Gaeltacht" eId="pq_37">
                        <p eId="para_4">
        37
        <b>  Deputy Brian Stanley</b>
         asked the 
        <b>Minister for Arts, Heritage and the Gaeltacht in view of</b>
          the proposed approach by his Department to the raised bog SAC managment plan that outstanding issues be resolved over the coming 12 months and the commitment to engage with the local liaison committees, the steps being taken by him to progress this matter; if he has met with any of the local committees; if he has examined alternative proposals in local areas; and if he will make a statement on the matter.  
        [35433/12]
      </p>
                    </question>
                    <question by="#BernardJDurkan" to="#Minister_for_Arts,_Heritage_and_the_Gaeltacht" eId="pq_44">
                        <p eId="para_5">
        44
        <b>  Deputy Bernard J. Durkan</b>
         asked the 
        <b>Minister for Arts, Heritage and the Gaeltacht</b>
          if arising from ongoing difficulties through compliance with EU directives in respect of special areas of conservation and-or other environmental conservation measures, he has in mind any proposals to liaise with the EU institutions in an effort to review or minimise the negative economic impact on this economy at this particular time; if he has studied submissions made from other parts of the EU wherein pleas for such accommodation due to economic circumstances might become acceptable; and if he will make a statement on the matter.  
        [35328/12]
      </p>
                    </question>
                    <question by="#BernardJDurkan" to="#Minister_for_Arts,_Heritage_and_the_Gaeltacht" eId="pq_198">
                        <p eId="para_6">
        198
        <b>  Deputy Bernard J. Durkan</b>
         asked the 
        <b>Minister for Arts, Heritage and the Gaeltacht</b>
          the extent he has satisfactorily concluded negotiations with traditional turf cutters affected by special areas of conservation or other conservation measures; and if he will make a statement on the matter.  
        [35779/12]
      </p>
                    </question>
                    <speech by="#JimmyDeenihan" as="#Minister_for_Arts,_Heritage_and_the_Gaeltacht">
                        <from>Minister for Arts, Heritage and the Gaeltacht (Deputy Jimmy Deenihan)</from>
                        <p eId="para_7">I propose to take Questions Nos. 8, 24, 28, 37, 44 and 198 together.</p>
                        <p eId="para_8">Earlier this year, at the request of the Government, Mr Conor Skehan, Chair of the Peatlands Council, convened a Peatlands Forum, under the chairmanship of Mr. Justice John Quirke, and involving my Department, the IFA, the Turf Cutters and Contractors Association (TCCA), Bord na Móna, and representatives of turf-cutting and environmental groups.  This Forum allowed each community affected by the cessation of turf-cutting to put forward their views on the issues and follow-up steps were identified for each bog.</p>
                        <p eId="para_9">In his report, Justice Quirke recommended that a national plan should be prepared to examine how the 53 raised bog Special Areas of Conservation (SACs) are to be protected.  This recommendation was agreed to by Government and Dáil Éireann also gave unanimous support to a Private Members' Motion, which called for such a national plan to be put in place within the terms of the Habitats Directive.  On the 3rd of April last, a delegation led by Minister Hogan and I met with EU Environment Commissioner Potoènik in Brussels, where we secured the support of the European Commission for developing a National Raised Bog SAC Management Plan.</p>
                        <p eId="para_10">The Plan will be wide-ranging, looking at the practical aspects of conserving, restoring and managing the affected bogs and will allow solutions for turf-cutters to be explored in detail.  In the context of such a Plan, it may be possible to bring some flexibility, within the terms of the Habitats Directive, that could allow limited cutting within a small number of sites.  The Plan will be progressed both at local level for each site and at national level through the Peatlands Council.</p>
                        <p eId="para_11">With specific regard to Question No. 8, I assume the derogation the Deputy refers to is that which was applied to raised bog SACs.  In its infringement action against Ireland, the European Commission contended that the derogation granted by then Minister Síle de Valera was a contravention of EU law.  Accordingly, I am advised that an extension to the derogation, or allowing for continued turf-cutting while the Plan is being prepared, is not legally possible.</p>
                        <p eId="para_12">While the over-whelming majority of turf-cutters on raised bog SACS have complied with the law this year, some unauthorised turf-cutting has been undertaken.  Such matters will be addressed through prosecution and cross-reporting processes.  The State may also pursue contractors and turf-cutters involved in damage to raised bog SACs, to meet the costs of remediating any environmental damage done.</p>
                        <p eId="para_13">The Government has put in place a flexible package of compensation for affected turf cutters.  Those who choose to cease cutting turf completely can apply for compensation of €1,500 per annum for the next 15 years.  Eligible cutters are also entitled to a one-off payment of €500 for this year.  This means the total compensation package is worth €23,000, index linked and tax-free.</p>
                        <p eId="para_14">For those who wish to continue cutting, my Department is working to relocate turf cutters to alternative, undesignated bogs.  Turf has now been cut on the first of these relocation bogs and others are being prepared, or are being identified in consultation with affected cutters.  Where relocation bogs are not yet available, turf-cutters can choose between a €1,500 payment, or the delivery of 15 tonnes of turf, each year while the relocation bog is being identified, acquired and prepared for cutting.  They will also be entitled to the one-off €500 payment.  To date, more than 2,250 applications for compensation or relocation have been received by my Department, with payments issued to some 840 applicants to date.</p>
                        <p eId="para_15">My Department is maintaining ongoing contact with the European Commission in response to the infringement action and will continue to work closely with it in the development of the National Plan.</p>
                        <p eId="para_16">My Department is also in contact with several turf-cutting groups, seeking long-term resolutions to the issues for their particular bogs.  This process will continue as part of the preparation of the National Plan.  The Peatlands Council, which comprises turf-cutter, land-owner and environmental stakeholder groups, is continuing with its important work.  However, given that the TCCA regrettably withdrew from the Peatlands Council last autumn and has, since March, maintained a position of non-involvement, I would again urge the TCCA to consider whether it could more effectively represent its members' interests through engaging with the Government and other relevant partners.</p>
                    </speech>
                </debateSection>
                </debateBody></debate>
</akomaNtoso>
