<?xml version='1.0' encoding='UTF-8'?>
<akomaNtoso xmlns="http://docs.oasis-open.org/legaldocml/ns/akn/3.0/CSD13" xmlns:xsi="http://www.w3.org/2001/XMLSchema-instance" xsi:schemaLocation="http://docs.oasis-open.org/legaldocml/ns/akn/3.0/CSD13 ./akomantoso30.xsd ">
    <debate name="Official Report">
        <meta>
            <identification source="#source">
                <FRBRWork>
                    <FRBRthis value="/akn/ie/debateRecord/dail/2012-07-18/writtens/dbsect_209"/>
                    <FRBRuri value="/akn/ie/debateRecord/dail/2012-07-18/writtens"/>
                    <FRBRdate date="2012-07-18" name="#generation"/>
                    <FRBRauthor href="http://oireachtas.ie/ie/oireachtas/house/dail"/>
                    <FRBRcountry value="ie"/>
                <FRBRname value="writtens"/></FRBRWork>
                <FRBRExpression>
                    <FRBRthis value="/akn/ie/debateRecord/dail/2012-07-18/writtens/mul@/dbsect_209"/>
                    <FRBRuri value="/akn/ie/debateRecord/dail/2012-07-18/writtens/mul@"/>
                    <FRBRdate date="2012-07-18" name="#reported"/>
                    <FRBRauthor as="#editor" href="http://oireachtas.ie/ie/oireachtas/role/debates"/>
                    <FRBRlanguage language="mul"/>
                </FRBRExpression>
                <FRBRManifestation>
                    <FRBRthis value="/akn/ie/debateRecord/dail/2012-07-18/writtens/mul@/dbsect_209.xml"/>
                    <FRBRuri value="/akn/ie/debateRecord/dail/2012-07-18/writtens/mul@.akn"/>
                    <FRBRdate date="2016-08-17T12:53:12.290656" name="#publication"/>
                    <FRBRauthor as="#editor" href="http://oireachtas.ie/ie/oireachtas/role/debates"/>
                </FRBRManifestation>
            </identification>
            <references source="#debates">
                <TLCOrganization eId="source" href="http://oireachtas.ie" showAs="Houses of the Oireachtas"/><TLCConcept eId="generation" href="http://oireachtas.ie/ie/oireachtas/ontology#Generation" showAs="Generation"/>
<TLCConcept eId="reported" href="http://oireachtas.ie/ie/oireachtas/ontology#Reported" showAs="Reported"/>
<TLCConcept eId="publication" href="http://oireachtas.ie/ie/oireachtas/ontology#Publication" showAs="Publication"/>
<TLCPerson eId="AlanShatter" href="http://oireachtas.ie/ie/oireachtas/member/Alan-Shatter.D.1981-06-30/dail/31" showAs="Mr. Alan Shatter"/>
<TLCPerson eId="TommyBroughan" href="http://oireachtas.ie/ie/oireachtas/member/Thomas-P-Broughan.D.1992-12-14/dail/31" showAs="Mr. Tommy Broughan"/>
<TLCRole eId="Minister_for_Justice_and_Equality" href="http://oireachtas.ie/ie/oireachtas/member/Alan-Shatter.D.1981-06-30/dail/31/minister/justice__equality" showAs="Minister for Justice and Equality"/>
</references>
        </meta>
        <preface>
            <block name="title_ga">
                <docTitle>DÍOSPÓIREACHTAÍ PARLAIMINTE</docTitle>
            </block>
            <block name="title_en">
                <docTitle>PARLIAMENTARY DEBATES</docTitle>
            </block>
            <block name="proponent_ga">
                <docProponent>DÁIL ÉIREANN</docProponent>
            </block>
            <block name="status_ga">
                <docStatus>TUAIRISC OIFIGIÚIL</docStatus>
            </block>
            <block name="status_en">
                <docStatus>(OFFICIAL REPORT)</docStatus>
            </block>
            <block name="date_ga">
                <docDate date="2012-07-18">Dé Céadaoin, 18 Iúil 2012</docDate>
            </block>
            <block name="date_en">
                <docDate date="2012-07-18">Wednesday, 18 July 2012</docDate>
            </block>
        </preface>
        <debateBody><debateSection name="writtenAnswer" eId="dbsect_209">
                    <heading>Alcohol Advertising</heading>
                    <question by="#TommyBroughan" to="#Minister_for_Justice_and_Equality" eId="pq_276">
                        <p eId="para_4908">
        276
        <b>Deputy Thomas P. Broughan</b>
         asked the 
        <b>Minister for Justice and Equality</b>
         if he will publish and implement legislation establishing a statutory code of practice for the purpose of setting standards for the display, sale, supply, advertising, promotion and marketing of alcoholic liquor including setting out the classes of intoxicating liquor, classes of licensed premises and types of license to which the code will apply; and if he will make a statement on the matter. 
        [35920/12]
      </p>
                    </question>
                    <question by="#TommyBroughan" to="#Minister_for_Justice_and_Equality" eId="pq_277">
                        <p eId="para_4909">
        277
        <b>Deputy Thomas P. Broughan</b>
         asked the 
        <b>Minister for Justice and Equality</b>
         his views on whether section 16 of the Intoxicating Liquor Act 2008 is being enforced regarding price and quantity promotion of alcohol intended to drive general sales in retail outlets; if he is prepared to implement section 9 of the Intoxicating Liquor Act 2008 or to bring forward new legislation to end the display and sale of alcohol products including wine in mixed trading premises; his views on whether the sale of alcohol including wine should be structurally separated from grocery and other products in mixed trading outlets; and if he will make a statement on the matter. 
        [35921/12]
      </p>
                    </question>
                    <speech by="#AlanShatter" as="#Minister_for_Justice_and_Equality">
                        <from>Minister for Justice and Equality (Deputy Alan Shatter)</from>
                        <p eId="para_4910">I propose to take Questions Nos. 276 and 277 together.</p>
                        <p eId="para_4911">The position is that section 17 of the Civil Law (Miscellaneous) Provisions Act 2011 provides that the Minister for Justice and Equality may prepare and publish a code of practice or approve a code of practice drawn up by any other body for the purpose of setting standards for the display, sale, supply, advertising, promotion or marketing of intoxicating liquor and such code may apply as respects a class or classes of intoxicating liquor, a class or classes of licensed premises, or a type of licence.</p>
                        <p eId="para_4912">A voluntary code of practice on the sale and display of alcohol products in mixed-trading premises was drawn up and agreed between the mixed trading sector and the Departments of Health and Children and Justice, Equality and Law Reform as an alternative to section 9 of the Intoxicating Liquor Act 2008.  The Code includes provisions in relation to advertising of alcohol products by mixed trading outlets.  A new body — Responsible Retailing of Alcohol in Ireland Ltd (RRAI) — was established by the mixed trading sector to oversee implementation of the Code. On receipt of the third Compliance Report on the RRAI Code in October last, I launched a public consultation process inviting views on the Report and, more generally, on the voluntary approach to implementing structural separation of alcohol products in such premises.</p>
                        <p eId="para_4913">Arising from the consultation process, I am not in favour of retaining the voluntary RRAI Code. The choice, therefore, lies between implementation of section 9 of the Intoxicating Liquor Act 2008 or implementation of a statutory code of practice under section 17 of the Civil Law (Miscellaneous Provisions) Act 2011. I expect to be in a position to seek Government approval for my proposals in relation to future arrangements for the display and sale of alcohol products in mixed trading outlets in the coming weeks.</p>
                        <p eId="para_4914">With regard to codes of practice more generally the Report of the Steering Group on a National Substance Misuse Strategy, which was published earlier this year, includes a recommendation in relation to the development of legislation and statutory codes of practice on the advertising of alcohol.  I understand that this recommendation is being considered by the Department of Health in the context of the development of an Action Plan to address the Steering Group's recommendations.</p>
                        <p eId="para_4915">The position regarding section 16 of the 2008 Act is that draft regulations to restrict certain alcohol promotions have been drawn up but have not been made to date pending agreement on a joint North/South approach to restricting such promotions. During discussions earlier this year with the Minister for Social Development in Northern Ireland, Nelson McCausland, MLA, we reached agreement on the need to develop a joint North/South approach to restricting such promotions and on the desirability of having the necessary arrangements in place by the end of this year.</p>
                    </speech>
                </debateSection>
                </debateBody></debate>
</akomaNtoso>
