<?xml version='1.0' encoding='UTF-8'?>
<akomaNtoso xmlns="http://docs.oasis-open.org/legaldocml/ns/akn/3.0/CSD13" xmlns:xsi="http://www.w3.org/2001/XMLSchema-instance" xsi:schemaLocation="http://docs.oasis-open.org/legaldocml/ns/akn/3.0/CSD13 ./akomantoso30.xsd ">
    <debate name="Official Report">
        <meta>
            <identification source="#source">
                <FRBRWork>
                    <FRBRthis value="/akn/ie/debateRecord/dail/2012-07-18/writtens/dbsect_213"/>
                    <FRBRuri value="/akn/ie/debateRecord/dail/2012-07-18/writtens"/>
                    <FRBRdate date="2012-07-18" name="#generation"/>
                    <FRBRauthor href="http://oireachtas.ie/ie/oireachtas/house/dail"/>
                    <FRBRcountry value="ie"/>
                <FRBRname value="writtens"/></FRBRWork>
                <FRBRExpression>
                    <FRBRthis value="/akn/ie/debateRecord/dail/2012-07-18/writtens/mul@/dbsect_213"/>
                    <FRBRuri value="/akn/ie/debateRecord/dail/2012-07-18/writtens/mul@"/>
                    <FRBRdate date="2012-07-18" name="#reported"/>
                    <FRBRauthor as="#editor" href="http://oireachtas.ie/ie/oireachtas/role/debates"/>
                    <FRBRlanguage language="mul"/>
                </FRBRExpression>
                <FRBRManifestation>
                    <FRBRthis value="/akn/ie/debateRecord/dail/2012-07-18/writtens/mul@/dbsect_213.xml"/>
                    <FRBRuri value="/akn/ie/debateRecord/dail/2012-07-18/writtens/mul@.akn"/>
                    <FRBRdate date="2016-08-17T12:53:12.290656" name="#publication"/>
                    <FRBRauthor as="#editor" href="http://oireachtas.ie/ie/oireachtas/role/debates"/>
                </FRBRManifestation>
            </identification>
            <references source="#debates">
                <TLCOrganization eId="source" href="http://oireachtas.ie" showAs="Houses of the Oireachtas"/><TLCConcept eId="generation" href="http://oireachtas.ie/ie/oireachtas/ontology#Generation" showAs="Generation"/>
<TLCConcept eId="reported" href="http://oireachtas.ie/ie/oireachtas/ontology#Reported" showAs="Reported"/>
<TLCConcept eId="publication" href="http://oireachtas.ie/ie/oireachtas/ontology#Publication" showAs="Publication"/>
<TLCPerson eId="AlanShatter" href="http://oireachtas.ie/ie/oireachtas/member/Alan-Shatter.D.1981-06-30/dail/31" showAs="Mr. Alan Shatter"/>
<TLCPerson eId="TommyBroughan" href="http://oireachtas.ie/ie/oireachtas/member/Thomas-P-Broughan.D.1992-12-14/dail/31" showAs="Mr. Tommy Broughan"/>
<TLCRole eId="Minister_for_Justice_and_Equality" href="http://oireachtas.ie/ie/oireachtas/member/Alan-Shatter.D.1981-06-30/dail/31/minister/justice__equality" showAs="Minister for Justice and Equality"/>
</references>
        </meta>
        <preface>
            <block name="title_ga">
                <docTitle>DÍOSPÓIREACHTAÍ PARLAIMINTE</docTitle>
            </block>
            <block name="title_en">
                <docTitle>PARLIAMENTARY DEBATES</docTitle>
            </block>
            <block name="proponent_ga">
                <docProponent>DÁIL ÉIREANN</docProponent>
            </block>
            <block name="status_ga">
                <docStatus>TUAIRISC OIFIGIÚIL</docStatus>
            </block>
            <block name="status_en">
                <docStatus>(OFFICIAL REPORT)</docStatus>
            </block>
            <block name="date_ga">
                <docDate date="2012-07-18">Dé Céadaoin, 18 Iúil 2012</docDate>
            </block>
            <block name="date_en">
                <docDate date="2012-07-18">Wednesday, 18 July 2012</docDate>
            </block>
        </preface>
        <debateBody><debateSection name="writtenAnswer" eId="dbsect_213">
                    <heading>Intoxicating Liquor Laws</heading>
                    <question by="#TommyBroughan" to="#Minister_for_Justice_and_Equality" eId="pq_281">
                        <p eId="para_4933">
        281
        <b> Deputy Thomas P. Broughan</b>
         asked the 
        <b>Minister for Justice and Equality</b>
         if he will outline the law regarding the open consumption of alcohol in cities and towns and, for example, on public transport; his views on the level of open consumption of alcohol in streets across the country as well as on public transport and at public amenity open spaces including parks and beaches; and if he will make a statement on the matter. 
        [35927/12]
      </p>
                    </question>
                    <speech by="#AlanShatter" as="#Minister_for_Justice_and_Equality">
                        <from>Minister for Justice and Equality (Deputy Alan Shatter)</from>
                        <p eId="para_4934">The position is that local authorities have the power to make bye-laws in relation to the consumption of alcohol in public places. With regard to public transport, the Revenue Commissioners can issue a licence for the sale of alcohol in a railway restaurant car for consumption in that car. Other than that the consumption of alcohol on public transport is not permitted.</p>
                        <p eId="para_4935">Under section 37A of the Intoxicating Liquor Act 1988, as inserted by section 14 of the Intoxicating Liquor Act 2008, where a Garda suspects that a person is under 18 years of age and that that person, or anyone accompanying that person, is in possession of alcohol for consumption by a person under 18 years in a place other than in a place used as a private dwelling, the Garda may seek an explanation and if not satisfied with the reply, he or she may seize the alcohol. The Garda may also seek the name, address and age of the person suspected to be under 18 years of age. It is an offence for a person, when requested by a Garda, to refuse to give his or her name, address and age or to hand over the bottle or container, with a fine of €500 on summary conviction.</p>
                        <p eId="para_4936">Moreover, section 8A of the Criminal Justice (Public Order) Act 1994, as inserted by section 19 of the Intoxicating Liquor Act 2008, provides that a member of the Garda Siochana may, in certain circumstances, seize and remove intoxicating liquor in a bottle or other container from any person regardless of age. The powers of the Gardai under this section also include power to request the person to give his or her name and to leave the place concerned in a peaceable and orderly manner. These powers may be exercised where the Garda believes that the person concerned is acting in a place other than a private dwelling in a manner that is causing, or is likely to cause, a nuisance or annoyance to others or is, or is likely to be a danger to persons or property or to cause a breach of the peace.  As with section 37A, failure by a person to cooperate with a request to hand over the alcohol or to give his or her name and address is an offence with a maximum fine of €500. The maximum fine in the case of a failure to comply with a direction to desist from their activities or to move on is €1,000.</p>
                        <p eId="para_4937">I am concerned at the incidence of street violence and anti-social behaviour. There is little doubt that much of this is fuelled by excessive drinking, as well as the use of illegal drugs.</p>
                        <p eId="para_4938">An Garda Síochána is using the strong legal powers available under the Public Order Acts and the Intoxicating Liquor Acts to keep our streets as safe as possible, including prosecutions where appropriate. As set out above, the powers available include the seizure of alcohol to prevent under age drinking in public places and to forestall public disorder or damage to property. Gardaí may also issue fixed charge notices for the offences of intoxication in a public place and disorderly conduct in a public place. These are a more efficient use of Garda resources and avoid court proceedings when an offender pays the penalty.</p>
                        <p eId="para_4939">I am in regular contact with the Garda authorities about these matters and these contacts will continue.</p>
                        <p eId="para_4940">However, this problem is not simply a matter of law and order. Rather, it requires action by parents, educators and those who sell alcohol, not only in public houses, but right across the retail sector. I have indicated that, in the coming months, I intend to put in place additional regulations which will curb the level of excessive drinking.</p>
                    </speech>
                </debateSection>
                </debateBody></debate>
</akomaNtoso>
