<?xml version='1.0' encoding='UTF-8'?>
<akomaNtoso xmlns="http://docs.oasis-open.org/legaldocml/ns/akn/3.0/CSD13" xmlns:xsi="http://www.w3.org/2001/XMLSchema-instance" xsi:schemaLocation="http://docs.oasis-open.org/legaldocml/ns/akn/3.0/CSD13 ./akomantoso30.xsd ">
    <debate name="Official Report">
        <meta>
            <identification source="#source">
                <FRBRWork>
                    <FRBRthis value="/akn/ie/debateRecord/dail/2012-07-18/writtens/dbsect_28"/>
                    <FRBRuri value="/akn/ie/debateRecord/dail/2012-07-18/writtens"/>
                    <FRBRdate date="2012-07-18" name="#generation"/>
                    <FRBRauthor href="http://oireachtas.ie/ie/oireachtas/house/dail"/>
                    <FRBRcountry value="ie"/>
                <FRBRname value="writtens"/></FRBRWork>
                <FRBRExpression>
                    <FRBRthis value="/akn/ie/debateRecord/dail/2012-07-18/writtens/mul@/dbsect_28"/>
                    <FRBRuri value="/akn/ie/debateRecord/dail/2012-07-18/writtens/mul@"/>
                    <FRBRdate date="2012-07-18" name="#reported"/>
                    <FRBRauthor as="#editor" href="http://oireachtas.ie/ie/oireachtas/role/debates"/>
                    <FRBRlanguage language="mul"/>
                </FRBRExpression>
                <FRBRManifestation>
                    <FRBRthis value="/akn/ie/debateRecord/dail/2012-07-18/writtens/mul@/dbsect_28.xml"/>
                    <FRBRuri value="/akn/ie/debateRecord/dail/2012-07-18/writtens/mul@.akn"/>
                    <FRBRdate date="2016-08-17T12:53:12.290656" name="#publication"/>
                    <FRBRauthor as="#editor" href="http://oireachtas.ie/ie/oireachtas/role/debates"/>
                </FRBRManifestation>
            </identification>
            <references source="#debates">
                <TLCOrganization eId="source" href="http://oireachtas.ie" showAs="Houses of the Oireachtas"/><TLCConcept eId="generation" href="http://oireachtas.ie/ie/oireachtas/ontology#Generation" showAs="Generation"/>
<TLCConcept eId="reported" href="http://oireachtas.ie/ie/oireachtas/ontology#Reported" showAs="Reported"/>
<TLCConcept eId="publication" href="http://oireachtas.ie/ie/oireachtas/ontology#Publication" showAs="Publication"/>
<TLCPerson eId="EamonGilmore" href="http://oireachtas.ie/ie/oireachtas/member/Eamon-Gilmore.D.1989-06-29/dail/31" showAs="Mr. Eamon Gilmore"/>
<TLCPerson eId="PatrickODonovan" href="http://oireachtas.ie/ie/oireachtas/member/Patrick-O'Donovan.D.2011-03-09/dail/31" showAs="Mr. Patrick O'Donovan"/>
<TLCRole eId="Minister_for_Foreign" href="http://oireachtas.ie/ie/oireachtas/minister/foreign" showAs="Minister for Foreign"/>
<TLCRole eId="Tánaiste_and_Minister_for_Foreign_Affairs_and_Trade" href="http://oireachtas.ie/ie/oireachtas/member/Eamon-Gilmore.D.1989-06-29/dail/31/role/tánaiste_and_minister_for_foreign_affairs_and_trade" showAs="Tánaiste and Minister for Foreign Affairs and Trade"/>
</references>
        </meta>
        <preface>
            <block name="title_ga">
                <docTitle>DÍOSPÓIREACHTAÍ PARLAIMINTE</docTitle>
            </block>
            <block name="title_en">
                <docTitle>PARLIAMENTARY DEBATES</docTitle>
            </block>
            <block name="proponent_ga">
                <docProponent>DÁIL ÉIREANN</docProponent>
            </block>
            <block name="status_ga">
                <docStatus>TUAIRISC OIFIGIÚIL</docStatus>
            </block>
            <block name="status_en">
                <docStatus>(OFFICIAL REPORT)</docStatus>
            </block>
            <block name="date_ga">
                <docDate date="2012-07-18">Dé Céadaoin, 18 Iúil 2012</docDate>
            </block>
            <block name="date_en">
                <docDate date="2012-07-18">Wednesday, 18 July 2012</docDate>
            </block>
        </preface>
        <debateBody><debateSection name="writtenAnswer" eId="dbsect_28">
                    <heading>Ministerial Expenditure</heading>
                    <question by="#PatrickODonovan" to="#Minister_for_Foreign" eId="pq_50">
                        <p eId="para_160">
        50
        <b> Deputy Patrick O’Donovan</b>
         asked the 
        <b>Tánaiste and Minister for Foreign Affairs and Trade</b>
         the amounts spent by previous Ministers and Ministers of State within his Department on subsistence, mobile phone communications and recouped expenses, with indications given to the portion that are both vouched and unvouched for each year from 1 January 2007 to 9 March 2011 inclusive; the extent of such expenditure that was discharged directly by his Department on behalf of the Minister concerned; the extent to which the expenditure was discharged by credit card directly by or on behalf of the Minister involved; and if he will make a statement on the matter. 
        [35504/12]
      </p>
                    </question>
                    <speech by="#EamonGilmore" as="#Tánaiste_and_Minister_for_Foreign_Affairs_and_Trade">
                        <from>Tánaiste and Minister for Foreign Affairs and Trade (Deputy Eamon Gilmore)</from>
                        <p eId="para_161">The following table sets out the subsistence and mileage expenses paid to previous Ministers and Ministers of State of this Department during the period 1 January 2007 to 9 March 2011. The table also includes official mobile phone charges paid on behalf of Ministers during this period:</p>
                        <table>
                            <tr>
                                <td/>
                                <td>
                                    <p eId="para_162">2007</p>
                                </td>
                                <td>
                                    <p eId="para_163">2008</p>
                                </td>
                                <td>
                                    <p eId="para_164">2009</p>
                                </td>
                                <td>
                                    <p eId="para_165">2010</p>
                                </td>
                                <td>
                                    <p eId="para_166">2011</p>
                                </td>
                            </tr>
                            <tr>
                                <td/>
                                <td>
                                    <p eId="para_167">€</p>
                                </td>
                                <td>
                                    <p eId="para_168">€</p>
                                </td>
                                <td>
                                    <p eId="para_169">€</p>
                                </td>
                                <td>
                                    <p eId="para_170">€</p>
                                </td>
                                <td>
                                    <p eId="para_171">€</p>
                                </td>
                            </tr>
                            <tr>
                                <td>
                                    <p eId="para_172">Mr. Dermot Ahern T.D, Minister for Foreign Affairs</p>
                                </td>
                                <td/>
                                <td/>
                                <td/>
                                <td/>
                                <td/>
                            </tr>
                            <tr>
                                <td>
                                    <p eId="para_173">Subsistence</p>
                                </td>
                                <td>
                                    <p eId="para_174">4,975</p>
                                </td>
                                <td>
                                    <p eId="para_175">2,034</p>
                                </td>
                                <td/>
                                <td/>
                                <td/>
                            </tr>
                            <tr>
                                <td>
                                    <p eId="para_176">Mobile Phone charges</p>
                                </td>
                                <td>
                                    <p eId="para_177">6,792</p>
                                </td>
                                <td>
                                    <p eId="para_178">2,981</p>
                                </td>
                                <td/>
                                <td/>
                                <td/>
                            </tr>
                            <tr>
                                <td/>
                                <td/>
                                <td/>
                                <td/>
                                <td/>
                                <td/>
                            </tr>
                            <tr>
                                <td>
                                    <p eId="para_179">Mr. Micheál Martin T.D., Minister For Foreign Affairs</p>
                                </td>
                                <td/>
                                <td/>
                                <td/>
                                <td/>
                                <td/>
                            </tr>
                            <tr>
                                <td>
                                    <p eId="para_180">Subsistence</p>
                                </td>
                                <td/>
                                <td>
                                    <p eId="para_181">3,917</p>
                                </td>
                                <td>
                                    <p eId="para_182">2,805</p>
                                </td>
                                <td>
                                    <p eId="para_183">—</p>
                                </td>
                                <td>
                                    <p eId="para_184">2,594</p>
                                </td>
                            </tr>
                            <tr>
                                <td>
                                    <p eId="para_185">Mobile Phone charges</p>
                                </td>
                                <td/>
                                <td>
                                    <p eId="para_186">1,037</p>
                                </td>
                                <td>
                                    <p eId="para_187">823</p>
                                </td>
                                <td>
                                    <p eId="para_188">1,461</p>
                                </td>
                                <td>
                                    <p eId="para_189">105</p>
                                </td>
                            </tr>
                            <tr>
                                <td/>
                                <td/>
                                <td/>
                                <td/>
                                <td/>
                                <td/>
                            </tr>
                            <tr>
                                <td>
                                    <p eId="para_190">Mr. Noel Treacy T.D., Minister of State with responsibility for European Affairs</p>
                                </td>
                                <td/>
                                <td/>
                                <td/>
                                <td/>
                                <td/>
                            </tr>
                            <tr>
                                <td>
                                    <p eId="para_191">Subsistence</p>
                                </td>
                                <td>
                                    <p eId="para_192">1,598</p>
                                </td>
                                <td/>
                                <td/>
                                <td/>
                                <td/>
                            </tr>
                            <tr>
                                <td>
                                    <p eId="para_193">Mileage</p>
                                </td>
                                <td>
                                    <p eId="para_194">36,462</p>
                                </td>
                                <td/>
                                <td/>
                                <td/>
                                <td/>
                            </tr>
                            <tr>
                                <td>
                                    <p eId="para_195">Mobile Phone charges</p>
                                </td>
                                <td>
                                    <p eId="para_196">676</p>
                                </td>
                                <td/>
                                <td/>
                                <td/>
                                <td/>
                            </tr>
                            <tr>
                                <td/>
                                <td/>
                                <td/>
                                <td/>
                                <td/>
                                <td/>
                            </tr>
                            <tr>
                                <td>
                                    <p eId="para_197">Mr. Dick Roche T.D., Minister of State with responsibility for European Affairs</p>
                                </td>
                                <td/>
                                <td/>
                                <td/>
                                <td/>
                                <td/>
                            </tr>
                            <tr>
                                <td>
                                    <p eId="para_198">Subsistence</p>
                                </td>
                                <td>
                                    <p eId="para_199">1,499</p>
                                </td>
                                <td>
                                    <p eId="para_200">6,145</p>
                                </td>
                                <td>
                                    <p eId="para_201">1,981</p>
                                </td>
                                <td>
                                    <p eId="para_202">4,310</p>
                                </td>
                                <td>
                                    <p eId="para_203">314</p>
                                </td>
                            </tr>
                            <tr>
                                <td>
                                    <p eId="para_204">Mileage</p>
                                </td>
                                <td>
                                    <p eId="para_205">13,311</p>
                                </td>
                                <td>
                                    <p eId="para_206">28,467</p>
                                </td>
                                <td>
                                    <p eId="para_207">21,564</p>
                                </td>
                                <td>
                                    <p eId="para_208">17,242</p>
                                </td>
                                <td>
                                    <p eId="para_209">3,370</p>
                                </td>
                            </tr>
                            <tr>
                                <td>
                                    <p eId="para_210">Mobile Phone charges</p>
                                </td>
                                <td/>
                                <td/>
                                <td>
                                    <p eId="para_211">476</p>
                                </td>
                                <td>
                                    <p eId="para_212">1,442</p>
                                </td>
                                <td>
                                    <p eId="para_213">565</p>
                                </td>
                            </tr>
                            <tr>
                                <td/>
                                <td/>
                                <td/>
                                <td/>
                                <td/>
                                <td/>
                            </tr>
                            <tr>
                                <td>
                                    <p eId="para_214">Mr. Michael Kitt T.D., Minister of State with responsibility for Overseas Development</p>
                                </td>
                                <td/>
                                <td/>
                                <td/>
                                <td/>
                                <td/>
                            </tr>
                            <tr>
                                <td>
                                    <p eId="para_215">Subsistence</p>
                                </td>
                                <td>
                                    <p eId="para_216">1,077</p>
                                </td>
                                <td>
                                    <p eId="para_217">880</p>
                                </td>
                                <td/>
                                <td/>
                                <td/>
                            </tr>
                            <tr>
                                <td>
                                    <p eId="para_218">Mileage</p>
                                </td>
                                <td>
                                    <p eId="para_219">13,322</p>
                                </td>
                                <td>
                                    <p eId="para_220">17,697</p>
                                </td>
                                <td/>
                                <td/>
                                <td/>
                            </tr>
                            <tr>
                                <td>
                                    <p eId="para_221">Mobile Phone charges</p>
                                </td>
                                <td>
                                    <p eId="para_222">896</p>
                                </td>
                                <td>
                                    <p eId="para_223">1,082</p>
                                </td>
                                <td/>
                                <td/>
                                <td/>
                            </tr>
                            <tr>
                                <td/>
                                <td/>
                                <td/>
                                <td/>
                                <td/>
                                <td/>
                            </tr>
                            <tr>
                                <td>
                                    <p eId="para_224">Mr. Conor Lenihan T.D., Minister of State with responsibility for Overseas Development</p>
                                </td>
                                <td/>
                                <td/>
                                <td/>
                                <td/>
                                <td/>
                            </tr>
                            <tr>
                                <td>
                                    <p eId="para_225">Subsistence</p>
                                </td>
                                <td>
                                    <p eId="para_226">903</p>
                                </td>
                                <td/>
                                <td/>
                                <td/>
                                <td/>
                            </tr>
                            <tr>
                                <td>
                                    <p eId="para_227">Mileage</p>
                                </td>
                                <td>
                                    <p eId="para_228">8,177</p>
                                </td>
                                <td/>
                                <td/>
                                <td/>
                                <td/>
                            </tr>
                            <tr>
                                <td>
                                    <p eId="para_229">Mobile Phone charges</p>
                                </td>
                                <td>
                                    <p eId="para_230">1,492</p>
                                </td>
                                <td/>
                                <td/>
                                <td/>
                                <td/>
                            </tr>
                            <tr>
                                <td/>
                                <td/>
                                <td/>
                                <td/>
                                <td/>
                                <td/>
                            </tr>
                            <tr>
                                <td>
                                    <p eId="para_231">Mr. Peter Power T.D., Minister of State with responsibility for Overseas Development</p>
                                </td>
                                <td/>
                                <td/>
                                <td/>
                                <td/>
                                <td/>
                            </tr>
                            <tr>
                                <td>
                                    <p eId="para_232">Subsistence</p>
                                </td>
                                <td/>
                                <td>
                                    <p eId="para_233">3,714</p>
                                </td>
                                <td>
                                    <p eId="para_234">3,751</p>
                                </td>
                                <td>
                                    <p eId="para_235">3,227</p>
                                </td>
                                <td/>
                            </tr>
                            <tr>
                                <td>
                                    <p eId="para_236">Mileage</p>
                                </td>
                                <td/>
                                <td>
                                    <p eId="para_237">15,175</p>
                                </td>
                                <td>
                                    <p eId="para_238">27,919</p>
                                </td>
                                <td>
                                    <p eId="para_239">9,144</p>
                                </td>
                                <td/>
                            </tr>
                            <tr>
                                <td>
                                    <p eId="para_240">Mobile Phone charges</p>
                                </td>
                                <td/>
                                <td>
                                    <p eId="para_241">1,341</p>
                                </td>
                                <td>
                                    <p eId="para_242">748.00</p>
                                </td>
                                <td>
                                    <p eId="para_243">1,870</p>
                                </td>
                                <td>
                                    <p eId="para_244">413</p>
                                </td>
                            </tr>
                        </table>
                        <p eId="para_245">All expenditure is paid on a vouched basis apart from subsistence and mileage expenses relating to official travel which are paid at Department of Finance rates and in accordance with normal regulations. Official mobile phone costs were paid directly by the Department to the service providers.</p>
                        <p eId="para_246">In addition to the above, the Department paid directly for a range of services related to the conduct of the Ministers' official business, including air fares, hotel costs, car hire, airport charges, etc.</p>
                        <p eId="para_247">Some of these were paid by credit card and the amounts have been accounted in the Department's Financial Management System. In the time available, it is not possible to carry out the extensive research that would be required to identify the individual amounts that used a credit card as the method of payment.</p>
                    </speech>
                </debateSection>
                </debateBody></debate>
</akomaNtoso>
