<?xml version='1.0' encoding='UTF-8'?>
<akomaNtoso xmlns="http://docs.oasis-open.org/legaldocml/ns/akn/3.0/CSD13" xmlns:xsi="http://www.w3.org/2001/XMLSchema-instance" xsi:schemaLocation="http://docs.oasis-open.org/legaldocml/ns/akn/3.0/CSD13 ./akomantoso30.xsd ">
    <debate name="Official Report">
        <meta>
            <identification source="#source">
                <FRBRWork>
                    <FRBRthis value="/akn/ie/debateRecord/dail/2012-07-18/writtens/dbsect_218"/>
                    <FRBRuri value="/akn/ie/debateRecord/dail/2012-07-18/writtens"/>
                    <FRBRdate date="2012-07-18" name="#generation"/>
                    <FRBRauthor href="http://oireachtas.ie/ie/oireachtas/house/dail"/>
                    <FRBRcountry value="ie"/>
                <FRBRname value="writtens"/></FRBRWork>
                <FRBRExpression>
                    <FRBRthis value="/akn/ie/debateRecord/dail/2012-07-18/writtens/mul@/dbsect_218"/>
                    <FRBRuri value="/akn/ie/debateRecord/dail/2012-07-18/writtens/mul@"/>
                    <FRBRdate date="2012-07-18" name="#reported"/>
                    <FRBRauthor as="#editor" href="http://oireachtas.ie/ie/oireachtas/role/debates"/>
                    <FRBRlanguage language="mul"/>
                </FRBRExpression>
                <FRBRManifestation>
                    <FRBRthis value="/akn/ie/debateRecord/dail/2012-07-18/writtens/mul@/dbsect_218.xml"/>
                    <FRBRuri value="/akn/ie/debateRecord/dail/2012-07-18/writtens/mul@.akn"/>
                    <FRBRdate date="2016-08-17T12:53:12.290656" name="#publication"/>
                    <FRBRauthor as="#editor" href="http://oireachtas.ie/ie/oireachtas/role/debates"/>
                </FRBRManifestation>
            </identification>
            <references source="#debates">
                <TLCOrganization eId="source" href="http://oireachtas.ie" showAs="Houses of the Oireachtas"/><TLCConcept eId="generation" href="http://oireachtas.ie/ie/oireachtas/ontology#Generation" showAs="Generation"/>
<TLCConcept eId="reported" href="http://oireachtas.ie/ie/oireachtas/ontology#Reported" showAs="Reported"/>
<TLCConcept eId="publication" href="http://oireachtas.ie/ie/oireachtas/ontology#Publication" showAs="Publication"/>
<TLCPerson eId="JohnPaulPhelan" href="http://oireachtas.ie/ie/oireachtas/member/John-Paul-Phelan.S.2002-09-12/dail/31" showAs="Mr. John Paul Phelan"/>
<TLCPerson eId="SimonCoveney" href="http://oireachtas.ie/ie/oireachtas/member/Simon-Coveney.D.1998-10-23/dail/31" showAs="Mr. Simon Coveney"/>
<TLCRole eId="Minister_for_Agriculture,_Food_and_the_Marine" href="http://oireachtas.ie/ie/oireachtas/member/Simon-Coveney.D.1998-10-23/dail/31/minister/agriculture__food__marine" showAs="Minister for Agriculture, Food and the Marine"/>
</references>
        </meta>
        <preface>
            <block name="title_ga">
                <docTitle>DÍOSPÓIREACHTAÍ PARLAIMINTE</docTitle>
            </block>
            <block name="title_en">
                <docTitle>PARLIAMENTARY DEBATES</docTitle>
            </block>
            <block name="proponent_ga">
                <docProponent>DÁIL ÉIREANN</docProponent>
            </block>
            <block name="status_ga">
                <docStatus>TUAIRISC OIFIGIÚIL</docStatus>
            </block>
            <block name="status_en">
                <docStatus>(OFFICIAL REPORT)</docStatus>
            </block>
            <block name="date_ga">
                <docDate date="2012-07-18">Dé Céadaoin, 18 Iúil 2012</docDate>
            </block>
            <block name="date_en">
                <docDate date="2012-07-18">Wednesday, 18 July 2012</docDate>
            </block>
        </preface>
        <debateBody><debateSection name="writtenAnswer" eId="dbsect_218">
                    <heading>Agricultural College Places</heading>
                    <question by="#JohnPaulPhelan" to="#Minister_for_Agriculture,_Food_and_the_Marine" eId="pq_290">
                        <p eId="para_5000">
        290
        <b> Deputy John Paul Phelan</b>
         asked the 
        <b>Minister for Agriculture, Food and the Marine</b>
         his plans to increase the places available in agricultural colleges; and if he will make a statement on the matter. 
        [35485/12]
      </p>
                    </question>
                    <speech by="#SimonCoveney" as="#Minister_for_Agriculture,_Food_and_the_Marine">
                        <from>Minister for Agriculture, Food and the Marine (Deputy Simon Coveney)</from>
                        <p eId="para_5001">This is an operational matter for Teagasc, the Agriculture Food and Development Authority.  Teagasc is the main education provider of further education courses for the agri-food sector and through its long-standing association with the Institutes of Technologies and the University sector it is also significantly involved in the delivery of degree-level programmes.  Teagasc's education courses are provided through its own network of colleges, regional education centres and in collaboration with three privately-owned colleges. In addition, Teagasc provides specialised training to the agri- food and service sectors as required and also enjoys an extensive involvement in adult education.</p>
                        <p eId="para_5002">I understand Teagasc is aiming to provide for an increased intake of 640 students at the 6 Agricultural colleges, which is an increase of 24 on last year's numbers.  The planned intake for 2012 represents the physical limit of the colleges. Although colleges are managing with a deficit of teachers, I understand that Teagasc has taken a number of measures; including the redeployment of advisory staff and subcontracting the delivery of specific education modules across a number of colleges and local centres to respond positively to the demand for places in the colleges.</p>
                        <p eId="para_5003">There has been a very large increase in recent years in the demand for places in Ag colleges, something which will reflect the increased positivity towards the Agri food and farming sectors generally and I welcome this. I have been in a position to provide the flexibility within the overall numbers ceilings to allow for 6 additional teachers this year.  While the question of additional resources into the future must have regard to the need to reduce public service numbers and this requires all public bodies to comply with annual ceilings on staff numbers and to reallocate or reorganise work or staff accordingly. The situation in Teagasc will be closely monitored.</p>
                    </speech>
                </debateSection>
                </debateBody></debate>
</akomaNtoso>
