<?xml version='1.0' encoding='UTF-8'?>
<akomaNtoso xmlns="http://docs.oasis-open.org/legaldocml/ns/akn/3.0/CSD13" xmlns:xsi="http://www.w3.org/2001/XMLSchema-instance" xsi:schemaLocation="http://docs.oasis-open.org/legaldocml/ns/akn/3.0/CSD13 ./akomantoso30.xsd ">
    <debate name="Official Report">
        <meta>
            <identification source="#source">
                <FRBRWork>
                    <FRBRthis value="/akn/ie/debateRecord/dail/2012-07-18/writtens/dbsect_181"/>
                    <FRBRuri value="/akn/ie/debateRecord/dail/2012-07-18/writtens"/>
                    <FRBRdate date="2012-07-18" name="#generation"/>
                    <FRBRauthor href="http://oireachtas.ie/ie/oireachtas/house/dail"/>
                    <FRBRcountry value="ie"/>
                <FRBRname value="writtens"/></FRBRWork>
                <FRBRExpression>
                    <FRBRthis value="/akn/ie/debateRecord/dail/2012-07-18/writtens/mul@/dbsect_181"/>
                    <FRBRuri value="/akn/ie/debateRecord/dail/2012-07-18/writtens/mul@"/>
                    <FRBRdate date="2012-07-18" name="#reported"/>
                    <FRBRauthor as="#editor" href="http://oireachtas.ie/ie/oireachtas/role/debates"/>
                    <FRBRlanguage language="mul"/>
                </FRBRExpression>
                <FRBRManifestation>
                    <FRBRthis value="/akn/ie/debateRecord/dail/2012-07-18/writtens/mul@/dbsect_181.xml"/>
                    <FRBRuri value="/akn/ie/debateRecord/dail/2012-07-18/writtens/mul@.akn"/>
                    <FRBRdate date="2016-08-17T12:53:12.290656" name="#publication"/>
                    <FRBRauthor as="#editor" href="http://oireachtas.ie/ie/oireachtas/role/debates"/>
                </FRBRManifestation>
            </identification>
            <references source="#debates">
                <TLCOrganization eId="source" href="http://oireachtas.ie" showAs="Houses of the Oireachtas"/><TLCConcept eId="generation" href="http://oireachtas.ie/ie/oireachtas/ontology#Generation" showAs="Generation"/>
<TLCConcept eId="reported" href="http://oireachtas.ie/ie/oireachtas/ontology#Reported" showAs="Reported"/>
<TLCConcept eId="publication" href="http://oireachtas.ie/ie/oireachtas/ontology#Publication" showAs="Publication"/>
<TLCPerson eId="CatherineMurphy" href="http://oireachtas.ie/ie/oireachtas/member/Catherine-Murphy.D.2005-03-11/dail/31" showAs="Ms. Catherine Murphy"/>
<TLCPerson eId="JanOSullivan" href="http://oireachtas.ie/ie/oireachtas/member/Jan-O'Sullivan.S.1993-02-17/dail/31" showAs="Ms. Jan O'Sullivan"/>
<TLCRole eId="Minister_for_the_Environment,_Community_and_Local_Government" href="http://oireachtas.ie/ie/oireachtas/member/Phil-Hogan.S.1987-04-25/dail/31/minister/environment__community__local_government" showAs="Minister for the Environment, Community and Local Government"/>
<TLCRole eId="Minister_of_State_at_the_Department_of_the_Environment,_Community_and_Local_Government" href="http://oireachtas.ie/ie/oireachtas/member/Jan-O'Sullivan.S.1993-02-17/dail/31/minister_state/environment__community__local_government" showAs="Minister of State at the Department of the Environment, Community and Local Government"/>
</references>
        </meta>
        <preface>
            <block name="title_ga">
                <docTitle>DÍOSPÓIREACHTAÍ PARLAIMINTE</docTitle>
            </block>
            <block name="title_en">
                <docTitle>PARLIAMENTARY DEBATES</docTitle>
            </block>
            <block name="proponent_ga">
                <docProponent>DÁIL ÉIREANN</docProponent>
            </block>
            <block name="status_ga">
                <docStatus>TUAIRISC OIFIGIÚIL</docStatus>
            </block>
            <block name="status_en">
                <docStatus>(OFFICIAL REPORT)</docStatus>
            </block>
            <block name="date_ga">
                <docDate date="2012-07-18">Dé Céadaoin, 18 Iúil 2012</docDate>
            </block>
            <block name="date_en">
                <docDate date="2012-07-18">Wednesday, 18 July 2012</docDate>
            </block>
        </preface>
        <debateBody><debateSection name="writtenAnswer" eId="dbsect_181">
                    <heading>Unfinished Housing Developments</heading>
                    <question by="#CatherineMurphy" to="#Minister_for_the_Environment,_Community_and_Local_Government" eId="pq_240">
                        <p eId="para_4513">
        240
        <b> Deputy Catherine Murphy</b>
         asked the 
        <b>Minister for the Environment, Community and Local Government</b>
         the number of unfinished estates managed by the National Asset Management Agency and other banking institutions, including foreign banks, and if he will provide a breakdown by category 1-4; and if he will make a statement on the matter. 
        [35864/12]
      </p>
                    </question>
                    <speech by="#JanOSullivan" as="#Minister_of_State_at_the_Department_of_the_Environment,_Community_and_Local_Government">
                        <from>Minister of State at the Department of the Environment, Community and Local Government (Deputy Jan O’Sullivan)</from>
                        <p eId="para_4514">Data on the quantity, location and nature of housing developments managed by the National Asset Management Agency are matters for that agency and are not within the remit of my Department. However, my Department understands that, while there is no overall figure covering all categories of such unfinished developments, the following outlines the current situation regarding Category 3 and 4 developments:</p>
                        <table>
                            <tr>
                                <td>
                                    <p eId="para_4515">Category</p>
                                </td>
                                <td>
                                    <p eId="para_4516">No. of Developments</p>
                                </td>
                            </tr>
                            <tr>
                                <td>
                                    <p eId="para_4517">Category 3:</p>
                                </td>
                                <td>
                                    <p eId="para_4518">137 developments</p>
                                </td>
                            </tr>
                            <tr>
                                <td>
                                    <p eId="para_4519">Category 4:</p>
                                </td>
                                <td>
                                    <p eId="para_4520">29 developments</p>
                                </td>
                            </tr>
                            <tr>
                                <td>
                                    <p eId="para_4521">Total:</p>
                                </td>
                                <td>
                                    <p eId="para_4522">166 developments</p>
                                </td>
                            </tr>
                        </table>
                        <p eId="para_4523">Data regarding Unfinished Housing Developments under the direct control of banks, including foreign banks, change on a daily basis depending on the financial status of insolvent developers. The data on these estates are not reported to my Department and are therefore unavailable.</p>
                        <p eId="para_4524">The National Housing Development Survey 2012, which my Department is currently carrying out, will provide a more complete picture of all unfinished housing development sites across all categories.</p>
                    </speech>
                </debateSection>
                </debateBody></debate>
</akomaNtoso>
