<?xml version='1.0' encoding='UTF-8'?>
<akomaNtoso xmlns="http://docs.oasis-open.org/legaldocml/ns/akn/3.0/CSD13" xmlns:xsi="http://www.w3.org/2001/XMLSchema-instance" xsi:schemaLocation="http://docs.oasis-open.org/legaldocml/ns/akn/3.0/CSD13 ./akomantoso30.xsd ">
    <debate name="Official Report">
        <meta>
            <identification source="#source">
                <FRBRWork>
                    <FRBRthis value="/akn/ie/debateRecord/dail/2012-07-18/writtens/dbsect_117"/>
                    <FRBRuri value="/akn/ie/debateRecord/dail/2012-07-18/writtens"/>
                    <FRBRdate date="2012-07-18" name="#generation"/>
                    <FRBRauthor href="http://oireachtas.ie/ie/oireachtas/house/dail"/>
                    <FRBRcountry value="ie"/>
                <FRBRname value="writtens"/></FRBRWork>
                <FRBRExpression>
                    <FRBRthis value="/akn/ie/debateRecord/dail/2012-07-18/writtens/mul@/dbsect_117"/>
                    <FRBRuri value="/akn/ie/debateRecord/dail/2012-07-18/writtens/mul@"/>
                    <FRBRdate date="2012-07-18" name="#reported"/>
                    <FRBRauthor as="#editor" href="http://oireachtas.ie/ie/oireachtas/role/debates"/>
                    <FRBRlanguage language="mul"/>
                </FRBRExpression>
                <FRBRManifestation>
                    <FRBRthis value="/akn/ie/debateRecord/dail/2012-07-18/writtens/mul@/dbsect_117.xml"/>
                    <FRBRuri value="/akn/ie/debateRecord/dail/2012-07-18/writtens/mul@.akn"/>
                    <FRBRdate date="2016-08-17T12:53:12.290656" name="#publication"/>
                    <FRBRauthor as="#editor" href="http://oireachtas.ie/ie/oireachtas/role/debates"/>
                </FRBRManifestation>
            </identification>
            <references source="#debates">
                <TLCOrganization eId="source" href="http://oireachtas.ie" showAs="Houses of the Oireachtas"/><TLCConcept eId="generation" href="http://oireachtas.ie/ie/oireachtas/ontology#Generation" showAs="Generation"/>
<TLCConcept eId="reported" href="http://oireachtas.ie/ie/oireachtas/ontology#Reported" showAs="Reported"/>
<TLCConcept eId="publication" href="http://oireachtas.ie/ie/oireachtas/ontology#Publication" showAs="Publication"/>
<TLCPerson eId="JoanBurtonLAB" href="http://oireachtas.ie/ie/oireachtas/member/Joan-Burton.D.1992-12-14/dail/31" showAs="Ms. Joan Burton"/>
<TLCPerson eId="JohnPaulPhelan" href="http://oireachtas.ie/ie/oireachtas/member/John-Paul-Phelan.S.2002-09-12/dail/31" showAs="Mr. John Paul Phelan"/>
<TLCRole eId="Minister_for_Social_Protection" href="http://oireachtas.ie/ie/oireachtas/member/Joan-Burton.D.1992-12-14/dail/31/minister/social_protection" showAs="Minister for Social Protection"/>
</references>
        </meta>
        <preface>
            <block name="title_ga">
                <docTitle>DÍOSPÓIREACHTAÍ PARLAIMINTE</docTitle>
            </block>
            <block name="title_en">
                <docTitle>PARLIAMENTARY DEBATES</docTitle>
            </block>
            <block name="proponent_ga">
                <docProponent>DÁIL ÉIREANN</docProponent>
            </block>
            <block name="status_ga">
                <docStatus>TUAIRISC OIFIGIÚIL</docStatus>
            </block>
            <block name="status_en">
                <docStatus>(OFFICIAL REPORT)</docStatus>
            </block>
            <block name="date_ga">
                <docDate date="2012-07-18">Dé Céadaoin, 18 Iúil 2012</docDate>
            </block>
            <block name="date_en">
                <docDate date="2012-07-18">Wednesday, 18 July 2012</docDate>
            </block>
        </preface>
        <debateBody><debateSection name="writtenAnswer" eId="dbsect_117">
                    <heading>Employment Support Services</heading>
                    <question by="#JohnPaulPhelan" to="#Minister_for_Social_Protection" eId="pq_160">
                        <p eId="para_3867">
        160
        <b> Deputy John Paul Phelan</b>
         asked the 
        <b>Minister for Social Protection</b>
         the actions being undertaken by her Department in support of implementation of the EU Commission’s Youth Opportunities Initiative to address youth unemployment. 
        [35591/12]
      </p>
                    </question>
                    <speech by="#JoanBurtonLAB" as="#Minister_for_Social_Protection">
                        <from>Minister for Social Protection (Deputy Joan Burton)</from>
                        <p eId="para_3868">Young people who are unemployed, once they have been on the Live Register for three months, are referred to the employment service of my Department for a guidance interview and additional support under a case management approach. This is designed to identify and address specific difficulties the young person faces in securing employment (e.g. by referral to appropriate training or other supports).</p>
                        <p eId="para_3869">The Department is currently moving to profiling of newly unemployed people when they enter the Live Register, as a basis for immediate referral of those most needing assistance. This should allow young people facing particular difficulties to be directed to appropriate supports earlier in a spell of unemployment than was possible heretofore.</p>
                        <p eId="para_3870">More generally, young people leaving education with Leaving Certificate or higher qualifications who face difficulty in finding work can register with the employment service for assistance with job search. In these cases, access to training and other labour market programmes is not made available for a period (4-6 months) after leaving education. This is to ensure that labour market programmes are not seen to encourage exit from education.</p>
                        <p eId="para_3871">Where early school leavers (under 18 years and with no Leaving Certificate) seek to register with the employment service, the emphasis is on encouraging such young people to stay on at school and complete the Leaving Certificate.  Where this is established not to be possible (based on written evidence from their school or parents that they have officially left school or by referral by the Educational Welfare Board), they are considered eligible to register with the employment service.  Due to their lack of/or low qualifications, they may be referred, without a four-month waiting period, to suitable training programmes, such as Community Training Centres or Youthreach, which are specifically designed for early school leavers.</p>
                    </speech>
                    <summary eId="sum_37">Questions Nos. 161 and 162 withdrawn.</summary>
                </debateSection>
                </debateBody></debate>
</akomaNtoso>
