<?xml version='1.0' encoding='UTF-8'?>
<akomaNtoso xmlns="http://docs.oasis-open.org/legaldocml/ns/akn/3.0/CSD13" xmlns:xsi="http://www.w3.org/2001/XMLSchema-instance" xsi:schemaLocation="http://docs.oasis-open.org/legaldocml/ns/akn/3.0/CSD13 ./akomantoso30.xsd ">
    <debate name="Official Report">
        <meta>
            <identification source="#source">
                <FRBRWork>
                    <FRBRthis value="/akn/ie/debateRecord/dail/2012-07-18/writtens/dbsect_290"/>
                    <FRBRuri value="/akn/ie/debateRecord/dail/2012-07-18/writtens"/>
                    <FRBRdate date="2012-07-18" name="#generation"/>
                    <FRBRauthor href="http://oireachtas.ie/ie/oireachtas/house/dail"/>
                    <FRBRcountry value="ie"/>
                <FRBRname value="writtens"/></FRBRWork>
                <FRBRExpression>
                    <FRBRthis value="/akn/ie/debateRecord/dail/2012-07-18/writtens/mul@/dbsect_290"/>
                    <FRBRuri value="/akn/ie/debateRecord/dail/2012-07-18/writtens/mul@"/>
                    <FRBRdate date="2012-07-18" name="#reported"/>
                    <FRBRauthor as="#editor" href="http://oireachtas.ie/ie/oireachtas/role/debates"/>
                    <FRBRlanguage language="mul"/>
                </FRBRExpression>
                <FRBRManifestation>
                    <FRBRthis value="/akn/ie/debateRecord/dail/2012-07-18/writtens/mul@/dbsect_290.xml"/>
                    <FRBRuri value="/akn/ie/debateRecord/dail/2012-07-18/writtens/mul@.akn"/>
                    <FRBRdate date="2016-08-17T12:53:12.290656" name="#publication"/>
                    <FRBRauthor as="#editor" href="http://oireachtas.ie/ie/oireachtas/role/debates"/>
                </FRBRManifestation>
            </identification>
            <references source="#debates">
                <TLCOrganization eId="source" href="http://oireachtas.ie" showAs="Houses of the Oireachtas"/><TLCConcept eId="generation" href="http://oireachtas.ie/ie/oireachtas/ontology#Generation" showAs="Generation"/>
<TLCConcept eId="reported" href="http://oireachtas.ie/ie/oireachtas/ontology#Reported" showAs="Reported"/>
<TLCConcept eId="publication" href="http://oireachtas.ie/ie/oireachtas/ontology#Publication" showAs="Publication"/>
<TLCPerson eId="LeoVaradkar" href="http://oireachtas.ie/ie/oireachtas/member/Leo-Varadkar.D.2007-06-14/dail/31" showAs="Dr. Leo Varadkar"/>
<TLCPerson eId="PearseDoherty" href="http://oireachtas.ie/ie/oireachtas/member/Pearse-Doherty.S.2007-07-23/dail/31" showAs="Mr. Pearse Doherty"/>
<TLCRole eId="Minister_for_Transport,_Tourism_and_Sport" href="http://oireachtas.ie/ie/oireachtas/member/Leo-Varadkar.D.2007-06-14/dail/31/minister/transport__tourism__sport" showAs="Minister for Transport, Tourism and Sport"/>
</references>
        </meta>
        <preface>
            <block name="title_ga">
                <docTitle>DÍOSPÓIREACHTAÍ PARLAIMINTE</docTitle>
            </block>
            <block name="title_en">
                <docTitle>PARLIAMENTARY DEBATES</docTitle>
            </block>
            <block name="proponent_ga">
                <docProponent>DÁIL ÉIREANN</docProponent>
            </block>
            <block name="status_ga">
                <docStatus>TUAIRISC OIFIGIÚIL</docStatus>
            </block>
            <block name="status_en">
                <docStatus>(OFFICIAL REPORT)</docStatus>
            </block>
            <block name="date_ga">
                <docDate date="2012-07-18">Dé Céadaoin, 18 Iúil 2012</docDate>
            </block>
            <block name="date_en">
                <docDate date="2012-07-18">Wednesday, 18 July 2012</docDate>
            </block>
        </preface>
        <debateBody><debateSection name="writtenAnswer" eId="dbsect_290">
                    <heading>Air Services</heading>
                    <question by="#PearseDoherty" to="#Minister_for_Transport,_Tourism_and_Sport" eId="pq_395">
                        <p eId="para_5687">
        395
        <b> Deputy Pearse Doherty</b>
         asked the 
        <b>Minister for Transport, Tourism and Sport</b>
         if he is committed to the three year PSO contract for Donegal Airport, and does he envisages the continuation of this vital service to Donegal; and if he will make a statement on the matter. 
        [35910/12]
      </p>
                    </question>
                    <speech by="#LeoVaradkar" as="#Minister_for_Transport,_Tourism_and_Sport">
                        <from>Minister for Transport, Tourism and Sport (Deputy Leo Varadkar)</from>
                        <p eId="para_5688">In accordance with EU regulations, my Department provides subvention for the provision of scheduled air services on the Public Service Obligation (PSO) route between Donegal and Dublin.  The contract, which was awarded following an EU public tendering process, is for the three year period commencing on 3 November 2011.</p>
                        <p eId="para_5689">Consideration of any new contract which may be entered into when the existing contract expires in November 2014 will depend on a number of issues including the use of the PSO service under the current contract and the availability of Exchequer funding.</p>
                    </speech><!--Fix-->
                </debateSection></debateBody></debate>
</akomaNtoso>
