<?xml version='1.0' encoding='UTF-8'?>
<akomaNtoso xmlns="http://docs.oasis-open.org/legaldocml/ns/akn/3.0/CSD13" xmlns:xsi="http://www.w3.org/2001/XMLSchema-instance" xsi:schemaLocation="http://docs.oasis-open.org/legaldocml/ns/akn/3.0/CSD13 ./akomantoso30.xsd ">
    <debate name="Official Report">
        <meta>
            <identification source="#source">
                <FRBRWork>
                    <FRBRthis value="/akn/ie/debateRecord/dail/2012-07-18/writtens/dbsect_207"/>
                    <FRBRuri value="/akn/ie/debateRecord/dail/2012-07-18/writtens"/>
                    <FRBRdate date="2012-07-18" name="#generation"/>
                    <FRBRauthor href="http://oireachtas.ie/ie/oireachtas/house/dail"/>
                    <FRBRcountry value="ie"/>
                <FRBRname value="writtens"/></FRBRWork>
                <FRBRExpression>
                    <FRBRthis value="/akn/ie/debateRecord/dail/2012-07-18/writtens/mul@/dbsect_207"/>
                    <FRBRuri value="/akn/ie/debateRecord/dail/2012-07-18/writtens/mul@"/>
                    <FRBRdate date="2012-07-18" name="#reported"/>
                    <FRBRauthor as="#editor" href="http://oireachtas.ie/ie/oireachtas/role/debates"/>
                    <FRBRlanguage language="mul"/>
                </FRBRExpression>
                <FRBRManifestation>
                    <FRBRthis value="/akn/ie/debateRecord/dail/2012-07-18/writtens/mul@/dbsect_207.xml"/>
                    <FRBRuri value="/akn/ie/debateRecord/dail/2012-07-18/writtens/mul@.akn"/>
                    <FRBRdate date="2016-08-17T12:53:12.290656" name="#publication"/>
                    <FRBRauthor as="#editor" href="http://oireachtas.ie/ie/oireachtas/role/debates"/>
                </FRBRManifestation>
            </identification>
            <references source="#debates">
                <TLCOrganization eId="source" href="http://oireachtas.ie" showAs="Houses of the Oireachtas"/><TLCConcept eId="generation" href="http://oireachtas.ie/ie/oireachtas/ontology#Generation" showAs="Generation"/>
<TLCConcept eId="reported" href="http://oireachtas.ie/ie/oireachtas/ontology#Reported" showAs="Reported"/>
<TLCConcept eId="publication" href="http://oireachtas.ie/ie/oireachtas/ontology#Publication" showAs="Publication"/>
<TLCPerson eId="AlanShatter" href="http://oireachtas.ie/ie/oireachtas/member/Alan-Shatter.D.1981-06-30/dail/31" showAs="Mr. Alan Shatter"/>
<TLCPerson eId="DenisNaughten" href="http://oireachtas.ie/ie/oireachtas/member/Denis-Naughten.S.1997-01-28/dail/31" showAs="Mr. Denis Naughten"/>
<TLCRole eId="Minister_for_Justice_and_Equality" href="http://oireachtas.ie/ie/oireachtas/member/Alan-Shatter.D.1981-06-30/dail/31/minister/justice__equality" showAs="Minister for Justice and Equality"/>
</references>
        </meta>
        <preface>
            <block name="title_ga">
                <docTitle>DÍOSPÓIREACHTAÍ PARLAIMINTE</docTitle>
            </block>
            <block name="title_en">
                <docTitle>PARLIAMENTARY DEBATES</docTitle>
            </block>
            <block name="proponent_ga">
                <docProponent>DÁIL ÉIREANN</docProponent>
            </block>
            <block name="status_ga">
                <docStatus>TUAIRISC OIFIGIÚIL</docStatus>
            </block>
            <block name="status_en">
                <docStatus>(OFFICIAL REPORT)</docStatus>
            </block>
            <block name="date_ga">
                <docDate date="2012-07-18">Dé Céadaoin, 18 Iúil 2012</docDate>
            </block>
            <block name="date_en">
                <docDate date="2012-07-18">Wednesday, 18 July 2012</docDate>
            </block>
        </preface>
        <debateBody><debateSection name="writtenAnswer" eId="dbsect_207">
                    <heading>Sexual Offences</heading>
                    <question by="#DenisNaughten" to="#Minister_for_Justice_and_Equality" eId="pq_274">
                        <p eId="para_4889">
        274
        <b> Deputy Denis Naughten</b>
         asked the 
        <b>Minister for Justice and Equality</b>
         the number of persons currently supervised in the community under a post release supervision order under Part 5 of the Sex Offenders Act 2001; the number of persons currently in breach of conditions under this part of the Act; if he will provide a regional breakdown of these figures; and if he will make a statement on the matter. 
        [35917/12]
      </p>
                    </question>
                    <speech by="#AlanShatter" as="#Minister_for_Justice_and_Equality">
                        <from>Minister for Justice and Equality (Deputy Alan Shatter)</from>
                        <p eId="para_4890">I can inform the Deputy that there are 49 offenders being supervised in the community on post release supervision orders under Part 5 of the Sex Offenders Act, 2001.  I am advised by the Probation Service that two of these individuals are in breach of their conditions and in the process of being returned to court.</p>
                        <p eId="para_4891">The regional breakdown is as follows:</p>
                        <table>
                            <tr>
                                <td>
                                    <p eId="para_4892">Region</p>
                                </td>
                                <td>
                                    <p eId="para_4893">No.</p>
                                </td>
                            </tr>
                            <tr>
                                <td>
                                    <p eId="para_4894">Dublin North and Northeast</p>
                                </td>
                                <td>
                                    <p eId="para_4895">14</p>
                                </td>
                            </tr>
                            <tr>
                                <td>
                                    <p eId="para_4896">Dublin South and Wicklow</p>
                                </td>
                                <td>
                                    <p eId="para_4897">16</p>
                                </td>
                            </tr>
                            <tr>
                                <td>
                                    <p eId="para_4898">Midlands and Southeast</p>
                                </td>
                                <td>
                                    <p eId="para_4899">5</p>
                                </td>
                            </tr>
                            <tr>
                                <td>
                                    <p eId="para_4900">Southwest; and West</p>
                                </td>
                                <td>
                                    <p eId="para_4901">9</p>
                                </td>
                            </tr>
                            <tr>
                                <td>
                                    <p eId="para_4902">Northwest and Westmeath</p>
                                </td>
                                <td>
                                    <p eId="para_4903">5</p>
                                </td>
                            </tr>
                        </table>
                    </speech>
                </debateSection>
                </debateBody></debate>
</akomaNtoso>
