<?xml version='1.0' encoding='UTF-8'?>
<akomaNtoso xmlns="http://docs.oasis-open.org/legaldocml/ns/akn/3.0/CSD13" xmlns:xsi="http://www.w3.org/2001/XMLSchema-instance" xsi:schemaLocation="http://docs.oasis-open.org/legaldocml/ns/akn/3.0/CSD13 ./akomantoso30.xsd ">
    <debate name="Official Report">
        <meta>
            <identification source="#source">
                <FRBRWork>
                    <FRBRthis value="/akn/ie/debateRecord/dail/2012-07-18/writtens/dbsect_41"/>
                    <FRBRuri value="/akn/ie/debateRecord/dail/2012-07-18/writtens"/>
                    <FRBRdate date="2012-07-18" name="#generation"/>
                    <FRBRauthor href="http://oireachtas.ie/ie/oireachtas/house/dail"/>
                    <FRBRcountry value="ie"/>
                <FRBRname value="writtens"/></FRBRWork>
                <FRBRExpression>
                    <FRBRthis value="/akn/ie/debateRecord/dail/2012-07-18/writtens/mul@/dbsect_41"/>
                    <FRBRuri value="/akn/ie/debateRecord/dail/2012-07-18/writtens/mul@"/>
                    <FRBRdate date="2012-07-18" name="#reported"/>
                    <FRBRauthor as="#editor" href="http://oireachtas.ie/ie/oireachtas/role/debates"/>
                    <FRBRlanguage language="mul"/>
                </FRBRExpression>
                <FRBRManifestation>
                    <FRBRthis value="/akn/ie/debateRecord/dail/2012-07-18/writtens/mul@/dbsect_41.xml"/>
                    <FRBRuri value="/akn/ie/debateRecord/dail/2012-07-18/writtens/mul@.akn"/>
                    <FRBRdate date="2016-08-17T12:53:12.290656" name="#publication"/>
                    <FRBRauthor as="#editor" href="http://oireachtas.ie/ie/oireachtas/role/debates"/>
                </FRBRManifestation>
            </identification>
            <references source="#debates">
                <TLCOrganization eId="source" href="http://oireachtas.ie" showAs="Houses of the Oireachtas"/><TLCConcept eId="generation" href="http://oireachtas.ie/ie/oireachtas/ontology#Generation" showAs="Generation"/>
<TLCConcept eId="reported" href="http://oireachtas.ie/ie/oireachtas/ontology#Reported" showAs="Reported"/>
<TLCConcept eId="publication" href="http://oireachtas.ie/ie/oireachtas/ontology#Publication" showAs="Publication"/>
<TLCPerson eId="MichaelNoonan" href="http://oireachtas.ie/ie/oireachtas/member/Michael-Noonan.D.1981-06-30/dail/31" showAs="Mr. Michael Noonan"/>
<TLCPerson eId="PatrickODonovan" href="http://oireachtas.ie/ie/oireachtas/member/Patrick-O'Donovan.D.2011-03-09/dail/31" showAs="Mr. Patrick O'Donovan"/>
<TLCRole eId="Minister_for_Finance" href="http://oireachtas.ie/ie/oireachtas/member/Michael-Noonan.D.1981-06-30/dail/31/minister/finance" showAs="Minister for Finance"/>
</references>
        </meta>
        <preface>
            <block name="title_ga">
                <docTitle>DÍOSPÓIREACHTAÍ PARLAIMINTE</docTitle>
            </block>
            <block name="title_en">
                <docTitle>PARLIAMENTARY DEBATES</docTitle>
            </block>
            <block name="proponent_ga">
                <docProponent>DÁIL ÉIREANN</docProponent>
            </block>
            <block name="status_ga">
                <docStatus>TUAIRISC OIFIGIÚIL</docStatus>
            </block>
            <block name="status_en">
                <docStatus>(OFFICIAL REPORT)</docStatus>
            </block>
            <block name="date_ga">
                <docDate date="2012-07-18">Dé Céadaoin, 18 Iúil 2012</docDate>
            </block>
            <block name="date_en">
                <docDate date="2012-07-18">Wednesday, 18 July 2012</docDate>
            </block>
        </preface>
        <debateBody><debateSection name="writtenAnswer" eId="dbsect_41">
                    <heading>Ministerial Expenditure</heading>
                    <question by="#PatrickODonovan" to="#Minister_for_Finance" eId="pq_65">
                        <p eId="para_365">
        65
        <b> Deputy Patrick O’Donovan</b>
         asked the 
        <b>Minister for Finance</b>
         the amounts spent by previous Ministers and Ministers of State within his Department on subsistence, mobile phone communications and recouped expenses, with indications given to the portion that are both vouched and unvouched for each year from 1 January 2007 to 9 March 2011 inclusive; the extent of such expenditure that was discharged directly by his Department on behalf of the Minister concerned; the extent to which the expenditure was discharged by credit card directly by or on behalf of the Minister involved; and if he will make a statement on the matter. 
        [35503/12]
      </p>
                    </question>
                    <speech by="#MichaelNoonan" as="#Minister_for_Finance">
                        <from>Minister for Finance (Deputy Michael Noonan)</from>
                        <p eId="para_366">In the time available, it has not been possible to provide the information requested by the Deputy.  Every effort is being made to collate the information and I will reply directly to the Deputy when this process is completed.</p>
                    </speech>
                </debateSection>
                </debateBody></debate>
</akomaNtoso>
