<?xml version='1.0' encoding='UTF-8'?>
<akomaNtoso xmlns="http://docs.oasis-open.org/legaldocml/ns/akn/3.0/CSD13" xmlns:xsi="http://www.w3.org/2001/XMLSchema-instance" xsi:schemaLocation="http://docs.oasis-open.org/legaldocml/ns/akn/3.0/CSD13 ./akomantoso30.xsd ">
    <debate name="Official Report">
        <meta>
            <identification source="#source">
                <FRBRWork>
                    <FRBRthis value="/akn/ie/debateRecord/dail/2012-07-18/writtens/dbsect_39"/>
                    <FRBRuri value="/akn/ie/debateRecord/dail/2012-07-18/writtens"/>
                    <FRBRdate date="2012-07-18" name="#generation"/>
                    <FRBRauthor href="http://oireachtas.ie/ie/oireachtas/house/dail"/>
                    <FRBRcountry value="ie"/>
                <FRBRname value="writtens"/></FRBRWork>
                <FRBRExpression>
                    <FRBRthis value="/akn/ie/debateRecord/dail/2012-07-18/writtens/mul@/dbsect_39"/>
                    <FRBRuri value="/akn/ie/debateRecord/dail/2012-07-18/writtens/mul@"/>
                    <FRBRdate date="2012-07-18" name="#reported"/>
                    <FRBRauthor as="#editor" href="http://oireachtas.ie/ie/oireachtas/role/debates"/>
                    <FRBRlanguage language="mul"/>
                </FRBRExpression>
                <FRBRManifestation>
                    <FRBRthis value="/akn/ie/debateRecord/dail/2012-07-18/writtens/mul@/dbsect_39.xml"/>
                    <FRBRuri value="/akn/ie/debateRecord/dail/2012-07-18/writtens/mul@.akn"/>
                    <FRBRdate date="2016-08-17T12:53:12.290656" name="#publication"/>
                    <FRBRauthor as="#editor" href="http://oireachtas.ie/ie/oireachtas/role/debates"/>
                </FRBRManifestation>
            </identification>
            <references source="#debates">
                <TLCOrganization eId="source" href="http://oireachtas.ie" showAs="Houses of the Oireachtas"/><TLCConcept eId="generation" href="http://oireachtas.ie/ie/oireachtas/ontology#Generation" showAs="Generation"/>
<TLCConcept eId="reported" href="http://oireachtas.ie/ie/oireachtas/ontology#Reported" showAs="Reported"/>
<TLCConcept eId="publication" href="http://oireachtas.ie/ie/oireachtas/ontology#Publication" showAs="Publication"/>
<TLCPerson eId="MichaelNoonan" href="http://oireachtas.ie/ie/oireachtas/member/Michael-Noonan.D.1981-06-30/dail/31" showAs="Mr. Michael Noonan"/>
<TLCPerson eId="TommyBroughan" href="http://oireachtas.ie/ie/oireachtas/member/Thomas-P-Broughan.D.1992-12-14/dail/31" showAs="Mr. Tommy Broughan"/>
<TLCRole eId="Minister_for_Finance" href="http://oireachtas.ie/ie/oireachtas/member/Michael-Noonan.D.1981-06-30/dail/31/minister/finance" showAs="Minister for Finance"/>
</references>
        </meta>
        <preface>
            <block name="title_ga">
                <docTitle>DÍOSPÓIREACHTAÍ PARLAIMINTE</docTitle>
            </block>
            <block name="title_en">
                <docTitle>PARLIAMENTARY DEBATES</docTitle>
            </block>
            <block name="proponent_ga">
                <docProponent>DÁIL ÉIREANN</docProponent>
            </block>
            <block name="status_ga">
                <docStatus>TUAIRISC OIFIGIÚIL</docStatus>
            </block>
            <block name="status_en">
                <docStatus>(OFFICIAL REPORT)</docStatus>
            </block>
            <block name="date_ga">
                <docDate date="2012-07-18">Dé Céadaoin, 18 Iúil 2012</docDate>
            </block>
            <block name="date_en">
                <docDate date="2012-07-18">Wednesday, 18 July 2012</docDate>
            </block>
        </preface>
        <debateBody><debateSection name="writtenAnswer" eId="dbsect_39">
                    <heading>Tax Collection</heading>
                    <question by="#TommyBroughan" to="#Minister_for_Finance" eId="pq_63">
                        <p eId="para_358">
        63
        <b> Deputy Thomas P. Broughan</b>
         asked the 
        <b>Minister for Finance</b>
         if he will liaise with the Department of Jobs, Enterprise and Innovation to prevent the loss of VAT income to the State through reclaimed VAT on losses incurred in below cost selling of alcohol products; and if he will make a statement on the matter. 
        [35922/12]
      </p>
                    </question>
                    <speech by="#MichaelNoonan" as="#Minister_for_Finance">
                        <from>Minister for Finance (Deputy Michael Noonan)</from>
                        <p eId="para_359">With regard to the VAT treatment of below cost selling, VAT is a tax on the value added to a supply, and the collection and recovery of VAT takes place at each stage of the chain of supply from manufacturing to retailer.  Under EU and domestic VAT rules traders who are registered for VAT collect VAT on the goods and services that they sell.  In turn such traders are entitled to recover the VAT they incur on their business inputs used in the purchase or production of goods or delivery of services.  Consequently, if there is a decrease in value at any stage in the process the trader is entitled to a refund of the excess of VAT incurred over that collected.  In this case, where a retailer is in a situation of net VAT gain as a result of below cost selling, this is not a loss to the Exchequer or an additional benefit to the retailer, it is merely how VAT is charged.</p>
                    </speech>
                </debateSection>
                </debateBody></debate>
</akomaNtoso>
