<?xml version='1.0' encoding='UTF-8'?>
<akomaNtoso xmlns="http://docs.oasis-open.org/legaldocml/ns/akn/3.0/CSD13" xmlns:xsi="http://www.w3.org/2001/XMLSchema-instance" xsi:schemaLocation="http://docs.oasis-open.org/legaldocml/ns/akn/3.0/CSD13 ./akomantoso30.xsd ">
    <debate name="Official Report">
        <meta>
            <identification source="#source">
                <FRBRWork>
                    <FRBRthis value="/akn/ie/debateRecord/dail/2012-07-18/writtens/dbsect_89"/>
                    <FRBRuri value="/akn/ie/debateRecord/dail/2012-07-18/writtens"/>
                    <FRBRdate date="2012-07-18" name="#generation"/>
                    <FRBRauthor href="http://oireachtas.ie/ie/oireachtas/house/dail"/>
                    <FRBRcountry value="ie"/>
                <FRBRname value="writtens"/></FRBRWork>
                <FRBRExpression>
                    <FRBRthis value="/akn/ie/debateRecord/dail/2012-07-18/writtens/mul@/dbsect_89"/>
                    <FRBRuri value="/akn/ie/debateRecord/dail/2012-07-18/writtens/mul@"/>
                    <FRBRdate date="2012-07-18" name="#reported"/>
                    <FRBRauthor as="#editor" href="http://oireachtas.ie/ie/oireachtas/role/debates"/>
                    <FRBRlanguage language="mul"/>
                </FRBRExpression>
                <FRBRManifestation>
                    <FRBRthis value="/akn/ie/debateRecord/dail/2012-07-18/writtens/mul@/dbsect_89.xml"/>
                    <FRBRuri value="/akn/ie/debateRecord/dail/2012-07-18/writtens/mul@.akn"/>
                    <FRBRdate date="2016-08-17T12:53:12.290656" name="#publication"/>
                    <FRBRauthor as="#editor" href="http://oireachtas.ie/ie/oireachtas/role/debates"/>
                </FRBRManifestation>
            </identification>
            <references source="#debates">
                <TLCOrganization eId="source" href="http://oireachtas.ie" showAs="Houses of the Oireachtas"/><TLCConcept eId="generation" href="http://oireachtas.ie/ie/oireachtas/ontology#Generation" showAs="Generation"/>
<TLCConcept eId="reported" href="http://oireachtas.ie/ie/oireachtas/ontology#Reported" showAs="Reported"/>
<TLCConcept eId="publication" href="http://oireachtas.ie/ie/oireachtas/ontology#Publication" showAs="Publication"/>
<TLCPerson eId="PatrickODonovan" href="http://oireachtas.ie/ie/oireachtas/member/Patrick-O'Donovan.D.2011-03-09/dail/31" showAs="Mr. Patrick O'Donovan"/>
<TLCPerson eId="RichardBruton" href="http://oireachtas.ie/ie/oireachtas/member/Richard-Bruton.S.1981-10-08/dail/31" showAs="Mr. Richard Bruton"/>
<TLCRole eId="Minister_for_Jobs,_Enterprise_and_Innovation" href="http://oireachtas.ie/ie/oireachtas/member/Richard-Bruton.S.1981-10-08/dail/31/minister/jobs__enterprise__innovation" showAs="Minister for Jobs, Enterprise and Innovation"/>
</references>
        </meta>
        <preface>
            <block name="title_ga">
                <docTitle>DÍOSPÓIREACHTAÍ PARLAIMINTE</docTitle>
            </block>
            <block name="title_en">
                <docTitle>PARLIAMENTARY DEBATES</docTitle>
            </block>
            <block name="proponent_ga">
                <docProponent>DÁIL ÉIREANN</docProponent>
            </block>
            <block name="status_ga">
                <docStatus>TUAIRISC OIFIGIÚIL</docStatus>
            </block>
            <block name="status_en">
                <docStatus>(OFFICIAL REPORT)</docStatus>
            </block>
            <block name="date_ga">
                <docDate date="2012-07-18">Dé Céadaoin, 18 Iúil 2012</docDate>
            </block>
            <block name="date_en">
                <docDate date="2012-07-18">Wednesday, 18 July 2012</docDate>
            </block>
        </preface>
        <debateBody><debateSection name="writtenAnswer" eId="dbsect_89">
                    <heading>Ministerial Expenditure</heading>
                    <question by="#PatrickODonovan" to="#Minister_for_Jobs,_Enterprise_and_Innovation" eId="pq_131">
                        <p eId="para_3646">
        131
        <b> Deputy Patrick O’Donovan</b>
         asked the 
        <b>Minister for Jobs, Enterprise and Innovation</b>
         the amounts spent by previous Ministers and Ministers of State within his Department on subsistence, mobile phone communications and recouped expenses, with indications given to the portion that are both vouched and unvouched for each year from 1 January 2007 to 9 March 2011 inclusive; the extent of such expenditure that was discharged directly by his Department on behalf of the Minister concerned; the extent to which the expenditure was discharged by credit card directly by or on behalf of the Minister involved; and if he will make a statement on the matter. 
        [35506/12]
      </p>
                    </question>
                    <speech by="#RichardBruton" as="#Minister_for_Jobs,_Enterprise_and_Innovation">
                        <from>Minister for Jobs, Enterprise and Innovation (Deputy Richard Bruton)</from>
                        <p eId="para_3647">The Deputy has referred to a number of categories of expenditure and I propose to deal with each category individually.  In the time available and due to the way the information is recorded on my Department's Financial Management system, I have presented the information by Minister and will provide the information by year as requested by the Deputy when this becomes available to me.</p>
                        <p eId="para_3648">With regard to subsistence, I am interpreting the Deputy's question as relating to subsistence paid by my Department to Ministers and Ministers of State from the 1 January 2007 up to 9 March 2011; details of subsistence paid in this regard are set out in Table 1 below.</p>
                        <p eId="para_3649">The Deputy is also seeking indications of the portion of the subsistence that are both vouched and unvouched for each year.  Hotel costs and subsistence costs are aggregated on my Department's Financial Management System and it is not feasible, therefore, to identify separately the vouched/unvouched aspects of the subsistence paid since 2007.</p>
                        <p eId="para_3650">The original payment method, whether by cash or credit card, is not captured by my Department's Financial Management System as it is not material to the reimbursement of subsistence expenses incurred and borne in the first place by the individual.</p>
                        <table>
                            <caption>Table 1Total Subsistence Paid to Ministers. January 2007 to 9 March 2011.</caption>
                            <tr>
                                <td/>
                                <td>
                                    <p eId="para_3651">Dates of Office</p>
                                </td>
                                <td>
                                    <p eId="para_3652">Total Subsistence</p>
                                </td>
                            </tr>
                            <tr>
                                <td>
                                    <p eId="para_3653">Minister Michael Ahern</p>
                                </td>
                                <td>
                                    <p eId="para_3654">Jan 2007 to May 2008</p>
                                </td>
                                <td>
                                    <p eId="para_3655">€11,022.00</p>
                                </td>
                            </tr>
                            <tr>
                                <td>
                                    <p eId="para_3656">Minister John McGuinness</p>
                                </td>
                                <td>
                                    <p eId="para_3657">June 2007 to April 2009</p>
                                </td>
                                <td>
                                    <p eId="para_3658">€13420.52</p>
                                </td>
                            </tr>
                            <tr>
                                <td>
                                    <p eId="para_3659">Minister Tony Killeen</p>
                                </td>
                                <td>
                                    <p eId="para_3660">June 2007 to March 2010</p>
                                </td>
                                <td>
                                    <p eId="para_3661">€1,353.42</p>
                                </td>
                            </tr>
                            <tr>
                                <td>
                                    <p eId="para_3662">Minister Micheál Martin</p>
                                </td>
                                <td>
                                    <p eId="para_3663">June 2007 to March 2010</p>
                                </td>
                                <td>
                                    <p eId="para_3664">€6053.27</p>
                                </td>
                            </tr>
                            <tr>
                                <td>
                                    <p eId="para_3665">Minister Billy Kelleher</p>
                                </td>
                                <td>
                                    <p eId="para_3666">June 2007 to March 2011</p>
                                </td>
                                <td>
                                    <p eId="para_3667">€13,666.16</p>
                                </td>
                            </tr>
                            <tr>
                                <td>
                                    <p eId="para_3668">Minister Mary Coughlan</p>
                                </td>
                                <td>
                                    <p eId="para_3669">May 2008 to March 2010</p>
                                </td>
                                <td>
                                    <p eId="para_3670">€6,891.79</p>
                                </td>
                            </tr>
                            <tr>
                                <td>
                                    <p eId="para_3671">Minister Jimmy Devins</p>
                                </td>
                                <td>
                                    <p eId="para_3672">May 2008 to April 2009</p>
                                </td>
                                <td>
                                    <p eId="para_3673">€2,498.66</p>
                                </td>
                            </tr>
                            <tr>
                                <td>
                                    <p eId="para_3674">Minister Dara Calleary</p>
                                </td>
                                <td>
                                    <p eId="para_3675">April 2009 to March 2011</p>
                                </td>
                                <td>
                                    <p eId="para_3676">€2,740.45</p>
                                </td>
                            </tr>
                            <tr>
                                <td>
                                    <p eId="para_3677">Minister Conor Lenihan</p>
                                </td>
                                <td>
                                    <p eId="para_3678">April 2009 to March 2011</p>
                                </td>
                                <td>
                                    <p eId="para_3679">€2,664.27</p>
                                </td>
                            </tr>
                            <tr>
                                <td>
                                    <p eId="para_3680">Minister Batt O’Keeffe</p>
                                </td>
                                <td>
                                    <p eId="para_3681">March 2010 to Jan 2011</p>
                                </td>
                                <td>
                                    <p eId="para_3682">€3,545.63</p>
                                </td>
                            </tr>
                            <tr>
                                <td>
                                    <p eId="para_3683">Total</p>
                                </td>
                                <td/>
                                <td>
                                    <p eId="para_3684">€63,856.17</p>
                                </td>
                            </tr>
                        </table>
                        <p eId="para_3685">With regard to the second element of the Deputy's question relating to mobile phone communications my Department has paid directly to mobile phone providers an amount of €65,762.73 on behalf of the Ministers and Ministers of State.</p>
                        <p eId="para_3686">The Deputy's questions also refers to recouped expenses and I have set out in Table 2 below the amount paid in Ministerial Allowances, by Minister and Minister of State in the period.</p>
                        <table>
                            <caption>Table 2Total Ministerial Allowances Paid to Ministers. January 2007 to March 2011</caption>
                            <tr>
                                <td/>
                                <td>
                                    <p eId="para_3687">Dates of Office</p>
                                </td>
                                <td>
                                    <p eId="para_3688">Total Ministerial Allowance €</p>
                                </td>
                            </tr>
                            <tr>
                                <td>
                                    <p eId="para_3689">Minister Michael Ahern</p>
                                </td>
                                <td>
                                    <p eId="para_3690">Jan 2007 to May 2008</p>
                                </td>
                                <td>
                                    <p eId="para_3691">17,633.92</p>
                                </td>
                            </tr>
                            <tr>
                                <td>
                                    <p eId="para_3692">Minister John McGuinness</p>
                                </td>
                                <td>
                                    <p eId="para_3693">June 2007 to April 2009</p>
                                </td>
                                <td>
                                    <p eId="para_3694">23,022.34</p>
                                </td>
                            </tr>
                            <tr>
                                <td>
                                    <p eId="para_3695">Minister Tony Killeen</p>
                                </td>
                                <td>
                                    <p eId="para_3696">June 2007 to March 2010</p>
                                </td>
                                <td>
                                    <p eId="para_3697">6,558.49</p>
                                </td>
                            </tr>
                            <tr>
                                <td>
                                    <p eId="para_3698">Minister Micheál Martin</p>
                                </td>
                                <td>
                                    <p eId="para_3699">June 2007 to March 2010</p>
                                </td>
                                <td>
                                    <p eId="para_3700">18,974.04</p>
                                </td>
                            </tr>
                            <tr>
                                <td>
                                    <p eId="para_3701">Minister Billy Kelleher</p>
                                </td>
                                <td>
                                    <p eId="para_3702">June 2007 to March 2011</p>
                                </td>
                                <td>
                                    <p eId="para_3703">32,156.32</p>
                                </td>
                            </tr>
                            <tr>
                                <td>
                                    <p eId="para_3704">Minister Mary Coughlan</p>
                                </td>
                                <td>
                                    <p eId="para_3705">May 2008 to March 2010</p>
                                </td>
                                <td>
                                    <p eId="para_3706">23,245.87</p>
                                </td>
                            </tr>
                            <tr>
                                <td>
                                    <p eId="para_3707">Minister Jimmy Devins</p>
                                </td>
                                <td>
                                    <p eId="para_3708">May 2008 to April 2009</p>
                                </td>
                                <td>
                                    <p eId="para_3709">11,473.61</p>
                                </td>
                            </tr>
                            <tr>
                                <td>
                                    <p eId="para_3710">Minister Dara Calleary</p>
                                </td>
                                <td>
                                    <p eId="para_3711">April 2009 to March 2011</p>
                                </td>
                                <td>
                                    <p eId="para_3712">9,763.55</p>
                                </td>
                            </tr>
                            <tr>
                                <td>
                                    <p eId="para_3713">Minister Conor Lenihan</p>
                                </td>
                                <td>
                                    <p eId="para_3714">April 2009 to March 2011</p>
                                </td>
                                <td>
                                    <p eId="para_3715">9,776.32</p>
                                </td>
                            </tr>
                            <tr>
                                <td>
                                    <p eId="para_3716">Total</p>
                                </td>
                                <td/>
                                <td>
                                    <p eId="para_3717">152,604.46</p>
                                </td>
                            </tr>
                        </table>
                        <p eId="para_3718">Further, during the period expenses in the amount of €47,426.02 covering official entertainment and business meetings were incurred in respect of the Offices of Ministers and Ministers of State by my Department.  It not possible to identify from my Department's Financial Management System the amount that directly related to the Ministers as opposed to costs incurred by the Offices of the Ministers.</p>
                    </speech>
                </debateSection>
                </debateBody></debate>
</akomaNtoso>
