<?xml version='1.0' encoding='UTF-8'?>
<akomaNtoso xmlns="http://docs.oasis-open.org/legaldocml/ns/akn/3.0/CSD13" xmlns:xsi="http://www.w3.org/2001/XMLSchema-instance" xsi:schemaLocation="http://docs.oasis-open.org/legaldocml/ns/akn/3.0/CSD13 ./akomantoso30.xsd ">
    <debate name="Official Report">
        <meta>
            <identification source="#source">
                <FRBRWork>
                    <FRBRthis value="/akn/ie/debateRecord/dail/2012-07-18/writtens/dbsect_32"/>
                    <FRBRuri value="/akn/ie/debateRecord/dail/2012-07-18/writtens"/>
                    <FRBRdate date="2012-07-18" name="#generation"/>
                    <FRBRauthor href="http://oireachtas.ie/ie/oireachtas/house/dail"/>
                    <FRBRcountry value="ie"/>
                <FRBRname value="writtens"/></FRBRWork>
                <FRBRExpression>
                    <FRBRthis value="/akn/ie/debateRecord/dail/2012-07-18/writtens/mul@/dbsect_32"/>
                    <FRBRuri value="/akn/ie/debateRecord/dail/2012-07-18/writtens/mul@"/>
                    <FRBRdate date="2012-07-18" name="#reported"/>
                    <FRBRauthor as="#editor" href="http://oireachtas.ie/ie/oireachtas/role/debates"/>
                    <FRBRlanguage language="mul"/>
                </FRBRExpression>
                <FRBRManifestation>
                    <FRBRthis value="/akn/ie/debateRecord/dail/2012-07-18/writtens/mul@/dbsect_32.xml"/>
                    <FRBRuri value="/akn/ie/debateRecord/dail/2012-07-18/writtens/mul@.akn"/>
                    <FRBRdate date="2016-08-17T12:53:12.290656" name="#publication"/>
                    <FRBRauthor as="#editor" href="http://oireachtas.ie/ie/oireachtas/role/debates"/>
                </FRBRManifestation>
            </identification>
            <references source="#debates">
                <TLCOrganization eId="source" href="http://oireachtas.ie" showAs="Houses of the Oireachtas"/><TLCConcept eId="generation" href="http://oireachtas.ie/ie/oireachtas/ontology#Generation" showAs="Generation"/>
<TLCConcept eId="reported" href="http://oireachtas.ie/ie/oireachtas/ontology#Reported" showAs="Reported"/>
<TLCConcept eId="publication" href="http://oireachtas.ie/ie/oireachtas/ontology#Publication" showAs="Publication"/>
<TLCPerson eId="EamonGilmore" href="http://oireachtas.ie/ie/oireachtas/member/Eamon-Gilmore.D.1989-06-29/dail/31" showAs="Mr. Eamon Gilmore"/>
<TLCPerson eId="KevinHumphreys" href="http://oireachtas.ie/ie/oireachtas/member/Kevin-Humphreys.D.2011-03-09/dail/31" showAs="Mr. Kevin Humphreys"/>
<TLCRole eId="Minister_for_Foreign" href="http://oireachtas.ie/ie/oireachtas/minister/foreign" showAs="Minister for Foreign"/>
<TLCRole eId="Tánaiste_and_Minister_for_Foreign_Affairs_and_Trade" href="http://oireachtas.ie/ie/oireachtas/member/Eamon-Gilmore.D.1989-06-29/dail/31/role/tánaiste_and_minister_for_foreign_affairs_and_trade" showAs="Tánaiste and Minister for Foreign Affairs and Trade"/>
</references>
        </meta>
        <preface>
            <block name="title_ga">
                <docTitle>DÍOSPÓIREACHTAÍ PARLAIMINTE</docTitle>
            </block>
            <block name="title_en">
                <docTitle>PARLIAMENTARY DEBATES</docTitle>
            </block>
            <block name="proponent_ga">
                <docProponent>DÁIL ÉIREANN</docProponent>
            </block>
            <block name="status_ga">
                <docStatus>TUAIRISC OIFIGIÚIL</docStatus>
            </block>
            <block name="status_en">
                <docStatus>(OFFICIAL REPORT)</docStatus>
            </block>
            <block name="date_ga">
                <docDate date="2012-07-18">Dé Céadaoin, 18 Iúil 2012</docDate>
            </block>
            <block name="date_en">
                <docDate date="2012-07-18">Wednesday, 18 July 2012</docDate>
            </block>
        </preface>
        <debateBody><debateSection name="writtenAnswer" eId="dbsect_32">
                    <heading>Diplomatic Representation</heading>
                    <question by="#KevinHumphreys" to="#Minister_for_Foreign" eId="pq_55">
                        <p eId="para_303">
        55
        <b> Deputy Kevin Humphreys</b>
         asked the 
        <b>Tánaiste and Minister for Foreign Affairs and Trade</b>
         the discussions that have taken place between him and the Russian Embassy to recover costs totalling €155,166.04 related to the Admiral Kuznetsov incident in February 2009; when contact was last made with the Russian Embassy regarding same; the further efforts that will be made to recover the outstanding moneys; his views on the lack of action on same; and if he will make a statement on the matter. 
        [35713/12]
      </p>
                    </question>
                    <speech by="#EamonGilmore" as="#Tánaiste_and_Minister_for_Foreign_Affairs_and_Trade">
                        <from>Tánaiste and Minister for Foreign Affairs and Trade (Deputy Eamon Gilmore)</from>
                        <p eId="para_304">In 2009, after the Admiral Kuznetsov incident, the issue was discussed with the authorities of the Russian Federation in Dublin and in Moscow.   This issue has been raised with the Russian authorities, including at senior official level earlier this year.  It is our understanding, however, that following a letter from the Admiral Commander in Chief of the Navy of the Russian Federation to the Director of the Irish Coast Guard, outlining the results of an official investigation carried out and assurances that such an incident could not happen again, the matter is considered closed by the Russian authorities.</p>
                        <p eId="para_305">The Deputy will wish to be aware that the International Conventions UNCLOS and MARPOL, which inform the Sea Pollution Act 1991, covers these types of circumstances and specifically state that their provisions do not apply to warships. In the case of the Admiral Kuznetsov, as a naval vessel, the usual rules on pollution, as pertaining to commercial vessels, do not apply.</p>
                    </speech><!--Fix-->
                </debateSection></debateBody></debate>
</akomaNtoso>
