<?xml version='1.0' encoding='UTF-8'?>
<akomaNtoso xmlns="http://docs.oasis-open.org/legaldocml/ns/akn/3.0/CSD13" xmlns:xsi="http://www.w3.org/2001/XMLSchema-instance" xsi:schemaLocation="http://docs.oasis-open.org/legaldocml/ns/akn/3.0/CSD13 ./akomantoso30.xsd ">
    <debate name="Official Report">
        <meta>
            <identification source="#source">
                <FRBRWork>
                    <FRBRthis value="/akn/ie/debateRecord/dail/2012-07-18/writtens/dbsect_30"/>
                    <FRBRuri value="/akn/ie/debateRecord/dail/2012-07-18/writtens"/>
                    <FRBRdate date="2012-07-18" name="#generation"/>
                    <FRBRauthor href="http://oireachtas.ie/ie/oireachtas/house/dail"/>
                    <FRBRcountry value="ie"/>
                <FRBRname value="writtens"/></FRBRWork>
                <FRBRExpression>
                    <FRBRthis value="/akn/ie/debateRecord/dail/2012-07-18/writtens/mul@/dbsect_30"/>
                    <FRBRuri value="/akn/ie/debateRecord/dail/2012-07-18/writtens/mul@"/>
                    <FRBRdate date="2012-07-18" name="#reported"/>
                    <FRBRauthor as="#editor" href="http://oireachtas.ie/ie/oireachtas/role/debates"/>
                    <FRBRlanguage language="mul"/>
                </FRBRExpression>
                <FRBRManifestation>
                    <FRBRthis value="/akn/ie/debateRecord/dail/2012-07-18/writtens/mul@/dbsect_30.xml"/>
                    <FRBRuri value="/akn/ie/debateRecord/dail/2012-07-18/writtens/mul@.akn"/>
                    <FRBRdate date="2016-08-17T12:53:12.290656" name="#publication"/>
                    <FRBRauthor as="#editor" href="http://oireachtas.ie/ie/oireachtas/role/debates"/>
                </FRBRManifestation>
            </identification>
            <references source="#debates">
                <TLCOrganization eId="source" href="http://oireachtas.ie" showAs="Houses of the Oireachtas"/><TLCConcept eId="generation" href="http://oireachtas.ie/ie/oireachtas/ontology#Generation" showAs="Generation"/>
<TLCConcept eId="reported" href="http://oireachtas.ie/ie/oireachtas/ontology#Reported" showAs="Reported"/>
<TLCConcept eId="publication" href="http://oireachtas.ie/ie/oireachtas/ontology#Publication" showAs="Publication"/>
<TLCPerson eId="BrianStanley" href="http://oireachtas.ie/ie/oireachtas/member/Brian-Stanley.D.2011-03-09/dail/31" showAs="Mr. Brian Stanley"/>
<TLCPerson eId="EamonGilmore" href="http://oireachtas.ie/ie/oireachtas/member/Eamon-Gilmore.D.1989-06-29/dail/31" showAs="Mr. Eamon Gilmore"/>
<TLCRole eId="Minister_for_Foreign" href="http://oireachtas.ie/ie/oireachtas/minister/foreign" showAs="Minister for Foreign"/>
<TLCRole eId="Tánaiste_and_Minister_for_Foreign_Affairs_and_Trade" href="http://oireachtas.ie/ie/oireachtas/member/Eamon-Gilmore.D.1989-06-29/dail/31/role/tánaiste_and_minister_for_foreign_affairs_and_trade" showAs="Tánaiste and Minister for Foreign Affairs and Trade"/>
</references>
        </meta>
        <preface>
            <block name="title_ga">
                <docTitle>DÍOSPÓIREACHTAÍ PARLAIMINTE</docTitle>
            </block>
            <block name="title_en">
                <docTitle>PARLIAMENTARY DEBATES</docTitle>
            </block>
            <block name="proponent_ga">
                <docProponent>DÁIL ÉIREANN</docProponent>
            </block>
            <block name="status_ga">
                <docStatus>TUAIRISC OIFIGIÚIL</docStatus>
            </block>
            <block name="status_en">
                <docStatus>(OFFICIAL REPORT)</docStatus>
            </block>
            <block name="date_ga">
                <docDate date="2012-07-18">Dé Céadaoin, 18 Iúil 2012</docDate>
            </block>
            <block name="date_en">
                <docDate date="2012-07-18">Wednesday, 18 July 2012</docDate>
            </block>
        </preface>
        <debateBody><debateSection name="writtenAnswer" eId="dbsect_30">
                    <heading>Departmental Expenditure</heading>
                    <question by="#BrianStanley" to="#Minister_for_Foreign" eId="pq_53">
                        <p eId="para_268">
        53
        <b> Deputy Brian Stanley</b>
         asked the 
        <b>Tánaiste and Minister for Foreign Affairs and Trade</b>
         if he will provide a breakdown of the total annual spend, including all grants, by his Department on all structures of local Government here for 2011, and also for June 2011 to June 2012. 
        [35684/12]
      </p>
                    </question>
                    <speech by="#EamonGilmore" as="#Tánaiste_and_Minister_for_Foreign_Affairs_and_Trade">
                        <from>Tánaiste and Minister for Foreign Affairs and Trade (Deputy Eamon Gilmore)</from>
                        <p eId="para_269">Details of funding provided by my Department to local authorities are set out in the table below.</p>
                        <table>
                            <tr>
                                <td/>
                                <td>
                                    <p eId="para_270">Date</p>
                                </td>
                                <td>
                                    <p eId="para_271">Amount</p>
                                </td>
                                <td>
                                    <p eId="para_272">Purpose of Grant</p>
                                </td>
                            </tr>
                            <tr>
                                <td>
                                    <p eId="para_273">Limerick City Council</p>
                                </td>
                                <td>
                                    <p eId="para_274">May 2011</p>
                                </td>
                                <td>
                                    <p eId="para_275">€14,432</p>
                                </td>
                                <td>
                                    <p eId="para_276">Africa Day</p>
                                </td>
                            </tr>
                            <tr>
                                <td>
                                    <p eId="para_277">Limerick City Council</p>
                                </td>
                                <td>
                                    <p eId="para_278">May 2012</p>
                                </td>
                                <td>
                                    <p eId="para_279">€9,625</p>
                                </td>
                                <td>
                                    <p eId="para_280">Africa Day</p>
                                </td>
                            </tr>
                            <tr>
                                <td>
                                    <p eId="para_281">Cork City Council</p>
                                </td>
                                <td>
                                    <p eId="para_282">May 2012</p>
                                </td>
                                <td>
                                    <p eId="para_283">€9,200</p>
                                </td>
                                <td>
                                    <p eId="para_284">Africa Day</p>
                                </td>
                            </tr>
                            <tr>
                                <td>
                                    <p eId="para_285">Galway City Council</p>
                                </td>
                                <td>
                                    <p eId="para_286">May 2012</p>
                                </td>
                                <td>
                                    <p eId="para_287">€10,000</p>
                                </td>
                                <td>
                                    <p eId="para_288">Africa Day</p>
                                </td>
                            </tr>
                            <tr>
                                <td>
                                    <p eId="para_289">Monaghan County Council</p>
                                </td>
                                <td>
                                    <p eId="para_290">June 2012</p>
                                </td>
                                <td>
                                    <p eId="para_291">€5,500</p>
                                </td>
                                <td>
                                    <p eId="para_292">Exhibition panels and public lecture on Ulster Covenant centenary</p>
                                </td>
                            </tr>
                            <tr>
                                <td>
                                    <p eId="para_293">Cavan County Council</p>
                                </td>
                                <td>
                                    <p eId="para_294">June 2012</p>
                                </td>
                                <td>
                                    <p eId="para_295">€14,750</p>
                                </td>
                                <td>
                                    <p eId="para_296">Exhibition, public lectures and education programme on Ulster Covenant centenary</p>
                                </td>
                            </tr>
                        </table>
                        <p eId="para_297">Africa Day is an initiative of the African Union, which celebrates African diversity and success and the cultural and economic potential of the continent.  In Ireland, events to celebrate Africa Day are supported by Irish Aid, the Government's programme for overseas development.</p>
                        <p eId="para_298">Funding for events associated with the centenary of the Ulster Covenant was drawn from the Reconciliation and Anti-Sectarianism Funds.</p>
                    </speech>
                </debateSection>
                </debateBody></debate>
</akomaNtoso>
