<?xml version='1.0' encoding='UTF-8'?>
<akomaNtoso xmlns="http://docs.oasis-open.org/legaldocml/ns/akn/3.0/CSD13" xmlns:xsi="http://www.w3.org/2001/XMLSchema-instance" xsi:schemaLocation="http://docs.oasis-open.org/legaldocml/ns/akn/3.0/CSD13 ./akomantoso30.xsd ">
    <debate name="Official Report">
        <meta>
            <identification source="#source">
                <FRBRWork>
                    <FRBRthis value="/akn/ie/debateRecord/dail/2012-07-18/writtens/dbsect_154"/>
                    <FRBRuri value="/akn/ie/debateRecord/dail/2012-07-18/writtens"/>
                    <FRBRdate date="2012-07-18" name="#generation"/>
                    <FRBRauthor href="http://oireachtas.ie/ie/oireachtas/house/dail"/>
                    <FRBRcountry value="ie"/>
                <FRBRname value="writtens"/></FRBRWork>
                <FRBRExpression>
                    <FRBRthis value="/akn/ie/debateRecord/dail/2012-07-18/writtens/mul@/dbsect_154"/>
                    <FRBRuri value="/akn/ie/debateRecord/dail/2012-07-18/writtens/mul@"/>
                    <FRBRdate date="2012-07-18" name="#reported"/>
                    <FRBRauthor as="#editor" href="http://oireachtas.ie/ie/oireachtas/role/debates"/>
                    <FRBRlanguage language="mul"/>
                </FRBRExpression>
                <FRBRManifestation>
                    <FRBRthis value="/akn/ie/debateRecord/dail/2012-07-18/writtens/mul@/dbsect_154.xml"/>
                    <FRBRuri value="/akn/ie/debateRecord/dail/2012-07-18/writtens/mul@.akn"/>
                    <FRBRdate date="2016-08-17T12:53:12.290656" name="#publication"/>
                    <FRBRauthor as="#editor" href="http://oireachtas.ie/ie/oireachtas/role/debates"/>
                </FRBRManifestation>
            </identification>
            <references source="#debates">
                <TLCOrganization eId="source" href="http://oireachtas.ie" showAs="Houses of the Oireachtas"/><TLCConcept eId="generation" href="http://oireachtas.ie/ie/oireachtas/ontology#Generation" showAs="Generation"/>
<TLCConcept eId="reported" href="http://oireachtas.ie/ie/oireachtas/ontology#Reported" showAs="Reported"/>
<TLCConcept eId="publication" href="http://oireachtas.ie/ie/oireachtas/ontology#Publication" showAs="Publication"/>
<TLCPerson eId="MattieMcGrath" href="http://oireachtas.ie/ie/oireachtas/member/Mattie-McGrath.D.2007-06-14/dail/31" showAs="Mr. Mattie McGrath"/>
<TLCPerson eId="PatRabbitte" href="http://oireachtas.ie/ie/oireachtas/member/Pat-Rabbitte.D.1989-06-29/dail/31" showAs="Mr. Pat Rabbitte"/>
<TLCRole eId="Minister_for_Communications,_Energy_and_Natural_Resources" href="http://oireachtas.ie/ie/oireachtas/member/Pat-Rabbitte.D.1989-06-29/dail/31/minister/communications__energy__natural_resources" showAs="Minister for Communications, Energy and Natural Resources"/>
</references>
        </meta>
        <preface>
            <block name="title_ga">
                <docTitle>DÍOSPÓIREACHTAÍ PARLAIMINTE</docTitle>
            </block>
            <block name="title_en">
                <docTitle>PARLIAMENTARY DEBATES</docTitle>
            </block>
            <block name="proponent_ga">
                <docProponent>DÁIL ÉIREANN</docProponent>
            </block>
            <block name="status_ga">
                <docStatus>TUAIRISC OIFIGIÚIL</docStatus>
            </block>
            <block name="status_en">
                <docStatus>(OFFICIAL REPORT)</docStatus>
            </block>
            <block name="date_ga">
                <docDate date="2012-07-18">Dé Céadaoin, 18 Iúil 2012</docDate>
            </block>
            <block name="date_en">
                <docDate date="2012-07-18">Wednesday, 18 July 2012</docDate>
            </block>
        </preface>
        <debateBody><debateSection name="writtenAnswer" eId="dbsect_154">
                    <heading>Bord Gáis</heading>
                    <question by="#MattieMcGrath" to="#Minister_for_Communications,_Energy_and_Natural_Resources" eId="pq_210">
                        <p eId="para_4168">
        210
        <b> Deputy Mattie McGrath</b>
         asked the 
        <b>Minister for Communications, Energy and Natural Resources</b>
         if he will confirm that Bord Gáis are compliant with the Late Payments in Commercial Transactions Regulations 2002; and if he will make a statement on the matter. 
        [35524/12]
      </p>
                    </question>
                    <speech by="#PatRabbitte" as="#Minister_for_Communications,_Energy_and_Natural_Resources">
                        <from>Minister for Communications, Energy and Natural Resources (Deputy Pat Rabbitte)</from>
                        <p eId="para_4169">The matter raised by the Deputy is an operational matter for Bord Gáis Éireann (BGÉ) and one in which I have no statutory function.</p>
                        <p eId="para_4170">BGÉ has advised that all the relevant legal and contractual provisions with respect to the Late Payments in Commercial Transactions Regulations 2002 are being complied with by the company.</p>
                    </speech>
                </debateSection>
                </debateBody></debate>
</akomaNtoso>
