<?xml version='1.0' encoding='UTF-8'?>
<akomaNtoso xmlns="http://docs.oasis-open.org/legaldocml/ns/akn/3.0/CSD13" xmlns:xsi="http://www.w3.org/2001/XMLSchema-instance" xsi:schemaLocation="http://docs.oasis-open.org/legaldocml/ns/akn/3.0/CSD13 ./akomantoso30.xsd ">
    <debate name="Official Report">
        <meta>
            <identification source="#source">
                <FRBRWork>
                    <FRBRthis value="/akn/ie/debateRecord/dail/2012-07-18/writtens/dbsect_70"/>
                    <FRBRuri value="/akn/ie/debateRecord/dail/2012-07-18/writtens"/>
                    <FRBRdate date="2012-07-18" name="#generation"/>
                    <FRBRauthor href="http://oireachtas.ie/ie/oireachtas/house/dail"/>
                    <FRBRcountry value="ie"/>
                <FRBRname value="writtens"/></FRBRWork>
                <FRBRExpression>
                    <FRBRthis value="/akn/ie/debateRecord/dail/2012-07-18/writtens/mul@/dbsect_70"/>
                    <FRBRuri value="/akn/ie/debateRecord/dail/2012-07-18/writtens/mul@"/>
                    <FRBRdate date="2012-07-18" name="#reported"/>
                    <FRBRauthor as="#editor" href="http://oireachtas.ie/ie/oireachtas/role/debates"/>
                    <FRBRlanguage language="mul"/>
                </FRBRExpression>
                <FRBRManifestation>
                    <FRBRthis value="/akn/ie/debateRecord/dail/2012-07-18/writtens/mul@/dbsect_70.xml"/>
                    <FRBRuri value="/akn/ie/debateRecord/dail/2012-07-18/writtens/mul@.akn"/>
                    <FRBRdate date="2016-08-17T12:53:12.290656" name="#publication"/>
                    <FRBRauthor as="#editor" href="http://oireachtas.ie/ie/oireachtas/role/debates"/>
                </FRBRManifestation>
            </identification>
            <references source="#debates">
                <TLCOrganization eId="source" href="http://oireachtas.ie" showAs="Houses of the Oireachtas"/><TLCConcept eId="generation" href="http://oireachtas.ie/ie/oireachtas/ontology#Generation" showAs="Generation"/>
<TLCConcept eId="reported" href="http://oireachtas.ie/ie/oireachtas/ontology#Reported" showAs="Reported"/>
<TLCConcept eId="publication" href="http://oireachtas.ie/ie/oireachtas/ontology#Publication" showAs="Publication"/>
<TLCPerson eId="BrendanSmith" href="http://oireachtas.ie/ie/oireachtas/member/Brendan-Smith.D.1992-12-14/dail/31" showAs="Mr. Brendan Smith"/>
<TLCPerson eId="RuairiQuinn" href="http://oireachtas.ie/ie/oireachtas/member/Ruairí-Quinn.S.1976-07-01/dail/31" showAs="Mr. Ruairí Quinn"/>
<TLCRole eId="Minister_for_Education_and_Skills" href="http://oireachtas.ie/ie/oireachtas/member/Ruairí-Quinn.S.1976-07-01/dail/31/minister/education__skills" showAs="Minister for Education and Skills"/>
</references>
        </meta>
        <preface>
            <block name="title_ga">
                <docTitle>DÍOSPÓIREACHTAÍ PARLAIMINTE</docTitle>
            </block>
            <block name="title_en">
                <docTitle>PARLIAMENTARY DEBATES</docTitle>
            </block>
            <block name="proponent_ga">
                <docProponent>DÁIL ÉIREANN</docProponent>
            </block>
            <block name="status_ga">
                <docStatus>TUAIRISC OIFIGIÚIL</docStatus>
            </block>
            <block name="status_en">
                <docStatus>(OFFICIAL REPORT)</docStatus>
            </block>
            <block name="date_ga">
                <docDate date="2012-07-18">Dé Céadaoin, 18 Iúil 2012</docDate>
            </block>
            <block name="date_en">
                <docDate date="2012-07-18">Wednesday, 18 July 2012</docDate>
            </block>
        </preface>
        <debateBody><debateSection name="writtenAnswer" eId="dbsect_70">
                    <heading>Child Protection</heading>
                    <question by="#BrendanSmith" to="#Minister_for_Education_and_Skills" eId="pq_108">
                        <p eId="para_2015">
        108
        <b> Deputy Brendan Smith</b>
         asked the 
        <b>Minister for Education and Skills</b>
         his liaisons with the Department of Children and Youth Affairs regarding putting the Children’s First guidelines on a statutory basis; if this will impact on single teacher schools; if he will put extra staffing resources into such schools when legislation on the guidelines is enacted; and if he will make a statement on the matter. 
        [35764/12]
      </p>
                    </question>
                    <speech by="#RuairiQuinn" as="#Minister_for_Education_and_Skills">
                        <from>Minister for Education and Skills (Deputy Ruairí Quinn)</from>
                        <p eId="para_2016">As the Deputy will be aware, the Minister for Children and Youth Affairs published the Heads of the Children First Bill on the 24th April last.  I fully support this Bill, the purpose of which is to put Children First: National Guidance for the Protection and Welfare of Children on a statutory basis.</p>
                        <p eId="para_2017">Last autumn, my Department published updated Child Protection Procedures for Primary and Post Primary Schools based on the updated Children First 2011.  These along with the Department's vetting requirements already address, on a non-statutory basis, the requirements and obligations arising from Children First 2011 and they apply to all primary and post-primary schools, irrespective of size.</p>
                        <p eId="para_2018">As the Deputy will also be aware, following its publication, the Heads of Bill was sent to the Oireachtas Committee on Health and Children for consultation with key stakeholders to take place before the Bill is finalised.  My Department is also liaising on an ongoing basis with the Department of Children and Youth Affairs in relation to the how the proposed legislation will impact on the schools system and to ensure, as far as possible, that its implementation at school level will complement the updated child protection procedures in place within the education sector.</p>
                    </speech>
                </debateSection>
                </debateBody></debate>
</akomaNtoso>
