<?xml version='1.0' encoding='UTF-8'?>
<akomaNtoso xmlns="http://docs.oasis-open.org/legaldocml/ns/akn/3.0/CSD13" xmlns:xsi="http://www.w3.org/2001/XMLSchema-instance" xsi:schemaLocation="http://docs.oasis-open.org/legaldocml/ns/akn/3.0/CSD13 ./akomantoso30.xsd ">
    <debate name="Official Report">
        <meta>
            <identification source="#source">
                <FRBRWork>
                    <FRBRthis value="/akn/ie/debateRecord/dail/2012-07-18/writtens/dbsect_35"/>
                    <FRBRuri value="/akn/ie/debateRecord/dail/2012-07-18/writtens"/>
                    <FRBRdate date="2012-07-18" name="#generation"/>
                    <FRBRauthor href="http://oireachtas.ie/ie/oireachtas/house/dail"/>
                    <FRBRcountry value="ie"/>
                <FRBRname value="writtens"/></FRBRWork>
                <FRBRExpression>
                    <FRBRthis value="/akn/ie/debateRecord/dail/2012-07-18/writtens/mul@/dbsect_35"/>
                    <FRBRuri value="/akn/ie/debateRecord/dail/2012-07-18/writtens/mul@"/>
                    <FRBRdate date="2012-07-18" name="#reported"/>
                    <FRBRauthor as="#editor" href="http://oireachtas.ie/ie/oireachtas/role/debates"/>
                    <FRBRlanguage language="mul"/>
                </FRBRExpression>
                <FRBRManifestation>
                    <FRBRthis value="/akn/ie/debateRecord/dail/2012-07-18/writtens/mul@/dbsect_35.xml"/>
                    <FRBRuri value="/akn/ie/debateRecord/dail/2012-07-18/writtens/mul@.akn"/>
                    <FRBRdate date="2016-08-17T12:53:12.290656" name="#publication"/>
                    <FRBRauthor as="#editor" href="http://oireachtas.ie/ie/oireachtas/role/debates"/>
                </FRBRManifestation>
            </identification>
            <references source="#debates">
                <TLCOrganization eId="source" href="http://oireachtas.ie" showAs="Houses of the Oireachtas"/><TLCConcept eId="generation" href="http://oireachtas.ie/ie/oireachtas/ontology#Generation" showAs="Generation"/>
<TLCConcept eId="reported" href="http://oireachtas.ie/ie/oireachtas/ontology#Reported" showAs="Reported"/>
<TLCConcept eId="publication" href="http://oireachtas.ie/ie/oireachtas/ontology#Publication" showAs="Publication"/>
<TLCPerson eId="EamonGilmore" href="http://oireachtas.ie/ie/oireachtas/member/Eamon-Gilmore.D.1989-06-29/dail/31" showAs="Mr. Eamon Gilmore"/>
<TLCPerson eId="MaureenOSullivan" href="http://oireachtas.ie/ie/oireachtas/member/Maureen-O'Sullivan.D.2009-06-05/dail/31" showAs="Ms. Maureen O'Sullivan"/>
<TLCRole eId="Minister_for_Foreign" href="http://oireachtas.ie/ie/oireachtas/minister/foreign" showAs="Minister for Foreign"/>
<TLCRole eId="Tánaiste_and_Minister_for_Foreign_Affairs_and_Trade" href="http://oireachtas.ie/ie/oireachtas/member/Eamon-Gilmore.D.1989-06-29/dail/31/role/tánaiste_and_minister_for_foreign_affairs_and_trade" showAs="Tánaiste and Minister for Foreign Affairs and Trade"/>
</references>
        </meta>
        <preface>
            <block name="title_ga">
                <docTitle>DÍOSPÓIREACHTAÍ PARLAIMINTE</docTitle>
            </block>
            <block name="title_en">
                <docTitle>PARLIAMENTARY DEBATES</docTitle>
            </block>
            <block name="proponent_ga">
                <docProponent>DÁIL ÉIREANN</docProponent>
            </block>
            <block name="status_ga">
                <docStatus>TUAIRISC OIFIGIÚIL</docStatus>
            </block>
            <block name="status_en">
                <docStatus>(OFFICIAL REPORT)</docStatus>
            </block>
            <block name="date_ga">
                <docDate date="2012-07-18">Dé Céadaoin, 18 Iúil 2012</docDate>
            </block>
            <block name="date_en">
                <docDate date="2012-07-18">Wednesday, 18 July 2012</docDate>
            </block>
        </preface>
        <debateBody><debateSection name="writtenAnswer" eId="dbsect_35">
                    <heading>Northern Ireland Issues</heading>
                    <question by="#MaureenOSullivan" to="#Minister_for_Foreign" eId="pq_58">
                        <p eId="para_316">
        58
        <b> Deputy Maureen O’Sullivan</b>
         asked the 
        <b>Tánaiste and Minister for Foreign Affairs and Trade</b>
         further to Parliamentary Question No. 102 on 22 May, if he has had any further contact with officials in Northern Ireland, the Secretary of State, the Minister for Justice and the prison authorities, in relation to the human rights issues of prisoners being held in prison in Northern Ireland, particularly Maghaberry Prison and the case of the prisoner who had been moved to Hydebank Prison; and if he will make a statement on the matter. 
        [35852/12]
      </p>
                    </question>
                    <speech by="#EamonGilmore" as="#Tánaiste_and_Minister_for_Foreign_Affairs_and_Trade">
                        <from>Tánaiste and Minister for Foreign Affairs and Trade (Deputy Eamon Gilmore)</from>
                        <p eId="para_317">I have discussed this case with the Secretary of State on a number of occasions, most recently last week when we reviewed a number of issues. I have been assured that the process which has led to the prisoner's detention fully adhered to the law and that advice was sought from an independent body to verify that this action was pursued in a correct manner. The NIO has confirmed that a Royal Prerogative of Mercy was given to the prisoner on 30 April 1980 but that this pardon was only granted in respect of a sentence of twenty years for conspiracy to cause an explosion and was not granted in relation to the sentence of two terms of life imprisonment related to the Old Bailey bombing. On 22 February this contention was upheld by the Parole Commission which ruled that the prisoner is subject to life license in respect to the two life sentences.   I understand that the prisoner's legal representatives are currently exploring the further legal avenues available to the prisoner to appeal this decision.</p>
                        <p eId="para_318">I have also raised concerns surrounding the health of the prisoner with the relevant authorities.  The prisoner has been moved to the medical wing of Hydebank Prison and more recently to hospital for medical treatment. My officials are in regular contact with the authorities in Northern Ireland, relevant MLAs, human rights NGOs and others closely following this case. I will continue to raise my concern as appropriate with the relevant authorities.</p>
                    </speech>
                </debateSection>
                </debateBody></debate>
</akomaNtoso>
