<?xml version='1.0' encoding='UTF-8'?>
<akomaNtoso xmlns="http://docs.oasis-open.org/legaldocml/ns/akn/3.0/CSD13" xmlns:xsi="http://www.w3.org/2001/XMLSchema-instance" xsi:schemaLocation="http://docs.oasis-open.org/legaldocml/ns/akn/3.0/CSD13 ./akomantoso30.xsd ">
    <debate name="Official Report">
        <meta>
            <identification source="#source">
                <FRBRWork>
                    <FRBRthis value="/akn/ie/debateRecord/dail/2012-07-18/writtens/dbsect_144"/>
                    <FRBRuri value="/akn/ie/debateRecord/dail/2012-07-18/writtens"/>
                    <FRBRdate date="2012-07-18" name="#generation"/>
                    <FRBRauthor href="http://oireachtas.ie/ie/oireachtas/house/dail"/>
                    <FRBRcountry value="ie"/>
                <FRBRname value="writtens"/></FRBRWork>
                <FRBRExpression>
                    <FRBRthis value="/akn/ie/debateRecord/dail/2012-07-18/writtens/mul@/dbsect_144"/>
                    <FRBRuri value="/akn/ie/debateRecord/dail/2012-07-18/writtens/mul@"/>
                    <FRBRdate date="2012-07-18" name="#reported"/>
                    <FRBRauthor as="#editor" href="http://oireachtas.ie/ie/oireachtas/role/debates"/>
                    <FRBRlanguage language="mul"/>
                </FRBRExpression>
                <FRBRManifestation>
                    <FRBRthis value="/akn/ie/debateRecord/dail/2012-07-18/writtens/mul@/dbsect_144.xml"/>
                    <FRBRuri value="/akn/ie/debateRecord/dail/2012-07-18/writtens/mul@.akn"/>
                    <FRBRdate date="2016-08-17T12:53:12.290656" name="#publication"/>
                    <FRBRauthor as="#editor" href="http://oireachtas.ie/ie/oireachtas/role/debates"/>
                </FRBRManifestation>
            </identification>
            <references source="#debates">
                <TLCOrganization eId="source" href="http://oireachtas.ie" showAs="Houses of the Oireachtas"/><TLCConcept eId="generation" href="http://oireachtas.ie/ie/oireachtas/ontology#Generation" showAs="Generation"/>
<TLCConcept eId="reported" href="http://oireachtas.ie/ie/oireachtas/ontology#Reported" showAs="Reported"/>
<TLCConcept eId="publication" href="http://oireachtas.ie/ie/oireachtas/ontology#Publication" showAs="Publication"/>
<TLCPerson eId="BrianStanley" href="http://oireachtas.ie/ie/oireachtas/member/Brian-Stanley.D.2011-03-09/dail/31" showAs="Mr. Brian Stanley"/>
<TLCPerson eId="JimmyDeenihan" href="http://oireachtas.ie/ie/oireachtas/member/Jimmy-Deenihan.S.1983-02-23/dail/31" showAs="Mr. Jimmy Deenihan"/>
<TLCRole eId="Minister_for_Arts,_Heritage_and_the_Gaeltacht" href="http://oireachtas.ie/ie/oireachtas/member/Jimmy-Deenihan.S.1983-02-23/dail/31/minister/arts__heritage__gaeltacht" showAs="Minister for Arts, Heritage and the Gaeltacht"/>
</references>
        </meta>
        <preface>
            <block name="title_ga">
                <docTitle>DÍOSPÓIREACHTAÍ PARLAIMINTE</docTitle>
            </block>
            <block name="title_en">
                <docTitle>PARLIAMENTARY DEBATES</docTitle>
            </block>
            <block name="proponent_ga">
                <docProponent>DÁIL ÉIREANN</docProponent>
            </block>
            <block name="status_ga">
                <docStatus>TUAIRISC OIFIGIÚIL</docStatus>
            </block>
            <block name="status_en">
                <docStatus>(OFFICIAL REPORT)</docStatus>
            </block>
            <block name="date_ga">
                <docDate date="2012-07-18">Dé Céadaoin, 18 Iúil 2012</docDate>
            </block>
            <block name="date_en">
                <docDate date="2012-07-18">Wednesday, 18 July 2012</docDate>
            </block>
        </preface>
        <debateBody><debateSection name="writtenAnswer" eId="dbsect_144">
                    <heading>Departmental Expenditure</heading>
                    <question by="#BrianStanley" to="#Minister_for_Arts,_Heritage_and_the_Gaeltacht" eId="pq_192">
                        <p eId="para_4038">
        192
        <b> Deputy Brian Stanley</b>
         asked the 
        <b>Minister for Arts, Heritage and the Gaeltacht</b>
         if he will provide a breakdown of the total annual spend, including all grants, by his Department on all structures of local government here for 2011, and also for June 2011 to June 2012. 
        [35677/12]
      </p>
                    </question>
                    <speech by="#JimmyDeenihan" as="#Minister_for_Arts,_Heritage_and_the_Gaeltacht">
                        <from>Minister for Arts, Heritage and the Gaeltacht (Deputy Jimmy Deenihan)</from>
                        <p eId="para_4039">As the Deputy is aware, my Department administers and delivers a wide range of programmes and measures, descriptions of which are available on its website,<i>www.ahg.gov.ie.  </i>My Department’s gross allocation for this range of programme and measures in 2012 is €268.451 million.  The following table provides a breakdown of the 2012 allocation of funding in each of my Department’s programme areas: </p>
                        <table>
                            <tr>
                                <td>
                                    <p eId="para_4040">Programme Area</p>
                                </td>
                                <td>
                                    <p eId="para_4041">2011 provisional out-turn</p>
                                </td>
                                <td>
                                    <p eId="para_4042">REV Allocation 2012</p>
                                </td>
                            </tr>
                            <tr>
                                <td>
                                    <p eId="para_4043">Arts, Culture and Film</p>
                                </td>
                                <td>
                                    <p eId="para_4044">€147.224 million</p>
                                </td>
                                <td>
                                    <p eId="para_4045">€132.379 million</p>
                                </td>
                            </tr>
                            <tr>
                                <td>
                                    <p eId="para_4046">Heritage</p>
                                </td>
                                <td>
                                    <p eId="para_4047">€50.351 million</p>
                                </td>
                                <td>
                                    <p eId="para_4048">€48.545 million</p>
                                </td>
                            </tr>
                            <tr>
                                <td>
                                    <p eId="para_4049">Irish Language, Gaeltacht and Islands</p>
                                </td>
                                <td>
                                    <p eId="para_4050">€50.507 million</p>
                                </td>
                                <td>
                                    <p eId="para_4051">€44.780 million</p>
                                </td>
                            </tr>
                            <tr>
                                <td>
                                    <p eId="para_4052">North-South Co-Operation</p>
                                </td>
                                <td>
                                    <p eId="para_4053">€46.385 million</p>
                                </td>
                                <td>
                                    <p eId="para_4054">€42.747 million</p>
                                </td>
                            </tr>
                            <tr>
                                <td>
                                    <p eId="para_4055">Total</p>
                                </td>
                                <td>
                                    <p eId="para_4056">€294.467 million</p>
                                </td>
                                <td>
                                    <p eId="para_4057">€268.451 million</p>
                                </td>
                            </tr>
                        </table>
                        <p eId="para_4058">In view of the wide range of my Department's schemes and programmes, and the very large volumes of payments and grants thereunder on an ongoing basis, I am not satisfied that the work involved in compiling and collating the breakdown of expenditure sought by the Deputy would be feasible or justified.  However, if the Deputy has specific queries relating to a particular programme or grant, I would be glad to seek to provide him with relevant information in that regard.</p>
                    </speech>
                </debateSection>
                </debateBody></debate>
</akomaNtoso>
