<?xml version='1.0' encoding='UTF-8'?>
<akomaNtoso xmlns="http://docs.oasis-open.org/legaldocml/ns/akn/3.0/CSD13" xmlns:xsi="http://www.w3.org/2001/XMLSchema-instance" xsi:schemaLocation="http://docs.oasis-open.org/legaldocml/ns/akn/3.0/CSD13 ./akomantoso30.xsd ">
    <debate name="Official Report">
        <meta>
            <identification source="#source">
                <FRBRWork>
                    <FRBRthis value="/akn/ie/debateRecord/dail/2012-07-18/writtens/dbsect_90"/>
                    <FRBRuri value="/akn/ie/debateRecord/dail/2012-07-18/writtens"/>
                    <FRBRdate date="2012-07-18" name="#generation"/>
                    <FRBRauthor href="http://oireachtas.ie/ie/oireachtas/house/dail"/>
                    <FRBRcountry value="ie"/>
                <FRBRname value="writtens"/></FRBRWork>
                <FRBRExpression>
                    <FRBRthis value="/akn/ie/debateRecord/dail/2012-07-18/writtens/mul@/dbsect_90"/>
                    <FRBRuri value="/akn/ie/debateRecord/dail/2012-07-18/writtens/mul@"/>
                    <FRBRdate date="2012-07-18" name="#reported"/>
                    <FRBRauthor as="#editor" href="http://oireachtas.ie/ie/oireachtas/role/debates"/>
                    <FRBRlanguage language="mul"/>
                </FRBRExpression>
                <FRBRManifestation>
                    <FRBRthis value="/akn/ie/debateRecord/dail/2012-07-18/writtens/mul@/dbsect_90.xml"/>
                    <FRBRuri value="/akn/ie/debateRecord/dail/2012-07-18/writtens/mul@.akn"/>
                    <FRBRdate date="2016-08-17T12:53:12.290656" name="#publication"/>
                    <FRBRauthor as="#editor" href="http://oireachtas.ie/ie/oireachtas/role/debates"/>
                </FRBRManifestation>
            </identification>
            <references source="#debates">
                <TLCOrganization eId="source" href="http://oireachtas.ie" showAs="Houses of the Oireachtas"/><TLCConcept eId="generation" href="http://oireachtas.ie/ie/oireachtas/ontology#Generation" showAs="Generation"/>
<TLCConcept eId="reported" href="http://oireachtas.ie/ie/oireachtas/ontology#Reported" showAs="Reported"/>
<TLCConcept eId="publication" href="http://oireachtas.ie/ie/oireachtas/ontology#Publication" showAs="Publication"/>
<TLCPerson eId="RichardBruton" href="http://oireachtas.ie/ie/oireachtas/member/Richard-Bruton.S.1981-10-08/dail/31" showAs="Mr. Richard Bruton"/>
<TLCPerson eId="TerenceFlanagan" href="http://oireachtas.ie/ie/oireachtas/member/Terence-Flanagan.D.2007-06-14/dail/31" showAs="Mr. Terence Flanagan"/>
<TLCRole eId="Minister_for_Jobs,_Enterprise_and_Innovation" href="http://oireachtas.ie/ie/oireachtas/member/Richard-Bruton.S.1981-10-08/dail/31/minister/jobs__enterprise__innovation" showAs="Minister for Jobs, Enterprise and Innovation"/>
</references>
        </meta>
        <preface>
            <block name="title_ga">
                <docTitle>DÍOSPÓIREACHTAÍ PARLAIMINTE</docTitle>
            </block>
            <block name="title_en">
                <docTitle>PARLIAMENTARY DEBATES</docTitle>
            </block>
            <block name="proponent_ga">
                <docProponent>DÁIL ÉIREANN</docProponent>
            </block>
            <block name="status_ga">
                <docStatus>TUAIRISC OIFIGIÚIL</docStatus>
            </block>
            <block name="status_en">
                <docStatus>(OFFICIAL REPORT)</docStatus>
            </block>
            <block name="date_ga">
                <docDate date="2012-07-18">Dé Céadaoin, 18 Iúil 2012</docDate>
            </block>
            <block name="date_en">
                <docDate date="2012-07-18">Wednesday, 18 July 2012</docDate>
            </block>
        </preface>
        <debateBody><debateSection name="writtenAnswer" eId="dbsect_90">
                    <heading>Employment Support Services</heading>
                    <question by="#TerenceFlanagan" to="#Minister_for_Jobs,_Enterprise_and_Innovation" eId="pq_132">
                        <p eId="para_3719">
        132
        <b> Deputy Terence Flanagan</b>
         asked the 
        <b>Minister for Jobs, Enterprise and Innovation</b>
         the steps being taken to tackle youth unemployment; if there are various strategies adopted for the various regions of Ireland; and if he will make a statement on the matter. 
        [35536/12]
      </p>
                    </question>
                    <speech by="#RichardBruton" as="#Minister_for_Jobs,_Enterprise_and_Innovation">
                        <from>Minister for Jobs, Enterprise and Innovation (Deputy Richard Bruton)</from>
                        <p eId="para_3720">The Government is tackling unemployment generally through the twin strategies of the Action Plan for Jobs and Pathways to Work.  The aim of the Action Pan for Jobs is to support the creation of 100,000 net new jobs by 2016, while the objective of Pathways to Work is to provide those who are unemployed with the appropriate training and skills to avail of the job opportunities which will arise as the economy recovers. Many young people will benefit from the opportunities provided through these programmes.</p>
                        <p eId="para_3721">The 2012 Action Plan for Jobs contains over 270 measures to be delivered across all 15 Government Departments and 36 State agencies.  My Department and its agencies play a central role in the delivery of approximately 60% of those measures, and have a supporting role in many other actions.</p>
                        <p eId="para_3722">Pathways to Work includes various training, education and work experience initiatives delivered by the Department of Education and Skills and the Department of Social Protection.  Under Pathways to Work, the Department of Social Protection is committed to supporting over 85,000 job placement, work experience and Back to Education beneficiaries this year, including through the JobBridge internship programme.</p>
                        <p eId="para_3723">The Department of Education and Skills will provide over 450,000 education and training places this year across the range of provision in the higher education, further education and training sectors.  These places will include provision for school leavers, although the long-term unemployed are a priority target.</p>
                        <p eId="para_3724">The new €20 million Labour Market Education and Training Fund will also include specific provision for those under 25 years of age.</p>
                        <p eId="para_3725">Both the Action Plan for Jobs and Pathways to Work are national programmes.  However, they will have an impact at regional level.  This year to date, the IDA has announced the creation of over 5,000 new positions, with Limerick, Galway, Cork, Dublin, Sligo, Dundalk, Kildare and Mayo all benefitting from job announcements.  Enterprise Ireland has also made job announcements in relation to companies in Waterford, Wexford, Tipperary, Dublin and Galway.</p>
                    </speech>
                </debateSection>
                </debateBody></debate>
</akomaNtoso>
