<?xml version='1.0' encoding='UTF-8'?>
<akomaNtoso xmlns="http://docs.oasis-open.org/legaldocml/ns/akn/3.0/CSD13" xmlns:xsi="http://www.w3.org/2001/XMLSchema-instance" xsi:schemaLocation="http://docs.oasis-open.org/legaldocml/ns/akn/3.0/CSD13 ./akomantoso30.xsd ">
    <debate name="Official Report">
        <meta>
            <identification source="#source">
                <FRBRWork>
                    <FRBRthis value="/akn/ie/debateRecord/dail/2012-07-18/writtens/dbsect_26"/>
                    <FRBRuri value="/akn/ie/debateRecord/dail/2012-07-18/writtens"/>
                    <FRBRdate date="2012-07-18" name="#generation"/>
                    <FRBRauthor href="http://oireachtas.ie/ie/oireachtas/house/dail"/>
                    <FRBRcountry value="ie"/>
                <FRBRname value="writtens"/></FRBRWork>
                <FRBRExpression>
                    <FRBRthis value="/akn/ie/debateRecord/dail/2012-07-18/writtens/mul@/dbsect_26"/>
                    <FRBRuri value="/akn/ie/debateRecord/dail/2012-07-18/writtens/mul@"/>
                    <FRBRdate date="2012-07-18" name="#reported"/>
                    <FRBRauthor as="#editor" href="http://oireachtas.ie/ie/oireachtas/role/debates"/>
                    <FRBRlanguage language="mul"/>
                </FRBRExpression>
                <FRBRManifestation>
                    <FRBRthis value="/akn/ie/debateRecord/dail/2012-07-18/writtens/mul@/dbsect_26.xml"/>
                    <FRBRuri value="/akn/ie/debateRecord/dail/2012-07-18/writtens/mul@.akn"/>
                    <FRBRdate date="2016-08-17T12:53:12.290656" name="#publication"/>
                    <FRBRauthor as="#editor" href="http://oireachtas.ie/ie/oireachtas/role/debates"/>
                </FRBRManifestation>
            </identification>
            <references source="#debates">
                <TLCOrganization eId="source" href="http://oireachtas.ie" showAs="Houses of the Oireachtas"/><TLCConcept eId="generation" href="http://oireachtas.ie/ie/oireachtas/ontology#Generation" showAs="Generation"/>
<TLCConcept eId="reported" href="http://oireachtas.ie/ie/oireachtas/ontology#Reported" showAs="Reported"/>
<TLCConcept eId="publication" href="http://oireachtas.ie/ie/oireachtas/ontology#Publication" showAs="Publication"/>
<TLCPerson eId="CatherineMurphy" href="http://oireachtas.ie/ie/oireachtas/member/Catherine-Murphy.D.2005-03-11/dail/31" showAs="Ms. Catherine Murphy"/>
<TLCPerson eId="JimmyDeenihan" href="http://oireachtas.ie/ie/oireachtas/member/Jimmy-Deenihan.S.1983-02-23/dail/31" showAs="Mr. Jimmy Deenihan"/>
<TLCRole eId="Minister_for_Arts,_Heritage_and_the_Gaeltacht" href="http://oireachtas.ie/ie/oireachtas/member/Jimmy-Deenihan.S.1983-02-23/dail/31/minister/arts__heritage__gaeltacht" showAs="Minister for Arts, Heritage and the Gaeltacht"/>
</references>
        </meta>
        <preface>
            <block name="title_ga">
                <docTitle>DÍOSPÓIREACHTAÍ PARLAIMINTE</docTitle>
            </block>
            <block name="title_en">
                <docTitle>PARLIAMENTARY DEBATES</docTitle>
            </block>
            <block name="proponent_ga">
                <docProponent>DÁIL ÉIREANN</docProponent>
            </block>
            <block name="status_ga">
                <docStatus>TUAIRISC OIFIGIÚIL</docStatus>
            </block>
            <block name="status_en">
                <docStatus>(OFFICIAL REPORT)</docStatus>
            </block>
            <block name="date_ga">
                <docDate date="2012-07-18">Dé Céadaoin, 18 Iúil 2012</docDate>
            </block>
            <block name="date_en">
                <docDate date="2012-07-18">Wednesday, 18 July 2012</docDate>
            </block>
        </preface>
        <debateBody><debateSection name="writtenAnswer" eId="dbsect_26">
                    <heading>National Archives</heading>
                    <question by="#CatherineMurphy" to="#Minister_for_Arts,_Heritage_and_the_Gaeltacht" eId="pq_47">
                        <p eId="para_151">
        47
        <b>Deputy Catherine Murphy</b>
         asked the 
        <b>Minister for Arts, Heritage and the Gaeltacht</b>
         if, in view of the limited facilities at the Bishop Street building, and taking into account the Decade of Centenaries and the 2013 Gathering, he proposes new and expanded facilities to house our National Archives, to make the full archives accessible at a single location; and if he will make a statement on the matter. 
        [35360/12]
      </p>
                    </question>
                    <question by="#CatherineMurphy" to="#Minister_for_Arts,_Heritage_and_the_Gaeltacht" eId="pq_49">
                        <p eId="para_152">
        49
        <b> Deputy Catherine Murphy</b>
         asked the 
        <b>Minister for Arts, Heritage and the Gaeltacht</b>
         if any proposal regarding the use of the Central Bank of Ireland building on Dame Street, Dublin, by the Bank of Ireland plc in exchange for their relinquishing of the old Irish Houses of Parliament building on College Green, Dublin, to the State to allow use of the latter as a permanent, expanded home for the National Archives has been made to his Department; if he has engaged with the Department of Finance or Bank of Ireland management in relation to such a proposal; if any other proposal is being considered by him in relation to the State acquiring the old Irish Houses of Parliament at present; and if he will make a statement on the matter. 
        [35040/12]
      </p>
                    </question>
                    <speech by="#JimmyDeenihan" as="#Minister_for_Arts,_Heritage_and_the_Gaeltacht">
                        <from>Minister for Arts, Heritage and the Gaeltacht (Deputy Jimmy Deenihan)</from>
                        <p eId="para_153">I propose to take Questions Nos. 47 and 49 together.</p>
                        <p eId="para_154">The National Archives building at Bishop Street, along with the associated facility at the Four Courts, is the permanent home for the National Archives. While there have been issues with the Bishop Street building over the years, my Department, with the Office of Public Works (which has overall responsibility for the building), has endeavored to improve the facilities there. Over the last year, almost €700,000 has been spent to replace the roof and defective shutters to make the warehouse watertight and to upgrade the quality of storage in the Four Courts.  This work is key to safeguarding the State's archives and will be the first stage of a phased improvement scheme that will maximise the internal storage capacity of the Bishop Street facility.  I am currently awaiting a costed scheme from the Office of Public Works in that regard.</p>
                        <p eId="para_155">While I have met with the Chair and Chief Executive of Bank of Ireland and had a constructive engagement — which will continue — on the potential use of the Bank of Ireland building at College Green, that building remains in the ownership of the Bank. There are no plans envisaged to re-locate the National Archives to this location, as referred to by the Deputy.</p>
                        <p eId="para_156">I recognise the role that our national cultural institutions, including the National Archives, can play regarding the Government's Decade of Centenaries 2012 to 2022 programme. In that context, my Department is engaged with the institutions on the development of an appropriate commemorative programme. I have also written to certain national cultural associations with a view to them contributing to the Programme and I will consult further as the programme develops.</p>
                        <p eId="para_157">While<i>The Gathering</i>   event is an initiative of my colleague, the Minister for Transport, Tourism and Sport, I am conscious of the potential of our places of natural beauty, our national monuments and our sources of genealogy for attracting the Irish Diaspora to our shores. I have no doubt that all the appropriate bodies, including the cultural institutions, will play an important role in this regard.</p>
                    </speech>
                </debateSection>
                </debateBody></debate>
</akomaNtoso>
