<?xml version='1.0' encoding='UTF-8'?>
<akomaNtoso xmlns="http://docs.oasis-open.org/legaldocml/ns/akn/3.0/CSD13" xmlns:xsi="http://www.w3.org/2001/XMLSchema-instance" xsi:schemaLocation="http://docs.oasis-open.org/legaldocml/ns/akn/3.0/CSD13 ./akomantoso30.xsd ">
    <debate name="Official Report">
        <meta>
            <identification source="#source">
                <FRBRWork>
                    <FRBRthis value="/akn/ie/debateRecord/dail/2012-07-18/writtens/dbsect_8"/>
                    <FRBRuri value="/akn/ie/debateRecord/dail/2012-07-18/writtens"/>
                    <FRBRdate date="2012-07-18" name="#generation"/>
                    <FRBRauthor href="http://oireachtas.ie/ie/oireachtas/house/dail"/>
                    <FRBRcountry value="ie"/>
                <FRBRname value="writtens"/></FRBRWork>
                <FRBRExpression>
                    <FRBRthis value="/akn/ie/debateRecord/dail/2012-07-18/writtens/mul@/dbsect_8"/>
                    <FRBRuri value="/akn/ie/debateRecord/dail/2012-07-18/writtens/mul@"/>
                    <FRBRdate date="2012-07-18" name="#reported"/>
                    <FRBRauthor as="#editor" href="http://oireachtas.ie/ie/oireachtas/role/debates"/>
                    <FRBRlanguage language="mul"/>
                </FRBRExpression>
                <FRBRManifestation>
                    <FRBRthis value="/akn/ie/debateRecord/dail/2012-07-18/writtens/mul@/dbsect_8.xml"/>
                    <FRBRuri value="/akn/ie/debateRecord/dail/2012-07-18/writtens/mul@.akn"/>
                    <FRBRdate date="2016-08-17T12:53:12.290656" name="#publication"/>
                    <FRBRauthor as="#editor" href="http://oireachtas.ie/ie/oireachtas/role/debates"/>
                </FRBRManifestation>
            </identification>
            <references source="#debates">
                <TLCOrganization eId="source" href="http://oireachtas.ie" showAs="Houses of the Oireachtas"/><TLCConcept eId="generation" href="http://oireachtas.ie/ie/oireachtas/ontology#Generation" showAs="Generation"/>
<TLCConcept eId="reported" href="http://oireachtas.ie/ie/oireachtas/ontology#Reported" showAs="Reported"/>
<TLCConcept eId="publication" href="http://oireachtas.ie/ie/oireachtas/ontology#Publication" showAs="Publication"/>
<TLCPerson eId="DinnyMcGinley" href="http://oireachtas.ie/ie/oireachtas/member/Dinny-McGinley.D.1982-03-09/dail/31" showAs="Mr. Dinny McGinley"/>
<TLCPerson eId="JohnMcGuinness" href="http://oireachtas.ie/ie/oireachtas/member/John-McGuinness.D.1997-06-26/dail/31" showAs="Mr. John McGuinness"/>
<TLCPerson eId="PadraigMacLochlainn" href="http://oireachtas.ie/ie/oireachtas/member/Pádraig-MacLochlainn.D.2011-03-09/dail/31" showAs="Mr. Pádraig Mac Lochlainn"/>
<TLCRole eId="Minister_for_Arts,_Heritage_and_the_Gaeltacht" href="http://oireachtas.ie/ie/oireachtas/member/Jimmy-Deenihan.S.1983-02-23/dail/31/minister/arts__heritage__gaeltacht" showAs="Minister for Arts, Heritage and the Gaeltacht"/>
<TLCRole eId="Minister_of_State_at_the_Department_of_Arts,_Heritage_and_the_Gaeltacht" href="http://oireachtas.ie/ie/oireachtas/member/Dinny-McGinley.D.1982-03-09/dail/31/minister_state/arts__heritage__gaeltacht" showAs="Minister of State at the Department of Arts, Heritage and the Gaeltacht"/>
</references>
        </meta>
        <preface>
            <block name="title_ga">
                <docTitle>DÍOSPÓIREACHTAÍ PARLAIMINTE</docTitle>
            </block>
            <block name="title_en">
                <docTitle>PARLIAMENTARY DEBATES</docTitle>
            </block>
            <block name="proponent_ga">
                <docProponent>DÁIL ÉIREANN</docProponent>
            </block>
            <block name="status_ga">
                <docStatus>TUAIRISC OIFIGIÚIL</docStatus>
            </block>
            <block name="status_en">
                <docStatus>(OFFICIAL REPORT)</docStatus>
            </block>
            <block name="date_ga">
                <docDate date="2012-07-18">Dé Céadaoin, 18 Iúil 2012</docDate>
            </block>
            <block name="date_en">
                <docDate date="2012-07-18">Wednesday, 18 July 2012</docDate>
            </block>
        </preface>
        <debateBody><debateSection name="writtenAnswer" eId="dbsect_8">
                    <heading>Oifig an Choimisinéara Teanga</heading>
                    <question by="#JohnMcGuinness" to="#Minister_for_Arts,_Heritage_and_the_Gaeltacht" eId="pq_15">
                        <p eId="para_36">
        15
        
          D’fhiafraigh
        <b>John McGuinness</b>
         den 
        <b>Aire Ealaíon, Oidhreachta agus Gaeltachta</b>
          cé mhéid airgid a shábhálfar trí Oifig an Choimisinéara Teanga a chur isteach in Oifig an Ombudsman, an bhfuil sé sásta le gnó a dhéanamh trí Ghaeilge le muintir na Gaeltachta.  
        [35395/12]
      </p>
                    </question>
                    <question by="#PadraigMacLochlainn" to="#Minister_for_Arts,_Heritage_and_the_Gaeltacht" eId="pq_45">
                        <p eId="para_37">
        45
        
          D’fhiafraigh
        <b>Pádraig Mac Lochlainn</b>
         den 
        <b>Aire Ealaíon, Oidhreachta agus Gaeltachta</b>
          cén plé atá déanta idir é féin agus an Roinn Caiteachais Phoiblí agus Athchóirithe maidir lena chinneadh siúd faoin Choimisinéir Teanga a tharraingt siar.  
        [35026/12]
      </p>
                    </question>
                    <speech by="#DinnyMcGinley" as="#Minister_of_State_at_the_Department_of_Arts,_Heritage_and_the_Gaeltacht">
                        <from>Minister of State at the Department of Arts, Heritage and the Gaeltacht (Deputy Dinny McGinley)</from>
                        <p eId="para_38">Tógfaidh mé Ceisteanna Uimh. 15 agus 45 le chéile.</p>
                        <p eId="para_39">D'fhógair an Rialtas ar an 17 Samhain 2011 go raibh cinneadh tógtha feidhmeanna Oifig an Choimisinéara Teanga a chónascadh le hOifig an Ombudsman agus go raibh an cinneadh sin le cur i gcrích i gcomhthéacs an athbhreithnithe ar Acht na dTeangacha Oifigiúla 2003. Tógadh an cinneadh sin mar chuid de<i>Phlean Athchóirithe an Rialtais don tSeirbhís Phoiblí</i>. Faoin bPlean sin, tá sé beartaithe ag an Rialtas go ndéanfar cuíchóiriú ar 48 comhlacht poiblí faoi dheireadh na bliana 2012. Ina theannta sin, bhí athbhreithniú criticiúil le déanamh ar 46 comhlacht poiblí eile faoi dheireadh na míosa seo caite.</p>
                        <p eId="para_40">Tá sé ráite go soiléir ag an Rialtas nach sábháil airgid amháin atáá lorg sna cúrsaí seo. Mar atá ráite i<i>bPlean Athchóirithe an Rialtais don tSeirbhís Phoiblí</i>, tiocfaidh na buntáistí is suntasaí as timpeallacht riaracháin níos simplí agus níos éifeachtaí a bheith ann, rud a thabharfaidh cuntasacht dhaonlathach níos fearr, níos lú dúblála agus línte freagrachta níos soiléire don saoránach.</p>
                        <p eId="para_41">Glactar leis, ar ndóigh, go dtagann saincheisteanna chun cinn do na heagraíochtaíéagsúla atá i gceist de thoradh na gcinntí seo agus go bhféadfadh leasuithe reachtaíochta a bheith san áireamh chomh maith.   Tá coiste athchóirithe bunaithe ag mo Roinnse chun scrúdú a dhéanamh ar na saincheisteanna ábhartha a bhaineann leis na heagraíochtaí ar leith a thagann faoina scáth. Tá an coiste seo ag plé leis na heagraíochtaíéagsúla atá i gceist, lena n-áirítear Oifig an Choimisinéara Teanga, le gur féidir cinntí an Rialtais a chur i bhfeidhm ar bhealach éifeachtach agus éifeachtúil.  Tá plé rialta idir mo Roinnse agus an Roinn Caiteachais Phoiblí agus Athchóirithe i dtaca leis na hábhair seo fosta.</p>
                        <p eId="para_42">Tá tuarascálacha ar dhul chun cinn maidir le cur i bhfeidhm cinntí an Rialtais i gcás na n-áisíneachtaí a thagann faoi scáth mo Roinnse agus a bhfuil comhtháthú le déanamh orthu, curtha faoi bhráid na Roinne Caiteachais Phoiblí agus Athchóirithe ag mo Roinnse le gairid. Bheinn ag súil go rachfar faoi bhráid an Rialtais arís i dtráth cuí chun dlús a chur le cur i bhfeidhm na gcinntí i gcás na n-áisíneachtaí seo, lena n-áirítear Oifig an Choimisinéara Teanga. Tuigfidh na Teachtaí, ar ndóigh, nach bhfuil ar mo chumas san idirlinn bheith níos sonraí faoi na cúrsaí seo.</p>
                    </speech>
                </debateSection>
                </debateBody></debate>
</akomaNtoso>
