<?xml version='1.0' encoding='UTF-8'?>
<akomaNtoso xmlns="http://docs.oasis-open.org/legaldocml/ns/akn/3.0/CSD13" xmlns:xsi="http://www.w3.org/2001/XMLSchema-instance" xsi:schemaLocation="http://docs.oasis-open.org/legaldocml/ns/akn/3.0/CSD13 ./akomantoso30.xsd ">
    <debate name="Official Report">
        <meta>
            <identification source="#source">
                <FRBRWork>
                    <FRBRthis value="/akn/ie/debateRecord/dail/2012-07-18/writtens/dbsect_123"/>
                    <FRBRuri value="/akn/ie/debateRecord/dail/2012-07-18/writtens"/>
                    <FRBRdate date="2012-07-18" name="#generation"/>
                    <FRBRauthor href="http://oireachtas.ie/ie/oireachtas/house/dail"/>
                    <FRBRcountry value="ie"/>
                <FRBRname value="writtens"/></FRBRWork>
                <FRBRExpression>
                    <FRBRthis value="/akn/ie/debateRecord/dail/2012-07-18/writtens/mul@/dbsect_123"/>
                    <FRBRuri value="/akn/ie/debateRecord/dail/2012-07-18/writtens/mul@"/>
                    <FRBRdate date="2012-07-18" name="#reported"/>
                    <FRBRauthor as="#editor" href="http://oireachtas.ie/ie/oireachtas/role/debates"/>
                    <FRBRlanguage language="mul"/>
                </FRBRExpression>
                <FRBRManifestation>
                    <FRBRthis value="/akn/ie/debateRecord/dail/2012-07-18/writtens/mul@/dbsect_123.xml"/>
                    <FRBRuri value="/akn/ie/debateRecord/dail/2012-07-18/writtens/mul@.akn"/>
                    <FRBRdate date="2016-08-17T12:53:12.290656" name="#publication"/>
                    <FRBRauthor as="#editor" href="http://oireachtas.ie/ie/oireachtas/role/debates"/>
                </FRBRManifestation>
            </identification>
            <references source="#debates">
                <TLCOrganization eId="source" href="http://oireachtas.ie" showAs="Houses of the Oireachtas"/><TLCConcept eId="generation" href="http://oireachtas.ie/ie/oireachtas/ontology#Generation" showAs="Generation"/>
<TLCConcept eId="reported" href="http://oireachtas.ie/ie/oireachtas/ontology#Reported" showAs="Reported"/>
<TLCConcept eId="publication" href="http://oireachtas.ie/ie/oireachtas/ontology#Publication" showAs="Publication"/>
<TLCPerson eId="JoanBurtonLAB" href="http://oireachtas.ie/ie/oireachtas/member/Joan-Burton.D.1992-12-14/dail/31" showAs="Ms. Joan Burton"/>
<TLCPerson eId="MichaelCreed" href="http://oireachtas.ie/ie/oireachtas/member/Michael-Creed.D.1989-06-29/dail/31" showAs="Mr. Michael Creed"/>
<TLCRole eId="Minister_for_Social_Protection" href="http://oireachtas.ie/ie/oireachtas/member/Joan-Burton.D.1992-12-14/dail/31/minister/social_protection" showAs="Minister for Social Protection"/>
</references>
        </meta>
        <preface>
            <block name="title_ga">
                <docTitle>DÍOSPÓIREACHTAÍ PARLAIMINTE</docTitle>
            </block>
            <block name="title_en">
                <docTitle>PARLIAMENTARY DEBATES</docTitle>
            </block>
            <block name="proponent_ga">
                <docProponent>DÁIL ÉIREANN</docProponent>
            </block>
            <block name="status_ga">
                <docStatus>TUAIRISC OIFIGIÚIL</docStatus>
            </block>
            <block name="status_en">
                <docStatus>(OFFICIAL REPORT)</docStatus>
            </block>
            <block name="date_ga">
                <docDate date="2012-07-18">Dé Céadaoin, 18 Iúil 2012</docDate>
            </block>
            <block name="date_en">
                <docDate date="2012-07-18">Wednesday, 18 July 2012</docDate>
            </block>
        </preface>
        <debateBody><debateSection name="writtenAnswer" eId="dbsect_123">
                    <heading>Back to Education Allowance</heading>
                    <question by="#MichaelCreed" to="#Minister_for_Social_Protection" eId="pq_169">
                        <p eId="para_3904">
        169
        <b> Deputy Michael Creed</b>
         asked the 
        <b>Minister for Social Protection</b>
         if a person (details supplied) in County Cork is entitled to the back to school clothing and footwear allowance; and if she will make a statement on the matter. 
        [35664/12]
      </p>
                    </question>
                    <speech by="#JoanBurtonLAB" as="#Minister_for_Social_Protection">
                        <from>Minister for Social Protection (Deputy Joan Burton)</from>
                        <p eId="para_3905">The back to school clothing and footwear allowance (BSCFA) entitlements of some 115,350 families in respect of 205,125 children have now been automatically established with  reference to their primary scheme entitlement, with no application form required.  Letters have issued to the people identified in this way, informing them of their entitlement and notifying them that payment will issue this week.</p>
                        <p eId="para_3906">Customers who do not receive an automated payment are required to complete an application form which will be processed from a centralised unit in the Department.  A text message acknowledging receipt of application forms will issue this year to everyone who submits a claim form.</p>
                        <p eId="para_3907">An application form has been received from the person concerned and will be processed shortly.  I can assure the Deputy that every effort will be made to process applications promptly.</p>
                    </speech>
                </debateSection>
                </debateBody></debate>
</akomaNtoso>
