<?xml version='1.0' encoding='UTF-8'?>
<akomaNtoso xmlns="http://docs.oasis-open.org/legaldocml/ns/akn/3.0/CSD13" xmlns:xsi="http://www.w3.org/2001/XMLSchema-instance" xsi:schemaLocation="http://docs.oasis-open.org/legaldocml/ns/akn/3.0/CSD13 ./akomantoso30.xsd ">
    <debate name="Official Report">
        <meta>
            <identification source="#source">
                <FRBRWork>
                    <FRBRthis value="/akn/ie/debateRecord/dail/2012-07-18/writtens/dbsect_9"/>
                    <FRBRuri value="/akn/ie/debateRecord/dail/2012-07-18/writtens"/>
                    <FRBRdate date="2012-07-18" name="#generation"/>
                    <FRBRauthor href="http://oireachtas.ie/ie/oireachtas/house/dail"/>
                    <FRBRcountry value="ie"/>
                <FRBRname value="writtens"/></FRBRWork>
                <FRBRExpression>
                    <FRBRthis value="/akn/ie/debateRecord/dail/2012-07-18/writtens/mul@/dbsect_9"/>
                    <FRBRuri value="/akn/ie/debateRecord/dail/2012-07-18/writtens/mul@"/>
                    <FRBRdate date="2012-07-18" name="#reported"/>
                    <FRBRauthor as="#editor" href="http://oireachtas.ie/ie/oireachtas/role/debates"/>
                    <FRBRlanguage language="mul"/>
                </FRBRExpression>
                <FRBRManifestation>
                    <FRBRthis value="/akn/ie/debateRecord/dail/2012-07-18/writtens/mul@/dbsect_9.xml"/>
                    <FRBRuri value="/akn/ie/debateRecord/dail/2012-07-18/writtens/mul@.akn"/>
                    <FRBRdate date="2016-08-17T12:53:12.290656" name="#publication"/>
                    <FRBRauthor as="#editor" href="http://oireachtas.ie/ie/oireachtas/role/debates"/>
                </FRBRManifestation>
            </identification>
            <references source="#debates">
                <TLCOrganization eId="source" href="http://oireachtas.ie" showAs="Houses of the Oireachtas"/><TLCConcept eId="generation" href="http://oireachtas.ie/ie/oireachtas/ontology#Generation" showAs="Generation"/>
<TLCConcept eId="reported" href="http://oireachtas.ie/ie/oireachtas/ontology#Reported" showAs="Reported"/>
<TLCConcept eId="publication" href="http://oireachtas.ie/ie/oireachtas/ontology#Publication" showAs="Publication"/>
<TLCPerson eId="DessieEllis" href="http://oireachtas.ie/ie/oireachtas/member/Dessie-Ellis.D.2011-03-09/dail/31" showAs="Mr. Dessie Ellis"/>
<TLCPerson eId="DinnyMcGinley" href="http://oireachtas.ie/ie/oireachtas/member/Dinny-McGinley.D.1982-03-09/dail/31" showAs="Mr. Dinny McGinley"/>
<TLCPerson eId="WillieODea" href="http://oireachtas.ie/ie/oireachtas/member/Willie-O'Dea.D.1982-03-09/dail/31" showAs="Mr. Willie O'Dea"/>
<TLCRole eId="Minister_for_Arts,_Heritage_and_the_Gaeltacht" href="http://oireachtas.ie/ie/oireachtas/member/Jimmy-Deenihan.S.1983-02-23/dail/31/minister/arts__heritage__gaeltacht" showAs="Minister for Arts, Heritage and the Gaeltacht"/>
<TLCRole eId="Minister_of_State_at_the_Department_of_Arts,_Heritage_and_the_Gaeltacht" href="http://oireachtas.ie/ie/oireachtas/member/Dinny-McGinley.D.1982-03-09/dail/31/minister_state/arts__heritage__gaeltacht" showAs="Minister of State at the Department of Arts, Heritage and the Gaeltacht"/>
</references>
        </meta>
        <preface>
            <block name="title_ga">
                <docTitle>DÍOSPÓIREACHTAÍ PARLAIMINTE</docTitle>
            </block>
            <block name="title_en">
                <docTitle>PARLIAMENTARY DEBATES</docTitle>
            </block>
            <block name="proponent_ga">
                <docProponent>DÁIL ÉIREANN</docProponent>
            </block>
            <block name="status_ga">
                <docStatus>TUAIRISC OIFIGIÚIL</docStatus>
            </block>
            <block name="status_en">
                <docStatus>(OFFICIAL REPORT)</docStatus>
            </block>
            <block name="date_ga">
                <docDate date="2012-07-18">Dé Céadaoin, 18 Iúil 2012</docDate>
            </block>
            <block name="date_en">
                <docDate date="2012-07-18">Wednesday, 18 July 2012</docDate>
            </block>
        </preface>
        <debateBody><debateSection name="writtenAnswer" eId="dbsect_9">
                    <heading>Straitéis 20 Bliain</heading>
                    <question by="#DessieEllis" to="#Minister_for_Arts,_Heritage_and_the_Gaeltacht" eId="pq_16">
                        <p eId="para_43">
        16
        
          D’fhiafraigh
        <b>Dessie Ellis</b>
         den 
        <b>Aire Ealaíon, Oidhreachta agus Gaeltachta</b>
          cé mhéid cruinniú a bhí ag na coistí ardfheidhmeannach atá ag comhordú chur chun cinn na Straitéise Fiche Bliain ón am deireanach ar thóg sé ceisteanna Gaeltachta agus cén dul chun cinn atá déanta.  
        [35033/12]
      </p>
                    </question>
                    <question by="#WillieODea" to="#Minister_for_Arts,_Heritage_and_the_Gaeltacht" eId="pq_27">
                        <p eId="para_44">
        27
        
          D’fhiafraigh
        <b>Willie O’Dea</b>
         den 
        <b>Aire Ealaíon, Oidhreachta agus Gaeltachta</b>
          cé na cruinnithe atá i gceist a bheith aige leis an Roinn Oideachais mar gheall ar an nGaeilge a mhúineadh ag an gcéad leibhéal agus an dara leibhéal; agus an ndéanfaidh sé ráiteas ina thaobh.  
        [35392/12]
      </p>
                    </question>
                    <speech by="#DinnyMcGinley" as="#Minister_of_State_at_the_Department_of_Arts,_Heritage_and_the_Gaeltacht">
                        <from>Minister of State at the Department of Arts, Heritage and the Gaeltacht (Deputy Dinny McGinley)</from>
                        <p eId="para_45">Tógfaidh mé Ceisteanna Uimh. 16 agus 27 le chéile.</p>
                        <p eId="para_46">Tá struchtúir ar leith bunaithe chun an Straitéis 20 Bliain don Ghaeilge a sheachadadh agus eagraítear cruinnithe, de réir mar is gá, faoi na struchtúir éagsúla, lena n-áirítear Coiste Rialtais, grúpa oifigeach sinsearach, grúpa idir-Rannach agus grúpaí ardleibhéil.</p>
                        <p eId="para_47">Maidir leis an gCoiste Rialtais ar an nGaeilge agus ar an nGaeltacht, a bhfuil an Taoiseach mar chathaoirleach air, bhí an cruinniú deireanach den Choiste sin ar an 5 Meitheamh agus beidh an chéad chruinniú eile ann amárach. Mar a bheifí ag siúl leis, bíonn cúrsaí oideachais faoi chaibidil ag an gCoiste Rialtais ó thráth go céile.</p>
                        <p eId="para_48">Maidir leis an nGrúpa Idir-Rannach atá ag feidhmiú faoi mo chathaoirleacht, bhí an cruinniú deireanach den ghrúpa sin ar an 27 Meitheamh chun cur i bhfeidhm réimsí sonracha gnímh sa Straitéis a bhrú chun cinn ar bhealach comhtháite.</p>
                        <p eId="para_49">Chomh maith leis na grúpaí sin, tá trí ghrúpa oibre ardleibhéil bunaithe ag mo Roinnse leis na príomhpháirtithe leasmhara chun dlús a chur le feidhmiú réimsí gnímh éagsúla den Straitéis. Eagraítear cruinnithe de na grúpaí oibre sin, de réir mar is gá. Mar shampla, bhí an cruinniúdeireanach den ghrúpa oibre ardleibhéil idir mo Roinnse agus an Roinn Oideachais agus Scileanna ar an 5 Meitheamh.</p>
                    </speech>
                </debateSection>
                </debateBody></debate>
</akomaNtoso>
