<?xml version='1.0' encoding='UTF-8'?>
<akomaNtoso xmlns="http://docs.oasis-open.org/legaldocml/ns/akn/3.0/CSD13" xmlns:xsi="http://www.w3.org/2001/XMLSchema-instance" xsi:schemaLocation="http://docs.oasis-open.org/legaldocml/ns/akn/3.0/CSD13 ./akomantoso30.xsd ">
    <debate name="Official Report">
        <meta>
            <identification source="#source">
                <FRBRWork>
                    <FRBRthis value="/akn/ie/debateRecord/dail/2012-07-18/writtens/dbsect_169"/>
                    <FRBRuri value="/akn/ie/debateRecord/dail/2012-07-18/writtens"/>
                    <FRBRdate date="2012-07-18" name="#generation"/>
                    <FRBRauthor href="http://oireachtas.ie/ie/oireachtas/house/dail"/>
                    <FRBRcountry value="ie"/>
                <FRBRname value="writtens"/></FRBRWork>
                <FRBRExpression>
                    <FRBRthis value="/akn/ie/debateRecord/dail/2012-07-18/writtens/mul@/dbsect_169"/>
                    <FRBRuri value="/akn/ie/debateRecord/dail/2012-07-18/writtens/mul@"/>
                    <FRBRdate date="2012-07-18" name="#reported"/>
                    <FRBRauthor as="#editor" href="http://oireachtas.ie/ie/oireachtas/role/debates"/>
                    <FRBRlanguage language="mul"/>
                </FRBRExpression>
                <FRBRManifestation>
                    <FRBRthis value="/akn/ie/debateRecord/dail/2012-07-18/writtens/mul@/dbsect_169.xml"/>
                    <FRBRuri value="/akn/ie/debateRecord/dail/2012-07-18/writtens/mul@.akn"/>
                    <FRBRdate date="2016-08-17T12:53:12.290656" name="#publication"/>
                    <FRBRauthor as="#editor" href="http://oireachtas.ie/ie/oireachtas/role/debates"/>
                </FRBRManifestation>
            </identification>
            <references source="#debates">
                <TLCOrganization eId="source" href="http://oireachtas.ie" showAs="Houses of the Oireachtas"/><TLCConcept eId="generation" href="http://oireachtas.ie/ie/oireachtas/ontology#Generation" showAs="Generation"/>
<TLCConcept eId="reported" href="http://oireachtas.ie/ie/oireachtas/ontology#Reported" showAs="Reported"/>
<TLCConcept eId="publication" href="http://oireachtas.ie/ie/oireachtas/ontology#Publication" showAs="Publication"/>
<TLCPerson eId="MichaelMartin" href="http://oireachtas.ie/ie/oireachtas/member/Micheál-Martin.D.1989-06-29/dail/31" showAs="Mr. Micheál Martin"/>
<TLCPerson eId="PhilipHogan" href="http://oireachtas.ie/ie/oireachtas/member/Phil-Hogan.S.1987-04-25/dail/31" showAs="Mr. Phil Hogan"/>
<TLCRole eId="Minister_for_the_Environment,_Community_and_Local_Government" href="http://oireachtas.ie/ie/oireachtas/member/Phil-Hogan.S.1987-04-25/dail/31/minister/environment__community__local_government" showAs="Minister for the Environment, Community and Local Government"/>
</references>
        </meta>
        <preface>
            <block name="title_ga">
                <docTitle>DÍOSPÓIREACHTAÍ PARLAIMINTE</docTitle>
            </block>
            <block name="title_en">
                <docTitle>PARLIAMENTARY DEBATES</docTitle>
            </block>
            <block name="proponent_ga">
                <docProponent>DÁIL ÉIREANN</docProponent>
            </block>
            <block name="status_ga">
                <docStatus>TUAIRISC OIFIGIÚIL</docStatus>
            </block>
            <block name="status_en">
                <docStatus>(OFFICIAL REPORT)</docStatus>
            </block>
            <block name="date_ga">
                <docDate date="2012-07-18">Dé Céadaoin, 18 Iúil 2012</docDate>
            </block>
            <block name="date_en">
                <docDate date="2012-07-18">Wednesday, 18 July 2012</docDate>
            </block>
        </preface>
        <debateBody><debateSection name="writtenAnswer" eId="dbsect_169">
                    <heading>Septic Tank Registration Scheme</heading>
                    <question by="#MichaelMartin" to="#Minister_for_the_Environment,_Community_and_Local_Government" eId="pq_227">
                        <p eId="para_4425">
        227
        <b> Deputy Micheál Martin</b>
         asked the 
        <b>Minister for the Environment, Community and Local Government</b>
         the role of local authorities in verifying that only certified septic tanks are installed in accordance with current building regulations; if he is satisfied with the role of the local authorities in fulfilling their responsibilities; his position on establishing a national register of certified septic tank suppliers; and if he will make a statement on the matter. 
        [35630/12]
      </p>
                    </question>
                    <speech by="#PhilipHogan" as="#Minister_for_the_Environment,_Community_and_Local_Government">
                        <from>Minister for the Environment, Community and Local Government (Deputy Phil Hogan)</from>
                        <p eId="para_4426">Robust arrangements are in place to deliver on the public policy imperative of preserving the quality of Ireland's water resources in keeping with the EU Water Framework Directive.  Local authorities have an effective role to play in this regard through the enforcement of performance standards for wastewater treatment and disposal systems set out under Part H of the Building Regulations, which work in tandem with the planning system and the water quality and waste management codes to provide comprehensive protection of water quality.</p>
                        <p eId="para_4427">The design and installation of wastewater treatment systems for single houses is addressed in the Environmental Protection Agency's (EPA) Code of Practice in respect of Wastewater Treatment and Disposal Systems Serving Single Houses (2009).  On foot of a comprehensive review and public consultation, Part H (Drainage and Wastewater Disposal) of the Building Regulations and its accompanying Technical Guidance Document H (TGD H 2010) were amended in the latter half of 2010 to reflect the relevant parts of the EPA's Code of Practice.</p>
                        <p eId="para_4428">In relation to the use of septic tanks in particular, TGD H 2010 states that "Septic Tanks must conform to I.S. EN 12566 Part 1 or 4 including their national annexes and comply with the EPA Code of Practice — Section 7."</p>
                        <p eId="para_4429">The national annexes were recently completed and published by the National Standards Authority of Ireland, in consultation with my Department and others.  They set out clearly the performance required by septic tanks when used in Ireland, and tested in accordance with I.S. EN 12566 Parts 1 or 4.</p>
                        <p eId="para_4430">Suppliers of septic tanks must be in a position to produce certification to confirm that their product has been tested in accordance with I.S. EN 12566 Part 1 or 4 and meets the performance requirements set out in the national annex to the standard.  Once a supplier can do this, it is not clear what further purpose a national register of certified septic tank suppliers would serve.</p>
                        <p eId="para_4431">Part H/TGD H 2010 came into full effect, following the expiration of the normal planning-related transitional arrangements, on 1 June 2012.  I am satisfied that the arrangements now in place are reasonable and appropriate and I have no plans to revisit them at this point.</p>
                    </speech><!--Fix-->
                </debateSection></debateBody></debate>
</akomaNtoso>
