<?xml version='1.0' encoding='UTF-8'?>
<akomaNtoso xmlns="http://docs.oasis-open.org/legaldocml/ns/akn/3.0/CSD13" xmlns:xsi="http://www.w3.org/2001/XMLSchema-instance" xsi:schemaLocation="http://docs.oasis-open.org/legaldocml/ns/akn/3.0/CSD13 ./akomantoso30.xsd ">
    <debate name="Official Report">
        <meta>
            <identification source="#source">
                <FRBRWork>
                    <FRBRthis value="/akn/ie/debateRecord/dail/2012-07-18/writtens/dbsect_40"/>
                    <FRBRuri value="/akn/ie/debateRecord/dail/2012-07-18/writtens"/>
                    <FRBRdate date="2012-07-18" name="#generation"/>
                    <FRBRauthor href="http://oireachtas.ie/ie/oireachtas/house/dail"/>
                    <FRBRcountry value="ie"/>
                <FRBRname value="writtens"/></FRBRWork>
                <FRBRExpression>
                    <FRBRthis value="/akn/ie/debateRecord/dail/2012-07-18/writtens/mul@/dbsect_40"/>
                    <FRBRuri value="/akn/ie/debateRecord/dail/2012-07-18/writtens/mul@"/>
                    <FRBRdate date="2012-07-18" name="#reported"/>
                    <FRBRauthor as="#editor" href="http://oireachtas.ie/ie/oireachtas/role/debates"/>
                    <FRBRlanguage language="mul"/>
                </FRBRExpression>
                <FRBRManifestation>
                    <FRBRthis value="/akn/ie/debateRecord/dail/2012-07-18/writtens/mul@/dbsect_40.xml"/>
                    <FRBRuri value="/akn/ie/debateRecord/dail/2012-07-18/writtens/mul@.akn"/>
                    <FRBRdate date="2016-08-17T12:53:12.290656" name="#publication"/>
                    <FRBRauthor as="#editor" href="http://oireachtas.ie/ie/oireachtas/role/debates"/>
                </FRBRManifestation>
            </identification>
            <references source="#debates">
                <TLCOrganization eId="source" href="http://oireachtas.ie" showAs="Houses of the Oireachtas"/><TLCConcept eId="generation" href="http://oireachtas.ie/ie/oireachtas/ontology#Generation" showAs="Generation"/>
<TLCConcept eId="reported" href="http://oireachtas.ie/ie/oireachtas/ontology#Reported" showAs="Reported"/>
<TLCConcept eId="publication" href="http://oireachtas.ie/ie/oireachtas/ontology#Publication" showAs="Publication"/>
<TLCPerson eId="JohnPaulPhelan" href="http://oireachtas.ie/ie/oireachtas/member/John-Paul-Phelan.S.2002-09-12/dail/31" showAs="Mr. John Paul Phelan"/>
<TLCPerson eId="MichaelNoonan" href="http://oireachtas.ie/ie/oireachtas/member/Michael-Noonan.D.1981-06-30/dail/31" showAs="Mr. Michael Noonan"/>
<TLCRole eId="Minister_for_Finance" href="http://oireachtas.ie/ie/oireachtas/member/Michael-Noonan.D.1981-06-30/dail/31/minister/finance" showAs="Minister for Finance"/>
</references>
        </meta>
        <preface>
            <block name="title_ga">
                <docTitle>DÍOSPÓIREACHTAÍ PARLAIMINTE</docTitle>
            </block>
            <block name="title_en">
                <docTitle>PARLIAMENTARY DEBATES</docTitle>
            </block>
            <block name="proponent_ga">
                <docProponent>DÁIL ÉIREANN</docProponent>
            </block>
            <block name="status_ga">
                <docStatus>TUAIRISC OIFIGIÚIL</docStatus>
            </block>
            <block name="status_en">
                <docStatus>(OFFICIAL REPORT)</docStatus>
            </block>
            <block name="date_ga">
                <docDate date="2012-07-18">Dé Céadaoin, 18 Iúil 2012</docDate>
            </block>
            <block name="date_en">
                <docDate date="2012-07-18">Wednesday, 18 July 2012</docDate>
            </block>
        </preface>
        <debateBody><debateSection name="writtenAnswer" eId="dbsect_40">
                    <heading>State Banking Sector</heading>
                    <question by="#JohnPaulPhelan" to="#Minister_for_Finance" eId="pq_64">
                        <p eId="para_360">
        64
        <b> Deputy John Paul Phelan</b>
         asked the 
        <b>Minister for Finance</b>
         if consideration has been given, notwithstanding the creation of the loan guarantee scheme, to the creation of a new national development bank with a remit similar to the role previously filled by the ACC and ICC; and if he will make a statement on the matter. 
        [35489/12]
      </p>
                    </question>
                    <speech by="#MichaelNoonan" as="#Minister_for_Finance">
                        <from>Minister for Finance (Deputy Michael Noonan)</from>
                        <p eId="para_361">The Government announced the establishment of the Strategic Investment Fund in September 2011. The SIF will channel commercial investment from the National Pensions Reserve Fund (NPRF) towards productive investment in the Irish economy. As well as money from the NPRF, the SIF will seek matching commercial investment from private investors and target investment in areas of strategic significance to the future of the Irish economy.</p>
                        <p eId="para_362">I am informed by the National Treasury Management Agency, as Manager of the National Pensions Reserve Fund, that the NPRF announced in November 2011 a commitment of €250 million to a new Irish infrastructure investment fund which is seeking up to €1 billion from institutional investors in Ireland and overseas and which will invest in infrastructure assets in Ireland, including assets designated for disposal by the Government and commercial State enterprises and also new infrastructure projects. Marketing of this fund in Ireland by Irish Life Investment Managers and abroad by AMP Capital commenced in the first quarter of 2012. Normally the period from commencement of marketing of an investment fund targeting illiquid assets to closure of financial commitments by investors in such a fund can extend up to one year. In parallel, AMP Capital, the infrastructure manager of the fund, has commenced a process of building a pipeline of appropriate investment opportunities.</p>
                        <p eId="para_363">The NPRF has also committed €450 million to finance the national roll out of domestic water meters subject to certain conditions.  In addition, the NPRF is actively supporting the development of the market for venture capital in Ireland through its continued participation in Innovation Fund Ireland in conjunction with Enterprise Ireland.  On 15 March 2012, the Minister for Enterprise, Jobs and Innovation announced the commencement of the second call for expressions of interest from appropriately qualified international venture capital managers.</p>
                        <p eId="para_364">Further involvement of the NPRF in the SIF is expected to require the amendment of the investment policy of the NPRF, which is set out in the National Pensions Reserve Fund Act 2000. Officials of my Department are liaising with the National Treasury Management Agency, which is the Manager of the NPRF, in identifying and drafting the necessary amendments to the legislation and I expect to bring forward proposals for amending legislation as soon as possible once that work is completed.</p>
                    </speech>
                </debateSection>
                </debateBody></debate>
</akomaNtoso>
