<?xml version='1.0' encoding='UTF-8'?>
<akomaNtoso xmlns="http://docs.oasis-open.org/legaldocml/ns/akn/3.0/CSD13" xmlns:xsi="http://www.w3.org/2001/XMLSchema-instance" xsi:schemaLocation="http://docs.oasis-open.org/legaldocml/ns/akn/3.0/CSD13 ./akomantoso30.xsd ">
    <debate name="Official Report">
        <meta>
            <identification source="#source">
                <FRBRWork>
                    <FRBRthis value="/akn/ie/debateRecord/dail/2012-07-18/writtens/dbsect_152"/>
                    <FRBRuri value="/akn/ie/debateRecord/dail/2012-07-18/writtens"/>
                    <FRBRdate date="2012-07-18" name="#generation"/>
                    <FRBRauthor href="http://oireachtas.ie/ie/oireachtas/house/dail"/>
                    <FRBRcountry value="ie"/>
                <FRBRname value="writtens"/></FRBRWork>
                <FRBRExpression>
                    <FRBRthis value="/akn/ie/debateRecord/dail/2012-07-18/writtens/mul@/dbsect_152"/>
                    <FRBRuri value="/akn/ie/debateRecord/dail/2012-07-18/writtens/mul@"/>
                    <FRBRdate date="2012-07-18" name="#reported"/>
                    <FRBRauthor as="#editor" href="http://oireachtas.ie/ie/oireachtas/role/debates"/>
                    <FRBRlanguage language="mul"/>
                </FRBRExpression>
                <FRBRManifestation>
                    <FRBRthis value="/akn/ie/debateRecord/dail/2012-07-18/writtens/mul@/dbsect_152.xml"/>
                    <FRBRuri value="/akn/ie/debateRecord/dail/2012-07-18/writtens/mul@.akn"/>
                    <FRBRdate date="2016-08-17T12:53:12.290656" name="#publication"/>
                    <FRBRauthor as="#editor" href="http://oireachtas.ie/ie/oireachtas/role/debates"/>
                </FRBRManifestation>
            </identification>
            <references source="#debates">
                <TLCOrganization eId="source" href="http://oireachtas.ie" showAs="Houses of the Oireachtas"/><TLCConcept eId="generation" href="http://oireachtas.ie/ie/oireachtas/ontology#Generation" showAs="Generation"/>
<TLCConcept eId="reported" href="http://oireachtas.ie/ie/oireachtas/ontology#Reported" showAs="Reported"/>
<TLCConcept eId="publication" href="http://oireachtas.ie/ie/oireachtas/ontology#Publication" showAs="Publication"/>
<TLCPerson eId="PatRabbitte" href="http://oireachtas.ie/ie/oireachtas/member/Pat-Rabbitte.D.1989-06-29/dail/31" showAs="Mr. Pat Rabbitte"/>
<TLCPerson eId="PatrickODonovan" href="http://oireachtas.ie/ie/oireachtas/member/Patrick-O'Donovan.D.2011-03-09/dail/31" showAs="Mr. Patrick O'Donovan"/>
<TLCRole eId="Minister_for_Communications,_Energy_and_Natural_Resources" href="http://oireachtas.ie/ie/oireachtas/member/Pat-Rabbitte.D.1989-06-29/dail/31/minister/communications__energy__natural_resources" showAs="Minister for Communications, Energy and Natural Resources"/>
</references>
        </meta>
        <preface>
            <block name="title_ga">
                <docTitle>DÍOSPÓIREACHTAÍ PARLAIMINTE</docTitle>
            </block>
            <block name="title_en">
                <docTitle>PARLIAMENTARY DEBATES</docTitle>
            </block>
            <block name="proponent_ga">
                <docProponent>DÁIL ÉIREANN</docProponent>
            </block>
            <block name="status_ga">
                <docStatus>TUAIRISC OIFIGIÚIL</docStatus>
            </block>
            <block name="status_en">
                <docStatus>(OFFICIAL REPORT)</docStatus>
            </block>
            <block name="date_ga">
                <docDate date="2012-07-18">Dé Céadaoin, 18 Iúil 2012</docDate>
            </block>
            <block name="date_en">
                <docDate date="2012-07-18">Wednesday, 18 July 2012</docDate>
            </block>
        </preface>
        <debateBody><debateSection name="writtenAnswer" eId="dbsect_152">
                    <heading>Ministerial Expenditure</heading>
                    <question by="#PatrickODonovan" to="#Minister_for_Communications,_Energy_and_Natural_Resources" eId="pq_208">
                        <p eId="para_4095">
        208
        <b> Deputy Patrick O’Donovan</b>
         asked the 
        <b>Minister for Communications, Energy and Natural Resources</b>
         the amounts spent by previous Ministers and Ministers of State within his Department on subsistence, mobile phone communications and recouped expenses, with indications given to the portion that are both vouched and unvouched for each year from 1 January 2007 to 9 March 2011 inclusive; the extent of such expenditure that was discharged directly by his Department on behalf of the Minister concerned; the extent to which the expenditure was discharged by credit card directly by or on behalf of the Minister involved; and if he will make a statement on the matter. 
        [35499/12]
      </p>
                    </question>
                    <speech by="#PatRabbitte" as="#Minister_for_Communications,_Energy_and_Natural_Resources">
                        <from>Minister for Communications, Energy and Natural Resources (Deputy Pat Rabbitte)</from>
                        <p eId="para_4096">Information requested by the Deputy is outlined in the tables:</p>
                        <table>
                            <caption>Costs for Minister</caption>
                            <tr>
                                <td>
                                    <p eId="para_4097">Name</p>
                                </td>
                                <td>
                                    <p eId="para_4098">Year</p>
                                </td>
                                <td>
                                    <p eId="para_4099">Subsistence €</p>
                                </td>
                                <td>
                                    <p eId="para_4100">Expenses €</p>
                                </td>
                                <td>
                                    <p eId="para_4101">Mobile Phone €</p>
                                </td>
                            </tr>
                            <tr>
                                <td>
                                    <p eId="para_4102">Eamon Ryan</p>
                                </td>
                                <td>
                                    <p eId="para_4103">June 2007-Dec 2007</p>
                                </td>
                                <td>
                                    <p eId="para_4104">1,134</p>
                                </td>
                                <td>
                                    <p eId="para_4105">0</p>
                                </td>
                                <td>
                                    <p eId="para_4106">1,545</p>
                                </td>
                            </tr>
                            <tr>
                                <td/>
                                <td>
                                    <p eId="para_4107">Jan 2008-Dec 2008</p>
                                </td>
                                <td>
                                    <p eId="para_4108">2,605</p>
                                </td>
                                <td>
                                    <p eId="para_4109">0</p>
                                </td>
                                <td>
                                    <p eId="para_4110">1,170</p>
                                </td>
                            </tr>
                            <tr>
                                <td/>
                                <td>
                                    <p eId="para_4111">Jan 2009-Dec 2009</p>
                                </td>
                                <td>
                                    <p eId="para_4112">938</p>
                                </td>
                                <td>
                                    <p eId="para_4113">0</p>
                                </td>
                                <td>
                                    <p eId="para_4114">1,474</p>
                                </td>
                            </tr>
                            <tr>
                                <td/>
                                <td>
                                    <p eId="para_4115">Jan 2010-Dec 2010</p>
                                </td>
                                <td>
                                    <p eId="para_4116">0</p>
                                </td>
                                <td>
                                    <p eId="para_4117">580</p>
                                </td>
                                <td>
                                    <p eId="para_4118">1,096</p>
                                </td>
                            </tr>
                            <tr>
                                <td/>
                                <td>
                                    <p eId="para_4119">January 2011</p>
                                </td>
                                <td>
                                    <p eId="para_4120">0</p>
                                </td>
                                <td>
                                    <p eId="para_4121">0</p>
                                </td>
                                <td>
                                    <p eId="para_4122">211</p>
                                </td>
                            </tr>
                        </table>
                        <p eId="para_4123">Minister Ryan had the use of a Garda driver and car for his period in office.</p>
                        <table>
                            <caption>Costs for Ministers of State</caption>
                            <tr>
                                <td>
                                    <p eId="para_4124">Name</p>
                                </td>
                                <td>
                                    <p eId="para_4125">Year</p>
                                </td>
                                <td>
                                    <p eId="para_4126">Subsistence €</p>
                                </td>
                                <td>
                                    <p eId="para_4127">Expenses €</p>
                                </td>
                                <td>
                                    <p eId="para_4128">Mobile Phone €</p>
                                </td>
                            </tr>
                            <tr>
                                <td>
                                    <p eId="para_4129">Tony Killeen</p>
                                </td>
                                <td>
                                    <p eId="para_4130">June 2007-Dec 2007</p>
                                </td>
                                <td>
                                    <p eId="para_4131">289</p>
                                </td>
                                <td>
                                    <p eId="para_4132">12</p>
                                </td>
                                <td>
                                    <p eId="para_4133">201</p>
                                </td>
                            </tr>
                            <tr>
                                <td/>
                                <td>
                                    <p eId="para_4134">Jan 2008-May 2008</p>
                                </td>
                                <td>
                                    <p eId="para_4135">986</p>
                                </td>
                                <td>
                                    <p eId="para_4136">3,059(includes €2,980 mileage expenses)</p>
                                </td>
                                <td>
                                    <p eId="para_4137">160</p>
                                </td>
                            </tr>
                            <tr>
                                <td>
                                    <p eId="para_4138">Sean Power</p>
                                </td>
                                <td>
                                    <p eId="para_4139">May 2008-Dec 2008</p>
                                </td>
                                <td>
                                    <p eId="para_4140">812</p>
                                </td>
                                <td>
                                    <p eId="para_4141">17,722 (all mileage expenses)</p>
                                </td>
                                <td>
                                    <p eId="para_4142">575</p>
                                </td>
                            </tr>
                            <tr>
                                <td/>
                                <td>
                                    <p eId="para_4143">Jan 2009-Apr 2009</p>
                                </td>
                                <td>
                                    <p eId="para_4144">86</p>
                                </td>
                                <td>
                                    <p eId="para_4145">16,386 (includes €16,054 mileage expenses)</p>
                                </td>
                                <td>
                                    <p eId="para_4146">1,090</p>
                                </td>
                            </tr>
                            <tr>
                                <td>
                                    <p eId="para_4147">Conor Lenihan</p>
                                </td>
                                <td>
                                    <p eId="para_4148">Apr 2009-Dec 2009</p>
                                </td>
                                <td>
                                    <p eId="para_4149">232</p>
                                </td>
                                <td>
                                    <p eId="para_4150">69</p>
                                </td>
                                <td>
                                    <p eId="para_4151">0</p>
                                </td>
                            </tr>
                            <tr>
                                <td/>
                                <td>
                                    <p eId="para_4152">Jan 2010-Dec 2010</p>
                                </td>
                                <td>
                                    <p eId="para_4153">452</p>
                                </td>
                                <td>
                                    <p eId="para_4154">49</p>
                                </td>
                                <td>
                                    <p eId="para_4155">0</p>
                                </td>
                            </tr>
                            <tr>
                                <td/>
                                <td>
                                    <p eId="para_4156">Jan 2011-Mar 2011</p>
                                </td>
                                <td>
                                    <p eId="para_4157">0</p>
                                </td>
                                <td>
                                    <p eId="para_4158">0</p>
                                </td>
                                <td>
                                    <p eId="para_4159">0</p>
                                </td>
                            </tr>
                        </table>
                        <p eId="para_4160">Minsters of State Killeen and Lenihan were also assigned to another Department whilst Minister of State Power was solely assigned to this Department.</p>
                        <p eId="para_4161">As the Minister of State assigned to my Department in the period April 2009 to March 2011 was also assigned to the then Department of Enterprise, Trade and Employment no mobile phone costs or mileage costs were incurred by my Department during that period.</p>
                        <p eId="para_4162">Mileage expenses were paid to Ministers of State in accordance with Department of Finance guidelines.  All other expenses recouped were vouched.</p>
                        <p eId="para_4163">Subsistence payments to Ministers and Ministers of State were paid on the same basis as for civil servants. Expenditure on mobile phone communications were discharged directly by the Department in respect of the Minister and Ministers of State. In the time allotted it has not been possible to identify which expenditure was discharged by credit card. I will supply this information to the Deputy as soon as it is available.</p>
                    </speech>
                </debateSection>
                </debateBody></debate>
</akomaNtoso>
