<?xml version='1.0' encoding='UTF-8'?>
<akomaNtoso xmlns="http://docs.oasis-open.org/legaldocml/ns/akn/3.0/CSD13" xmlns:xsi="http://www.w3.org/2001/XMLSchema-instance" xsi:schemaLocation="http://docs.oasis-open.org/legaldocml/ns/akn/3.0/CSD13 ./akomantoso30.xsd ">
    <debate name="Official Report">
        <meta>
            <identification source="#source">
                <FRBRWork>
                    <FRBRthis value="/akn/ie/debateRecord/dail/2012-07-18/writtens/dbsect_252"/>
                    <FRBRuri value="/akn/ie/debateRecord/dail/2012-07-18/writtens"/>
                    <FRBRdate date="2012-07-18" name="#generation"/>
                    <FRBRauthor href="http://oireachtas.ie/ie/oireachtas/house/dail"/>
                    <FRBRcountry value="ie"/>
                <FRBRname value="writtens"/></FRBRWork>
                <FRBRExpression>
                    <FRBRthis value="/akn/ie/debateRecord/dail/2012-07-18/writtens/mul@/dbsect_252"/>
                    <FRBRuri value="/akn/ie/debateRecord/dail/2012-07-18/writtens/mul@"/>
                    <FRBRdate date="2012-07-18" name="#reported"/>
                    <FRBRauthor as="#editor" href="http://oireachtas.ie/ie/oireachtas/role/debates"/>
                    <FRBRlanguage language="mul"/>
                </FRBRExpression>
                <FRBRManifestation>
                    <FRBRthis value="/akn/ie/debateRecord/dail/2012-07-18/writtens/mul@/dbsect_252.xml"/>
                    <FRBRuri value="/akn/ie/debateRecord/dail/2012-07-18/writtens/mul@.akn"/>
                    <FRBRdate date="2016-08-17T12:53:12.290656" name="#publication"/>
                    <FRBRauthor as="#editor" href="http://oireachtas.ie/ie/oireachtas/role/debates"/>
                </FRBRManifestation>
            </identification>
            <references source="#debates">
                <TLCOrganization eId="source" href="http://oireachtas.ie" showAs="Houses of the Oireachtas"/><TLCConcept eId="generation" href="http://oireachtas.ie/ie/oireachtas/ontology#Generation" showAs="Generation"/>
<TLCConcept eId="reported" href="http://oireachtas.ie/ie/oireachtas/ontology#Reported" showAs="Reported"/>
<TLCConcept eId="publication" href="http://oireachtas.ie/ie/oireachtas/ontology#Publication" showAs="Publication"/>
<TLCPerson eId="NoelHarrington" href="http://oireachtas.ie/ie/oireachtas/member/Noel-Harrington.D.2011-03-09/dail/31" showAs="Mr. Noel Harrington"/>
<TLCPerson eId="RoisinShortall" href="http://oireachtas.ie/ie/oireachtas/member/Róisín-Shortall.D.1992-12-14/dail/31" showAs="Ms. Róisín Shortall"/>
<TLCRole eId="Minister_for_Health" href="http://oireachtas.ie/ie/oireachtas/member/James-Reilly.D.2007-06-14/dail/31/minister/health" showAs="Minister for Health"/>
<TLCRole eId="Minister_of_State_at_the_Department_of_Health" href="http://oireachtas.ie/ie/oireachtas/member/Kathleen-Lynch.D.1994-11-10/dail/31/minister_state/health" showAs="Minister of State at the Department of Health"/>
</references>
        </meta>
        <preface>
            <block name="title_ga">
                <docTitle>DÍOSPÓIREACHTAÍ PARLAIMINTE</docTitle>
            </block>
            <block name="title_en">
                <docTitle>PARLIAMENTARY DEBATES</docTitle>
            </block>
            <block name="proponent_ga">
                <docProponent>DÁIL ÉIREANN</docProponent>
            </block>
            <block name="status_ga">
                <docStatus>TUAIRISC OIFIGIÚIL</docStatus>
            </block>
            <block name="status_en">
                <docStatus>(OFFICIAL REPORT)</docStatus>
            </block>
            <block name="date_ga">
                <docDate date="2012-07-18">Dé Céadaoin, 18 Iúil 2012</docDate>
            </block>
            <block name="date_en">
                <docDate date="2012-07-18">Wednesday, 18 July 2012</docDate>
            </block>
        </preface>
        <debateBody><debateSection name="writtenAnswer" eId="dbsect_252">
                    <heading>Medical Cards</heading>
                    <question by="#NoelHarrington" to="#Minister_for_Health" eId="pq_341">
                        <p eId="para_5422">
        341
        <b> Deputy Noel Harrington</b>
         asked the 
        <b>Minister for Health</b>
         if a person (details supplied) in County Cork will be reimbursed for medical expenses incurred due to his old card being ceased while awaiting for medical card application to be processed; and if he will make a statement on the matter. 
        [35596/12]
      </p>
                    </question>
                    <speech by="#RoisinShortall" as="#Minister_of_State_at_the_Department_of_Health">
                        <from>Minister of State at the Department of Health (Deputy Róisín Shortall)</from>
                        <p eId="para_5423">As this is a service matter it has been referred to the Health Service Executive for direct reply to the Deputy.</p>
                    </speech>
                </debateSection>
                </debateBody></debate>
</akomaNtoso>
