<?xml version='1.0' encoding='UTF-8'?>
<akomaNtoso xmlns="http://docs.oasis-open.org/legaldocml/ns/akn/3.0/CSD13" xmlns:xsi="http://www.w3.org/2001/XMLSchema-instance" xsi:schemaLocation="http://docs.oasis-open.org/legaldocml/ns/akn/3.0/CSD13 ./akomantoso30.xsd ">
    <debate name="Official Report">
        <meta>
            <identification source="#source">
                <FRBRWork>
                    <FRBRthis value="/akn/ie/debateRecord/dail/2012-07-18/writtens/dbsect_10"/>
                    <FRBRuri value="/akn/ie/debateRecord/dail/2012-07-18/writtens"/>
                    <FRBRdate date="2012-07-18" name="#generation"/>
                    <FRBRauthor href="http://oireachtas.ie/ie/oireachtas/house/dail"/>
                    <FRBRcountry value="ie"/>
                <FRBRname value="writtens"/></FRBRWork>
                <FRBRExpression>
                    <FRBRthis value="/akn/ie/debateRecord/dail/2012-07-18/writtens/mul@/dbsect_10"/>
                    <FRBRuri value="/akn/ie/debateRecord/dail/2012-07-18/writtens/mul@"/>
                    <FRBRdate date="2012-07-18" name="#reported"/>
                    <FRBRauthor as="#editor" href="http://oireachtas.ie/ie/oireachtas/role/debates"/>
                    <FRBRlanguage language="mul"/>
                </FRBRExpression>
                <FRBRManifestation>
                    <FRBRthis value="/akn/ie/debateRecord/dail/2012-07-18/writtens/mul@/dbsect_10.xml"/>
                    <FRBRuri value="/akn/ie/debateRecord/dail/2012-07-18/writtens/mul@.akn"/>
                    <FRBRdate date="2016-08-17T12:53:12.290656" name="#publication"/>
                    <FRBRauthor as="#editor" href="http://oireachtas.ie/ie/oireachtas/role/debates"/>
                </FRBRManifestation>
            </identification>
            <references source="#debates">
                <TLCOrganization eId="source" href="http://oireachtas.ie" showAs="Houses of the Oireachtas"/><TLCConcept eId="generation" href="http://oireachtas.ie/ie/oireachtas/ontology#Generation" showAs="Generation"/>
<TLCConcept eId="reported" href="http://oireachtas.ie/ie/oireachtas/ontology#Reported" showAs="Reported"/>
<TLCConcept eId="publication" href="http://oireachtas.ie/ie/oireachtas/ontology#Publication" showAs="Publication"/>
<TLCPerson eId="DinnyMcGinley" href="http://oireachtas.ie/ie/oireachtas/member/Dinny-McGinley.D.1982-03-09/dail/31" showAs="Mr. Dinny McGinley"/>
<TLCPerson eId="GerryAdams" href="http://oireachtas.ie/ie/oireachtas/member/Gerry-Adams.D.2011-03-09/dail/31" showAs="Mr. Gerry Adams"/>
<TLCRole eId="Minister_for_Arts,_Heritage_and_the_Gaeltacht" href="http://oireachtas.ie/ie/oireachtas/member/Jimmy-Deenihan.S.1983-02-23/dail/31/minister/arts__heritage__gaeltacht" showAs="Minister for Arts, Heritage and the Gaeltacht"/>
<TLCRole eId="Minister_of_State_at_the_Department_of_Arts,_Heritage_and_the_Gaeltacht" href="http://oireachtas.ie/ie/oireachtas/member/Dinny-McGinley.D.1982-03-09/dail/31/minister_state/arts__heritage__gaeltacht" showAs="Minister of State at the Department of Arts, Heritage and the Gaeltacht"/>
</references>
        </meta>
        <preface>
            <block name="title_ga">
                <docTitle>DÍOSPÓIREACHTAÍ PARLAIMINTE</docTitle>
            </block>
            <block name="title_en">
                <docTitle>PARLIAMENTARY DEBATES</docTitle>
            </block>
            <block name="proponent_ga">
                <docProponent>DÁIL ÉIREANN</docProponent>
            </block>
            <block name="status_ga">
                <docStatus>TUAIRISC OIFIGIÚIL</docStatus>
            </block>
            <block name="status_en">
                <docStatus>(OFFICIAL REPORT)</docStatus>
            </block>
            <block name="date_ga">
                <docDate date="2012-07-18">Dé Céadaoin, 18 Iúil 2012</docDate>
            </block>
            <block name="date_en">
                <docDate date="2012-07-18">Wednesday, 18 July 2012</docDate>
            </block>
        </preface>
        <debateBody><debateSection name="writtenAnswer" eId="dbsect_10">
                    <heading>Scéimeanna Teanga</heading>
                    <question by="#GerryAdams" to="#Minister_for_Arts,_Heritage_and_the_Gaeltacht" eId="pq_17">
                        <p eId="para_50">
        17
        
          D’fhiafraigh
        <b>Gerry Adams</b>
         den 
        <b>Aire Ealaíon, Oidhreachta agus Gaeltachta</b>
          cé mhéid scéim teanga atá daingnithe ag an Roinn ó thús na bliana agus an féidir leis clár ama a thabhairt dúinn faoin méid atá fós le daingniú; an féidir leis liosta de na scéimeanna teanga atá imithe in éag le breis agus trí bliana a thabhairt dúinn freisin.  
        [35023/12]
      </p>
                    </question>
                    <speech by="#DinnyMcGinley" as="#Minister_of_State_at_the_Department_of_Arts,_Heritage_and_the_Gaeltacht">
                        <from>Minister of State at the Department of Arts, Heritage and the Gaeltacht (Deputy Dinny McGinley)</from>
                        <p eId="para_51">Tá trí scéim teanga daingnithe agam faoi fhorálacha Acht na dTeangacha Oifigiúla go dtí seo i mbliana. Ciallaíonn sé seo go bhfuil 107 scéim teanga san iomlán, a chlúdaíonn 192 comhlacht poiblí, daingnithe ón uair gur tháinig an tAcht i bhfeidhm.  De réir fhorálacha an Achta, tá feidhm ag scéim teanga ar feadh tréimhse trí bliana ón uair a dhaingnítear í nó go ndaingnítear scéim nua, cibé acu is déanaí. Dá bhrí sin, tá feidhm i gcónaí le gach scéim teanga atá daingnithe go dtí seo ag mo Roinnse.  Tá sonraí maidir leis na scéimeanna atá daingnithe go dáta, mar aon leis na scéimeanna atáá n-ullmhú faoi latháir, ar fáil ar shuíomh gréasáin Oifig an Choimisinéara Teanga,<i>www.coimisineir.ie</i>.</p>
                        <p eId="para_52">Tá plé leanúnach ar siúl ag oifigigh mo Roinne le comhlachtaí poiblí maidir le scéimeanna teanga a ullmhú agus a aontú. Sa chomhthéacs sin, tá suas le 20 dréachtscéim á bplé go gníomhach ag mo Roinnse faoi láthair agus tá mé dóchasach go ndéanfar dul chun cinn sásúil chun tuilleadh scéimeanna a aontú faoi dheireadh na bliana seo.</p>
                    </speech>
                </debateSection>
                </debateBody></debate>
</akomaNtoso>
