<?xml version='1.0' encoding='UTF-8'?>
<akomaNtoso xmlns="http://docs.oasis-open.org/legaldocml/ns/akn/3.0/CSD13" xmlns:xsi="http://www.w3.org/2001/XMLSchema-instance" xsi:schemaLocation="http://docs.oasis-open.org/legaldocml/ns/akn/3.0/CSD13 ./akomantoso30.xsd ">
    <debate name="Official Report">
        <meta>
            <identification source="#source">
                <FRBRWork>
                    <FRBRthis value="/akn/ie/debateRecord/dail/2012-07-18/writtens/dbsect_245"/>
                    <FRBRuri value="/akn/ie/debateRecord/dail/2012-07-18/writtens"/>
                    <FRBRdate date="2012-07-18" name="#generation"/>
                    <FRBRauthor href="http://oireachtas.ie/ie/oireachtas/house/dail"/>
                    <FRBRcountry value="ie"/>
                <FRBRname value="writtens"/></FRBRWork>
                <FRBRExpression>
                    <FRBRthis value="/akn/ie/debateRecord/dail/2012-07-18/writtens/mul@/dbsect_245"/>
                    <FRBRuri value="/akn/ie/debateRecord/dail/2012-07-18/writtens/mul@"/>
                    <FRBRdate date="2012-07-18" name="#reported"/>
                    <FRBRauthor as="#editor" href="http://oireachtas.ie/ie/oireachtas/role/debates"/>
                    <FRBRlanguage language="mul"/>
                </FRBRExpression>
                <FRBRManifestation>
                    <FRBRthis value="/akn/ie/debateRecord/dail/2012-07-18/writtens/mul@/dbsect_245.xml"/>
                    <FRBRuri value="/akn/ie/debateRecord/dail/2012-07-18/writtens/mul@.akn"/>
                    <FRBRdate date="2016-08-17T12:53:12.290656" name="#publication"/>
                    <FRBRauthor as="#editor" href="http://oireachtas.ie/ie/oireachtas/role/debates"/>
                </FRBRManifestation>
            </identification>
            <references source="#debates">
                <TLCOrganization eId="source" href="http://oireachtas.ie" showAs="Houses of the Oireachtas"/><TLCConcept eId="generation" href="http://oireachtas.ie/ie/oireachtas/ontology#Generation" showAs="Generation"/>
<TLCConcept eId="reported" href="http://oireachtas.ie/ie/oireachtas/ontology#Reported" showAs="Reported"/>
<TLCConcept eId="publication" href="http://oireachtas.ie/ie/oireachtas/ontology#Publication" showAs="Publication"/>
<TLCPerson eId="KathleenLynch" href="http://oireachtas.ie/ie/oireachtas/member/Kathleen-Lynch.D.1994-11-10/dail/31" showAs="Ms. Kathleen Lynch"/>
<TLCPerson eId="TerenceFlanagan" href="http://oireachtas.ie/ie/oireachtas/member/Terence-Flanagan.D.2007-06-14/dail/31" showAs="Mr. Terence Flanagan"/>
<TLCRole eId="Minister_for_Health" href="http://oireachtas.ie/ie/oireachtas/member/James-Reilly.D.2007-06-14/dail/31/minister/health" showAs="Minister for Health"/>
<TLCRole eId="Minister_of_State_at_the_Department_of_Health" href="http://oireachtas.ie/ie/oireachtas/member/Kathleen-Lynch.D.1994-11-10/dail/31/minister_state/health" showAs="Minister of State at the Department of Health"/>
</references>
        </meta>
        <preface>
            <block name="title_ga">
                <docTitle>DÍOSPÓIREACHTAÍ PARLAIMINTE</docTitle>
            </block>
            <block name="title_en">
                <docTitle>PARLIAMENTARY DEBATES</docTitle>
            </block>
            <block name="proponent_ga">
                <docProponent>DÁIL ÉIREANN</docProponent>
            </block>
            <block name="status_ga">
                <docStatus>TUAIRISC OIFIGIÚIL</docStatus>
            </block>
            <block name="status_en">
                <docStatus>(OFFICIAL REPORT)</docStatus>
            </block>
            <block name="date_ga">
                <docDate date="2012-07-18">Dé Céadaoin, 18 Iúil 2012</docDate>
            </block>
            <block name="date_en">
                <docDate date="2012-07-18">Wednesday, 18 July 2012</docDate>
            </block>
        </preface>
        <debateBody><debateSection name="writtenAnswer" eId="dbsect_245">
                    <heading>Suicide Incidence</heading>
                    <question by="#TerenceFlanagan" to="#Minister_for_Health" eId="pq_317">
                        <p eId="para_5384">
        317
        <b> Deputy Terence Flanagan</b>
         asked the 
        <b>Minister for Health</b>
         the steps being taken to address the increase in the level of suicides in Ireland, by 7% in 2011; and if he will make a statement on the matter. 
        [35539/12]
      </p>
                    </question>
                    <speech by="#KathleenLynch" as="#Minister_of_State_at_the_Department_of_Health">
                        <from>Minister of State at the Department of Health (Deputy Kathleen Lynch)</from>
                        <p eId="para_5385">Dealing with the current high levels of suicide and deliberate self harm is a priority for this Government.  Suicide is a tragedy that we are constantly working to prevent and also working to give more support to the families affected.<i>Reach Out</i> our National Strategy for Action on Suicide Prevention sets out a series of specific actions and calls for a multi-sectoral approach to the prevention of suicidal behaviour in order to foster cooperation between health, education, community, voluntary and private sector agencies.  There are up to 20 voluntary organisations part-funded by the HSE who are providing excellent prevention, intervention and post-intervention support services including phone help-lines and web based support.</p>
                        <p eId="para_5386">The National Office for Suicide Prevention (NOSP) is implementing the<i>Reach Out</i> Actions in a four way strategy — delivering a general population approach to mental health promotion and suicide prevention; using targeted programmes for people at high risk of suicide; delivering services to individuals who have engaged in deliberate self harm and providing support to families and communities bereaved by suicide.  The annual budget for this work has been increased by this Government to over €12 million.</p>
                        <p eId="para_5387">A wide range of awareness and training programmes are also available including safeTALK and ASIST which trains participants to become more alert to the possibility of suicide in their community.  NOSP has also piloted a system of Suicide Crisis Assessment Nurses working with Emergency Departments and GPs which will be rolled out nationally this year.</p>
                        <p eId="para_5388">The special allocation of €35m for mental health which was announced in Budget 2012 will be used primarily to further strengthen Community Mental Health Teams in both Adult and Children's mental health services and to initiate the provision of psychological and counselling services in primary care, specifically for people with mental health problems.</p>
                    </speech>
                </debateSection>
                </debateBody></debate>
</akomaNtoso>
