<?xml version='1.0' encoding='UTF-8'?>
<akomaNtoso xmlns="http://docs.oasis-open.org/legaldocml/ns/akn/3.0/CSD13" xmlns:xsi="http://www.w3.org/2001/XMLSchema-instance" xsi:schemaLocation="http://docs.oasis-open.org/legaldocml/ns/akn/3.0/CSD13 ./akomantoso30.xsd ">
    <debate name="Official Report">
        <meta>
            <identification source="#source">
                <FRBRWork>
                    <FRBRthis value="/akn/ie/debateRecord/dail/2012-07-18/writtens/dbsect_208"/>
                    <FRBRuri value="/akn/ie/debateRecord/dail/2012-07-18/writtens"/>
                    <FRBRdate date="2012-07-18" name="#generation"/>
                    <FRBRauthor href="http://oireachtas.ie/ie/oireachtas/house/dail"/>
                    <FRBRcountry value="ie"/>
                <FRBRname value="writtens"/></FRBRWork>
                <FRBRExpression>
                    <FRBRthis value="/akn/ie/debateRecord/dail/2012-07-18/writtens/mul@/dbsect_208"/>
                    <FRBRuri value="/akn/ie/debateRecord/dail/2012-07-18/writtens/mul@"/>
                    <FRBRdate date="2012-07-18" name="#reported"/>
                    <FRBRauthor as="#editor" href="http://oireachtas.ie/ie/oireachtas/role/debates"/>
                    <FRBRlanguage language="mul"/>
                </FRBRExpression>
                <FRBRManifestation>
                    <FRBRthis value="/akn/ie/debateRecord/dail/2012-07-18/writtens/mul@/dbsect_208.xml"/>
                    <FRBRuri value="/akn/ie/debateRecord/dail/2012-07-18/writtens/mul@.akn"/>
                    <FRBRdate date="2016-08-17T12:53:12.290656" name="#publication"/>
                    <FRBRauthor as="#editor" href="http://oireachtas.ie/ie/oireachtas/role/debates"/>
                </FRBRManifestation>
            </identification>
            <references source="#debates">
                <TLCOrganization eId="source" href="http://oireachtas.ie" showAs="Houses of the Oireachtas"/><TLCConcept eId="generation" href="http://oireachtas.ie/ie/oireachtas/ontology#Generation" showAs="Generation"/>
<TLCConcept eId="reported" href="http://oireachtas.ie/ie/oireachtas/ontology#Reported" showAs="Reported"/>
<TLCConcept eId="publication" href="http://oireachtas.ie/ie/oireachtas/ontology#Publication" showAs="Publication"/>
<TLCPerson eId="AlanShatter" href="http://oireachtas.ie/ie/oireachtas/member/Alan-Shatter.D.1981-06-30/dail/31" showAs="Mr. Alan Shatter"/>
<TLCPerson eId="DenisNaughten" href="http://oireachtas.ie/ie/oireachtas/member/Denis-Naughten.S.1997-01-28/dail/31" showAs="Mr. Denis Naughten"/>
<TLCRole eId="Minister_for_Justice_and_Equality" href="http://oireachtas.ie/ie/oireachtas/member/Alan-Shatter.D.1981-06-30/dail/31/minister/justice__equality" showAs="Minister for Justice and Equality"/>
</references>
        </meta>
        <preface>
            <block name="title_ga">
                <docTitle>DÍOSPÓIREACHTAÍ PARLAIMINTE</docTitle>
            </block>
            <block name="title_en">
                <docTitle>PARLIAMENTARY DEBATES</docTitle>
            </block>
            <block name="proponent_ga">
                <docProponent>DÁIL ÉIREANN</docProponent>
            </block>
            <block name="status_ga">
                <docStatus>TUAIRISC OIFIGIÚIL</docStatus>
            </block>
            <block name="status_en">
                <docStatus>(OFFICIAL REPORT)</docStatus>
            </block>
            <block name="date_ga">
                <docDate date="2012-07-18">Dé Céadaoin, 18 Iúil 2012</docDate>
            </block>
            <block name="date_en">
                <docDate date="2012-07-18">Wednesday, 18 July 2012</docDate>
            </block>
        </preface>
        <debateBody><debateSection name="writtenAnswer" eId="dbsect_208">
                    <heading>Sexual Offences</heading>
                    <question by="#DenisNaughten" to="#Minister_for_Justice_and_Equality" eId="pq_275">
                        <p eId="para_4904">
        275
        <b> Deputy Denis Naughten</b>
         asked the 
        <b>Minister for Justice and Equality</b>
         the number of persons who must currently comply with Garda registration under Part 2 of the Sex Offenders Act 2001;the number of persons currently in breach of conditions under this part of the Act; the corresponding figures on a Garda divisional basis; and if he will make a statement on the matter. 
        [35918/12]
      </p>
                    </question>
                    <speech by="#AlanShatter" as="#Minister_for_Justice_and_Equality">
                        <from>Minister for Justice and Equality (Deputy Alan Shatter)</from>
                        <p eId="para_4905">The Sex Offenders Act 2001 contains a comprehensive series of provisions aimed at protecting children and other persons. Part 2 of the Act makes persons convicted of a range of sexual offences subject to notification requirements. The provisions of the Act also extend to any offenders convicted abroad of the same range of sexual offences who enter the State.</p>
                        <p eId="para_4906">I am informed by the Garda authorities that, to 12 July, 2012, there were 1,204 persons subject to the requirements of Part 2 of the Act.  I am also informed that there have been 33 prosecutions for offences contrary to Part 2 of the Act to date in 2012.  At an operational level, it is not Garda policy to provide such information on a Divisional basis or in a manner that might lead to the identification of individuals.</p>
                        <p eId="para_4907">All offenders subject to the notification requirements are monitored by the Sex Offender Management and Intelligence Unit (SOMIU) at the Garda National Bureau of Criminal Investigation. The Unit is supported by Garda Inspectors nominated in each Garda Division throughout the State.   I am confident that the appropriate level of monitoring is carried out by An Garda Síochána and that all breaches of the requirements which come to notice are pursued.</p>
                    </speech>
                </debateSection>
                </debateBody></debate>
</akomaNtoso>
