<?xml version='1.0' encoding='UTF-8'?>
<akomaNtoso xmlns="http://docs.oasis-open.org/legaldocml/ns/akn/3.0/CSD13" xmlns:xsi="http://www.w3.org/2001/XMLSchema-instance" xsi:schemaLocation="http://docs.oasis-open.org/legaldocml/ns/akn/3.0/CSD13 ./akomantoso30.xsd ">
    <debate name="Official Report">
        <meta>
            <identification source="#source">
                <FRBRWork>
                    <FRBRthis value="/akn/ie/debateRecord/dail/2012-07-18/writtens/dbsect_49"/>
                    <FRBRuri value="/akn/ie/debateRecord/dail/2012-07-18/writtens"/>
                    <FRBRdate date="2012-07-18" name="#generation"/>
                    <FRBRauthor href="http://oireachtas.ie/ie/oireachtas/house/dail"/>
                    <FRBRcountry value="ie"/>
                <FRBRname value="writtens"/></FRBRWork>
                <FRBRExpression>
                    <FRBRthis value="/akn/ie/debateRecord/dail/2012-07-18/writtens/mul@/dbsect_49"/>
                    <FRBRuri value="/akn/ie/debateRecord/dail/2012-07-18/writtens/mul@"/>
                    <FRBRdate date="2012-07-18" name="#reported"/>
                    <FRBRauthor as="#editor" href="http://oireachtas.ie/ie/oireachtas/role/debates"/>
                    <FRBRlanguage language="mul"/>
                </FRBRExpression>
                <FRBRManifestation>
                    <FRBRthis value="/akn/ie/debateRecord/dail/2012-07-18/writtens/mul@/dbsect_49.xml"/>
                    <FRBRuri value="/akn/ie/debateRecord/dail/2012-07-18/writtens/mul@.akn"/>
                    <FRBRdate date="2016-08-17T12:53:12.290656" name="#publication"/>
                    <FRBRauthor as="#editor" href="http://oireachtas.ie/ie/oireachtas/role/debates"/>
                </FRBRManifestation>
            </identification>
            <references source="#debates">
                <TLCOrganization eId="source" href="http://oireachtas.ie" showAs="Houses of the Oireachtas"/><TLCConcept eId="generation" href="http://oireachtas.ie/ie/oireachtas/ontology#Generation" showAs="Generation"/>
<TLCConcept eId="reported" href="http://oireachtas.ie/ie/oireachtas/ontology#Reported" showAs="Reported"/>
<TLCConcept eId="publication" href="http://oireachtas.ie/ie/oireachtas/ontology#Publication" showAs="Publication"/>
<TLCPerson eId="CiaraConway" href="http://oireachtas.ie/ie/oireachtas/member/Ciara-Conway.D.2011-03-09/dail/31" showAs="Ms. Ciara Conway"/>
<TLCPerson eId="MichaelNoonan" href="http://oireachtas.ie/ie/oireachtas/member/Michael-Noonan.D.1981-06-30/dail/31" showAs="Mr. Michael Noonan"/>
<TLCRole eId="Minister_for_Finance" href="http://oireachtas.ie/ie/oireachtas/member/Michael-Noonan.D.1981-06-30/dail/31/minister/finance" showAs="Minister for Finance"/>
</references>
        </meta>
        <preface>
            <block name="title_ga">
                <docTitle>DÍOSPÓIREACHTAÍ PARLAIMINTE</docTitle>
            </block>
            <block name="title_en">
                <docTitle>PARLIAMENTARY DEBATES</docTitle>
            </block>
            <block name="proponent_ga">
                <docProponent>DÁIL ÉIREANN</docProponent>
            </block>
            <block name="status_ga">
                <docStatus>TUAIRISC OIFIGIÚIL</docStatus>
            </block>
            <block name="status_en">
                <docStatus>(OFFICIAL REPORT)</docStatus>
            </block>
            <block name="date_ga">
                <docDate date="2012-07-18">Dé Céadaoin, 18 Iúil 2012</docDate>
            </block>
            <block name="date_en">
                <docDate date="2012-07-18">Wednesday, 18 July 2012</docDate>
            </block>
        </preface>
        <debateBody><debateSection name="writtenAnswer" eId="dbsect_49">
                    <heading>Fiscal Policy</heading>
                    <question by="#CiaraConway" to="#Minister_for_Finance" eId="pq_84">
                        <p eId="para_911">
        84
        <b> Deputy Ciara Conway</b>
         asked the 
        <b>Minister for Finance</b>
         if there is a system of targeted spending from revenue collected in respect of each of the following taxes (details supplied); if so, if he will provide a breakdown of same in respect of each of these tax revenues; and if he will make a statement on the matter. 
        [35856/12]
      </p>
                    </question>
                    <speech by="#MichaelNoonan" as="#Minister_for_Finance">
                        <from>Minister for Finance (Deputy Michael Noonan)</from>
                        <p eId="para_912">Generally speaking all revenues of the State, including tax revenues are paid into the Central Fund. They are not assigned to specific areas of expenditure but rather form part of the pot from which overall Exchequer expenditure is funded.  However, it is the case that receipts from both the Household Charge and Motor Tax are directed to the Local Government Fund, rather than the Central Fund.</p>
                        <p eId="para_913">The Department of Public Expenditure and Reform published the Revised Book of Estimates (REV) for 2012 in February. The REV sets out the voted expenditure allocations for every Government Department and Office.</p>
                        <p eId="para_914">A breakdown of expenditure from the Local Government Fund is shown on page 114 of the 2012 REV. It should be noted that €46.5 million of the estimated proceeds from the<i>Budget 2012</i> increases in Motor Tax in 2012 are due to be paid over to the Central Fund from the Local Government Fund this year.</p>
                        <p eId="para_915">Similarly, receipts from PRSI are allocated to the Social Insurance Fund (SIF) and the National Training Fund (NTF), rather than the Central Fund. The bulk of receipts go to the SIF. Spending from the SIF is directed to benefit schemes. A complete breakdown of expenditure from the SIF can be found in the 2012 Further Revised Estimate for the Department of Social Protection. It should be noted that as the income of the SIF is presently insufficient to cover all of its expenditures, a subvention is required from the Exchequer to meet the shortfall. Expenditure under the NTF supports training and the identification of skills needs. A breakdown of NTF expenditure can be found on page 133 of the 2012 REV. It should be noted note that the estimated income from contributions on the NTF in 2012 has been revised to €300.8 million.</p>
                        <p eId="para_916">Both PAYE and Universal Social Charge (USC) receipts form part of income tax and are paid into the Central Fund. They are therefore available, along with other sources of tax revenue, non-tax revenue and capital receipts as well as the funds sourced from borrowing, to fund overall Exchequer expenditure.</p>
                    </speech>
                </debateSection>
                </debateBody></debate>
</akomaNtoso>
