<?xml version='1.0' encoding='UTF-8'?>
<akomaNtoso xmlns="http://docs.oasis-open.org/legaldocml/ns/akn/3.0/CSD13" xmlns:xsi="http://www.w3.org/2001/XMLSchema-instance" xsi:schemaLocation="http://docs.oasis-open.org/legaldocml/ns/akn/3.0/CSD13 ./akomantoso30.xsd ">
    <debate name="Official Report">
        <meta>
            <identification source="#source">
                <FRBRWork>
                    <FRBRthis value="/akn/ie/debateRecord/dail/2012-07-18/writtens/dbsect_178"/>
                    <FRBRuri value="/akn/ie/debateRecord/dail/2012-07-18/writtens"/>
                    <FRBRdate date="2012-07-18" name="#generation"/>
                    <FRBRauthor href="http://oireachtas.ie/ie/oireachtas/house/dail"/>
                    <FRBRcountry value="ie"/>
                <FRBRname value="writtens"/></FRBRWork>
                <FRBRExpression>
                    <FRBRthis value="/akn/ie/debateRecord/dail/2012-07-18/writtens/mul@/dbsect_178"/>
                    <FRBRuri value="/akn/ie/debateRecord/dail/2012-07-18/writtens/mul@"/>
                    <FRBRdate date="2012-07-18" name="#reported"/>
                    <FRBRauthor as="#editor" href="http://oireachtas.ie/ie/oireachtas/role/debates"/>
                    <FRBRlanguage language="mul"/>
                </FRBRExpression>
                <FRBRManifestation>
                    <FRBRthis value="/akn/ie/debateRecord/dail/2012-07-18/writtens/mul@/dbsect_178.xml"/>
                    <FRBRuri value="/akn/ie/debateRecord/dail/2012-07-18/writtens/mul@.akn"/>
                    <FRBRdate date="2016-08-17T12:53:12.290656" name="#publication"/>
                    <FRBRauthor as="#editor" href="http://oireachtas.ie/ie/oireachtas/role/debates"/>
                </FRBRManifestation>
            </identification>
            <references source="#debates">
                <TLCOrganization eId="source" href="http://oireachtas.ie" showAs="Houses of the Oireachtas"/><TLCConcept eId="generation" href="http://oireachtas.ie/ie/oireachtas/ontology#Generation" showAs="Generation"/>
<TLCConcept eId="reported" href="http://oireachtas.ie/ie/oireachtas/ontology#Reported" showAs="Reported"/>
<TLCConcept eId="publication" href="http://oireachtas.ie/ie/oireachtas/ontology#Publication" showAs="Publication"/>
<TLCPerson eId="JanOSullivan" href="http://oireachtas.ie/ie/oireachtas/member/Jan-O'Sullivan.S.1993-02-17/dail/31" showAs="Ms. Jan O'Sullivan"/>
<TLCPerson eId="TommyBroughan" href="http://oireachtas.ie/ie/oireachtas/member/Thomas-P-Broughan.D.1992-12-14/dail/31" showAs="Mr. Tommy Broughan"/>
<TLCRole eId="Minister_for_the_Environment,_Community_and_Local_Government" href="http://oireachtas.ie/ie/oireachtas/member/Phil-Hogan.S.1987-04-25/dail/31/minister/environment__community__local_government" showAs="Minister for the Environment, Community and Local Government"/>
<TLCRole eId="Minister_of_State_at_the_Department_of_the_Environment,_Community_and_Local_Government" href="http://oireachtas.ie/ie/oireachtas/member/Jan-O'Sullivan.S.1993-02-17/dail/31/minister_state/environment__community__local_government" showAs="Minister of State at the Department of the Environment, Community and Local Government"/>
</references>
        </meta>
        <preface>
            <block name="title_ga">
                <docTitle>DÍOSPÓIREACHTAÍ PARLAIMINTE</docTitle>
            </block>
            <block name="title_en">
                <docTitle>PARLIAMENTARY DEBATES</docTitle>
            </block>
            <block name="proponent_ga">
                <docProponent>DÁIL ÉIREANN</docProponent>
            </block>
            <block name="status_ga">
                <docStatus>TUAIRISC OIFIGIÚIL</docStatus>
            </block>
            <block name="status_en">
                <docStatus>(OFFICIAL REPORT)</docStatus>
            </block>
            <block name="date_ga">
                <docDate date="2012-07-18">Dé Céadaoin, 18 Iúil 2012</docDate>
            </block>
            <block name="date_en">
                <docDate date="2012-07-18">Wednesday, 18 July 2012</docDate>
            </block>
        </preface>
        <debateBody><debateSection name="writtenAnswer" eId="dbsect_178">
                    <heading>Planning Issues</heading>
                    <question by="#TommyBroughan" to="#Minister_for_the_Environment,_Community_and_Local_Government" eId="pq_237">
                        <p eId="para_4503">
        237
        <b> Deputy Thomas P. Broughan</b>
         asked the 
        <b>Minister for the Environment, Community and Local Government</b>
         if he will consider establishing a strategic development zone for the north fringe of Dublin City and south fringe of Fingal County to oversee the full remediation and completion of the district as a first class new urban region for the counties concerned; if his attention has been drawn to the fact that the non-statutory North Fringe Forum urgently needs SDZ management status to strengthen its coordinating and invigilation role carried out since 2004; and if he will make a statement on the matter. 
        [35845/12]
      </p>
                    </question>
                    <speech by="#JanOSullivan" as="#Minister_of_State_at_the_Department_of_the_Environment,_Community_and_Local_Government">
                        <from>Minister of State at the Department of the Environment, Community and Local Government (Deputy Jan O’Sullivan)</from>
                        <p eId="para_4504">Specific responsibility for the planning and delivery of the North and South Fringe development rests, respectively, with Dublin City Council and Fingal County Council.  Dublin City Council adopted its Dublin City Development Plan 2011-2017 and Fingal County Council adopted its Fingal Development Plan 2011-2017 both of which set out statutory objectives for the development of the North and South Fringe, respectively.</p>
                        <p eId="para_4505">A North Fringe Cross-Authority Forum established in 2004 continues to monitor progress in the implementation of the North Fringe Framework Development.  Meetings continue to be held on a cross-authority basis at which a wide range of issues relating to the planning and delivery of the North Fringe development are discussed and actions taken.</p>
                        <p eId="para_4506">Furthermore, Dublin City Council recently published a draft Local Area Plan (LAP) for Clongriffin-Belmayne (North Fringe) which is currently on public consultation until 1 August 2012.  I also understand that Fingal County Council intend to publish a draft LAP for Baldoyle-Stapolin and a draft LAP for Portmarnock South for public consultation later this year.</p>
                        <p eId="para_4507">On the basis of the ongoing cooperation within the statutory framework of the existing development plans, and the proposed local area plans, I do not believe that a strategic development zone is a necessary vehicle to deliver on areas such as the North and South Fringe.</p>
                    </speech>
                </debateSection>
                </debateBody></debate>
</akomaNtoso>
