<?xml version='1.0' encoding='UTF-8'?>
<akomaNtoso xmlns="http://docs.oasis-open.org/legaldocml/ns/akn/3.0/CSD13" xmlns:xsi="http://www.w3.org/2001/XMLSchema-instance" xsi:schemaLocation="http://docs.oasis-open.org/legaldocml/ns/akn/3.0/CSD13 ./akomantoso30.xsd ">
    <debate name="Official Report">
        <meta>
            <identification source="#source">
                <FRBRWork>
                    <FRBRthis value="/akn/ie/debateRecord/dail/2012-07-18/writtens/dbsect_226"/>
                    <FRBRuri value="/akn/ie/debateRecord/dail/2012-07-18/writtens"/>
                    <FRBRdate date="2012-07-18" name="#generation"/>
                    <FRBRauthor href="http://oireachtas.ie/ie/oireachtas/house/dail"/>
                    <FRBRcountry value="ie"/>
                <FRBRname value="writtens"/></FRBRWork>
                <FRBRExpression>
                    <FRBRthis value="/akn/ie/debateRecord/dail/2012-07-18/writtens/mul@/dbsect_226"/>
                    <FRBRuri value="/akn/ie/debateRecord/dail/2012-07-18/writtens/mul@"/>
                    <FRBRdate date="2012-07-18" name="#reported"/>
                    <FRBRauthor as="#editor" href="http://oireachtas.ie/ie/oireachtas/role/debates"/>
                    <FRBRlanguage language="mul"/>
                </FRBRExpression>
                <FRBRManifestation>
                    <FRBRthis value="/akn/ie/debateRecord/dail/2012-07-18/writtens/mul@/dbsect_226.xml"/>
                    <FRBRuri value="/akn/ie/debateRecord/dail/2012-07-18/writtens/mul@.akn"/>
                    <FRBRdate date="2016-08-17T12:53:12.290656" name="#publication"/>
                    <FRBRauthor as="#editor" href="http://oireachtas.ie/ie/oireachtas/role/debates"/>
                </FRBRManifestation>
            </identification>
            <references source="#debates">
                <TLCOrganization eId="source" href="http://oireachtas.ie" showAs="Houses of the Oireachtas"/><TLCConcept eId="generation" href="http://oireachtas.ie/ie/oireachtas/ontology#Generation" showAs="Generation"/>
<TLCConcept eId="reported" href="http://oireachtas.ie/ie/oireachtas/ontology#Reported" showAs="Reported"/>
<TLCConcept eId="publication" href="http://oireachtas.ie/ie/oireachtas/ontology#Publication" showAs="Publication"/>
<TLCPerson eId="MichaelCreed" href="http://oireachtas.ie/ie/oireachtas/member/Michael-Creed.D.1989-06-29/dail/31" showAs="Mr. Michael Creed"/>
<TLCPerson eId="SimonCoveney" href="http://oireachtas.ie/ie/oireachtas/member/Simon-Coveney.D.1998-10-23/dail/31" showAs="Mr. Simon Coveney"/>
<TLCRole eId="Minister_for_Agriculture,_Food_and_the_Marine" href="http://oireachtas.ie/ie/oireachtas/member/Simon-Coveney.D.1998-10-23/dail/31/minister/agriculture__food__marine" showAs="Minister for Agriculture, Food and the Marine"/>
</references>
        </meta>
        <preface>
            <block name="title_ga">
                <docTitle>DÍOSPÓIREACHTAÍ PARLAIMINTE</docTitle>
            </block>
            <block name="title_en">
                <docTitle>PARLIAMENTARY DEBATES</docTitle>
            </block>
            <block name="proponent_ga">
                <docProponent>DÁIL ÉIREANN</docProponent>
            </block>
            <block name="status_ga">
                <docStatus>TUAIRISC OIFIGIÚIL</docStatus>
            </block>
            <block name="status_en">
                <docStatus>(OFFICIAL REPORT)</docStatus>
            </block>
            <block name="date_ga">
                <docDate date="2012-07-18">Dé Céadaoin, 18 Iúil 2012</docDate>
            </block>
            <block name="date_en">
                <docDate date="2012-07-18">Wednesday, 18 July 2012</docDate>
            </block>
        </preface>
        <debateBody><debateSection name="writtenAnswer" eId="dbsect_226">
                    <heading>Milk Quota</heading>
                    <question by="#MichaelCreed" to="#Minister_for_Agriculture,_Food_and_the_Marine" eId="pq_298">
                        <p eId="para_5310">
        298
        <b> Deputy Michael Creed</b>
         asked the 
        <b>Minister for Agriculture, Food and the Marine</b>
         if he will confirm receipt of an application for milk quota for a new entrant from a person (details supplied) in County Cork; the number of applications received under this scheme in 2012; when a decision will issue regarding successful applications; if he will outline the process by which applications will be scored; and if he will make a statement on the matter. 
        [35773/12]
      </p>
                    </question>
                    <speech by="#SimonCoveney" as="#Minister_for_Agriculture,_Food_and_the_Marine">
                        <from>Minister for Agriculture, Food and the Marine (Deputy Simon Coveney)</from>
                        <p eId="para_5311">In February 2012 my Department announced details of the 2012 Scheme for the Allocation of Milk Quota to New Entrants to Dairying, with a closing date of 4th May 2012.  Approximately 270 applications were received in my Department before this deadline. These applications were subject to a preliminary examination to ensure compliance with the eligibility criteria as set out in the Detailed Rules of the Scheme. All valid applications, including that received from the person named, have been submitted to the Assessment Panel for examination and it is expected that the Panel will have completed its work by mid August, at which time I hope to announce the results of the Scheme.</p>
                        <p eId="para_5312">The Assessment Panel will base its decisions on the contents and quality of the applications submitted, taking account of educational qualifications, experience and the quality of the Business Plan and other factors.</p>
                    </speech>
                </debateSection>
                </debateBody></debate>
</akomaNtoso>
