<?xml version='1.0' encoding='UTF-8'?>
<akomaNtoso xmlns="http://docs.oasis-open.org/legaldocml/ns/akn/3.0/CSD13" xmlns:xsi="http://www.w3.org/2001/XMLSchema-instance" xsi:schemaLocation="http://docs.oasis-open.org/legaldocml/ns/akn/3.0/CSD13 ./akomantoso30.xsd ">
    <debate name="Official Report">
        <meta>
            <identification source="#source">
                <FRBRWork>
                    <FRBRthis value="/akn/ie/debateRecord/dail/2012-07-18/writtens/dbsect_125"/>
                    <FRBRuri value="/akn/ie/debateRecord/dail/2012-07-18/writtens"/>
                    <FRBRdate date="2012-07-18" name="#generation"/>
                    <FRBRauthor href="http://oireachtas.ie/ie/oireachtas/house/dail"/>
                    <FRBRcountry value="ie"/>
                <FRBRname value="writtens"/></FRBRWork>
                <FRBRExpression>
                    <FRBRthis value="/akn/ie/debateRecord/dail/2012-07-18/writtens/mul@/dbsect_125"/>
                    <FRBRuri value="/akn/ie/debateRecord/dail/2012-07-18/writtens/mul@"/>
                    <FRBRdate date="2012-07-18" name="#reported"/>
                    <FRBRauthor as="#editor" href="http://oireachtas.ie/ie/oireachtas/role/debates"/>
                    <FRBRlanguage language="mul"/>
                </FRBRExpression>
                <FRBRManifestation>
                    <FRBRthis value="/akn/ie/debateRecord/dail/2012-07-18/writtens/mul@/dbsect_125.xml"/>
                    <FRBRuri value="/akn/ie/debateRecord/dail/2012-07-18/writtens/mul@.akn"/>
                    <FRBRdate date="2016-08-17T12:53:12.290656" name="#publication"/>
                    <FRBRauthor as="#editor" href="http://oireachtas.ie/ie/oireachtas/role/debates"/>
                </FRBRManifestation>
            </identification>
            <references source="#debates">
                <TLCOrganization eId="source" href="http://oireachtas.ie" showAs="Houses of the Oireachtas"/><TLCConcept eId="generation" href="http://oireachtas.ie/ie/oireachtas/ontology#Generation" showAs="Generation"/>
<TLCConcept eId="reported" href="http://oireachtas.ie/ie/oireachtas/ontology#Reported" showAs="Reported"/>
<TLCConcept eId="publication" href="http://oireachtas.ie/ie/oireachtas/ontology#Publication" showAs="Publication"/>
<TLCPerson eId="JoanBurtonLAB" href="http://oireachtas.ie/ie/oireachtas/member/Joan-Burton.D.1992-12-14/dail/31" showAs="Ms. Joan Burton"/>
<TLCPerson eId="JoanCollins" href="http://oireachtas.ie/ie/oireachtas/member/Joan-Collins.D.2011-03-09/dail/31" showAs="Ms. Joan Collins"/>
<TLCRole eId="Minister_for_Social_Protection" href="http://oireachtas.ie/ie/oireachtas/member/Joan-Burton.D.1992-12-14/dail/31/minister/social_protection" showAs="Minister for Social Protection"/>
</references>
        </meta>
        <preface>
            <block name="title_ga">
                <docTitle>DÍOSPÓIREACHTAÍ PARLAIMINTE</docTitle>
            </block>
            <block name="title_en">
                <docTitle>PARLIAMENTARY DEBATES</docTitle>
            </block>
            <block name="proponent_ga">
                <docProponent>DÁIL ÉIREANN</docProponent>
            </block>
            <block name="status_ga">
                <docStatus>TUAIRISC OIFIGIÚIL</docStatus>
            </block>
            <block name="status_en">
                <docStatus>(OFFICIAL REPORT)</docStatus>
            </block>
            <block name="date_ga">
                <docDate date="2012-07-18">Dé Céadaoin, 18 Iúil 2012</docDate>
            </block>
            <block name="date_en">
                <docDate date="2012-07-18">Wednesday, 18 July 2012</docDate>
            </block>
        </preface>
        <debateBody><debateSection name="writtenAnswer" eId="dbsect_125">
                    <heading>Pension Provisions</heading>
                    <question by="#JoanCollins" to="#Minister_for_Social_Protection" eId="pq_171">
                        <p eId="para_3911">
        171
        <b> Deputy Joan Collins</b>
         asked the 
        <b>Minister for Social Protection</b>
         if her attention has been drawn to the potential anomaly regarding persons who have effectively finished their working life and have been made redundant at the age of 65 years or a short time beforehand; they may be claiming jobseeker’s allowance benefit and are not allowed to change over to the State pension transition year payment. 
        [35674/12]
      </p>
                    </question>
                    <speech by="#JoanBurtonLAB" as="#Minister_for_Social_Protection">
                        <from>Minister for Social Protection (Deputy Joan Burton)</from>
                        <p eId="para_3912">The Deputy will be aware of the sustainability issues regarding pensions in Ireland and the pension reform measures underway to try to address some of these issues including the raising of State pension age which has already been provided for in primary legislation.</p>
                        <p eId="para_3913">Currently, the State pension (transition) is available to those who fulfil the qualifying criteria and the normal rules continue to apply for those transferring over from another social welfare payment.</p>
                        <p eId="para_3914">As part of the pension reform measures underway, this will change in 2014.  While the current State pension age of 66 remains, the State pension (transition) which applies for one year for persons of age 65 will cease from 2014.  Thereafter, State pension age will increase to 67 in 2021 and 68 in 2028.</p>
                        <p eId="para_3915">In relation to pension reform, as Irish society has changed, pensions policy has evolved to reflect these changes.  A key focus of mine has been to ensure that the State pension is sustainable in light of demographic changes and the associated increases in pension costs.  This challenge is compounded by the wider need for sustainable public finances.  Our primary consideration in making the changes we have made to reform pensions has been to ensure that pensions are adequate and the system is on a financially sound and sustainable footing.</p>
                        <p eId="para_3916">For those with an income need social welfare schemes will continue to be available, for those who fulfil the eligibility criteria.</p>
                        <p eId="para_3917">I can confirm that a forum to consider the retirement and longer working considerations which may result from the changes to State pension age is currently being scheduled by my Department.  The purpose of this forum is to enable the representatives of the various government departments, social partners and other interest groups to engage and consider the issues involved.</p>
                        <p eId="para_3918">We will always continue to provide the normal supports to those who can't, for whatever reason, continue working or find themselves in financial difficulty.</p>
                    </speech>
                </debateSection>
                </debateBody></debate>
</akomaNtoso>
