<?xml version='1.0' encoding='UTF-8'?>
<akomaNtoso xmlns="http://docs.oasis-open.org/legaldocml/ns/akn/3.0/CSD13" xmlns:xsi="http://www.w3.org/2001/XMLSchema-instance" xsi:schemaLocation="http://docs.oasis-open.org/legaldocml/ns/akn/3.0/CSD13 ./akomantoso30.xsd ">
    <debate name="Official Report">
        <meta>
            <identification source="#source">
                <FRBRWork>
                    <FRBRthis value="/akn/ie/debateRecord/dail/2012-07-18/writtens/dbsect_79"/>
                    <FRBRuri value="/akn/ie/debateRecord/dail/2012-07-18/writtens"/>
                    <FRBRdate date="2012-07-18" name="#generation"/>
                    <FRBRauthor href="http://oireachtas.ie/ie/oireachtas/house/dail"/>
                    <FRBRcountry value="ie"/>
                <FRBRname value="writtens"/></FRBRWork>
                <FRBRExpression>
                    <FRBRthis value="/akn/ie/debateRecord/dail/2012-07-18/writtens/mul@/dbsect_79"/>
                    <FRBRuri value="/akn/ie/debateRecord/dail/2012-07-18/writtens/mul@"/>
                    <FRBRdate date="2012-07-18" name="#reported"/>
                    <FRBRauthor as="#editor" href="http://oireachtas.ie/ie/oireachtas/role/debates"/>
                    <FRBRlanguage language="mul"/>
                </FRBRExpression>
                <FRBRManifestation>
                    <FRBRthis value="/akn/ie/debateRecord/dail/2012-07-18/writtens/mul@/dbsect_79.xml"/>
                    <FRBRuri value="/akn/ie/debateRecord/dail/2012-07-18/writtens/mul@.akn"/>
                    <FRBRdate date="2016-08-17T12:53:12.290656" name="#publication"/>
                    <FRBRauthor as="#editor" href="http://oireachtas.ie/ie/oireachtas/role/debates"/>
                </FRBRManifestation>
            </identification>
            <references source="#debates">
                <TLCOrganization eId="source" href="http://oireachtas.ie" showAs="Houses of the Oireachtas"/><TLCConcept eId="generation" href="http://oireachtas.ie/ie/oireachtas/ontology#Generation" showAs="Generation"/>
<TLCConcept eId="reported" href="http://oireachtas.ie/ie/oireachtas/ontology#Reported" showAs="Reported"/>
<TLCConcept eId="publication" href="http://oireachtas.ie/ie/oireachtas/ontology#Publication" showAs="Publication"/>
<TLCPerson eId="BrendanHowlin" href="http://oireachtas.ie/ie/oireachtas/member/Brendan-Howlin.S.1983-02-23/dail/31" showAs="Mr. Brendan Howlin"/>
<TLCPerson eId="JohnLyonsLab" href="http://oireachtas.ie/ie/oireachtas/member/John-Lyons.D.2011-03-09/dail/31" showAs="Mr. John Lyons"/>
<TLCRole eId="Minister_for_Expenditure" href="http://oireachtas.ie/ie/oireachtas/minister/expenditure" showAs="Minister for Expenditure"/>
<TLCRole eId="Minister_for_Public_Expenditure_and_Reform" href="http://oireachtas.ie/ie/oireachtas/member/Brendan-Howlin.S.1983-02-23/dail/31/minister/public_expenditure__reform" showAs="Minister for Public Expenditure and Reform"/>
</references>
        </meta>
        <preface>
            <block name="title_ga">
                <docTitle>DÍOSPÓIREACHTAÍ PARLAIMINTE</docTitle>
            </block>
            <block name="title_en">
                <docTitle>PARLIAMENTARY DEBATES</docTitle>
            </block>
            <block name="proponent_ga">
                <docProponent>DÁIL ÉIREANN</docProponent>
            </block>
            <block name="status_ga">
                <docStatus>TUAIRISC OIFIGIÚIL</docStatus>
            </block>
            <block name="status_en">
                <docStatus>(OFFICIAL REPORT)</docStatus>
            </block>
            <block name="date_ga">
                <docDate date="2012-07-18">Dé Céadaoin, 18 Iúil 2012</docDate>
            </block>
            <block name="date_en">
                <docDate date="2012-07-18">Wednesday, 18 July 2012</docDate>
            </block>
        </preface>
        <debateBody><debateSection name="writtenAnswer" eId="dbsect_79">
                    <heading>Public Procurement</heading>
                    <question by="#JohnLyonsLab" to="#Minister_for_Expenditure" eId="pq_118">
                        <p eId="para_3587">
        118
        <b> Deputy John Lyons</b>
         asked the 
        <b>Minister for Public Expenditure and Reform</b>
         if he will provide an update on the proposed reforms of public procurement to support Irish firms and to allow greater access by Irish small and medium enterprises to public contracts; and if he will make a statement on the matter. 
        [35704/12]
      </p>
                    </question>
                    <speech by="#BrendanHowlin" as="#Minister_for_Public_Expenditure_and_Reform">
                        <from>Minister for Public Expenditure and Reform (Deputy Brendan Howlin)</from>
                        <p eId="para_3588">I am aware that public procurement can be an important source of business for Irish small and medium enterprises (SMEs). Current guidelines (Circular 10/10) issued by my Department require public bodies to promote participation of SMEs in the award of public contracts.  The guidance also highlights practices that are to be avoided because they can unjustifiably hinder small businesses in competing for public contracts.  The key provisions of the guidance include:</p>
                        <p eId="para_3589">supplies and general services contracts with an estimated value of €25,000 or more to be advertised on the<i>www.etenders.gov.ie</i> website;</p>
                        <p eId="para_3590">less use of "restrictive" tendering procedures and greater use of "open" tendering;</p>
                        <p eId="para_3591">ensuring that the levels set by contracting authorities for suitability criteria are justified and proportionate to the needs of the contract;</p>
                        <p eId="para_3592">sub-dividing larger requirements into lots where this is practical and can be done without compromising efficiency and value for money.</p>
                        <p eId="para_3593">The National Procurement Service (NPS) is responsible for producing annual statistical information in relation to above-EU threshold procurement activity by the Irish public sector and for providing these statistics to the European Commission.  For works contracts the threshold is €5 million; for supplies and service contracts awarded by Government Departments the threshold is €130,000 and for the remainder of public bodies the threshold is €200,000.  The threshold for supplies and service contracts of entities operating in utility sectors (water, energy, transport and postal) is €400,000. On average 5000 tenders for the procurement of goods, services and works are advertised on eTenders every year.</p>
                        <p eId="para_3594">I am informed by the NPS that the latest information for above-EU threshold contracts is for 2010.  In that year, the State spent €3.3billion on above threshold contracts of which only 8.7% went to non-domestic companies.</p>
                        <p eId="para_3595">In terms of overall procurement budget (approximately €14 billion in 2010), the NPS estimates that approximately 5% of the overall spend went to non-domestic suppliers.</p>
                        <p eId="para_3596">The development of policy in relation to public procurement has to be seen in the context of a set of rules agreed by European Member States which have the aim of creating a transparent and competitive single market for public procurement contracts.  It is a basic principle of EU law that between citizens and businesses within the Union there should not be discrimination on grounds of nationality.  Therefore it would be a breach of the rules for a public body to favour or discriminate against particular candidates on grounds of nationality and there are legal remedies which may be used against any public body infringing these rules.</p>
                        <p eId="para_3597">The importance of procurement policy becomes apparent when one sees that each year public authorities across the European Union spend 18% of GDP or approximately €2.3 trillion on goods, services and works.  In this context, it is important to realise that the open market regime offers critical opportunities for Irish companies to win business abroad.  In this regard, Enterprise Ireland and Intertrade Ireland offer training and support to businesses in order to raise awareness of public procurement opportunities and to improve the capacity of indigenous firms to compete effectively for these opportunities.</p>
                    </speech>
                </debateSection>
                </debateBody></debate>
</akomaNtoso>
