<?xml version='1.0' encoding='UTF-8'?>
<akomaNtoso xmlns="http://docs.oasis-open.org/legaldocml/ns/akn/3.0/CSD13" xmlns:xsi="http://www.w3.org/2001/XMLSchema-instance" xsi:schemaLocation="http://docs.oasis-open.org/legaldocml/ns/akn/3.0/CSD13 ./akomantoso30.xsd ">
    <debate name="Official Report">
        <meta>
            <identification source="#source">
                <FRBRWork>
                    <FRBRthis value="/akn/ie/debateRecord/dail/2012-07-18/writtens/dbsect_36"/>
                    <FRBRuri value="/akn/ie/debateRecord/dail/2012-07-18/writtens"/>
                    <FRBRdate date="2012-07-18" name="#generation"/>
                    <FRBRauthor href="http://oireachtas.ie/ie/oireachtas/house/dail"/>
                    <FRBRcountry value="ie"/>
                <FRBRname value="writtens"/></FRBRWork>
                <FRBRExpression>
                    <FRBRthis value="/akn/ie/debateRecord/dail/2012-07-18/writtens/mul@/dbsect_36"/>
                    <FRBRuri value="/akn/ie/debateRecord/dail/2012-07-18/writtens/mul@"/>
                    <FRBRdate date="2012-07-18" name="#reported"/>
                    <FRBRauthor as="#editor" href="http://oireachtas.ie/ie/oireachtas/role/debates"/>
                    <FRBRlanguage language="mul"/>
                </FRBRExpression>
                <FRBRManifestation>
                    <FRBRthis value="/akn/ie/debateRecord/dail/2012-07-18/writtens/mul@/dbsect_36.xml"/>
                    <FRBRuri value="/akn/ie/debateRecord/dail/2012-07-18/writtens/mul@.akn"/>
                    <FRBRdate date="2016-08-17T12:53:12.290656" name="#publication"/>
                    <FRBRauthor as="#editor" href="http://oireachtas.ie/ie/oireachtas/role/debates"/>
                </FRBRManifestation>
            </identification>
            <references source="#debates">
                <TLCOrganization eId="source" href="http://oireachtas.ie" showAs="Houses of the Oireachtas"/><TLCConcept eId="generation" href="http://oireachtas.ie/ie/oireachtas/ontology#Generation" showAs="Generation"/>
<TLCConcept eId="reported" href="http://oireachtas.ie/ie/oireachtas/ontology#Reported" showAs="Reported"/>
<TLCConcept eId="publication" href="http://oireachtas.ie/ie/oireachtas/ontology#Publication" showAs="Publication"/>
<TLCPerson eId="EamonGilmore" href="http://oireachtas.ie/ie/oireachtas/member/Eamon-Gilmore.D.1989-06-29/dail/31" showAs="Mr. Eamon Gilmore"/>
<TLCPerson eId="JerryButtimer" href="http://oireachtas.ie/ie/oireachtas/member/Jerry-Buttimer.S.2007-07-23/dail/31" showAs="Mr. Jerry Buttimer"/>
<TLCRole eId="Minister_for_Foreign" href="http://oireachtas.ie/ie/oireachtas/minister/foreign" showAs="Minister for Foreign"/>
<TLCRole eId="Tánaiste_and_Minister_for_Foreign_Affairs_and_Trade" href="http://oireachtas.ie/ie/oireachtas/member/Eamon-Gilmore.D.1989-06-29/dail/31/role/tánaiste_and_minister_for_foreign_affairs_and_trade" showAs="Tánaiste and Minister for Foreign Affairs and Trade"/>
</references>
        </meta>
        <preface>
            <block name="title_ga">
                <docTitle>DÍOSPÓIREACHTAÍ PARLAIMINTE</docTitle>
            </block>
            <block name="title_en">
                <docTitle>PARLIAMENTARY DEBATES</docTitle>
            </block>
            <block name="proponent_ga">
                <docProponent>DÁIL ÉIREANN</docProponent>
            </block>
            <block name="status_ga">
                <docStatus>TUAIRISC OIFIGIÚIL</docStatus>
            </block>
            <block name="status_en">
                <docStatus>(OFFICIAL REPORT)</docStatus>
            </block>
            <block name="date_ga">
                <docDate date="2012-07-18">Dé Céadaoin, 18 Iúil 2012</docDate>
            </block>
            <block name="date_en">
                <docDate date="2012-07-18">Wednesday, 18 July 2012</docDate>
            </block>
        </preface>
        <debateBody><debateSection name="writtenAnswer" eId="dbsect_36">
                    <heading>Ministerial Advisers</heading>
                    <question by="#JerryButtimer" to="#Minister_for_Foreign" eId="pq_59">
                        <p eId="para_319">
        59
        <b> Deputy Jerry Buttimer</b>
         asked the 
        <b>Tánaiste and Minister for Foreign Affairs and Trade</b>
         if he will provide details of the number of political advisers employed by him or his Department; and if he will make a statement on the matter. 
        [35873/12]
      </p>
                    </question>
                    <question by="#JerryButtimer" to="#Minister_for_Foreign" eId="pq_60">
                        <p eId="para_320">
        60
        <b> Deputy Jerry Buttimer</b>
         asked the 
        <b>Tánaiste and Minister for Foreign Affairs and Trade</b>
         if he will provide details of the number of political advisers employed by his predecessors in each of the past five years; and if he will make a statement on the matter. 
        [35892/12]
      </p>
                    </question>
                    <speech by="#EamonGilmore" as="#Tánaiste_and_Minister_for_Foreign_Affairs_and_Trade">
                        <from>Tánaiste and Minister for Foreign Affairs and Trade (Deputy Eamon Gilmore)</from>
                        <p eId="para_321">I propose to take Questions Nos. 59 and 60 together.</p>
                        <p eId="para_322">Details of the number of Advisers currently appointed to support me in the performance of my duties as Tánaiste and Minister for Foreign Affairs and Trade and the Minister of State for European Affairs are provided in the table below.</p>
                        <table>
                            <tr>
                                <td>
                                    <p eId="para_323">Office</p>
                                </td>
                                <td>
                                    <p eId="para_324">Position</p>
                                </td>
                            </tr>
                            <tr>
                                <td>
                                    <p eId="para_325">Office of the Tánaiste</p>
                                </td>
                                <td>
                                    <p eId="para_326">1 Chief Adviser; 1 Economic Adviser</p>
                                </td>
                            </tr>
                            <tr>
                                <td>
                                    <p eId="para_327">Office of the Minister for Foreign Affairs and Trade</p>
                                </td>
                                <td>
                                    <p eId="para_328">1 Special Adviser</p>
                                </td>
                            </tr>
                            <tr>
                                <td>
                                    <p eId="para_329">Minister of State for European Affairs</p>
                                </td>
                                <td>
                                    <p eId="para_330">1 Special Adviser</p>
                                </td>
                            </tr>
                        </table>
                        <p eId="para_331">Details of the number of Advisers appointed to Ministers and Ministers of State serving at the Department of Foreign Affairs over the period 2007 to 2011 are set out in the following table.</p>
                        <table>
                            <tr>
                                <td>
                                    <p eId="para_332">Minister</p>
                                </td>
                                <td>
                                    <p eId="para_333">Position and duration of appointment</p>
                                </td>
                            </tr>
                            <tr>
                                <td>
                                    <p eId="para_334">Minister Micheál Martin, TD</p>
                                </td>
                                <td>
                                    <p eId="para_335">1 Special Adviser:  May 2008 to January 20111 Special Adviser:  May 2008 to May 2010 September 2010 to January 2011</p>
                                </td>
                            </tr>
                            <tr>
                                <td>
                                    <p eId="para_336">Minister Dermot Ahern, TD</p>
                                </td>
                                <td>
                                    <p eId="para_337">1 Special Adviser:  September 2004 to May 20081 Press Adviser: September 2004 to May 2008</p>
                                </td>
                            </tr>
                            <tr>
                                <td>
                                    <p eId="para_338">Minister of State Dick Roche, TD</p>
                                </td>
                                <td>
                                    <p eId="para_339">1 Special Adviser:  June 2007 to March 2011</p>
                                </td>
                            </tr>
                            <tr>
                                <td>
                                    <p eId="para_340">Minister of State Peter Power, TD</p>
                                </td>
                                <td>
                                    <p eId="para_341">1 Special Adviser:  May 2008 to March 2011</p>
                                </td>
                            </tr>
                        </table>
                    </speech>
                </debateSection>
                </debateBody></debate>
</akomaNtoso>
