<?xml version='1.0' encoding='UTF-8'?>
<akomaNtoso xmlns="http://docs.oasis-open.org/legaldocml/ns/akn/3.0/CSD13" xmlns:xsi="http://www.w3.org/2001/XMLSchema-instance" xsi:schemaLocation="http://docs.oasis-open.org/legaldocml/ns/akn/3.0/CSD13 ./akomantoso30.xsd ">
    <debate name="Official Report">
        <meta>
            <identification source="#source">
                <FRBRWork>
                    <FRBRthis value="/akn/ie/debateRecord/dail/2012-07-18/writtens/dbsect_98"/>
                    <FRBRuri value="/akn/ie/debateRecord/dail/2012-07-18/writtens"/>
                    <FRBRdate date="2012-07-18" name="#generation"/>
                    <FRBRauthor href="http://oireachtas.ie/ie/oireachtas/house/dail"/>
                    <FRBRcountry value="ie"/>
                <FRBRname value="writtens"/></FRBRWork>
                <FRBRExpression>
                    <FRBRthis value="/akn/ie/debateRecord/dail/2012-07-18/writtens/mul@/dbsect_98"/>
                    <FRBRuri value="/akn/ie/debateRecord/dail/2012-07-18/writtens/mul@"/>
                    <FRBRdate date="2012-07-18" name="#reported"/>
                    <FRBRauthor as="#editor" href="http://oireachtas.ie/ie/oireachtas/role/debates"/>
                    <FRBRlanguage language="mul"/>
                </FRBRExpression>
                <FRBRManifestation>
                    <FRBRthis value="/akn/ie/debateRecord/dail/2012-07-18/writtens/mul@/dbsect_98.xml"/>
                    <FRBRuri value="/akn/ie/debateRecord/dail/2012-07-18/writtens/mul@.akn"/>
                    <FRBRdate date="2016-08-17T12:53:12.290656" name="#publication"/>
                    <FRBRauthor as="#editor" href="http://oireachtas.ie/ie/oireachtas/role/debates"/>
                </FRBRManifestation>
            </identification>
            <references source="#debates">
                <TLCOrganization eId="source" href="http://oireachtas.ie" showAs="Houses of the Oireachtas"/><TLCConcept eId="generation" href="http://oireachtas.ie/ie/oireachtas/ontology#Generation" showAs="Generation"/>
<TLCConcept eId="reported" href="http://oireachtas.ie/ie/oireachtas/ontology#Reported" showAs="Reported"/>
<TLCConcept eId="publication" href="http://oireachtas.ie/ie/oireachtas/ontology#Publication" showAs="Publication"/>
<TLCPerson eId="RichardBruton" href="http://oireachtas.ie/ie/oireachtas/member/Richard-Bruton.S.1981-10-08/dail/31" showAs="Mr. Richard Bruton"/>
<TLCPerson eId="TommyBroughan" href="http://oireachtas.ie/ie/oireachtas/member/Thomas-P-Broughan.D.1992-12-14/dail/31" showAs="Mr. Tommy Broughan"/>
<TLCRole eId="Minister_for_Jobs,_Enterprise_and_Innovation" href="http://oireachtas.ie/ie/oireachtas/member/Richard-Bruton.S.1981-10-08/dail/31/minister/jobs__enterprise__innovation" showAs="Minister for Jobs, Enterprise and Innovation"/>
</references>
        </meta>
        <preface>
            <block name="title_ga">
                <docTitle>DÍOSPÓIREACHTAÍ PARLAIMINTE</docTitle>
            </block>
            <block name="title_en">
                <docTitle>PARLIAMENTARY DEBATES</docTitle>
            </block>
            <block name="proponent_ga">
                <docProponent>DÁIL ÉIREANN</docProponent>
            </block>
            <block name="status_ga">
                <docStatus>TUAIRISC OIFIGIÚIL</docStatus>
            </block>
            <block name="status_en">
                <docStatus>(OFFICIAL REPORT)</docStatus>
            </block>
            <block name="date_ga">
                <docDate date="2012-07-18">Dé Céadaoin, 18 Iúil 2012</docDate>
            </block>
            <block name="date_en">
                <docDate date="2012-07-18">Wednesday, 18 July 2012</docDate>
            </block>
        </preface>
        <debateBody><debateSection name="writtenAnswer" eId="dbsect_98">
                    <heading>Alcohol Pricing</heading>
                    <question by="#TommyBroughan" to="#Minister_for_Jobs,_Enterprise_and_Innovation" eId="pq_141">
                        <p eId="para_3773">
        141
        <b> Deputy Thomas P. Broughan</b>
         asked the 
        <b>Minister for Jobs, Enterprise and Innovation</b>
         if he will liaise with the Department of Justice and Equality to consider introducing a ban on below cost selling of alcohol products and also to prevent the loss of VAT income to the State through reclaimed VAT on losses incurred in below cost selling of alcohol products; and if he will make a statement on the matter. 
        [35923/12]
      </p>
                    </question>
                    <speech by="#RichardBruton" as="#Minister_for_Jobs,_Enterprise_and_Innovation">
                        <from>Minister for Jobs, Enterprise and Innovation (Deputy Richard Bruton)</from>
                        <p eId="para_3774">Since the repeal of the Restrictive Practices legislation, no statutory basis exists for me, as Minister for Jobs, Enterprise and Innovation, to make a minimum pricing order.</p>
                        <p eId="para_3775">I am aware of concerns raised about the high level of consumption of alcohol and the consequential detrimental effects caused to individuals and to society in general, particularly from a health aspect. Government's response will be informed by the findings of the Steering Group Report on a National Substance Misuse Strategy, which was published earlier this year.</p>
                        <p eId="para_3776">Issues relating to VAT are a matter for the Minister for Finance and the Revenue Commissioners.</p>
                    </speech>
                </debateSection>
                </debateBody></debate>
</akomaNtoso>
