<?xml version='1.0' encoding='UTF-8'?>
<akomaNtoso xmlns="http://docs.oasis-open.org/legaldocml/ns/akn/3.0/CSD13" xmlns:xsi="http://www.w3.org/2001/XMLSchema-instance" xsi:schemaLocation="http://docs.oasis-open.org/legaldocml/ns/akn/3.0/CSD13 ./akomantoso30.xsd ">
    <debate name="Official Report">
        <meta>
            <identification source="#source">
                <FRBRWork>
                    <FRBRthis value="/akn/ie/debateRecord/dail/2012-07-18/writtens/dbsect_71"/>
                    <FRBRuri value="/akn/ie/debateRecord/dail/2012-07-18/writtens"/>
                    <FRBRdate date="2012-07-18" name="#generation"/>
                    <FRBRauthor href="http://oireachtas.ie/ie/oireachtas/house/dail"/>
                    <FRBRcountry value="ie"/>
                <FRBRname value="writtens"/></FRBRWork>
                <FRBRExpression>
                    <FRBRthis value="/akn/ie/debateRecord/dail/2012-07-18/writtens/mul@/dbsect_71"/>
                    <FRBRuri value="/akn/ie/debateRecord/dail/2012-07-18/writtens/mul@"/>
                    <FRBRdate date="2012-07-18" name="#reported"/>
                    <FRBRauthor as="#editor" href="http://oireachtas.ie/ie/oireachtas/role/debates"/>
                    <FRBRlanguage language="mul"/>
                </FRBRExpression>
                <FRBRManifestation>
                    <FRBRthis value="/akn/ie/debateRecord/dail/2012-07-18/writtens/mul@/dbsect_71.xml"/>
                    <FRBRuri value="/akn/ie/debateRecord/dail/2012-07-18/writtens/mul@.akn"/>
                    <FRBRdate date="2016-08-17T12:53:12.290656" name="#publication"/>
                    <FRBRauthor as="#editor" href="http://oireachtas.ie/ie/oireachtas/role/debates"/>
                </FRBRManifestation>
            </identification>
            <references source="#debates">
                <TLCOrganization eId="source" href="http://oireachtas.ie" showAs="Houses of the Oireachtas"/><TLCConcept eId="generation" href="http://oireachtas.ie/ie/oireachtas/ontology#Generation" showAs="Generation"/>
<TLCConcept eId="reported" href="http://oireachtas.ie/ie/oireachtas/ontology#Reported" showAs="Reported"/>
<TLCConcept eId="publication" href="http://oireachtas.ie/ie/oireachtas/ontology#Publication" showAs="Publication"/>
<TLCPerson eId="CiaranCannon" href="http://oireachtas.ie/ie/oireachtas/member/Ciaran-Cannon.S.2007-07-23/dail/31" showAs="Mr. Ciaran Cannon"/>
<TLCPerson eId="JimDaly" href="http://oireachtas.ie/ie/oireachtas/member/Jim-Daly.D.2011-03-09/dail/31" showAs="Mr. Jim Daly"/>
<TLCRole eId="Minister_for_Education_and_Skills" href="http://oireachtas.ie/ie/oireachtas/member/Ruairí-Quinn.S.1976-07-01/dail/31/minister/education__skills" showAs="Minister for Education and Skills"/>
<TLCRole eId="Minister_of_State_at_the_Department_of_Education_and_Skills" href="http://oireachtas.ie/ie/oireachtas/member/Ciaran-Cannon.S.2007-07-23/dail/31/minister_state/education__skills" showAs="Minister of State at the Department of Education and Skills"/>
</references>
        </meta>
        <preface>
            <block name="title_ga">
                <docTitle>DÍOSPÓIREACHTAÍ PARLAIMINTE</docTitle>
            </block>
            <block name="title_en">
                <docTitle>PARLIAMENTARY DEBATES</docTitle>
            </block>
            <block name="proponent_ga">
                <docProponent>DÁIL ÉIREANN</docProponent>
            </block>
            <block name="status_ga">
                <docStatus>TUAIRISC OIFIGIÚIL</docStatus>
            </block>
            <block name="status_en">
                <docStatus>(OFFICIAL REPORT)</docStatus>
            </block>
            <block name="date_ga">
                <docDate date="2012-07-18">Dé Céadaoin, 18 Iúil 2012</docDate>
            </block>
            <block name="date_en">
                <docDate date="2012-07-18">Wednesday, 18 July 2012</docDate>
            </block>
        </preface>
        <debateBody><debateSection name="writtenAnswer" eId="dbsect_71">
                    <heading>School Transport</heading>
                    <question by="#JimDaly" to="#Minister_for_Education_and_Skills" eId="pq_109">
                        <p eId="para_2019">
        109
        <b> Deputy Jim Daly</b>
         asked the 
        <b>Minister for Education and Skills</b>
         if he will reconsider restrictions imposed on students planning to attend their preferred post-primary school that has an existing bus service suitable to the student (details supplied); and if he will make a statement on the matter. 
        [35765/12]
      </p>
                    </question>
                    <speech by="#CiaranCannon" as="#Minister_of_State_at_the_Department_of_Education_and_Skills">
                        <from>Minister of State at the Department of Education and Skills (Deputy Ciarán Cannon)</from>
                        <p eId="para_2020">Changes to the Post Primary School Transport Scheme were announced in Budget 2011 and derive from recommendations in the Value for Money Review of the School Transport Scheme.</p>
                        <p eId="para_2021">The main change to the current scheme means that from the 2012/13 school year, school transport eligibility for all pupils newly entering a post primary school will be determined by reference to the distance they reside from their nearest Post-Primary Education Centre having regard, as heretofore, to ethos and language.</p>
                        <p eId="para_2022">In general, existing eligible and catchment boundary children including those who are not attending their nearest post primary centre will retain their transport eligibility for the duration of their post primary education cycle provided there is no change to their current circumstances.</p>
                        <p eId="para_2023">Siblings of these children and other children who are not attending their nearest school may apply for school transport on a concessionary basis only in accordance with the terms of the Post Primary School Transport Scheme.</p>
                        <p eId="para_2024">While it is the prerogative of parents to send their children to the school of their choice, eligibility for school transport is to the nearest school, having regard for ethos and language.</p>
                    </speech>
                </debateSection>
                </debateBody></debate>
</akomaNtoso>
