<?xml version='1.0' encoding='UTF-8'?>
<akomaNtoso xmlns="http://docs.oasis-open.org/legaldocml/ns/akn/3.0/CSD13" xmlns:xsi="http://www.w3.org/2001/XMLSchema-instance" xsi:schemaLocation="http://docs.oasis-open.org/legaldocml/ns/akn/3.0/CSD13 ./akomantoso30.xsd ">
    <debate name="Official Report">
        <meta>
            <identification source="#source">
                <FRBRWork>
                    <FRBRthis value="/akn/ie/debateRecord/dail/2012-07-18/writtens/dbsect_237"/>
                    <FRBRuri value="/akn/ie/debateRecord/dail/2012-07-18/writtens"/>
                    <FRBRdate date="2012-07-18" name="#generation"/>
                    <FRBRauthor href="http://oireachtas.ie/ie/oireachtas/house/dail"/>
                    <FRBRcountry value="ie"/>
                <FRBRname value="writtens"/></FRBRWork>
                <FRBRExpression>
                    <FRBRthis value="/akn/ie/debateRecord/dail/2012-07-18/writtens/mul@/dbsect_237"/>
                    <FRBRuri value="/akn/ie/debateRecord/dail/2012-07-18/writtens/mul@"/>
                    <FRBRdate date="2012-07-18" name="#reported"/>
                    <FRBRauthor as="#editor" href="http://oireachtas.ie/ie/oireachtas/role/debates"/>
                    <FRBRlanguage language="mul"/>
                </FRBRExpression>
                <FRBRManifestation>
                    <FRBRthis value="/akn/ie/debateRecord/dail/2012-07-18/writtens/mul@/dbsect_237.xml"/>
                    <FRBRuri value="/akn/ie/debateRecord/dail/2012-07-18/writtens/mul@.akn"/>
                    <FRBRdate date="2016-08-17T12:53:12.290656" name="#publication"/>
                    <FRBRauthor as="#editor" href="http://oireachtas.ie/ie/oireachtas/role/debates"/>
                </FRBRManifestation>
            </identification>
            <references source="#debates">
                <TLCOrganization eId="source" href="http://oireachtas.ie" showAs="Houses of the Oireachtas"/><TLCConcept eId="generation" href="http://oireachtas.ie/ie/oireachtas/ontology#Generation" showAs="Generation"/>
<TLCConcept eId="reported" href="http://oireachtas.ie/ie/oireachtas/ontology#Reported" showAs="Reported"/>
<TLCConcept eId="publication" href="http://oireachtas.ie/ie/oireachtas/ontology#Publication" showAs="Publication"/>
<TLCPerson eId="FrancesFitzgerald" href="http://oireachtas.ie/ie/oireachtas/member/Frances-Fitzgerald.D.1992-12-14/dail/31" showAs="Ms. Frances Fitzgerald"/>
<TLCPerson eId="JerryButtimer" href="http://oireachtas.ie/ie/oireachtas/member/Jerry-Buttimer.S.2007-07-23/dail/31" showAs="Mr. Jerry Buttimer"/>
<TLCRole eId="Minister_for_Children_and_Youth_Affairs" href="http://oireachtas.ie/ie/oireachtas/member/Frances-Fitzgerald.D.1992-12-14/dail/31/minister/children__youth_affairs" showAs="Minister for Children and Youth Affairs"/>
</references>
        </meta>
        <preface>
            <block name="title_ga">
                <docTitle>DÍOSPÓIREACHTAÍ PARLAIMINTE</docTitle>
            </block>
            <block name="title_en">
                <docTitle>PARLIAMENTARY DEBATES</docTitle>
            </block>
            <block name="proponent_ga">
                <docProponent>DÁIL ÉIREANN</docProponent>
            </block>
            <block name="status_ga">
                <docStatus>TUAIRISC OIFIGIÚIL</docStatus>
            </block>
            <block name="status_en">
                <docStatus>(OFFICIAL REPORT)</docStatus>
            </block>
            <block name="date_ga">
                <docDate date="2012-07-18">Dé Céadaoin, 18 Iúil 2012</docDate>
            </block>
            <block name="date_en">
                <docDate date="2012-07-18">Wednesday, 18 July 2012</docDate>
            </block>
        </preface>
        <debateBody><debateSection name="writtenAnswer" eId="dbsect_237">
                    <heading>Ministerial Advisers</heading>
                    <question by="#JerryButtimer" to="#Minister_for_Children_and_Youth_Affairs" eId="pq_309">
                        <p eId="para_5360">
        309
        <b> Deputy Jerry Buttimer</b>
         asked the 
        <b>Minister for Children and Youth Affairs</b>
         if she will provide details of the number of political advisers employed by her or her Department; and if she will make a statement on the matter. 
        [35867/12]
      </p>
                    </question>
                    <speech by="#FrancesFitzgerald" as="#Minister_for_Children_and_Youth_Affairs">
                        <from>Minister for Children and Youth Affairs (Deputy Frances Fitzgerald)</from>
                        <p eId="para_5361">The Department of Public Expenditure and Reform has issued detailed guidelines on the staffing of Ministerial Offices which include salary limits for persons appointed to the position of Special Adviser, Personal Assistant, Personal Secretary and Civilian Driver. All Ministerial appointments in my Department are in line with these guidelines. There are three special advisers in my Department, two of whom work 50% patterns.</p>
                    </speech>
                </debateSection>
                </debateBody></debate>
</akomaNtoso>
