<?xml version='1.0' encoding='UTF-8'?>
<akomaNtoso xmlns="http://docs.oasis-open.org/legaldocml/ns/akn/3.0/CSD13" xmlns:xsi="http://www.w3.org/2001/XMLSchema-instance" xsi:schemaLocation="http://docs.oasis-open.org/legaldocml/ns/akn/3.0/CSD13 ./akomantoso30.xsd ">
    <debate name="Official Report">
        <meta>
            <identification source="#source">
                <FRBRWork>
                    <FRBRthis value="/akn/ie/debateRecord/dail/2012-07-18/writtens/dbsect_241"/>
                    <FRBRuri value="/akn/ie/debateRecord/dail/2012-07-18/writtens"/>
                    <FRBRdate date="2012-07-18" name="#generation"/>
                    <FRBRauthor href="http://oireachtas.ie/ie/oireachtas/house/dail"/>
                    <FRBRcountry value="ie"/>
                <FRBRname value="writtens"/></FRBRWork>
                <FRBRExpression>
                    <FRBRthis value="/akn/ie/debateRecord/dail/2012-07-18/writtens/mul@/dbsect_241"/>
                    <FRBRuri value="/akn/ie/debateRecord/dail/2012-07-18/writtens/mul@"/>
                    <FRBRdate date="2012-07-18" name="#reported"/>
                    <FRBRauthor as="#editor" href="http://oireachtas.ie/ie/oireachtas/role/debates"/>
                    <FRBRlanguage language="mul"/>
                </FRBRExpression>
                <FRBRManifestation>
                    <FRBRthis value="/akn/ie/debateRecord/dail/2012-07-18/writtens/mul@/dbsect_241.xml"/>
                    <FRBRuri value="/akn/ie/debateRecord/dail/2012-07-18/writtens/mul@.akn"/>
                    <FRBRdate date="2016-08-17T12:53:12.290656" name="#publication"/>
                    <FRBRauthor as="#editor" href="http://oireachtas.ie/ie/oireachtas/role/debates"/>
                </FRBRManifestation>
            </identification>
            <references source="#debates">
                <TLCOrganization eId="source" href="http://oireachtas.ie" showAs="Houses of the Oireachtas"/><TLCConcept eId="generation" href="http://oireachtas.ie/ie/oireachtas/ontology#Generation" showAs="Generation"/>
<TLCConcept eId="reported" href="http://oireachtas.ie/ie/oireachtas/ontology#Reported" showAs="Reported"/>
<TLCConcept eId="publication" href="http://oireachtas.ie/ie/oireachtas/ontology#Publication" showAs="Publication"/>
<TLCPerson eId="DominicHannigan" href="http://oireachtas.ie/ie/oireachtas/member/Dominic-Hannigan.S.2007-07-23/dail/31" showAs="Mr. Dominic Hannigan"/>
<TLCPerson eId="KathleenLynch" href="http://oireachtas.ie/ie/oireachtas/member/Kathleen-Lynch.D.1994-11-10/dail/31" showAs="Ms. Kathleen Lynch"/>
<TLCPerson eId="TommyBroughan" href="http://oireachtas.ie/ie/oireachtas/member/Thomas-P-Broughan.D.1992-12-14/dail/31" showAs="Mr. Tommy Broughan"/>
<TLCRole eId="Minister_for_Health" href="http://oireachtas.ie/ie/oireachtas/member/James-Reilly.D.2007-06-14/dail/31/minister/health" showAs="Minister for Health"/>
<TLCRole eId="Minister_of_State_at_the_Department_of_Health" href="http://oireachtas.ie/ie/oireachtas/member/Kathleen-Lynch.D.1994-11-10/dail/31/minister_state/health" showAs="Minister of State at the Department of Health"/>
</references>
        </meta>
        <preface>
            <block name="title_ga">
                <docTitle>DÍOSPÓIREACHTAÍ PARLAIMINTE</docTitle>
            </block>
            <block name="title_en">
                <docTitle>PARLIAMENTARY DEBATES</docTitle>
            </block>
            <block name="proponent_ga">
                <docProponent>DÁIL ÉIREANN</docProponent>
            </block>
            <block name="status_ga">
                <docStatus>TUAIRISC OIFIGIÚIL</docStatus>
            </block>
            <block name="status_en">
                <docStatus>(OFFICIAL REPORT)</docStatus>
            </block>
            <block name="date_ga">
                <docDate date="2012-07-18">Dé Céadaoin, 18 Iúil 2012</docDate>
            </block>
            <block name="date_en">
                <docDate date="2012-07-18">Wednesday, 18 July 2012</docDate>
            </block>
        </preface>
        <debateBody><debateSection name="writtenAnswer" eId="dbsect_241">
                    <heading>Services for People with Disabilities</heading>
                    <question by="#DominicHannigan" to="#Minister_for_Health" eId="pq_313">
                        <p eId="para_5370">
        313
        <b>Deputy Dominic Hannigan</b>
         asked the 
        <b>Minister for Health</b>
         if he can provide any reassurances to school leavers with an intellectual disability who are concerned that when they will not be able to attend any further training opportunities once they leave school; his plans to insure that they will have access to a course; and if he will make a statement on the matter. 
        [36435/12]
      </p>
                    </question>
                    <question by="#TommyBroughan" to="#Minister_for_Health" eId="pq_362">
                        <p eId="para_5371">
        362
        <b> Deputy Thomas P. Broughan</b>
         asked the 
        <b>Minister for Health</b>
         if he has provided sufficient resources for supports for young people with an intellectual disability; his views on press reports that up to 400 young people with this disability may not secure support funding for training and residential placements from September 2012; and if he will make a statement on the matter. 
        [35849/12]
      </p>
                    </question>
                    <speech by="#KathleenLynch" as="#Minister_of_State_at_the_Department_of_Health">
                        <from>Minister of State at the Department of Health (Deputy Kathleen Lynch)</from>
                        <p eId="para_5372">I propose to take Questions Nos. 313 and 362 together.</p>
                        <p eId="para_5373">Day services for adults with disabilities provide a network of support for over 25,000 people who have a wide spectrum of need, ranging from those with severe and profound disabilities who are likely to need long-term specialist service provision to people with lower support needs and greater potential for community participation and inclusion.  The HSE, through its Occupational Guidance Service, works with schools, service providers, service users and families to identify the needs of young people with disabilities who are due to complete their second level education.  The aim is to address the needs of individuals in the following ways: Health-funded day services; FÁS-funded vocational training; Approval to extend education placement for a specified time.</p>
                        <p eId="para_5374">Over 660 places are required for school leavers in 2012 and around 390 places in respect of those who are completing their RT course this year.  To date, suitable placements have been identified for 514 school leavers and 321 RT graduates.  This year, disability services are required to cater for demographic pressures such as new services for school leavers from within their existing budgets. In previous years demographic funding was provided to meet this need. 2012 budgets have been reduced by 3.7% and the moratorium on staff recruitment gives rise to additional challenges in service provision.</p>
                        <p eId="para_5375">Service providers and the HSE have come together under the auspices of National Consultative Forum to identify how the needs of individuals who require day and rehabilitative training places can be responded to within available resources.  The National Consultative Forum recognises that the key to ensuring that available resources for people with disabilities are used to best effect is through constructive collaboration between non-statutory providers and the HSE.  There are already many excellent examples of collaborative working between service providers and the HSE in innovatively responding to the needs of individuals.</p>
                        <p eId="para_5376">The HSE and disability service providers have commenced the process of notifying families if a place is available or if the individual is to be placed on a waiting list.  Where a service has yet to be identified parents/guardians are being advised that: the young person would be placed on a waiting list;the family would be kept informed of progress; and the HSE and the disability agency understood that this was a challenging time for families and would continue to explore all available options.</p>
                        <p eId="para_5377">Every effort is being made to achieve an equitable and sustainable outcome to address the current difficulties in providing an appropriate service to each individual. However, the Health Service as a whole has to operate within the parameters of funding available to it and given the current economic environment this has become a major challenge for all stakeholders, including the HSE, voluntary service providers, services users and their families.</p>
                    </speech>
                </debateSection>
                </debateBody></debate>
</akomaNtoso>
