<?xml version='1.0' encoding='UTF-8'?>
<akomaNtoso xmlns="http://docs.oasis-open.org/legaldocml/ns/akn/3.0/CSD13" xmlns:xsi="http://www.w3.org/2001/XMLSchema-instance" xsi:schemaLocation="http://docs.oasis-open.org/legaldocml/ns/akn/3.0/CSD13 ./akomantoso30.xsd ">
    <debate name="Official Report">
        <meta>
            <identification source="#source">
                <FRBRWork>
                    <FRBRthis value="/akn/ie/debateRecord/dail/2012-07-18/writtens/dbsect_16"/>
                    <FRBRuri value="/akn/ie/debateRecord/dail/2012-07-18/writtens"/>
                    <FRBRdate date="2012-07-18" name="#generation"/>
                    <FRBRauthor href="http://oireachtas.ie/ie/oireachtas/house/dail"/>
                    <FRBRcountry value="ie"/>
                <FRBRname value="writtens"/></FRBRWork>
                <FRBRExpression>
                    <FRBRthis value="/akn/ie/debateRecord/dail/2012-07-18/writtens/mul@/dbsect_16"/>
                    <FRBRuri value="/akn/ie/debateRecord/dail/2012-07-18/writtens/mul@"/>
                    <FRBRdate date="2012-07-18" name="#reported"/>
                    <FRBRauthor as="#editor" href="http://oireachtas.ie/ie/oireachtas/role/debates"/>
                    <FRBRlanguage language="mul"/>
                </FRBRExpression>
                <FRBRManifestation>
                    <FRBRthis value="/akn/ie/debateRecord/dail/2012-07-18/writtens/mul@/dbsect_16.xml"/>
                    <FRBRuri value="/akn/ie/debateRecord/dail/2012-07-18/writtens/mul@.akn"/>
                    <FRBRdate date="2016-08-17T12:53:12.290656" name="#publication"/>
                    <FRBRauthor as="#editor" href="http://oireachtas.ie/ie/oireachtas/role/debates"/>
                </FRBRManifestation>
            </identification>
            <references source="#debates">
                <TLCOrganization eId="source" href="http://oireachtas.ie" showAs="Houses of the Oireachtas"/><TLCConcept eId="generation" href="http://oireachtas.ie/ie/oireachtas/ontology#Generation" showAs="Generation"/>
<TLCConcept eId="reported" href="http://oireachtas.ie/ie/oireachtas/ontology#Reported" showAs="Reported"/>
<TLCConcept eId="publication" href="http://oireachtas.ie/ie/oireachtas/ontology#Publication" showAs="Publication"/>
<TLCPerson eId="DinnyMcGinley" href="http://oireachtas.ie/ie/oireachtas/member/Dinny-McGinley.D.1982-03-09/dail/31" showAs="Mr. Dinny McGinley"/>
<TLCPerson eId="PadraigMacLochlainn" href="http://oireachtas.ie/ie/oireachtas/member/Pádraig-MacLochlainn.D.2011-03-09/dail/31" showAs="Mr. Pádraig Mac Lochlainn"/>
<TLCRole eId="Minister_for_Arts,_Heritage_and_the_Gaeltacht" href="http://oireachtas.ie/ie/oireachtas/member/Jimmy-Deenihan.S.1983-02-23/dail/31/minister/arts__heritage__gaeltacht" showAs="Minister for Arts, Heritage and the Gaeltacht"/>
<TLCRole eId="Minister_of_State_at_the_Department_of_Arts,_Heritage_and_the_Gaeltacht" href="http://oireachtas.ie/ie/oireachtas/member/Dinny-McGinley.D.1982-03-09/dail/31/minister_state/arts__heritage__gaeltacht" showAs="Minister of State at the Department of Arts, Heritage and the Gaeltacht"/>
</references>
        </meta>
        <preface>
            <block name="title_ga">
                <docTitle>DÍOSPÓIREACHTAÍ PARLAIMINTE</docTitle>
            </block>
            <block name="title_en">
                <docTitle>PARLIAMENTARY DEBATES</docTitle>
            </block>
            <block name="proponent_ga">
                <docProponent>DÁIL ÉIREANN</docProponent>
            </block>
            <block name="status_ga">
                <docStatus>TUAIRISC OIFIGIÚIL</docStatus>
            </block>
            <block name="status_en">
                <docStatus>(OFFICIAL REPORT)</docStatus>
            </block>
            <block name="date_ga">
                <docDate date="2012-07-18">Dé Céadaoin, 18 Iúil 2012</docDate>
            </block>
            <block name="date_en">
                <docDate date="2012-07-18">Wednesday, 18 July 2012</docDate>
            </block>
        </preface>
        <debateBody><debateSection name="writtenAnswer" eId="dbsect_16">
                    <heading>Maoiniú Scoileanna Gaeltachta</heading>
                    <question by="#PadraigMacLochlainn" to="#Minister_for_Arts,_Heritage_and_the_Gaeltacht" eId="pq_32">
                        <p eId="para_80">
        32
        
          D’fhiafraigh
        <b>Pádraig Mac Lochlainn</b>
                            <b>
          </b>den 
        <b>Aire Ealaíon, Oidhreachta agus Gaeltachta</b>
         an ndéanfaidh sé ráiteas maidir le maoiniú leanúnach le haghaidh Eagraíocht na Scoil-eanna Gaeltachta. 
        [35025/12]
      </p>
                    </question>
                    <speech by="#DinnyMcGinley" as="#Minister_of_State_at_the_Department_of_Arts,_Heritage_and_the_Gaeltacht">
                        <from>Minister of State at the Department of Arts, Heritage and the Gaeltacht (Deputy Dinny McGinley)</from>
                        <p eId="para_81">Ceadaíodh deontas arbh fhiú€70,000 é d'Eagraíocht na Scoileanna Gaeltachta i mí na Samhna 2011 i leith tréimhse 6 mhíó Nollaig 2011 go deireadh mí na Bealtaine 2012. Tá€11,898 den deontas sin fós le híoc. Chomh luath is a chuirtear cuntas críochnúil don tréimhse iomlán sin faoi bhráid mo Roinne — ar cuireadh fios air ar an 29 Meitheamh 2012 — beifear in ann gníomhú mar is gá.</p>
                        <p eId="para_82">Tá an t-iarratas atá déanta ag Eagraíocht na Scoileanna Gaeltachta ar mhaoiniú don tréimhse ó Mheitheamh go Nollaig 2012 á mheas faoi láthair. Tá mo Roinnse ag fanacht ar shoiléiriú breise ón eagraíocht maidir le gnéithe áirithe den iarratas agus déanfar cinneadh chomh luath agus a bheidh an t-eolas seo ar fáil. Cuirfear san áireamh mar is cuí na forbairtí is deireanaí atá tagtha ar an gceist faoi chónascadh idir Eagraíocht na Scoileanna Gaeltachta agus Gaelscoileanna.</p>
                    </speech>
                </debateSection>
                </debateBody></debate>
</akomaNtoso>
