<?xml version='1.0' encoding='UTF-8'?>
<akomaNtoso xmlns="http://docs.oasis-open.org/legaldocml/ns/akn/3.0/CSD13" xmlns:xsi="http://www.w3.org/2001/XMLSchema-instance" xsi:schemaLocation="http://docs.oasis-open.org/legaldocml/ns/akn/3.0/CSD13 ./akomantoso30.xsd ">
    <debate name="Official Report">
        <meta>
            <identification source="#source">
                <FRBRWork>
                    <FRBRthis value="/akn/ie/debateRecord/dail/2012-07-18/writtens/dbsect_160"/>
                    <FRBRuri value="/akn/ie/debateRecord/dail/2012-07-18/writtens"/>
                    <FRBRdate date="2012-07-18" name="#generation"/>
                    <FRBRauthor href="http://oireachtas.ie/ie/oireachtas/house/dail"/>
                    <FRBRcountry value="ie"/>
                <FRBRname value="writtens"/></FRBRWork>
                <FRBRExpression>
                    <FRBRthis value="/akn/ie/debateRecord/dail/2012-07-18/writtens/mul@/dbsect_160"/>
                    <FRBRuri value="/akn/ie/debateRecord/dail/2012-07-18/writtens/mul@"/>
                    <FRBRdate date="2012-07-18" name="#reported"/>
                    <FRBRauthor as="#editor" href="http://oireachtas.ie/ie/oireachtas/role/debates"/>
                    <FRBRlanguage language="mul"/>
                </FRBRExpression>
                <FRBRManifestation>
                    <FRBRthis value="/akn/ie/debateRecord/dail/2012-07-18/writtens/mul@/dbsect_160.xml"/>
                    <FRBRuri value="/akn/ie/debateRecord/dail/2012-07-18/writtens/mul@.akn"/>
                    <FRBRdate date="2016-08-17T12:53:12.290656" name="#publication"/>
                    <FRBRauthor as="#editor" href="http://oireachtas.ie/ie/oireachtas/role/debates"/>
                </FRBRManifestation>
            </identification>
            <references source="#debates">
                <TLCOrganization eId="source" href="http://oireachtas.ie" showAs="Houses of the Oireachtas"/><TLCConcept eId="generation" href="http://oireachtas.ie/ie/oireachtas/ontology#Generation" showAs="Generation"/>
<TLCConcept eId="reported" href="http://oireachtas.ie/ie/oireachtas/ontology#Reported" showAs="Reported"/>
<TLCConcept eId="publication" href="http://oireachtas.ie/ie/oireachtas/ontology#Publication" showAs="Publication"/>
<TLCPerson eId="AnneFerris" href="http://oireachtas.ie/ie/oireachtas/member/Anne-Ferris.D.2011-03-09/dail/31" showAs="Ms. Anne Ferris"/>
<TLCPerson eId="PhilipHogan" href="http://oireachtas.ie/ie/oireachtas/member/Phil-Hogan.S.1987-04-25/dail/31" showAs="Mr. Phil Hogan"/>
<TLCRole eId="Minister_for_the_Environment,_Community_and_Local_Government" href="http://oireachtas.ie/ie/oireachtas/member/Phil-Hogan.S.1987-04-25/dail/31/minister/environment__community__local_government" showAs="Minister for the Environment, Community and Local Government"/>
</references>
        </meta>
        <preface>
            <block name="title_ga">
                <docTitle>DÍOSPÓIREACHTAÍ PARLAIMINTE</docTitle>
            </block>
            <block name="title_en">
                <docTitle>PARLIAMENTARY DEBATES</docTitle>
            </block>
            <block name="proponent_ga">
                <docProponent>DÁIL ÉIREANN</docProponent>
            </block>
            <block name="status_ga">
                <docStatus>TUAIRISC OIFIGIÚIL</docStatus>
            </block>
            <block name="status_en">
                <docStatus>(OFFICIAL REPORT)</docStatus>
            </block>
            <block name="date_ga">
                <docDate date="2012-07-18">Dé Céadaoin, 18 Iúil 2012</docDate>
            </block>
            <block name="date_en">
                <docDate date="2012-07-18">Wednesday, 18 July 2012</docDate>
            </block>
        </preface>
        <debateBody><debateSection name="writtenAnswer" eId="dbsect_160">
                    <heading>Household Charge</heading>
                    <question by="#AnneFerris" to="#Minister_for_the_Environment,_Community_and_Local_Government" eId="pq_218">
                        <p eId="para_4289">
        218
        <b> Deputy Anne Ferris</b>
         asked the 
        <b>Minister for the Environment, Community and Local Government</b>
         if he will ensure that persons will be able to pay any future household or property charges through their local post office in order to provide them with easy options of payment and also ensure the viability of, in particular, rural post offices; and if he will make a statement on the matter. 
        [35468/12]
      </p>
                    </question>
                    <speech by="#PhilipHogan" as="#Minister_for_the_Environment,_Community_and_Local_Government">
                        <from>Minister for the Environment, Community and Local Government (Deputy Phil Hogan)</from>
                        <p eId="para_4290">An independently-chaired Inter-Departmental Expert Group was established to consider the structures and modalities for an equitable valuation-based property tax.</p>
                        <p eId="para_4291">The Group has recently completed its work and submitted its report to me.  The approach to the report will be considered by the Government in due course.</p>
                        <p eId="para_4292">The household charge is on a self-assessment basis and it is a matter for an owner of a residential property on the liability date of 1 January, 2012 to determine if he/she has a liability and, if so, that person is required to declare that liability by completing the household charge declaration form and to pay the household charge by 31 March, 2012.</p>
                        <p eId="para_4293">There is a range of options available for persons to pay the household charge. An online system<i>www.householdcharge.ie</i> is in place in the Local Government Management Agency (LGMA) to enable homeowners to pay the household charge by credit/debit card. In addition, homeowners can make payment by cheque, postal order, credit or debit card by completing the relevant payment details on the declaration form and posting it to Household Charge, PO Box 12168, Dublin 1.</p>
                        <p eId="para_4294">A bureau is in place in the LGMA to administer the charge on a shared service/agency basis for all local authorities. In addition, all county/city councils have been requested to have arrangements in place for persons to attend their principal offices to pay the household charge. An Post has assisted in broadening the number of local outlets where the household charge declaration form is available and the form has been available outside the counter in the network of 1,152 local post offices.</p>
                    </speech>
                </debateSection>
                </debateBody></debate>
</akomaNtoso>
