<?xml version='1.0' encoding='UTF-8'?>
<akomaNtoso xmlns="http://docs.oasis-open.org/legaldocml/ns/akn/3.0/CSD13" xmlns:xsi="http://www.w3.org/2001/XMLSchema-instance" xsi:schemaLocation="http://docs.oasis-open.org/legaldocml/ns/akn/3.0/CSD13 ./akomantoso30.xsd ">
    <debate name="Official Report">
        <meta>
            <identification source="#source">
                <FRBRWork>
                    <FRBRthis value="/akn/ie/debateRecord/dail/2012-07-18/writtens/dbsect_224"/>
                    <FRBRuri value="/akn/ie/debateRecord/dail/2012-07-18/writtens"/>
                    <FRBRdate date="2012-07-18" name="#generation"/>
                    <FRBRauthor href="http://oireachtas.ie/ie/oireachtas/house/dail"/>
                    <FRBRcountry value="ie"/>
                <FRBRname value="writtens"/></FRBRWork>
                <FRBRExpression>
                    <FRBRthis value="/akn/ie/debateRecord/dail/2012-07-18/writtens/mul@/dbsect_224"/>
                    <FRBRuri value="/akn/ie/debateRecord/dail/2012-07-18/writtens/mul@"/>
                    <FRBRdate date="2012-07-18" name="#reported"/>
                    <FRBRauthor as="#editor" href="http://oireachtas.ie/ie/oireachtas/role/debates"/>
                    <FRBRlanguage language="mul"/>
                </FRBRExpression>
                <FRBRManifestation>
                    <FRBRthis value="/akn/ie/debateRecord/dail/2012-07-18/writtens/mul@/dbsect_224.xml"/>
                    <FRBRuri value="/akn/ie/debateRecord/dail/2012-07-18/writtens/mul@.akn"/>
                    <FRBRdate date="2016-08-17T12:53:12.290656" name="#publication"/>
                    <FRBRauthor as="#editor" href="http://oireachtas.ie/ie/oireachtas/role/debates"/>
                </FRBRManifestation>
            </identification>
            <references source="#debates">
                <TLCOrganization eId="source" href="http://oireachtas.ie" showAs="Houses of the Oireachtas"/><TLCConcept eId="generation" href="http://oireachtas.ie/ie/oireachtas/ontology#Generation" showAs="Generation"/>
<TLCConcept eId="reported" href="http://oireachtas.ie/ie/oireachtas/ontology#Reported" showAs="Reported"/>
<TLCConcept eId="publication" href="http://oireachtas.ie/ie/oireachtas/ontology#Publication" showAs="Publication"/>
<TLCPerson eId="BrianStanley" href="http://oireachtas.ie/ie/oireachtas/member/Brian-Stanley.D.2011-03-09/dail/31" showAs="Mr. Brian Stanley"/>
<TLCPerson eId="SimonCoveney" href="http://oireachtas.ie/ie/oireachtas/member/Simon-Coveney.D.1998-10-23/dail/31" showAs="Mr. Simon Coveney"/>
<TLCRole eId="Minister_for_Agriculture,_Food_and_the_Marine" href="http://oireachtas.ie/ie/oireachtas/member/Simon-Coveney.D.1998-10-23/dail/31/minister/agriculture__food__marine" showAs="Minister for Agriculture, Food and the Marine"/>
</references>
        </meta>
        <preface>
            <block name="title_ga">
                <docTitle>DÍOSPÓIREACHTAÍ PARLAIMINTE</docTitle>
            </block>
            <block name="title_en">
                <docTitle>PARLIAMENTARY DEBATES</docTitle>
            </block>
            <block name="proponent_ga">
                <docProponent>DÁIL ÉIREANN</docProponent>
            </block>
            <block name="status_ga">
                <docStatus>TUAIRISC OIFIGIÚIL</docStatus>
            </block>
            <block name="status_en">
                <docStatus>(OFFICIAL REPORT)</docStatus>
            </block>
            <block name="date_ga">
                <docDate date="2012-07-18">Dé Céadaoin, 18 Iúil 2012</docDate>
            </block>
            <block name="date_en">
                <docDate date="2012-07-18">Wednesday, 18 July 2012</docDate>
            </block>
        </preface>
        <debateBody><debateSection name="writtenAnswer" eId="dbsect_224">
                    <heading>Departmental Expenditure</heading>
                    <question by="#BrianStanley" to="#Minister_for_Agriculture,_Food_and_the_Marine" eId="pq_296">
                        <p eId="para_5019">
        296
        <b> Deputy Brian Stanley</b>
         asked the 
        <b>Minister for Agriculture, Food and the Marine</b>
         if he will provide a breakdown of total annual spend, including all grants, by his Department on all structures of local government here for 2011, and also for June 2011 to June 2012. 
        [35676/12]
      </p>
                    </question>
                    <speech by="#SimonCoveney" as="#Minister_for_Agriculture,_Food_and_the_Marine">
                        <from>Minister for Agriculture, Food and the Marine (Deputy Simon Coveney)</from>
                        <p eId="para_5020">The following tables show details of total expenditure by my Department in excess of €20,000 to all local authorities for 2011 and 2012 to date. It would take an excessive amount of staff resources to provide the full detail for all payments below that amount which mainly relate to service charges, planning applications and maintenance costs on piers and harbours on behalf of this Department.</p>
                        <table>
                            <caption>2011 Payments</caption>
                            <tr>
                                <td>
                                    <p eId="para_5021">Payee</p>
                                </td>
                                <td>
                                    <p eId="para_5022">Description</p>
                                </td>
                                <td>
                                    <p eId="para_5023">Total Paid</p>
                                </td>
                            </tr>
                            <tr>
                                <td>
                                    <p eId="para_5024">CLARE COUNTY COUNCIL</p>
                                </td>
                                <td>
                                    <p eId="para_5025">Control of Horses</p>
                                </td>
                                <td>
                                    <p eId="para_5026">€70,637.36</p>
                                </td>
                            </tr>
                            <tr>
                                <td>
                                    <p eId="para_5027">CLARE COUNTY COUNCIL</p>
                                </td>
                                <td>
                                    <p eId="para_5028">Repair of slipways and piers</p>
                                </td>
                                <td>
                                    <p eId="para_5029">€60,771.75</p>
                                </td>
                            </tr>
                            <tr>
                                <td>
                                    <p eId="para_5030">CLARE COUNTY COUNCIL Total</p>
                                </td>
                                <td/>
                                <td>
                                    <p eId="para_5031">€131,409.11</p>
                                </td>
                            </tr>
                            <tr>
                                <td>
                                    <p eId="para_5032">CORK CITY COUNCIL</p>
                                </td>
                                <td>
                                    <p eId="para_5033">Control of Horses</p>
                                </td>
                                <td>
                                    <p eId="para_5034">€144,427.22</p>
                                </td>
                            </tr>
                            <tr>
                                <td>
                                    <p eId="para_5035">CORK CITY COUNCIL</p>
                                </td>
                                <td>
                                    <p eId="para_5036">Water rates and Pier repairs</p>
                                </td>
                                <td>
                                    <p eId="para_5037">€64,648.35</p>
                                </td>
                            </tr>
                            <tr>
                                <td>
                                    <p eId="para_5038">CORK CITY COUNCIL Total</p>
                                </td>
                                <td/>
                                <td>
                                    <p eId="para_5039">€209,075.57</p>
                                </td>
                            </tr>
                            <tr>
                                <td>
                                    <p eId="para_5040">CORK COUNTY COUNCIL</p>
                                </td>
                                <td>
                                    <p eId="para_5041">Work on harbour repairs and maintenance</p>
                                </td>
                                <td>
                                    <p eId="para_5042">€476,919.77</p>
                                </td>
                            </tr>
                            <tr>
                                <td>
                                    <p eId="para_5043">CORK COUNTY COUNCIL</p>
                                </td>
                                <td>
                                    <p eId="para_5044">Control of Horses</p>
                                </td>
                                <td>
                                    <p eId="para_5045">€108,389.58</p>
                                </td>
                            </tr>
                            <tr>
                                <td>
                                    <p eId="para_5046">CORK COUNTY COUNCIL</p>
                                </td>
                                <td>
                                    <p eId="para_5047">R+D FOOD</p>
                                </td>
                                <td>
                                    <p eId="para_5048">€24,607.00</p>
                                </td>
                            </tr>
                            <tr>
                                <td>
                                    <p eId="para_5049">CORK COUNTY COUNCIL</p>
                                </td>
                                <td>
                                    <p eId="para_5050">Water rates</p>
                                </td>
                                <td>
                                    <p eId="para_5051">€22,064.76</p>
                                </td>
                            </tr>
                            <tr>
                                <td>
                                    <p eId="para_5052">CORK COUNTY COUNCIL Total</p>
                                </td>
                                <td/>
                                <td>
                                    <p eId="para_5053">€631,981.11</p>
                                </td>
                            </tr>
                            <tr>
                                <td>
                                    <p eId="para_5054">DONEGAL COUNTY COUNCIL</p>
                                </td>
                                <td>
                                    <p eId="para_5055">Water rates, Sewage Licence, Labour Charges, Planning Charges for Harbours and Offices</p>
                                </td>
                                <td>
                                    <p eId="para_5056">€215,960.61</p>
                                </td>
                            </tr>
                            <tr>
                                <td>
                                    <p eId="para_5057">DONEGAL COUNTY COUNCIL</p>
                                </td>
                                <td>
                                    <p eId="para_5058">Water rates and harbour maintenance</p>
                                </td>
                                <td>
                                    <p eId="para_5059">€23,252.07</p>
                                </td>
                            </tr>
                            <tr>
                                <td>
                                    <p eId="para_5060">DONEGAL COUNTY COUNCIL Total</p>
                                </td>
                                <td/>
                                <td>
                                    <p eId="para_5061">€239,212.68</p>
                                </td>
                            </tr>
                            <tr>
                                <td>
                                    <p eId="para_5062">DUBLIN CITY COUNCIL</p>
                                </td>
                                <td>
                                    <p eId="para_5063">Control of Horses</p>
                                </td>
                                <td>
                                    <p eId="para_5064">€391,616.39</p>
                                </td>
                            </tr>
                            <tr>
                                <td>
                                    <p eId="para_5065">DUBLIN CITY COUNCIL Total</p>
                                </td>
                                <td/>
                                <td>
                                    <p eId="para_5066">€391,616.39</p>
                                </td>
                            </tr>
                            <tr>
                                <td>
                                    <p eId="para_5067">FINGAL COUNTY COUNCIL</p>
                                </td>
                                <td>
                                    <p eId="para_5068">Control of Horses</p>
                                </td>
                                <td>
                                    <p eId="para_5069">€187,902.70</p>
                                </td>
                            </tr>
                            <tr>
                                <td>
                                    <p eId="para_5070">FINGAL COUNTY COUNCIL</p>
                                </td>
                                <td>
                                    <p eId="para_5071">Water rates and harbour maintenance of roads railing signage etc.</p>
                                </td>
                                <td>
                                    <p eId="para_5072">€164,097.79</p>
                                </td>
                            </tr>
                            <tr>
                                <td>
                                    <p eId="para_5073">FINGAL COUNTY COUNCIL Total</p>
                                </td>
                                <td/>
                                <td>
                                    <p eId="para_5074">€352,000.49</p>
                                </td>
                            </tr>
                            <tr>
                                <td>
                                    <p eId="para_5075">GALWAY COUNTY COUNCIL</p>
                                </td>
                                <td>
                                    <p eId="para_5076">Control of Horses</p>
                                </td>
                                <td>
                                    <p eId="para_5077">€26,479.06</p>
                                </td>
                            </tr>
                            <tr>
                                <td>
                                    <p eId="para_5078">GALWAY COUNTY COUNCIL Total</p>
                                </td>
                                <td/>
                                <td>
                                    <p eId="para_5079">€26,479.06</p>
                                </td>
                            </tr>
                            <tr>
                                <td>
                                    <p eId="para_5080">KERRY COUNTY COUNCIL</p>
                                </td>
                                <td>
                                    <p eId="para_5081">Water rates and harbour maintenance of slipways, roads railing, signage, etc.</p>
                                </td>
                                <td>
                                    <p eId="para_5082">€138,486.01</p>
                                </td>
                            </tr>
                            <tr>
                                <td>
                                    <p eId="para_5083">KERRY COUNTY COUNCIL</p>
                                </td>
                                <td>
                                    <p eId="para_5084">Control of Horses</p>
                                </td>
                                <td>
                                    <p eId="para_5085">€99,771.07</p>
                                </td>
                            </tr>
                            <tr>
                                <td>
                                    <p eId="para_5086">KERRY COUNTY COUNCIL Total</p>
                                </td>
                                <td/>
                                <td>
                                    <p eId="para_5087">€238,257.08</p>
                                </td>
                            </tr>
                            <tr>
                                <td>
                                    <p eId="para_5088">KILDARE COUNTY COUNCIL</p>
                                </td>
                                <td>
                                    <p eId="para_5089">Control of Horses</p>
                                </td>
                                <td>
                                    <p eId="para_5090">€63,160.95</p>
                                </td>
                            </tr>
                            <tr>
                                <td>
                                    <p eId="para_5091">KILDARE COUNTY COUNCIL Total</p>
                                </td>
                                <td/>
                                <td>
                                    <p eId="para_5092">€63,160.95</p>
                                </td>
                            </tr>
                            <tr>
                                <td>
                                    <p eId="para_5093">KILKENNY COUNTY COUNCIL</p>
                                </td>
                                <td>
                                    <p eId="para_5094">Control of Horses</p>
                                </td>
                                <td>
                                    <p eId="para_5095">€92,790.93</p>
                                </td>
                            </tr>
                            <tr>
                                <td>
                                    <p eId="para_5096">KILKENNY COUNTY COUNCIL</p>
                                </td>
                                <td>
                                    <p eId="para_5097">Forest Support Schemes (Forest Owners)</p>
                                </td>
                                <td>
                                    <p eId="para_5098">€87,075.00</p>
                                </td>
                            </tr>
                            <tr>
                                <td>
                                    <p eId="para_5099">KILKENNY COUNTY COUNCIL Total</p>
                                </td>
                                <td/>
                                <td>
                                    <p eId="para_5100">€179,865.93</p>
                                </td>
                            </tr>
                            <tr>
                                <td>
                                    <p eId="para_5101">LAOIS COUNTY COUNCIL</p>
                                </td>
                                <td>
                                    <p eId="para_5102">Control of Horses</p>
                                </td>
                                <td>
                                    <p eId="para_5103">€96,582.67</p>
                                </td>
                            </tr>
                            <tr>
                                <td>
                                    <p eId="para_5104">LAOIS COUNTY COUNCIL Total</p>
                                </td>
                                <td/>
                                <td>
                                    <p eId="para_5105">€96,582.67</p>
                                </td>
                            </tr>
                            <tr>
                                <td>
                                    <p eId="para_5106">LEITRIM COUNTY COUNCIL</p>
                                </td>
                                <td>
                                    <p eId="para_5107">Control of Horses</p>
                                </td>
                                <td>
                                    <p eId="para_5108">€14,706.07</p>
                                </td>
                            </tr>
                            <tr>
                                <td>
                                    <p eId="para_5109">LEITRIM COUNTY COUNCIL Total</p>
                                </td>
                                <td/>
                                <td>
                                    <p eId="para_5110">€14,706.07</p>
                                </td>
                            </tr>
                            <tr>
                                <td>
                                    <p eId="para_5111">LIMERICK CITY COUNCIL</p>
                                </td>
                                <td>
                                    <p eId="para_5112">Control of Horses</p>
                                </td>
                                <td>
                                    <p eId="para_5113">€361,802.48</p>
                                </td>
                            </tr>
                            <tr>
                                <td>
                                    <p eId="para_5114">LIMERICK CITY COUNCIL Total</p>
                                </td>
                                <td/>
                                <td>
                                    <p eId="para_5115">€361,802.48</p>
                                </td>
                            </tr>
                            <tr>
                                <td>
                                    <p eId="para_5116">LIMERICK COUNTY COUNCIL</p>
                                </td>
                                <td>
                                    <p eId="para_5117">Control of Horses</p>
                                </td>
                                <td>
                                    <p eId="para_5118">€152,294.85</p>
                                </td>
                            </tr>
                            <tr>
                                <td>
                                    <p eId="para_5119">LIMERICK COUNTY COUNCIL Total</p>
                                </td>
                                <td/>
                                <td>
                                    <p eId="para_5120">€152,294.85</p>
                                </td>
                            </tr>
                            <tr>
                                <td>
                                    <p eId="para_5121">LOUTH COUNTY COUNCIL</p>
                                </td>
                                <td>
                                    <p eId="para_5122">Control of Horses</p>
                                </td>
                                <td>
                                    <p eId="para_5123">€27,876.85</p>
                                </td>
                            </tr>
                            <tr>
                                <td>
                                    <p eId="para_5124">LOUTH COUNTY COUNCIL Total</p>
                                </td>
                                <td/>
                                <td>
                                    <p eId="para_5125">€27,876.85</p>
                                </td>
                            </tr>
                            <tr>
                                <td>
                                    <p eId="para_5126">MAYO COUNTY COUNCIL</p>
                                </td>
                                <td>
                                    <p eId="para_5127">Repair of Pier</p>
                                </td>
                                <td>
                                    <p eId="para_5128">€138,750.00</p>
                                </td>
                            </tr>
                            <tr>
                                <td>
                                    <p eId="para_5129">MAYO COUNTY COUNCIL</p>
                                </td>
                                <td>
                                    <p eId="para_5130">Control of Horses</p>
                                </td>
                                <td>
                                    <p eId="para_5131">€79,932.08</p>
                                </td>
                            </tr>
                            <tr>
                                <td>
                                    <p eId="para_5132">MAYO COUNTY COUNCIL Total</p>
                                </td>
                                <td/>
                                <td>
                                    <p eId="para_5133">€218,682.08</p>
                                </td>
                            </tr>
                            <tr>
                                <td>
                                    <p eId="para_5134">MEATH COUNTY COUNCIL</p>
                                </td>
                                <td>
                                    <p eId="para_5135">Control of Horses</p>
                                </td>
                                <td>
                                    <p eId="para_5136">€35,703.65</p>
                                </td>
                            </tr>
                            <tr>
                                <td>
                                    <p eId="para_5137">MEATH COUNTY COUNCIL Total</p>
                                </td>
                                <td/>
                                <td>
                                    <p eId="para_5138">€35,703.65</p>
                                </td>
                            </tr>
                            <tr>
                                <td>
                                    <p eId="para_5139">OFFALY COUNTY COUNCIL</p>
                                </td>
                                <td>
                                    <p eId="para_5140">Control of Horses</p>
                                </td>
                                <td>
                                    <p eId="para_5141">€48,067.55</p>
                                </td>
                            </tr>
                            <tr>
                                <td>
                                    <p eId="para_5142">OFFALY COUNTY COUNCIL Total</p>
                                </td>
                                <td/>
                                <td>
                                    <p eId="para_5143">€48,067.55</p>
                                </td>
                            </tr>
                            <tr>
                                <td>
                                    <p eId="para_5144">SLIGO COUNTY COUNCIL</p>
                                </td>
                                <td>
                                    <p eId="para_5145">Repair of Pier and slipway</p>
                                </td>
                                <td>
                                    <p eId="para_5146">€147,648.00</p>
                                </td>
                            </tr>
                            <tr>
                                <td>
                                    <p eId="para_5147">SLIGO COUNTY COUNCIL</p>
                                </td>
                                <td>
                                    <p eId="para_5148">Control of Horses</p>
                                </td>
                                <td>
                                    <p eId="para_5149">€44,897.96</p>
                                </td>
                            </tr>
                            <tr>
                                <td>
                                    <p eId="para_5150">SLIGO COUNTY COUNCIL Total</p>
                                </td>
                                <td/>
                                <td>
                                    <p eId="para_5151">€192,545.96</p>
                                </td>
                            </tr>
                            <tr>
                                <td>
                                    <p eId="para_5152">SOUTH DUBLIN COUNTY COUNCIL</p>
                                </td>
                                <td>
                                    <p eId="para_5153">Control of Horses</p>
                                </td>
                                <td>
                                    <p eId="para_5154">€187,872.00</p>
                                </td>
                            </tr>
                            <tr>
                                <td>
                                    <p eId="para_5155">SOUTH DUBLIN COUNTY COUNCIL Total</p>
                                </td>
                                <td/>
                                <td>
                                    <p eId="para_5156">€187,872.00</p>
                                </td>
                            </tr>
                            <tr>
                                <td>
                                    <p eId="para_5157">TIPPERARY NTH COUNTY COUNCIL</p>
                                </td>
                                <td>
                                    <p eId="para_5158">Control of Horses</p>
                                </td>
                                <td>
                                    <p eId="para_5159">€65,123.86</p>
                                </td>
                            </tr>
                            <tr>
                                <td>
                                    <p eId="para_5160">TIPPERARY NTH COUNTY COUNCIL Total</p>
                                </td>
                                <td/>
                                <td>
                                    <p eId="para_5161">€65,123.86</p>
                                </td>
                            </tr>
                            <tr>
                                <td>
                                    <p eId="para_5162">TIPPERARY STH COUNTY COUNCIL</p>
                                </td>
                                <td>
                                    <p eId="para_5163">Control of Horses</p>
                                </td>
                                <td>
                                    <p eId="para_5164">€78,675.41</p>
                                </td>
                            </tr>
                            <tr>
                                <td>
                                    <p eId="para_5165">TIPPERARY STH COUNTY COUNCIL Total</p>
                                </td>
                                <td/>
                                <td>
                                    <p eId="para_5166">€78,675.41</p>
                                </td>
                            </tr>
                            <tr>
                                <td>
                                    <p eId="para_5167">WATERFORD COUNTY COUNCIL</p>
                                </td>
                                <td>
                                    <p eId="para_5168">Water rates and Repair of Pier</p>
                                </td>
                                <td>
                                    <p eId="para_5169">€175,062.23</p>
                                </td>
                            </tr>
                            <tr>
                                <td>
                                    <p eId="para_5170">WATERFORD COUNTY COUNCIL</p>
                                </td>
                                <td>
                                    <p eId="para_5171">Control of Horses</p>
                                </td>
                                <td>
                                    <p eId="para_5172">€37,790.11</p>
                                </td>
                            </tr>
                            <tr>
                                <td>
                                    <p eId="para_5173">WATERFORD COUNTY COUNCIL</p>
                                </td>
                                <td>
                                    <p eId="para_5174">Water rates and fire services</p>
                                </td>
                                <td>
                                    <p eId="para_5175">€35,191.98</p>
                                </td>
                            </tr>
                            <tr>
                                <td>
                                    <p eId="para_5176">WATERFORD COUNTY COUNCIL Total</p>
                                </td>
                                <td/>
                                <td>
                                    <p eId="para_5177">€248,044.32</p>
                                </td>
                            </tr>
                            <tr>
                                <td>
                                    <p eId="para_5178">WESTMEATH COUNTY COUNCIL</p>
                                </td>
                                <td>
                                    <p eId="para_5179">Control of Horses</p>
                                </td>
                                <td>
                                    <p eId="para_5180">€53,129.00</p>
                                </td>
                            </tr>
                            <tr>
                                <td>
                                    <p eId="para_5181">WESTMEATH COUNTY COUNCIL Total</p>
                                </td>
                                <td/>
                                <td>
                                    <p eId="para_5182">€53,129.00</p>
                                </td>
                            </tr>
                            <tr>
                                <td>
                                    <p eId="para_5183">WEXFORD COUNTY COUNCIL</p>
                                </td>
                                <td>
                                    <p eId="para_5184">Water rates and Repair of Pier</p>
                                </td>
                                <td>
                                    <p eId="para_5185">€84,555.00</p>
                                </td>
                            </tr>
                            <tr>
                                <td>
                                    <p eId="para_5186">WEXFORD COUNTY COUNCIL</p>
                                </td>
                                <td>
                                    <p eId="para_5187">Control of Horses</p>
                                </td>
                                <td>
                                    <p eId="para_5188">€38,136.00</p>
                                </td>
                            </tr>
                            <tr>
                                <td>
                                    <p eId="para_5189">WEXFORD COUNTY COUNCIL Total</p>
                                </td>
                                <td/>
                                <td>
                                    <p eId="para_5190">€122,691.00</p>
                                </td>
                            </tr>
                            <tr>
                                <td>
                                    <p eId="para_5191">WICKLOW COUNTY COUNCIL</p>
                                </td>
                                <td>
                                    <p eId="para_5192">Control of Horses</p>
                                </td>
                                <td>
                                    <p eId="para_5193">€155,823.80</p>
                                </td>
                            </tr>
                            <tr>
                                <td>
                                    <p eId="para_5194">WICKLOW COUNTY COUNCIL Total</p>
                                </td>
                                <td/>
                                <td>
                                    <p eId="para_5195">€155,823.80</p>
                                </td>
                            </tr>
                            <tr>
                                <td>
                                    <p eId="para_5196">Grand Total for 2011</p>
                                </td>
                                <td/>
                                <td>
                                    <p eId="para_5197">€4,522,679.92</p>
                                </td>
                            </tr>
                        </table>
                        <table>
                            <caption>2012 Payments  (up to 16 July)</caption>
                            <tr>
                                <td>
                                    <p eId="para_5198">Payee</p>
                                </td>
                                <td>
                                    <p eId="para_5199">Description</p>
                                </td>
                                <td>
                                    <p eId="para_5200">Total Paid</p>
                                </td>
                            </tr>
                            <tr>
                                <td>
                                    <p eId="para_5201">CLARE COUNTY COUNCIL</p>
                                </td>
                                <td>
                                    <p eId="para_5202">Control of Horses</p>
                                </td>
                                <td>
                                    <p eId="para_5203">€51,744.00</p>
                                </td>
                            </tr>
                            <tr>
                                <td>
                                    <p eId="para_5204">CLARE COUNTY COUNCIL Total</p>
                                </td>
                                <td/>
                                <td>
                                    <p eId="para_5205">€51,744.00</p>
                                </td>
                            </tr>
                            <tr>
                                <td>
                                    <p eId="para_5206">CORK CITY COUNCIL</p>
                                </td>
                                <td>
                                    <p eId="para_5207">Control of Horses</p>
                                </td>
                                <td>
                                    <p eId="para_5208">€49,302.90</p>
                                </td>
                            </tr>
                            <tr>
                                <td>
                                    <p eId="para_5209">CORK CITY COUNCIL Total</p>
                                </td>
                                <td/>
                                <td>
                                    <p eId="para_5210">€49,302.90</p>
                                </td>
                            </tr>
                            <tr>
                                <td>
                                    <p eId="para_5211">CORK COUNTY COUNCIL</p>
                                </td>
                                <td>
                                    <p eId="para_5212">Control of Horses</p>
                                </td>
                                <td>
                                    <p eId="para_5213">€95,377.82</p>
                                </td>
                            </tr>
                            <tr>
                                <td>
                                    <p eId="para_5214">CORK COUNTY COUNCIL Total</p>
                                </td>
                                <td/>
                                <td>
                                    <p eId="para_5215">€95,377.82</p>
                                </td>
                            </tr>
                            <tr>
                                <td>
                                    <p eId="para_5216">DONEGAL COUNTY COUNCIL</p>
                                </td>
                                <td>
                                    <p eId="para_5217">Water rates</p>
                                </td>
                                <td>
                                    <p eId="para_5218">€59,448.84</p>
                                </td>
                            </tr>
                            <tr>
                                <td>
                                    <p eId="para_5219">DONEGAL COUNTY COUNCIL Total</p>
                                </td>
                                <td/>
                                <td>
                                    <p eId="para_5220">€59,448.84</p>
                                </td>
                            </tr>
                            <tr>
                                <td>
                                    <p eId="para_5221">DUBLIN CITY COUNCIL</p>
                                </td>
                                <td>
                                    <p eId="para_5222">Control of Horses</p>
                                </td>
                                <td>
                                    <p eId="para_5223">€56,634.08</p>
                                </td>
                            </tr>
                            <tr>
                                <td>
                                    <p eId="para_5224">DUBLIN CITY COUNCIL Total</p>
                                </td>
                                <td/>
                                <td>
                                    <p eId="para_5225">€56,634.08</p>
                                </td>
                            </tr>
                            <tr>
                                <td>
                                    <p eId="para_5226">FINGAL COUNTY COUNCIL</p>
                                </td>
                                <td>
                                    <p eId="para_5227">Control of Horses</p>
                                </td>
                                <td>
                                    <p eId="para_5228">€60,323.62</p>
                                </td>
                            </tr>
                            <tr>
                                <td>
                                    <p eId="para_5229">FINGAL COUNTY COUNCIL Total</p>
                                </td>
                                <td/>
                                <td>
                                    <p eId="para_5230">€60,323.62</p>
                                </td>
                            </tr>
                            <tr>
                                <td>
                                    <p eId="para_5231">GALWAY COUNTY COUNCIL</p>
                                </td>
                                <td>
                                    <p eId="para_5232">Repair of Pier and slipway</p>
                                </td>
                                <td>
                                    <p eId="para_5233">€152,448.53</p>
                                </td>
                            </tr>
                            <tr>
                                <td>
                                    <p eId="para_5234">GALWAY COUNTY COUNCIL Total</p>
                                </td>
                                <td/>
                                <td>
                                    <p eId="para_5235">€152,448.53</p>
                                </td>
                            </tr>
                            <tr>
                                <td>
                                    <p eId="para_5236">KERRY COUNTY COUNCIL</p>
                                </td>
                                <td>
                                    <p eId="para_5237">Control of Horses</p>
                                </td>
                                <td>
                                    <p eId="para_5238">€51,574.49</p>
                                </td>
                            </tr>
                            <tr>
                                <td>
                                    <p eId="para_5239">KERRY COUNTY COUNCIL Total</p>
                                </td>
                                <td/>
                                <td>
                                    <p eId="para_5240">€51,574.49</p>
                                </td>
                            </tr>
                            <tr>
                                <td>
                                    <p eId="para_5241">KILDARE COUNTY COUNCIL</p>
                                </td>
                                <td>
                                    <p eId="para_5242">Water rates</p>
                                </td>
                                <td>
                                    <p eId="para_5243">€20,462.95</p>
                                </td>
                            </tr>
                            <tr>
                                <td>
                                    <p eId="para_5244">KILDARE COUNTY COUNCIL Total</p>
                                </td>
                                <td/>
                                <td>
                                    <p eId="para_5245">€20,462.95</p>
                                </td>
                            </tr>
                            <tr>
                                <td>
                                    <p eId="para_5246">KILKENNY COUNTY COUNCIL</p>
                                </td>
                                <td>
                                    <p eId="para_5247">Control of Horses</p>
                                </td>
                                <td>
                                    <p eId="para_5248">€46,716.69</p>
                                </td>
                            </tr>
                            <tr>
                                <td>
                                    <p eId="para_5249">KILKENNY COUNTY COUNCIL Total</p>
                                </td>
                                <td/>
                                <td>
                                    <p eId="para_5250">€46,716.69</p>
                                </td>
                            </tr>
                            <tr>
                                <td>
                                    <p eId="para_5251">LAOIS COUNTY COUNCIL</p>
                                </td>
                                <td>
                                    <p eId="para_5252">Control of Horses</p>
                                </td>
                                <td>
                                    <p eId="para_5253">€74,418.26</p>
                                </td>
                            </tr>
                            <tr>
                                <td>
                                    <p eId="para_5254">LAOIS COUNTY COUNCIL Total</p>
                                </td>
                                <td/>
                                <td>
                                    <p eId="para_5255">€74,418.26</p>
                                </td>
                            </tr>
                            <tr>
                                <td>
                                    <p eId="para_5256">LIMERICK CITY COUNCIL</p>
                                </td>
                                <td>
                                    <p eId="para_5257">Control of Horses</p>
                                </td>
                                <td>
                                    <p eId="para_5258">€184,317.56</p>
                                </td>
                            </tr>
                            <tr>
                                <td>
                                    <p eId="para_5259">LIMERICK CITY COUNCIL Total</p>
                                </td>
                                <td/>
                                <td>
                                    <p eId="para_5260">€184,317.56</p>
                                </td>
                            </tr>
                            <tr>
                                <td>
                                    <p eId="para_5261">LIMERICK COUNTY  COUNCIL</p>
                                </td>
                                <td>
                                    <p eId="para_5262">Control of Horses</p>
                                </td>
                                <td>
                                    <p eId="para_5263">€92,682.43</p>
                                </td>
                            </tr>
                            <tr>
                                <td>
                                    <p eId="para_5264">LIMERICK COUNTY  COUNCIL Total</p>
                                </td>
                                <td/>
                                <td>
                                    <p eId="para_5265">€92,682.43</p>
                                </td>
                            </tr>
                            <tr>
                                <td>
                                    <p eId="para_5266">MAYO COUNTY COUNCIL</p>
                                </td>
                                <td>
                                    <p eId="para_5267">Control of Horses</p>
                                </td>
                                <td>
                                    <p eId="para_5268">€117,500.01</p>
                                </td>
                            </tr>
                            <tr>
                                <td>
                                    <p eId="para_5269">MAYO COUNTY COUNCIL Total</p>
                                </td>
                                <td/>
                                <td>
                                    <p eId="para_5270">€117,500.01</p>
                                </td>
                            </tr>
                            <tr>
                                <td>
                                    <p eId="para_5271">MEATH COUNTY COUNCIL</p>
                                </td>
                                <td>
                                    <p eId="para_5272">Control of Horses</p>
                                </td>
                                <td>
                                    <p eId="para_5273">€35,110.61</p>
                                </td>
                            </tr>
                            <tr>
                                <td>
                                    <p eId="para_5274">MEATH COUNTY COUNCIL Total</p>
                                </td>
                                <td/>
                                <td>
                                    <p eId="para_5275">€35,110.61</p>
                                </td>
                            </tr>
                            <tr>
                                <td>
                                    <p eId="para_5276">SLIGO COUNTY COUNCIL</p>
                                </td>
                                <td>
                                    <p eId="para_5277">Control of Horses</p>
                                </td>
                                <td>
                                    <p eId="para_5278">€22,512.72</p>
                                </td>
                            </tr>
                            <tr>
                                <td>
                                    <p eId="para_5279">SLIGO COUNTY COUNCIL Total</p>
                                </td>
                                <td/>
                                <td>
                                    <p eId="para_5280">€22,512.72</p>
                                </td>
                            </tr>
                            <tr>
                                <td>
                                    <p eId="para_5281">TIPPERARY NTH COUNTY COUNCIL</p>
                                </td>
                                <td>
                                    <p eId="para_5282">Control of Horses</p>
                                </td>
                                <td>
                                    <p eId="para_5283">€33,961.13</p>
                                </td>
                            </tr>
                            <tr>
                                <td>
                                    <p eId="para_5284">TIPPERARY NTH COUNTY COUNCIL Total</p>
                                </td>
                                <td/>
                                <td>
                                    <p eId="para_5285">€33,961.13</p>
                                </td>
                            </tr>
                            <tr>
                                <td>
                                    <p eId="para_5286">TIPPERARY STH COUNTY COUNCIL</p>
                                </td>
                                <td>
                                    <p eId="para_5287">Control of Horses</p>
                                </td>
                                <td>
                                    <p eId="para_5288">€40,599.91</p>
                                </td>
                            </tr>
                            <tr>
                                <td>
                                    <p eId="para_5289">TIPPERARY STH COUNTY COUNCIL Total</p>
                                </td>
                                <td/>
                                <td>
                                    <p eId="para_5290">€40,599.91</p>
                                </td>
                            </tr>
                            <tr>
                                <td>
                                    <p eId="para_5291">WESTMEATH COUNTY COUNCIL</p>
                                </td>
                                <td>
                                    <p eId="para_5292">Control of Horses</p>
                                </td>
                                <td>
                                    <p eId="para_5293">€45,676.31</p>
                                </td>
                            </tr>
                            <tr>
                                <td>
                                    <p eId="para_5294">WESTMEATH COUNTY COUNCIL Total</p>
                                </td>
                                <td/>
                                <td>
                                    <p eId="para_5295">€45,676.31</p>
                                </td>
                            </tr>
                            <tr>
                                <td>
                                    <p eId="para_5296">Grand Total for 2012 (up to 16th July)</p>
                                </td>
                                <td/>
                                <td>
                                    <p eId="para_5297">€1,290,812.86</p>
                                </td>
                            </tr>
                        </table>
                    </speech>
                </debateSection>
                </debateBody></debate>
</akomaNtoso>
