<?xml version='1.0' encoding='UTF-8'?>
<akomaNtoso xmlns="http://docs.oasis-open.org/legaldocml/ns/akn/3.0/CSD13" xmlns:xsi="http://www.w3.org/2001/XMLSchema-instance" xsi:schemaLocation="http://docs.oasis-open.org/legaldocml/ns/akn/3.0/CSD13 ./akomantoso30.xsd ">
    <debate name="Official Report">
        <meta>
            <identification source="#source">
                <FRBRWork>
                    <FRBRthis value="/akn/ie/debateRecord/dail/2012-07-18/writtens/dbsect_191"/>
                    <FRBRuri value="/akn/ie/debateRecord/dail/2012-07-18/writtens"/>
                    <FRBRdate date="2012-07-18" name="#generation"/>
                    <FRBRauthor href="http://oireachtas.ie/ie/oireachtas/house/dail"/>
                    <FRBRcountry value="ie"/>
                <FRBRname value="writtens"/></FRBRWork>
                <FRBRExpression>
                    <FRBRthis value="/akn/ie/debateRecord/dail/2012-07-18/writtens/mul@/dbsect_191"/>
                    <FRBRuri value="/akn/ie/debateRecord/dail/2012-07-18/writtens/mul@"/>
                    <FRBRdate date="2012-07-18" name="#reported"/>
                    <FRBRauthor as="#editor" href="http://oireachtas.ie/ie/oireachtas/role/debates"/>
                    <FRBRlanguage language="mul"/>
                </FRBRExpression>
                <FRBRManifestation>
                    <FRBRthis value="/akn/ie/debateRecord/dail/2012-07-18/writtens/mul@/dbsect_191.xml"/>
                    <FRBRuri value="/akn/ie/debateRecord/dail/2012-07-18/writtens/mul@.akn"/>
                    <FRBRdate date="2016-08-17T12:53:12.290656" name="#publication"/>
                    <FRBRauthor as="#editor" href="http://oireachtas.ie/ie/oireachtas/role/debates"/>
                </FRBRManifestation>
            </identification>
            <references source="#debates">
                <TLCOrganization eId="source" href="http://oireachtas.ie" showAs="Houses of the Oireachtas"/><TLCConcept eId="generation" href="http://oireachtas.ie/ie/oireachtas/ontology#Generation" showAs="Generation"/>
<TLCConcept eId="reported" href="http://oireachtas.ie/ie/oireachtas/ontology#Reported" showAs="Reported"/>
<TLCConcept eId="publication" href="http://oireachtas.ie/ie/oireachtas/ontology#Publication" showAs="Publication"/>
<TLCPerson eId="GerryAdams" href="http://oireachtas.ie/ie/oireachtas/member/Gerry-Adams.D.2011-03-09/dail/31" showAs="Mr. Gerry Adams"/>
<TLCPerson eId="KathleenLynch" href="http://oireachtas.ie/ie/oireachtas/member/Kathleen-Lynch.D.1994-11-10/dail/31" showAs="Ms. Kathleen Lynch"/>
<TLCRole eId="Minister_for_Justice_and_Equality" href="http://oireachtas.ie/ie/oireachtas/member/Alan-Shatter.D.1981-06-30/dail/31/minister/justice__equality" showAs="Minister for Justice and Equality"/>
<TLCRole eId="Minister_of_State_at_the_Department_of_Justice_and_Equality" href="http://oireachtas.ie/ie/oireachtas/member/Kathleen-Lynch.D.1994-11-10/dail/31/minister_state/justice__equality" showAs="Minister of State at the Department of Justice and Equality"/>
</references>
        </meta>
        <preface>
            <block name="title_ga">
                <docTitle>DÍOSPÓIREACHTAÍ PARLAIMINTE</docTitle>
            </block>
            <block name="title_en">
                <docTitle>PARLIAMENTARY DEBATES</docTitle>
            </block>
            <block name="proponent_ga">
                <docProponent>DÁIL ÉIREANN</docProponent>
            </block>
            <block name="status_ga">
                <docStatus>TUAIRISC OIFIGIÚIL</docStatus>
            </block>
            <block name="status_en">
                <docStatus>(OFFICIAL REPORT)</docStatus>
            </block>
            <block name="date_ga">
                <docDate date="2012-07-18">Dé Céadaoin, 18 Iúil 2012</docDate>
            </block>
            <block name="date_en">
                <docDate date="2012-07-18">Wednesday, 18 July 2012</docDate>
            </block>
        </preface>
        <debateBody><debateSection name="writtenAnswer" eId="dbsect_191">
                    <heading>Traveller Community</heading>
                    <question by="#GerryAdams" to="#Minister_for_Justice_and_Equality" eId="pq_255">
                        <p eId="para_4780">
        255
        <b> Deputy Gerry Adams</b>
         asked the 
        <b>Minister for Justice and Equality</b>
         the groups and organisations he has consulted with in relation to the issue of the recognition of Travellers as a distinct ethnic group. 
        [35587/12]
      </p>
                    </question>
                    <question by="#GerryAdams" to="#Minister_for_Justice_and_Equality" eId="pq_256">
                        <p eId="para_4781">
        256
        <b> Deputy Gerry Adams</b>
         asked the 
        <b>Minister for Justice and Equality</b>
         the position regarding the possibility of the Government recognising travellers as an ethnic group. 
        [35588/12]
      </p>
                    </question>
                    <speech by="#KathleenLynch" as="#Minister_of_State_at_the_Department_of_Justice_and_Equality">
                        <from>Minister of State at the Department of Justice and Equality (Deputy Kathleen Lynch)</from>
                        <p eId="para_4782">I propose to take Questions Nos. 255 and 256 together.</p>
                        <p eId="para_4783">During the course of the examination by a working group of the UN Human Rights Council of Ireland's report to that Council, prepared under the Universal Periodic Review procedures of the Council, my colleague, Minister Shatter, was asked, among many other matters, about the position of Travellers in Irish society.</p>
                        <p eId="para_4784">One delegation specifically recommended that Ireland should recognise Travellers as an ethnic minority while other interventions were of a more general nature.</p>
                        <p eId="para_4785">Minister Shatter replied that serious consideration is being given to granting such recognition.</p>
                        <p eId="para_4786">I am aware of the long standing wish of some Travellers that such status be granted and that the previous Government was of the view that Travellers are not an ethnic minority.</p>
                        <p eId="para_4787">I am aware that dialogue between staff of my Department and representatives of Traveller organisations has taken place in the past on the issue, as during the course of a seminar on the third State report under the Council of Europe Convention on National Minorities.   In addition, the National Traveller Monitoring and Advisery Committee, on which sit representatives of all the national Traveller organisations as well as officials of my Department, earlier this year established a sub-group specifically to consider the issue of Traveller ethnicity.</p>
                        <p eId="para_4788">It is not for me as Minister for State to anticipate a decision of Government.  I can say that consideration remains ongoing and it is intended that the question will be before the Government for decision as soon as possible.</p>
                    </speech>
                </debateSection>
                </debateBody></debate>
</akomaNtoso>
