<?xml version='1.0' encoding='UTF-8'?>
<akomaNtoso xmlns="http://docs.oasis-open.org/legaldocml/ns/akn/3.0/CSD13" xmlns:xsi="http://www.w3.org/2001/XMLSchema-instance" xsi:schemaLocation="http://docs.oasis-open.org/legaldocml/ns/akn/3.0/CSD13 ./akomantoso30.xsd ">
    <debate name="Official Report">
        <meta>
            <identification source="#source">
                <FRBRWork>
                    <FRBRthis value="/akn/ie/debateRecord/dail/2012-07-18/writtens/dbsect_66"/>
                    <FRBRuri value="/akn/ie/debateRecord/dail/2012-07-18/writtens"/>
                    <FRBRdate date="2012-07-18" name="#generation"/>
                    <FRBRauthor href="http://oireachtas.ie/ie/oireachtas/house/dail"/>
                    <FRBRcountry value="ie"/>
                <FRBRname value="writtens"/></FRBRWork>
                <FRBRExpression>
                    <FRBRthis value="/akn/ie/debateRecord/dail/2012-07-18/writtens/mul@/dbsect_66"/>
                    <FRBRuri value="/akn/ie/debateRecord/dail/2012-07-18/writtens/mul@"/>
                    <FRBRdate date="2012-07-18" name="#reported"/>
                    <FRBRauthor as="#editor" href="http://oireachtas.ie/ie/oireachtas/role/debates"/>
                    <FRBRlanguage language="mul"/>
                </FRBRExpression>
                <FRBRManifestation>
                    <FRBRthis value="/akn/ie/debateRecord/dail/2012-07-18/writtens/mul@/dbsect_66.xml"/>
                    <FRBRuri value="/akn/ie/debateRecord/dail/2012-07-18/writtens/mul@.akn"/>
                    <FRBRdate date="2016-08-17T12:53:12.290656" name="#publication"/>
                    <FRBRauthor as="#editor" href="http://oireachtas.ie/ie/oireachtas/role/debates"/>
                </FRBRManifestation>
            </identification>
            <references source="#debates">
                <TLCOrganization eId="source" href="http://oireachtas.ie" showAs="Houses of the Oireachtas"/><TLCConcept eId="generation" href="http://oireachtas.ie/ie/oireachtas/ontology#Generation" showAs="Generation"/>
<TLCConcept eId="reported" href="http://oireachtas.ie/ie/oireachtas/ontology#Reported" showAs="Reported"/>
<TLCConcept eId="publication" href="http://oireachtas.ie/ie/oireachtas/ontology#Publication" showAs="Publication"/>
<TLCPerson eId="JohnLyonsLab" href="http://oireachtas.ie/ie/oireachtas/member/John-Lyons.D.2011-03-09/dail/31" showAs="Mr. John Lyons"/>
<TLCPerson eId="RuairiQuinn" href="http://oireachtas.ie/ie/oireachtas/member/Ruairí-Quinn.S.1976-07-01/dail/31" showAs="Mr. Ruairí Quinn"/>
<TLCRole eId="Minister_for_Education_and_Skills" href="http://oireachtas.ie/ie/oireachtas/member/Ruairí-Quinn.S.1976-07-01/dail/31/minister/education__skills" showAs="Minister for Education and Skills"/>
</references>
        </meta>
        <preface>
            <block name="title_ga">
                <docTitle>DÍOSPÓIREACHTAÍ PARLAIMINTE</docTitle>
            </block>
            <block name="title_en">
                <docTitle>PARLIAMENTARY DEBATES</docTitle>
            </block>
            <block name="proponent_ga">
                <docProponent>DÁIL ÉIREANN</docProponent>
            </block>
            <block name="status_ga">
                <docStatus>TUAIRISC OIFIGIÚIL</docStatus>
            </block>
            <block name="status_en">
                <docStatus>(OFFICIAL REPORT)</docStatus>
            </block>
            <block name="date_ga">
                <docDate date="2012-07-18">Dé Céadaoin, 18 Iúil 2012</docDate>
            </block>
            <block name="date_en">
                <docDate date="2012-07-18">Wednesday, 18 July 2012</docDate>
            </block>
        </preface>
        <debateBody><debateSection name="writtenAnswer" eId="dbsect_66">
                    <heading>Languages Programme</heading>
                    <question by="#JohnLyonsLab" to="#Minister_for_Education_and_Skills" eId="pq_103">
                        <p eId="para_1992">
        103
        <b> Deputy John Lyons</b>
         asked the 
        <b>Minister for Education and Skills</b>
         his plans to improve the supply of domestic foreign language capability to act as a boost to enterprise activity and export potential; and if he will make a statement on the matter. 
        [35701/12]
      </p>
                    </question>
                    <question by="#JohnLyonsLab" to="#Minister_for_Education_and_Skills" eId="pq_104">
                        <p eId="para_1993">
        104
        <b> Deputy John Lyons</b>
         asked the 
        <b>Minister for Education and Skills</b>
         his plans to develop a national foreign language education policy with a five to ten year vision to provide an integrated and coherent approach to foreign language teaching in all learning contexts; and if he will make a statement on the matter. 
        [35702/12]
      </p>
                    </question>
                    <speech by="#RuairiQuinn" as="#Minister_for_Education_and_Skills">
                        <from>Minister for Education and Skills (Deputy Ruairí Quinn)</from>
                        <p eId="para_1994">I propose to take Questions Nos. 103 and 104 together.</p>
                        <p eId="para_1995">The Department's policy, detailed in the Government's National Literacy and Numeracy Strategy, is that pupils will learn two languages, English and Irish in primary schools.  The Strategy is being implemented since its publication in July of last year.  There are no plans in the current budgetary situation to extend the range of languages available as part of the curriculum in post-primary schools but substantial changes will occur in the teaching of languages as a result of the curriculum changes that will take place as part of the reform of the Junior Cycle.  The languages English, Irish, French, German, Spanish and Italian will continue to be offered as part of the curriculum at junior cycle.  At senior cycle, the languages English, Irish, French, German, Spanish, Italian, Russian, Japanese and Arabic will continue to be offered.  The availability of Transition Year and the option of school developed short courses proposed as part of junior cycle reform will provide opportunities for schools to provide additional languages, if they wish to do so.  A number of developments are also ongoing which should help to ensure that there is greater coherence to language teaching including foreign language teaching.  The National Council for Curriculum and Assessment is developing an integrated language curriculum for primary schools in the context of the National Literacy and Numeracy Strategy.  While the focus of this curriculum will be on English and Irish, it should help children to transfer skills acquired in one language to other languages and so establish a sound foundation for the learning of a foreign language in post-primary school.  As part of junior cycle reform, it is expected that the syllabuses for the foreign languages currently available will be revised and that students will reach proficiency in one of these languages.  At senior cycle, the syllabuses for French, Spanish, German and Italian have been reviewed within a common framework and are expected to be finalised during the 2012/2013 school year following a process of consultation with relevant parties.</p>
                        <p eId="para_1996">Apart from curricular languages, studied and examined in the Leaving Certificate examination, as noted above, the State Examinations Commission provides examinations in a range of non-curricular languages.  These are languages which do not appear as part of the normal school curriculum but students may opt to be examined in these languages under certain conditions.  The conditions, for the candidates in the Leaving Certificate examinations, include:</p>
                        <p eId="para_1997">they must be from a member state of the EU</p>
                        <p eId="para_1998">they must speak the language in which they opt to be examined as a mother tongue</p>
                        <p eId="para_1999">they are following a programme of study leading to the Leaving Certificate and</p>
                        <p eId="para_2000">they are taking the Leaving Certificate examination in English</p>
                        <p eId="para_2001">For 2012 Leaving Certificate Examination there were 1,495 entries for 16 such European languages.  The availability of the complete suite of languages will help to improve the supply of domestic foreign languages.   Almost 12% of our post-primary students are of nationalities other than Irish and a number of them would have a mother tongue that is not English.</p>
                    </speech>
                </debateSection>
                </debateBody></debate>
</akomaNtoso>
