<?xml version='1.0' encoding='UTF-8'?>
<akomaNtoso xmlns="http://docs.oasis-open.org/legaldocml/ns/akn/3.0/CSD13" xmlns:xsi="http://www.w3.org/2001/XMLSchema-instance" xsi:schemaLocation="http://docs.oasis-open.org/legaldocml/ns/akn/3.0/CSD13 ./akomantoso30.xsd ">
    <debate name="Official Report">
        <meta>
            <identification source="#source">
                <FRBRWork>
                    <FRBRthis value="/akn/ie/debateRecord/dail/2012-07-18/writtens/dbsect_289"/>
                    <FRBRuri value="/akn/ie/debateRecord/dail/2012-07-18/writtens"/>
                    <FRBRdate date="2012-07-18" name="#generation"/>
                    <FRBRauthor href="http://oireachtas.ie/ie/oireachtas/house/dail"/>
                    <FRBRcountry value="ie"/>
                <FRBRname value="writtens"/></FRBRWork>
                <FRBRExpression>
                    <FRBRthis value="/akn/ie/debateRecord/dail/2012-07-18/writtens/mul@/dbsect_289"/>
                    <FRBRuri value="/akn/ie/debateRecord/dail/2012-07-18/writtens/mul@"/>
                    <FRBRdate date="2012-07-18" name="#reported"/>
                    <FRBRauthor as="#editor" href="http://oireachtas.ie/ie/oireachtas/role/debates"/>
                    <FRBRlanguage language="mul"/>
                </FRBRExpression>
                <FRBRManifestation>
                    <FRBRthis value="/akn/ie/debateRecord/dail/2012-07-18/writtens/mul@/dbsect_289.xml"/>
                    <FRBRuri value="/akn/ie/debateRecord/dail/2012-07-18/writtens/mul@.akn"/>
                    <FRBRdate date="2016-08-17T12:53:12.290656" name="#publication"/>
                    <FRBRauthor as="#editor" href="http://oireachtas.ie/ie/oireachtas/role/debates"/>
                </FRBRManifestation>
            </identification>
            <references source="#debates">
                <TLCOrganization eId="source" href="http://oireachtas.ie" showAs="Houses of the Oireachtas"/><TLCConcept eId="generation" href="http://oireachtas.ie/ie/oireachtas/ontology#Generation" showAs="Generation"/>
<TLCConcept eId="reported" href="http://oireachtas.ie/ie/oireachtas/ontology#Reported" showAs="Reported"/>
<TLCConcept eId="publication" href="http://oireachtas.ie/ie/oireachtas/ontology#Publication" showAs="Publication"/>
<TLCPerson eId="BernardJDurkan" href="http://oireachtas.ie/ie/oireachtas/member/Bernard-Durkan.D.1981-06-30/dail/31" showAs="Mr. Bernard Durkan"/>
<TLCPerson eId="LeoVaradkar" href="http://oireachtas.ie/ie/oireachtas/member/Leo-Varadkar.D.2007-06-14/dail/31" showAs="Dr. Leo Varadkar"/>
<TLCRole eId="Minister_for_Transport,_Tourism_and_Sport" href="http://oireachtas.ie/ie/oireachtas/member/Leo-Varadkar.D.2007-06-14/dail/31/minister/transport__tourism__sport" showAs="Minister for Transport, Tourism and Sport"/>
</references>
        </meta>
        <preface>
            <block name="title_ga">
                <docTitle>DÍOSPÓIREACHTAÍ PARLAIMINTE</docTitle>
            </block>
            <block name="title_en">
                <docTitle>PARLIAMENTARY DEBATES</docTitle>
            </block>
            <block name="proponent_ga">
                <docProponent>DÁIL ÉIREANN</docProponent>
            </block>
            <block name="status_ga">
                <docStatus>TUAIRISC OIFIGIÚIL</docStatus>
            </block>
            <block name="status_en">
                <docStatus>(OFFICIAL REPORT)</docStatus>
            </block>
            <block name="date_ga">
                <docDate date="2012-07-18">Dé Céadaoin, 18 Iúil 2012</docDate>
            </block>
            <block name="date_en">
                <docDate date="2012-07-18">Wednesday, 18 July 2012</docDate>
            </block>
        </preface>
        <debateBody><debateSection name="writtenAnswer" eId="dbsect_289">
                    <heading>Road Maintenance</heading>
                    <question by="#BernardJDurkan" to="#Minister_for_Transport,_Tourism_and_Sport" eId="pq_394">
                        <p eId="para_5682">
        394
        <b> Deputy Bernard J. Durkan</b>
         asked the 
        <b>Minister for Transport, Tourism and Sport</b>
         if his attention has been drawn to the financial disadvantage faced by the road maintenance section of Kildare County Council in respect of maintenance costs for its intensive network of secondary and minor roads funding for which is affected by the existence of several motorways which are the responsibility of the National Roads Authority; if he will re-examine the extent to which he will address the issues arising from the imbalance of maintenance funding available for minor roads by the virtue of being directly adjacent to the motorways which are separately funded; and if he will make a statement on the matter. 
        [35908/12]
      </p>
                    </question>
                    <speech by="#LeoVaradkar" as="#Minister_for_Transport,_Tourism_and_Sport">
                        <from>Minister for Transport, Tourism and Sport (Deputy Leo Varadkar)</from>
                        <p eId="para_5683">As Minister for Transport, I have responsibility for overall policy and funding in relation to the national roads programme.  The maintenance of individual national roads is a matter for the National Roads Authority under the Roads Acts 1993 to 2007 working in conjunction with the local authorities concerned.</p>
                        <p eId="para_5684">Similarly the improvement and maintenance of regional and local roads is the statutory responsibility of each local authority, in accordance with the provisions of section 13 of the Act. The initial selection and prioritisation of projects to be funded is also a matter for the local authority.</p>
                        <p eId="para_5685">State grants for regional and local roads are intended to supplement authorities' own funds. The allocation of funds from my Department, and previously from the Department of the Environment, has evolved over time to reflect changes in programmes and in the availability of funding. In recent times programmes have been changed or amalgamated to provide flexibility to the local authorities to meet their individual needs and to react to local issues and events.  All of the works on regional and local roads which are funded by my Department are in the first instance prioritised by individual local authorities.</p>
                        <p eId="para_5686">Every effort is made by my Department to ensure that the allocation to individual county councils is equitable in terms of the length of road within each county and the usage of such roads.</p>
                    </speech>
                </debateSection>
                </debateBody></debate>
</akomaNtoso>
