<?xml version='1.0' encoding='UTF-8'?>
<akomaNtoso xmlns="http://docs.oasis-open.org/legaldocml/ns/akn/3.0/CSD13" xmlns:xsi="http://www.w3.org/2001/XMLSchema-instance" xsi:schemaLocation="http://docs.oasis-open.org/legaldocml/ns/akn/3.0/CSD13 ./akomantoso30.xsd ">
    <debate name="Official Report">
        <meta>
            <identification source="#source">
                <FRBRWork>
                    <FRBRthis value="/akn/ie/debateRecord/dail/2012-07-18/writtens/dbsect_83"/>
                    <FRBRuri value="/akn/ie/debateRecord/dail/2012-07-18/writtens"/>
                    <FRBRdate date="2012-07-18" name="#generation"/>
                    <FRBRauthor href="http://oireachtas.ie/ie/oireachtas/house/dail"/>
                    <FRBRcountry value="ie"/>
                <FRBRname value="writtens"/></FRBRWork>
                <FRBRExpression>
                    <FRBRthis value="/akn/ie/debateRecord/dail/2012-07-18/writtens/mul@/dbsect_83"/>
                    <FRBRuri value="/akn/ie/debateRecord/dail/2012-07-18/writtens/mul@"/>
                    <FRBRdate date="2012-07-18" name="#reported"/>
                    <FRBRauthor as="#editor" href="http://oireachtas.ie/ie/oireachtas/role/debates"/>
                    <FRBRlanguage language="mul"/>
                </FRBRExpression>
                <FRBRManifestation>
                    <FRBRthis value="/akn/ie/debateRecord/dail/2012-07-18/writtens/mul@/dbsect_83.xml"/>
                    <FRBRuri value="/akn/ie/debateRecord/dail/2012-07-18/writtens/mul@.akn"/>
                    <FRBRdate date="2016-08-17T12:53:12.290656" name="#publication"/>
                    <FRBRauthor as="#editor" href="http://oireachtas.ie/ie/oireachtas/role/debates"/>
                </FRBRManifestation>
            </identification>
            <references source="#debates">
                <TLCOrganization eId="source" href="http://oireachtas.ie" showAs="Houses of the Oireachtas"/><TLCConcept eId="generation" href="http://oireachtas.ie/ie/oireachtas/ontology#Generation" showAs="Generation"/>
<TLCConcept eId="reported" href="http://oireachtas.ie/ie/oireachtas/ontology#Reported" showAs="Reported"/>
<TLCConcept eId="publication" href="http://oireachtas.ie/ie/oireachtas/ontology#Publication" showAs="Publication"/>
<TLCPerson eId="BrendanHowlin" href="http://oireachtas.ie/ie/oireachtas/member/Brendan-Howlin.S.1983-02-23/dail/31" showAs="Mr. Brendan Howlin"/>
<TLCPerson eId="PeadarToibin" href="http://oireachtas.ie/ie/oireachtas/member/Peadar-Tóibín.D.2011-03-09/dail/31" showAs="Mr. Peadar Tóibín"/>
<TLCRole eId="Minister_for_Expenditure" href="http://oireachtas.ie/ie/oireachtas/minister/expenditure" showAs="Minister for Expenditure"/>
<TLCRole eId="Minister_for_Public_Expenditure_and_Reform" href="http://oireachtas.ie/ie/oireachtas/member/Brendan-Howlin.S.1983-02-23/dail/31/minister/public_expenditure__reform" showAs="Minister for Public Expenditure and Reform"/>
</references>
        </meta>
        <preface>
            <block name="title_ga">
                <docTitle>DÍOSPÓIREACHTAÍ PARLAIMINTE</docTitle>
            </block>
            <block name="title_en">
                <docTitle>PARLIAMENTARY DEBATES</docTitle>
            </block>
            <block name="proponent_ga">
                <docProponent>DÁIL ÉIREANN</docProponent>
            </block>
            <block name="status_ga">
                <docStatus>TUAIRISC OIFIGIÚIL</docStatus>
            </block>
            <block name="status_en">
                <docStatus>(OFFICIAL REPORT)</docStatus>
            </block>
            <block name="date_ga">
                <docDate date="2012-07-18">Dé Céadaoin, 18 Iúil 2012</docDate>
            </block>
            <block name="date_en">
                <docDate date="2012-07-18">Wednesday, 18 July 2012</docDate>
            </block>
        </preface>
        <debateBody><debateSection name="writtenAnswer" eId="dbsect_83">
                    <heading>Capital Expenditure</heading>
                    <question by="#PeadarToibin" to="#Minister_for_Expenditure" eId="pq_122">
                        <p eId="para_3606">
        122
        <b> Deputy Peadar Tóibín</b>
         asked the 
        <b>Minister for Public Expenditure and Reform</b>
         the level of capital spending by the Exchequer for each of the last ten years in tabular form; and if he will make a statement on the matter. 
        [35530/12]
      </p>
                    </question>
                    <speech by="#BrendanHowlin" as="#Minister_for_Public_Expenditure_and_Reform">
                        <from>Minister for Public Expenditure and Reform (Deputy Brendan Howlin)</from>
                        <p eId="para_3607">The information sought by the Deputy is published in the annual Revised Book of Estimates and is also available in the statistical databank on my Department's website at<i>http://databank.per.gov.ie/</i>. </p>
                        <p eId="para_3608">Over the past decade many of the economy's key infrastructural deficits were addressed through a large capital investment of over €60 billion in infrastructure through Exchequer capital expenditure.  In recent years, it has been necessary to prioritise public spending and scale back the public capital programme in order to bring the public finances under control.</p>
                        <p eId="para_3609">In November of last year, I published "Infrastructure and Capital Investment 2012-2016: Medium Term Exchequer Framework" which outlined the five year Exchequer Capital Framework out to 2016.  This Framework was published following a Government-wide review of the public capital programme led by my Department.  The Framework sets out a significant tranche of Exchequer investment over the next five years, and is designed to address critical infrastructure deficits, aid economic growth and provide much needed social infrastructure.  It will be complemented by the investment plans I announced yesterday which will be largely predicated on using non-Exchequer sources of funding to support the first Phase of a new PPP Programme of projects in key areas of infrastructure.</p>
                    </speech>
                </debateSection>
                </debateBody></debate>
</akomaNtoso>
