<?xml version='1.0' encoding='UTF-8'?>
<akomaNtoso xmlns="http://docs.oasis-open.org/legaldocml/ns/akn/3.0/CSD13" xmlns:xsi="http://www.w3.org/2001/XMLSchema-instance" xsi:schemaLocation="http://docs.oasis-open.org/legaldocml/ns/akn/3.0/CSD13 ./akomantoso30.xsd ">
    <debate name="Official Report">
        <meta>
            <identification source="#source">
                <FRBRWork>
                    <FRBRthis value="/akn/ie/debateRecord/dail/2012-07-18/writtens/dbsect_283"/>
                    <FRBRuri value="/akn/ie/debateRecord/dail/2012-07-18/writtens"/>
                    <FRBRdate date="2012-07-18" name="#generation"/>
                    <FRBRauthor href="http://oireachtas.ie/ie/oireachtas/house/dail"/>
                    <FRBRcountry value="ie"/>
                <FRBRname value="writtens"/></FRBRWork>
                <FRBRExpression>
                    <FRBRthis value="/akn/ie/debateRecord/dail/2012-07-18/writtens/mul@/dbsect_283"/>
                    <FRBRuri value="/akn/ie/debateRecord/dail/2012-07-18/writtens/mul@"/>
                    <FRBRdate date="2012-07-18" name="#reported"/>
                    <FRBRauthor as="#editor" href="http://oireachtas.ie/ie/oireachtas/role/debates"/>
                    <FRBRlanguage language="mul"/>
                </FRBRExpression>
                <FRBRManifestation>
                    <FRBRthis value="/akn/ie/debateRecord/dail/2012-07-18/writtens/mul@/dbsect_283.xml"/>
                    <FRBRuri value="/akn/ie/debateRecord/dail/2012-07-18/writtens/mul@.akn"/>
                    <FRBRdate date="2016-08-17T12:53:12.290656" name="#publication"/>
                    <FRBRauthor as="#editor" href="http://oireachtas.ie/ie/oireachtas/role/debates"/>
                </FRBRManifestation>
            </identification>
            <references source="#debates">
                <TLCOrganization eId="source" href="http://oireachtas.ie" showAs="Houses of the Oireachtas"/><TLCConcept eId="generation" href="http://oireachtas.ie/ie/oireachtas/ontology#Generation" showAs="Generation"/>
<TLCConcept eId="reported" href="http://oireachtas.ie/ie/oireachtas/ontology#Reported" showAs="Reported"/>
<TLCConcept eId="publication" href="http://oireachtas.ie/ie/oireachtas/ontology#Publication" showAs="Publication"/>
<TLCPerson eId="AlanKelly" href="http://oireachtas.ie/ie/oireachtas/member/Alan-Kelly.S.2007-07-23/dail/31" showAs="Mr. Alan Kelly"/>
<TLCPerson eId="BrendanGriffinFG" href="http://oireachtas.ie/ie/oireachtas/member/Brendan-Griffin.D.2011-03-09/dail/31" showAs="Mr. Brendan Griffin"/>
<TLCPerson eId="DerekNolan" href="http://oireachtas.ie/ie/oireachtas/member/Derek-Nolan.D.2011-03-09/dail/31" showAs="Mr. Derek Nolan"/>
<TLCRole eId="Minister_for_Transport,_Tourism_and_Sport" href="http://oireachtas.ie/ie/oireachtas/member/Leo-Varadkar.D.2007-06-14/dail/31/minister/transport__tourism__sport" showAs="Minister for Transport, Tourism and Sport"/>
<TLCRole eId="Minister_of_State_at_the_Department_of_Transport,_Tourism_and_Sport" href="http://oireachtas.ie/ie/oireachtas/member/Alan-Kelly.S.2007-07-23/dail/31/minister_state/transport__tourism__sport" showAs="Minister of State at the Department of Transport, Tourism and Sport"/>
</references>
        </meta>
        <preface>
            <block name="title_ga">
                <docTitle>DÍOSPÓIREACHTAÍ PARLAIMINTE</docTitle>
            </block>
            <block name="title_en">
                <docTitle>PARLIAMENTARY DEBATES</docTitle>
            </block>
            <block name="proponent_ga">
                <docProponent>DÁIL ÉIREANN</docProponent>
            </block>
            <block name="status_ga">
                <docStatus>TUAIRISC OIFIGIÚIL</docStatus>
            </block>
            <block name="status_en">
                <docStatus>(OFFICIAL REPORT)</docStatus>
            </block>
            <block name="date_ga">
                <docDate date="2012-07-18">Dé Céadaoin, 18 Iúil 2012</docDate>
            </block>
            <block name="date_en">
                <docDate date="2012-07-18">Wednesday, 18 July 2012</docDate>
            </block>
        </preface>
        <debateBody><debateSection name="writtenAnswer" eId="dbsect_283">
                    <heading>Taxi Regulations</heading>
                    <question by="#DerekNolan" to="#Minister_for_Transport,_Tourism_and_Sport" eId="pq_382">
                        <p eId="para_5639">
        382
        <b> Deputy Derek Nolan</b>
         asked the 
        <b>Minister for Transport, Tourism and Sport</b>
         if consideration has been given to reducing the number of speculators in the taxi industry by limiting any person’s ownership of a licence to one; and if he will make a statement on the matter. 
        [35648/12]
      </p>
                    </question>
                    <question by="#DerekNolan" to="#Minister_for_Transport,_Tourism_and_Sport" eId="pq_383">
                        <p eId="para_5640">
        383
        <b> Deputy Derek Nolan</b>
         asked the 
        <b>Minister for Transport, Tourism and Sport</b>
         if consideration has been given to using funds recently transferred to the National Transport Authority from the taxi regulator to reducing the number of taxi drivers through a licence buy back scheme; and if he will make a statement on the matter. 
        [35649/12]
      </p>
                    </question>
                    <question by="#DerekNolan" to="#Minister_for_Transport,_Tourism_and_Sport" eId="pq_384">
                        <p eId="para_5641">
        384
        <b> Deputy Derek Nolan</b>
         asked the 
        <b>Minister for Transport, Tourism and Sport</b>
         if he is satisfied that his proposal to prevent the transferring of taxi licences from one owner to another is legally sound; if there is an issue to do with legitimate expectation in view of the fact that purchasers are expected to be able to resell the licences when they purchased; and if he will make a statement on the matter. 
        [35650/12]
      </p>
                    </question>
                    <question by="#BrendanGriffinFG" to="#Minister_for_Transport,_Tourism_and_Sport" eId="pq_385">
                        <p eId="para_5642">
        385
        <b> Deputy Brendan Griffin</b>
         asked the 
        <b>Minister for Transport, Tourism and Sport</b>
         his views on a matter (details supplied); and if he will make a statement on the matter. 
        [35656/12]
      </p>
                    </question>
                    <speech by="#AlanKelly" as="#Minister_of_State_at_the_Department_of_Transport,_Tourism_and_Sport">
                        <from>Minister of State at the Department of Transport, Tourism and Sport (Deputy Alan Kelly)</from>
                        <p eId="para_5643">I propose to take Questions Nos. 382 to 385, inclsuive, together.</p>
                        <p eId="para_5644">The National Transport Authority (NTA) has responsibility for the regulation of the taxi industry and is also the lead agency with responsibility for implementation of the recommendations of the Taxi Regulation Review Report. The Review Report makes no recommendations on limiting the ownership of a taxi licence as mentioned. Instead the Report focuses on a package of measures designed to enhance standards and encourage professional drivers to operate in the sector.</p>
                        <p eId="para_5645">I have no plans to introduce any financial incentives for individuals to exit the taxi market such as those measures suggested by the Deputy. The use of licence fee income is a matter, for the NTA in the first instance, subject to the requirements of section 50 of the Taxi Regulation Act 2003.</p>
                        <p eId="para_5646">In the case of licence transferrability , a major anomoly was identified in that taxi licences issued prior to January can be sold or transferred on one occasion. It was considered that it was necessary to move away from a system whereby a licence will have value in itself — a licence should determine a person's suitability to carry out a function and it should not have monetary value or be traded on the open market. Action 14 of the Review Report proposes the introduction of a prohibition on the transferability of taxi vehicle licences such that all taxi vehicle licences will be unique to the person to whom the licence has been issued and cannot be transferred or sold to another individual. The legal aspects of the proposal are being examined as part of the implementation process.</p>
                        <p eId="para_5647">I would not be in favour of slogans or other displays on taxis that could be perceived, rightly or wrongly, as inviting the customer to discriminate on racial grounds.</p>
                    </speech>
                </debateSection>
                </debateBody></debate>
</akomaNtoso>
