<?xml version='1.0' encoding='UTF-8'?>
<akomaNtoso xmlns="http://docs.oasis-open.org/legaldocml/ns/akn/3.0/CSD13" xmlns:xsi="http://www.w3.org/2001/XMLSchema-instance" xsi:schemaLocation="http://docs.oasis-open.org/legaldocml/ns/akn/3.0/CSD13 ./akomantoso30.xsd ">
    <debate name="Official Report">
        <meta>
            <identification source="#source">
                <FRBRWork>
                    <FRBRthis value="/akn/ie/debateRecord/dail/2012-07-18/writtens/dbsect_135"/>
                    <FRBRuri value="/akn/ie/debateRecord/dail/2012-07-18/writtens"/>
                    <FRBRdate date="2012-07-18" name="#generation"/>
                    <FRBRauthor href="http://oireachtas.ie/ie/oireachtas/house/dail"/>
                    <FRBRcountry value="ie"/>
                <FRBRname value="writtens"/></FRBRWork>
                <FRBRExpression>
                    <FRBRthis value="/akn/ie/debateRecord/dail/2012-07-18/writtens/mul@/dbsect_135"/>
                    <FRBRuri value="/akn/ie/debateRecord/dail/2012-07-18/writtens/mul@"/>
                    <FRBRdate date="2012-07-18" name="#reported"/>
                    <FRBRauthor as="#editor" href="http://oireachtas.ie/ie/oireachtas/role/debates"/>
                    <FRBRlanguage language="mul"/>
                </FRBRExpression>
                <FRBRManifestation>
                    <FRBRthis value="/akn/ie/debateRecord/dail/2012-07-18/writtens/mul@/dbsect_135.xml"/>
                    <FRBRuri value="/akn/ie/debateRecord/dail/2012-07-18/writtens/mul@.akn"/>
                    <FRBRdate date="2016-08-17T12:53:12.290656" name="#publication"/>
                    <FRBRauthor as="#editor" href="http://oireachtas.ie/ie/oireachtas/role/debates"/>
                </FRBRManifestation>
            </identification>
            <references source="#debates">
                <TLCOrganization eId="source" href="http://oireachtas.ie" showAs="Houses of the Oireachtas"/><TLCConcept eId="generation" href="http://oireachtas.ie/ie/oireachtas/ontology#Generation" showAs="Generation"/>
<TLCConcept eId="reported" href="http://oireachtas.ie/ie/oireachtas/ontology#Reported" showAs="Reported"/>
<TLCConcept eId="publication" href="http://oireachtas.ie/ie/oireachtas/ontology#Publication" showAs="Publication"/>
<TLCPerson eId="JerryButtimer" href="http://oireachtas.ie/ie/oireachtas/member/Jerry-Buttimer.S.2007-07-23/dail/31" showAs="Mr. Jerry Buttimer"/>
<TLCPerson eId="JoanBurtonLAB" href="http://oireachtas.ie/ie/oireachtas/member/Joan-Burton.D.1992-12-14/dail/31" showAs="Ms. Joan Burton"/>
<TLCRole eId="Minister_for_Social_Protection" href="http://oireachtas.ie/ie/oireachtas/member/Joan-Burton.D.1992-12-14/dail/31/minister/social_protection" showAs="Minister for Social Protection"/>
</references>
        </meta>
        <preface>
            <block name="title_ga">
                <docTitle>DÍOSPÓIREACHTAÍ PARLAIMINTE</docTitle>
            </block>
            <block name="title_en">
                <docTitle>PARLIAMENTARY DEBATES</docTitle>
            </block>
            <block name="proponent_ga">
                <docProponent>DÁIL ÉIREANN</docProponent>
            </block>
            <block name="status_ga">
                <docStatus>TUAIRISC OIFIGIÚIL</docStatus>
            </block>
            <block name="status_en">
                <docStatus>(OFFICIAL REPORT)</docStatus>
            </block>
            <block name="date_ga">
                <docDate date="2012-07-18">Dé Céadaoin, 18 Iúil 2012</docDate>
            </block>
            <block name="date_en">
                <docDate date="2012-07-18">Wednesday, 18 July 2012</docDate>
            </block>
        </preface>
        <debateBody><debateSection name="writtenAnswer" eId="dbsect_135">
                    <heading>Ministerial Advisers</heading>
                    <question by="#JerryButtimer" to="#Minister_for_Social_Protection" eId="pq_181">
                        <p eId="para_3981">
        181
        <b> Deputy Jerry Buttimer</b>
                            <b>
          </b>asked the 
        <b>Minister for Social Protection</b>
         if she will provide details of the number of political advisers employed by her or her Department; and if she will make a statement on the matter. 
        [35878/12]
      </p>
                    </question>
                    <question by="#JerryButtimer" to="#Minister_for_Social_Protection" eId="pq_183">
                        <p eId="para_3982">
        183
        <b> Deputy Jerry Buttimer</b>
                            <b>
          </b>asked the 
        <b>Minister for Social Protection</b>
         if she will provide details of the number of political advisers employed by her predecessors in each of the past five years; and if she will make a statement on the matter. 
        [35897/12]
      </p>
                    </question>
                    <speech by="#JoanBurtonLAB" as="#Minister_for_Social_Protection">
                        <from>Minister for Social Protection (Deputy Joan Burton)</from>
                        <p eId="para_3983">It is proposed to take Questions Nos. 181 and 183 together.</p>
                        <p eId="para_3984">Since my appointment as Minister for Social Protection I have appointed one special advisor, Mr. Edward Brophy, and one press advisor, Ms Kathleen Barrington.</p>
                        <p eId="para_3985">Details of the advisers appointed by my predecessors in the past five years are shown in the following table.</p>
                        <table>
                            <tr>
                                <td>
                                    <p eId="para_3986">Minister</p>
                                </td>
                                <td>
                                    <p eId="para_3987">Period in office</p>
                                </td>
                                <td>
                                    <p eId="para_3988">Special Adviser</p>
                                </td>
                                <td>
                                    <p eId="para_3989">Press Adviser</p>
                                </td>
                            </tr>
                            <tr>
                                <td>
                                    <p eId="para_3990">Martin Cullen</p>
                                </td>
                                <td>
                                    <p eId="para_3991">14/06/2007-07/05/2008</p>
                                </td>
                                <td>
                                    <p eId="para_3992">None</p>
                                </td>
                                <td>
                                    <p eId="para_3993">Michelle Hoctor</p>
                                </td>
                            </tr>
                            <tr>
                                <td>
                                    <p eId="para_3994">Mary Hanafin</p>
                                </td>
                                <td>
                                    <p eId="para_3995">08/05/2008-23/03/2010</p>
                                </td>
                                <td>
                                    <p eId="para_3996">Averil Power</p>
                                </td>
                                <td>
                                    <p eId="para_3997">Geraldine Butler</p>
                                </td>
                            </tr>
                            <tr>
                                <td>
                                    <p eId="para_3998">Eamon Ó’ Cuiv</p>
                                </td>
                                <td>
                                    <p eId="para_3999">24/03/2010-08/03/2011</p>
                                </td>
                                <td>
                                    <p eId="para_4000">Padraic Ó’ hUiginn</p>
                                </td>
                                <td>
                                    <p eId="para_4001">Michelle Hoctor</p>
                                </td>
                            </tr>
                        </table>
                    </speech>
                </debateSection>
                </debateBody></debate>
</akomaNtoso>
