<?xml version='1.0' encoding='UTF-8'?>
<akomaNtoso xmlns="http://docs.oasis-open.org/legaldocml/ns/akn/3.0/CSD13" xmlns:xsi="http://www.w3.org/2001/XMLSchema-instance" xsi:schemaLocation="http://docs.oasis-open.org/legaldocml/ns/akn/3.0/CSD13 ./akomantoso30.xsd ">
    <debate name="Official Report">
        <meta>
            <identification source="#source">
                <FRBRWork>
                    <FRBRthis value="/akn/ie/debateRecord/dail/2012-07-18/writtens/dbsect_12"/>
                    <FRBRuri value="/akn/ie/debateRecord/dail/2012-07-18/writtens"/>
                    <FRBRdate date="2012-07-18" name="#generation"/>
                    <FRBRauthor href="http://oireachtas.ie/ie/oireachtas/house/dail"/>
                    <FRBRcountry value="ie"/>
                <FRBRname value="writtens"/></FRBRWork>
                <FRBRExpression>
                    <FRBRthis value="/akn/ie/debateRecord/dail/2012-07-18/writtens/mul@/dbsect_12"/>
                    <FRBRuri value="/akn/ie/debateRecord/dail/2012-07-18/writtens/mul@"/>
                    <FRBRdate date="2012-07-18" name="#reported"/>
                    <FRBRauthor as="#editor" href="http://oireachtas.ie/ie/oireachtas/role/debates"/>
                    <FRBRlanguage language="mul"/>
                </FRBRExpression>
                <FRBRManifestation>
                    <FRBRthis value="/akn/ie/debateRecord/dail/2012-07-18/writtens/mul@/dbsect_12.xml"/>
                    <FRBRuri value="/akn/ie/debateRecord/dail/2012-07-18/writtens/mul@.akn"/>
                    <FRBRdate date="2016-08-17T12:53:12.290656" name="#publication"/>
                    <FRBRauthor as="#editor" href="http://oireachtas.ie/ie/oireachtas/role/debates"/>
                </FRBRManifestation>
            </identification>
            <references source="#debates">
                <TLCOrganization eId="source" href="http://oireachtas.ie" showAs="Houses of the Oireachtas"/><TLCConcept eId="generation" href="http://oireachtas.ie/ie/oireachtas/ontology#Generation" showAs="Generation"/>
<TLCConcept eId="reported" href="http://oireachtas.ie/ie/oireachtas/ontology#Reported" showAs="Reported"/>
<TLCConcept eId="publication" href="http://oireachtas.ie/ie/oireachtas/ontology#Publication" showAs="Publication"/>
<TLCPerson eId="JimmyDeenihan" href="http://oireachtas.ie/ie/oireachtas/member/Jimmy-Deenihan.S.1983-02-23/dail/31" showAs="Mr. Jimmy Deenihan"/>
<TLCPerson eId="RichardBoydBarrett" href="http://oireachtas.ie/ie/oireachtas/member/Richard-Boyd-Barrett.D.2011-03-09/dail/31" showAs="Mr. Richard Boyd Barrett"/>
<TLCRole eId="Minister_for_Arts,_Heritage_and_the_Gaeltacht" href="http://oireachtas.ie/ie/oireachtas/member/Jimmy-Deenihan.S.1983-02-23/dail/31/minister/arts__heritage__gaeltacht" showAs="Minister for Arts, Heritage and the Gaeltacht"/>
</references>
        </meta>
        <preface>
            <block name="title_ga">
                <docTitle>DÍOSPÓIREACHTAÍ PARLAIMINTE</docTitle>
            </block>
            <block name="title_en">
                <docTitle>PARLIAMENTARY DEBATES</docTitle>
            </block>
            <block name="proponent_ga">
                <docProponent>DÁIL ÉIREANN</docProponent>
            </block>
            <block name="status_ga">
                <docStatus>TUAIRISC OIFIGIÚIL</docStatus>
            </block>
            <block name="status_en">
                <docStatus>(OFFICIAL REPORT)</docStatus>
            </block>
            <block name="date_ga">
                <docDate date="2012-07-18">Dé Céadaoin, 18 Iúil 2012</docDate>
            </block>
            <block name="date_en">
                <docDate date="2012-07-18">Wednesday, 18 July 2012</docDate>
            </block>
        </preface>
        <debateBody><debateSection name="writtenAnswer" eId="dbsect_12">
                    <heading>Arts Funding</heading>
                    <question by="#RichardBoydBarrett" to="#Minister_for_Arts,_Heritage_and_the_Gaeltacht" eId="pq_21">
                        <p eId="para_61">
        21
        <b>  Deputy Richard Boyd Barrett</b>
         asked the 
        <b>Minister for Arts, Heritage and the Gaeltacht</b>
          the advice he would give for alternative funding for an organisation (details supplied) which has studios in Swords, Athlone, Navan, Ashbourne, Finglas, Balbriggan and Portlaoise in view of the fact they do not qualify for funding from the Arts Council; and if he will make a statement on the matter.  
        [35362/12]
      </p>
                    </question>
                    <speech by="#JimmyDeenihan" as="#Minister_for_Arts,_Heritage_and_the_Gaeltacht">
                        <from>Minister for Arts, Heritage and the Gaeltacht (Deputy Jimmy Deenihan)</from>
                        <p eId="para_62">I refer the Deputy to my reply to today's Priority Question No. 3.</p>
                    </speech>
                </debateSection>
                </debateBody></debate>
</akomaNtoso>
