<?xml version='1.0' encoding='UTF-8'?>
<akomaNtoso xmlns="http://docs.oasis-open.org/legaldocml/ns/akn/3.0/CSD13" xmlns:xsi="http://www.w3.org/2001/XMLSchema-instance" xsi:schemaLocation="http://docs.oasis-open.org/legaldocml/ns/akn/3.0/CSD13 ./akomantoso30.xsd ">
    <debate name="Official Report">
        <meta>
            <identification source="#source">
                <FRBRWork>
                    <FRBRthis value="/akn/ie/debateRecord/dail/2012-07-18/writtens/dbsect_173"/>
                    <FRBRuri value="/akn/ie/debateRecord/dail/2012-07-18/writtens"/>
                    <FRBRdate date="2012-07-18" name="#generation"/>
                    <FRBRauthor href="http://oireachtas.ie/ie/oireachtas/house/dail"/>
                    <FRBRcountry value="ie"/>
                <FRBRname value="writtens"/></FRBRWork>
                <FRBRExpression>
                    <FRBRthis value="/akn/ie/debateRecord/dail/2012-07-18/writtens/mul@/dbsect_173"/>
                    <FRBRuri value="/akn/ie/debateRecord/dail/2012-07-18/writtens/mul@"/>
                    <FRBRdate date="2012-07-18" name="#reported"/>
                    <FRBRauthor as="#editor" href="http://oireachtas.ie/ie/oireachtas/role/debates"/>
                    <FRBRlanguage language="mul"/>
                </FRBRExpression>
                <FRBRManifestation>
                    <FRBRthis value="/akn/ie/debateRecord/dail/2012-07-18/writtens/mul@/dbsect_173.xml"/>
                    <FRBRuri value="/akn/ie/debateRecord/dail/2012-07-18/writtens/mul@.akn"/>
                    <FRBRdate date="2016-08-17T12:53:12.290656" name="#publication"/>
                    <FRBRauthor as="#editor" href="http://oireachtas.ie/ie/oireachtas/role/debates"/>
                </FRBRManifestation>
            </identification>
            <references source="#debates">
                <TLCOrganization eId="source" href="http://oireachtas.ie" showAs="Houses of the Oireachtas"/><TLCConcept eId="generation" href="http://oireachtas.ie/ie/oireachtas/ontology#Generation" showAs="Generation"/>
<TLCConcept eId="reported" href="http://oireachtas.ie/ie/oireachtas/ontology#Reported" showAs="Reported"/>
<TLCConcept eId="publication" href="http://oireachtas.ie/ie/oireachtas/ontology#Publication" showAs="Publication"/>
<TLCPerson eId="BrianStanley" href="http://oireachtas.ie/ie/oireachtas/member/Brian-Stanley.D.2011-03-09/dail/31" showAs="Mr. Brian Stanley"/>
<TLCPerson eId="PhilipHogan" href="http://oireachtas.ie/ie/oireachtas/member/Phil-Hogan.S.1987-04-25/dail/31" showAs="Mr. Phil Hogan"/>
<TLCRole eId="Minister_for_the_Environment,_Community_and_Local_Government" href="http://oireachtas.ie/ie/oireachtas/member/Phil-Hogan.S.1987-04-25/dail/31/minister/environment__community__local_government" showAs="Minister for the Environment, Community and Local Government"/>
</references>
        </meta>
        <preface>
            <block name="title_ga">
                <docTitle>DÍOSPÓIREACHTAÍ PARLAIMINTE</docTitle>
            </block>
            <block name="title_en">
                <docTitle>PARLIAMENTARY DEBATES</docTitle>
            </block>
            <block name="proponent_ga">
                <docProponent>DÁIL ÉIREANN</docProponent>
            </block>
            <block name="status_ga">
                <docStatus>TUAIRISC OIFIGIÚIL</docStatus>
            </block>
            <block name="status_en">
                <docStatus>(OFFICIAL REPORT)</docStatus>
            </block>
            <block name="date_ga">
                <docDate date="2012-07-18">Dé Céadaoin, 18 Iúil 2012</docDate>
            </block>
            <block name="date_en">
                <docDate date="2012-07-18">Wednesday, 18 July 2012</docDate>
            </block>
        </preface>
        <debateBody><debateSection name="writtenAnswer" eId="dbsect_173">
                    <heading>Departmental Expenditure</heading>
                    <question by="#BrianStanley" to="#Minister_for_the_Environment,_Community_and_Local_Government" eId="pq_231">
                        <p eId="para_4448">
        231
        <b> Deputy Brian Stanley</b>
         asked the 
        <b>Minister for the Environment, Community and Local Government</b>
         if he will provide a breakdown of the total annual spend, including all grants, by his Department on all structures of local government here for 2011, and also for June 2011 to June 2012. 
        [35682/12]
      </p>
                    </question>
                    <speech by="#PhilipHogan" as="#Minister_for_the_Environment,_Community_and_Local_Government">
                        <from>Minister for the Environment, Community and Local Government (Deputy Phil Hogan)</from>
                        <p eId="para_4449">The report of the Comptroller and Auditor General on<i>Accounts of the Public Services 2010: Central Government Funding of Local Authorities (Chapter 22)</i>   sets out detailed information relating to both the sources and application of funds from central government (including my Department) to local authorities in respect of the period 2007 to 2010. </p>
                        <p eId="para_4450">The following table details some €1.96 billion provided by my Department to local authorities in the full year to end December 2011:</p>
                        <table>
                            <caption>DECLG GRANTS TO LOCAL AUTHORITIES 2011</caption>
                            <tr>
                                <td>
                                    <p eId="para_4451">Expenditure Category</p>
                                </td>
                                <td>
                                    <p eId="para_4452">2011</p>
                                </td>
                            </tr>
                            <tr>
                                <td/>
                                <td>
                                    <p eId="para_4453">€ million</p>
                                </td>
                            </tr>
                            <tr>
                                <td>
                                    <p eId="para_4454">Housing</p>
                                </td>
                                <td/>
                            </tr>
                            <tr>
                                <td>
                                    <p eId="para_4455">Social housing provision and support</p>
                                </td>
                                <td>
                                    <p eId="para_4456">482</p>
                                </td>
                            </tr>
                            <tr>
                                <td>
                                    <p eId="para_4457">Local authority estate regeneration and remedial works</p>
                                </td>
                                <td>
                                    <p eId="para_4458">174</p>
                                </td>
                            </tr>
                            <tr>
                                <td>
                                    <p eId="para_4459">Private housing grants</p>
                                </td>
                                <td>
                                    <p eId="para_4460">68</p>
                                </td>
                            </tr>
                            <tr>
                                <td>
                                    <p eId="para_4461">Other supports</p>
                                </td>
                                <td>
                                    <p eId="para_4462">4</p>
                                </td>
                            </tr>
                            <tr>
                                <td>
                                    <p eId="para_4463">Subtotal</p>
                                </td>
                                <td>
                                    <p eId="para_4464">728</p>
                                </td>
                            </tr>
                            <tr>
                                <td/>
                                <td/>
                            </tr>
                            <tr>
                                <td>
                                    <p eId="para_4465">Environmental services</p>
                                </td>
                                <td/>
                            </tr>
                            <tr>
                                <td>
                                    <p eId="para_4466">Water services</p>
                                </td>
                                <td>
                                    <p eId="para_4467">462</p>
                                </td>
                            </tr>
                            <tr>
                                <td>
                                    <p eId="para_4468">Waste management</p>
                                </td>
                                <td>
                                    <p eId="para_4469">10</p>
                                </td>
                            </tr>
                            <tr>
                                <td>
                                    <p eId="para_4470">Recycling</p>
                                </td>
                                <td>
                                    <p eId="para_4471">12</p>
                                </td>
                            </tr>
                            <tr>
                                <td>
                                    <p eId="para_4472">Other environmental measures</p>
                                </td>
                                <td>
                                    <p eId="para_4473">18</p>
                                </td>
                            </tr>
                            <tr>
                                <td>
                                    <p eId="para_4474">Subtotal</p>
                                </td>
                                <td>
                                    <p eId="para_4475">502</p>
                                </td>
                            </tr>
                            <tr>
                                <td/>
                                <td/>
                            </tr>
                            <tr>
                                <td>
                                    <p eId="para_4476">Local services</p>
                                </td>
                                <td/>
                            </tr>
                            <tr>
                                <td>
                                    <p eId="para_4477">Library service</p>
                                </td>
                                <td>
                                    <p eId="para_4478">7</p>
                                </td>
                            </tr>
                            <tr>
                                <td>
                                    <p eId="para_4479">Fire and emergency services</p>
                                </td>
                                <td>
                                    <p eId="para_4480">13</p>
                                </td>
                            </tr>
                            <tr>
                                <td>
                                    <p eId="para_4481">Miscellaneous services</p>
                                </td>
                                <td>
                                    <p eId="para_4482">4</p>
                                </td>
                            </tr>
                            <tr>
                                <td>
                                    <p eId="para_4483">Subtotal</p>
                                </td>
                                <td>
                                    <p eId="para_4484">24</p>
                                </td>
                            </tr>
                            <tr>
                                <td/>
                                <td/>
                            </tr>
                            <tr>
                                <td>
                                    <p eId="para_4485">Local Government Fund</p>
                                </td>
                                <td>
                                    <p eId="para_4486">701</p>
                                </td>
                            </tr>
                            <tr>
                                <td>
                                    <p eId="para_4487">Total</p>
                                </td>
                                <td>
                                    <p eId="para_4488">1,955</p>
                                </td>
                            </tr>
                        </table>
                    </speech>
                </debateSection>
                </debateBody></debate>
</akomaNtoso>
