<?xml version='1.0' encoding='UTF-8'?>
<akomaNtoso xmlns="http://docs.oasis-open.org/legaldocml/ns/akn/3.0/CSD13" xmlns:xsi="http://www.w3.org/2001/XMLSchema-instance" xsi:schemaLocation="http://docs.oasis-open.org/legaldocml/ns/akn/3.0/CSD13 ./akomantoso30.xsd ">
    <debate name="Official Report">
        <meta>
            <identification source="#source">
                <FRBRWork>
                    <FRBRthis value="/akn/ie/debateRecord/dail/2012-07-18/writtens/dbsect_175"/>
                    <FRBRuri value="/akn/ie/debateRecord/dail/2012-07-18/writtens"/>
                    <FRBRdate date="2012-07-18" name="#generation"/>
                    <FRBRauthor href="http://oireachtas.ie/ie/oireachtas/house/dail"/>
                    <FRBRcountry value="ie"/>
                <FRBRname value="writtens"/></FRBRWork>
                <FRBRExpression>
                    <FRBRthis value="/akn/ie/debateRecord/dail/2012-07-18/writtens/mul@/dbsect_175"/>
                    <FRBRuri value="/akn/ie/debateRecord/dail/2012-07-18/writtens/mul@"/>
                    <FRBRdate date="2012-07-18" name="#reported"/>
                    <FRBRauthor as="#editor" href="http://oireachtas.ie/ie/oireachtas/role/debates"/>
                    <FRBRlanguage language="mul"/>
                </FRBRExpression>
                <FRBRManifestation>
                    <FRBRthis value="/akn/ie/debateRecord/dail/2012-07-18/writtens/mul@/dbsect_175.xml"/>
                    <FRBRuri value="/akn/ie/debateRecord/dail/2012-07-18/writtens/mul@.akn"/>
                    <FRBRdate date="2016-08-17T12:53:12.290656" name="#publication"/>
                    <FRBRauthor as="#editor" href="http://oireachtas.ie/ie/oireachtas/role/debates"/>
                </FRBRManifestation>
            </identification>
            <references source="#debates">
                <TLCOrganization eId="source" href="http://oireachtas.ie" showAs="Houses of the Oireachtas"/><TLCConcept eId="generation" href="http://oireachtas.ie/ie/oireachtas/ontology#Generation" showAs="Generation"/>
<TLCConcept eId="reported" href="http://oireachtas.ie/ie/oireachtas/ontology#Reported" showAs="Reported"/>
<TLCConcept eId="publication" href="http://oireachtas.ie/ie/oireachtas/ontology#Publication" showAs="Publication"/>
<TLCPerson eId="JanOSullivan" href="http://oireachtas.ie/ie/oireachtas/member/Jan-O'Sullivan.S.1993-02-17/dail/31" showAs="Ms. Jan O'Sullivan"/>
<TLCPerson eId="SandraMcLellan" href="http://oireachtas.ie/ie/oireachtas/member/Sandra-McLellan.D.2011-03-09/dail/31" showAs="Ms. Sandra McLellan"/>
<TLCRole eId="Minister_for_the_Environment,_Community_and_Local_Government" href="http://oireachtas.ie/ie/oireachtas/member/Phil-Hogan.S.1987-04-25/dail/31/minister/environment__community__local_government" showAs="Minister for the Environment, Community and Local Government"/>
<TLCRole eId="Minister_of_State_at_the_Department_of_the_Environment,_Community_and_Local_Government" href="http://oireachtas.ie/ie/oireachtas/member/Jan-O'Sullivan.S.1993-02-17/dail/31/minister_state/environment__community__local_government" showAs="Minister of State at the Department of the Environment, Community and Local Government"/>
</references>
        </meta>
        <preface>
            <block name="title_ga">
                <docTitle>DÍOSPÓIREACHTAÍ PARLAIMINTE</docTitle>
            </block>
            <block name="title_en">
                <docTitle>PARLIAMENTARY DEBATES</docTitle>
            </block>
            <block name="proponent_ga">
                <docProponent>DÁIL ÉIREANN</docProponent>
            </block>
            <block name="status_ga">
                <docStatus>TUAIRISC OIFIGIÚIL</docStatus>
            </block>
            <block name="status_en">
                <docStatus>(OFFICIAL REPORT)</docStatus>
            </block>
            <block name="date_ga">
                <docDate date="2012-07-18">Dé Céadaoin, 18 Iúil 2012</docDate>
            </block>
            <block name="date_en">
                <docDate date="2012-07-18">Wednesday, 18 July 2012</docDate>
            </block>
        </preface>
        <debateBody><debateSection name="writtenAnswer" eId="dbsect_175">
                    <heading>Unfinished Housing Developments</heading>
                    <question by="#SandraMcLellan" to="#Minister_for_the_Environment,_Community_and_Local_Government" eId="pq_234">
                        <p eId="para_4495">
        234
        <b> Deputy Sandra McLellan</b>
         asked the 
        <b>Minister for the Environment, Community and Local Government</b>
         if an estate (details supplied) in County Cork is included in the list of 770 developments of site resolution plans by local authorities; and if he will make a statement on the matter. 
        [35758/12]
      </p>
                    </question>
                    <speech by="#JanOSullivan" as="#Minister_of_State_at_the_Department_of_the_Environment,_Community_and_Local_Government">
                        <from>Minister of State at the Department of the Environment, Community and Local Government (Deputy Jan O’Sullivan)</from>
                        <p eId="para_4496">Details of individual Site Resolution Plans (SRPs) are maintained by the local authorities concerned and my Department does not collate information in this regard.</p>
                        <p eId="para_4497">SRPs are a key tool in resolving issues associated with unfinished housing developments. Such plans enable developers to work with local authorities, financial institutions, NAMA and residents in determining how best to pursue resolution of problematic sites. The process also entails working with stakeholders in identifying the best long-term solution for developments in terms of their configuration, use of vacant buildings and ownership.  Such solutions should also take account of the best interests of residents.The first Annual Progress Report of the NCC, published by my Department on 5 July, confirmed that, through the use of the SRP process, 211 estates have now been completed and issues are now resolved. On a further 523 estates, plans are now in place and in many of these cases work has commenced and significant progress will be achieved over the coming months. I anticipate that this progress will be reflected in the 2012 National Housing Development Survey now underway.</p>
                    </speech>
                </debateSection>
                </debateBody></debate>
</akomaNtoso>
