<?xml version='1.0' encoding='UTF-8'?>
<akomaNtoso xmlns="http://docs.oasis-open.org/legaldocml/ns/akn/3.0/CSD13" xmlns:xsi="http://www.w3.org/2001/XMLSchema-instance" xsi:schemaLocation="http://docs.oasis-open.org/legaldocml/ns/akn/3.0/CSD13 ./akomantoso30.xsd ">
    <debate name="Official Report">
        <meta>
            <identification source="#source">
                <FRBRWork>
                    <FRBRthis value="/akn/ie/debateRecord/dail/2012-07-18/writtens/dbsect_230"/>
                    <FRBRuri value="/akn/ie/debateRecord/dail/2012-07-18/writtens"/>
                    <FRBRdate date="2012-07-18" name="#generation"/>
                    <FRBRauthor href="http://oireachtas.ie/ie/oireachtas/house/dail"/>
                    <FRBRcountry value="ie"/>
                <FRBRname value="writtens"/></FRBRWork>
                <FRBRExpression>
                    <FRBRthis value="/akn/ie/debateRecord/dail/2012-07-18/writtens/mul@/dbsect_230"/>
                    <FRBRuri value="/akn/ie/debateRecord/dail/2012-07-18/writtens/mul@"/>
                    <FRBRdate date="2012-07-18" name="#reported"/>
                    <FRBRauthor as="#editor" href="http://oireachtas.ie/ie/oireachtas/role/debates"/>
                    <FRBRlanguage language="mul"/>
                </FRBRExpression>
                <FRBRManifestation>
                    <FRBRthis value="/akn/ie/debateRecord/dail/2012-07-18/writtens/mul@/dbsect_230.xml"/>
                    <FRBRuri value="/akn/ie/debateRecord/dail/2012-07-18/writtens/mul@.akn"/>
                    <FRBRdate date="2016-08-17T12:53:12.290656" name="#publication"/>
                    <FRBRauthor as="#editor" href="http://oireachtas.ie/ie/oireachtas/role/debates"/>
                </FRBRManifestation>
            </identification>
            <references source="#debates">
                <TLCOrganization eId="source" href="http://oireachtas.ie" showAs="Houses of the Oireachtas"/><TLCConcept eId="generation" href="http://oireachtas.ie/ie/oireachtas/ontology#Generation" showAs="Generation"/>
<TLCConcept eId="reported" href="http://oireachtas.ie/ie/oireachtas/ontology#Reported" showAs="Reported"/>
<TLCConcept eId="publication" href="http://oireachtas.ie/ie/oireachtas/ontology#Publication" showAs="Publication"/>
<TLCPerson eId="FinianMcGrath" href="http://oireachtas.ie/ie/oireachtas/member/Finian-McGrath.D.2002-06-06/dail/31" showAs="Mr. Finian McGrath"/>
<TLCPerson eId="FrancesFitzgerald" href="http://oireachtas.ie/ie/oireachtas/member/Frances-Fitzgerald.D.1992-12-14/dail/31" showAs="Ms. Frances Fitzgerald"/>
<TLCRole eId="Minister_for_Children_and_Youth_Affairs" href="http://oireachtas.ie/ie/oireachtas/member/Frances-Fitzgerald.D.1992-12-14/dail/31/minister/children__youth_affairs" showAs="Minister for Children and Youth Affairs"/>
</references>
        </meta>
        <preface>
            <block name="title_ga">
                <docTitle>DÍOSPÓIREACHTAÍ PARLAIMINTE</docTitle>
            </block>
            <block name="title_en">
                <docTitle>PARLIAMENTARY DEBATES</docTitle>
            </block>
            <block name="proponent_ga">
                <docProponent>DÁIL ÉIREANN</docProponent>
            </block>
            <block name="status_ga">
                <docStatus>TUAIRISC OIFIGIÚIL</docStatus>
            </block>
            <block name="status_en">
                <docStatus>(OFFICIAL REPORT)</docStatus>
            </block>
            <block name="date_ga">
                <docDate date="2012-07-18">Dé Céadaoin, 18 Iúil 2012</docDate>
            </block>
            <block name="date_en">
                <docDate date="2012-07-18">Wednesday, 18 July 2012</docDate>
            </block>
        </preface>
        <debateBody><debateSection name="writtenAnswer" eId="dbsect_230">
                    <heading>Foster Care</heading>
                    <question by="#FinianMcGrath" to="#Minister_for_Children_and_Youth_Affairs" eId="pq_302">
                        <p eId="para_5342">
        302
        <b> Deputy Finian McGrath</b>
         asked the 
        <b>Minister for Children and Youth Affairs</b>
         if she will provide an update on the contact persons and details for foster families on the northside of Dublin, that is Dublin 3, 5, 9 and 17, as they are experiencing problems and delays with the Health Service Executive; and if she will make a statement on the matter. 
        [35741/12]
      </p>
                    </question>
                    <speech by="#FrancesFitzgerald" as="#Minister_for_Children_and_Youth_Affairs">
                        <from>Minister for Children and Youth Affairs (Deputy Frances Fitzgerald)</from>
                        <p eId="para_5343">As this is a service matter, I have asked the Health Service Executive to respond directly to the Deputy with the most up-to-date information.</p>
                    </speech>
                </debateSection>
                </debateBody></debate>
</akomaNtoso>
