<?xml version='1.0' encoding='UTF-8'?>
<akomaNtoso xmlns="http://docs.oasis-open.org/legaldocml/ns/akn/3.0/CSD13" xmlns:xsi="http://www.w3.org/2001/XMLSchema-instance" xsi:schemaLocation="http://docs.oasis-open.org/legaldocml/ns/akn/3.0/CSD13 ./akomantoso30.xsd ">
    <debate name="Official Report">
        <meta>
            <identification source="#source">
                <FRBRWork>
                    <FRBRthis value="/akn/ie/debateRecord/dail/2012-07-18/writtens/dbsect_203"/>
                    <FRBRuri value="/akn/ie/debateRecord/dail/2012-07-18/writtens"/>
                    <FRBRdate date="2012-07-18" name="#generation"/>
                    <FRBRauthor href="http://oireachtas.ie/ie/oireachtas/house/dail"/>
                    <FRBRcountry value="ie"/>
                <FRBRname value="writtens"/></FRBRWork>
                <FRBRExpression>
                    <FRBRthis value="/akn/ie/debateRecord/dail/2012-07-18/writtens/mul@/dbsect_203"/>
                    <FRBRuri value="/akn/ie/debateRecord/dail/2012-07-18/writtens/mul@"/>
                    <FRBRdate date="2012-07-18" name="#reported"/>
                    <FRBRauthor as="#editor" href="http://oireachtas.ie/ie/oireachtas/role/debates"/>
                    <FRBRlanguage language="mul"/>
                </FRBRExpression>
                <FRBRManifestation>
                    <FRBRthis value="/akn/ie/debateRecord/dail/2012-07-18/writtens/mul@/dbsect_203.xml"/>
                    <FRBRuri value="/akn/ie/debateRecord/dail/2012-07-18/writtens/mul@.akn"/>
                    <FRBRdate date="2016-08-17T12:53:12.290656" name="#publication"/>
                    <FRBRauthor as="#editor" href="http://oireachtas.ie/ie/oireachtas/role/debates"/>
                </FRBRManifestation>
            </identification>
            <references source="#debates">
                <TLCOrganization eId="source" href="http://oireachtas.ie" showAs="Houses of the Oireachtas"/><TLCConcept eId="generation" href="http://oireachtas.ie/ie/oireachtas/ontology#Generation" showAs="Generation"/>
<TLCConcept eId="reported" href="http://oireachtas.ie/ie/oireachtas/ontology#Reported" showAs="Reported"/>
<TLCConcept eId="publication" href="http://oireachtas.ie/ie/oireachtas/ontology#Publication" showAs="Publication"/>
<TLCPerson eId="AlanShatter" href="http://oireachtas.ie/ie/oireachtas/member/Alan-Shatter.D.1981-06-30/dail/31" showAs="Mr. Alan Shatter"/>
<TLCPerson eId="TommyBroughan" href="http://oireachtas.ie/ie/oireachtas/member/Thomas-P-Broughan.D.1992-12-14/dail/31" showAs="Mr. Tommy Broughan"/>
<TLCRole eId="Minister_for_Justice_and_Equality" href="http://oireachtas.ie/ie/oireachtas/member/Alan-Shatter.D.1981-06-30/dail/31/minister/justice__equality" showAs="Minister for Justice and Equality"/>
</references>
        </meta>
        <preface>
            <block name="title_ga">
                <docTitle>DÍOSPÓIREACHTAÍ PARLAIMINTE</docTitle>
            </block>
            <block name="title_en">
                <docTitle>PARLIAMENTARY DEBATES</docTitle>
            </block>
            <block name="proponent_ga">
                <docProponent>DÁIL ÉIREANN</docProponent>
            </block>
            <block name="status_ga">
                <docStatus>TUAIRISC OIFIGIÚIL</docStatus>
            </block>
            <block name="status_en">
                <docStatus>(OFFICIAL REPORT)</docStatus>
            </block>
            <block name="date_ga">
                <docDate date="2012-07-18">Dé Céadaoin, 18 Iúil 2012</docDate>
            </block>
            <block name="date_en">
                <docDate date="2012-07-18">Wednesday, 18 July 2012</docDate>
            </block>
        </preface>
        <debateBody><debateSection name="writtenAnswer" eId="dbsect_203">
                    <heading>Garda Deployment</heading>
                    <question by="#TommyBroughan" to="#Minister_for_Justice_and_Equality" eId="pq_268">
                        <p eId="para_4824">
        268
        <b> Deputy Thomas P. Broughan</b>
         asked the 
        <b>Minister for Justice and Equality</b>
         the number of gardaí by rank attached to stations (details supplied); and if he will make a statement on the matter. 
        [35838/12]
      </p>
                    </question>
                    <speech by="#AlanShatter" as="#Minister_for_Justice_and_Equality">
                        <from>Minister for Justice and Equality (Deputy Alan Shatter)</from>
                        <p eId="para_4825">The Deputy will be aware that the Commissioner, in consultation with his senior management team, is responsible for the detailed allocation of resources, including personnel, throughout the organisation and I have no function in the matter.   I have been informed by the Garda Commissioner that the personnel strength of Coolock, Raheny, Howth and Clontarf Garda Stations, by rank, on 31 May 2012, the latest date for which figures are readily available, was as set out in the table hereunder:</p>
                        <table>
                            <tr>
                                <td>
                                    <p eId="para_4826">Station</p>
                                </td>
                                <td>
                                    <p eId="para_4827">Supt</p>
                                </td>
                                <td>
                                    <p eId="para_4828">Insp</p>
                                </td>
                                <td>
                                    <p eId="para_4829">Sgt</p>
                                </td>
                                <td>
                                    <p eId="para_4830">Gda</p>
                                </td>
                                <td>
                                    <p eId="para_4831">Total</p>
                                </td>
                                <td>
                                    <p eId="para_4832">Reserve</p>
                                </td>
                                <td>
                                    <p eId="para_4833">Civilian</p>
                                </td>
                            </tr>
                            <tr>
                                <td>
                                    <p eId="para_4834">Coolock</p>
                                </td>
                                <td>
                                    <p eId="para_4835">1</p>
                                </td>
                                <td>
                                    <p eId="para_4836">4</p>
                                </td>
                                <td>
                                    <p eId="para_4837">12</p>
                                </td>
                                <td>
                                    <p eId="para_4838">98</p>
                                </td>
                                <td>
                                    <p eId="para_4839">115</p>
                                </td>
                                <td>
                                    <p eId="para_4840">10</p>
                                </td>
                                <td>
                                    <p eId="para_4841">11</p>
                                </td>
                            </tr>
                            <tr>
                                <td>
                                    <p eId="para_4842">Raheny</p>
                                </td>
                                <td>
                                    <p eId="para_4843">1</p>
                                </td>
                                <td>
                                    <p eId="para_4844">2</p>
                                </td>
                                <td>
                                    <p eId="para_4845">6</p>
                                </td>
                                <td>
                                    <p eId="para_4846">58</p>
                                </td>
                                <td>
                                    <p eId="para_4847">67</p>
                                </td>
                                <td>
                                    <p eId="para_4848">5</p>
                                </td>
                                <td>
                                    <p eId="para_4849">6</p>
                                </td>
                            </tr>
                            <tr>
                                <td>
                                    <p eId="para_4850">Howth</p>
                                </td>
                                <td>
                                    <p eId="para_4851">0</p>
                                </td>
                                <td>
                                    <p eId="para_4852">1</p>
                                </td>
                                <td>
                                    <p eId="para_4853">6</p>
                                </td>
                                <td>
                                    <p eId="para_4854">33</p>
                                </td>
                                <td>
                                    <p eId="para_4855">40</p>
                                </td>
                                <td>
                                    <p eId="para_4856">4</p>
                                </td>
                                <td>
                                    <p eId="para_4857">1</p>
                                </td>
                            </tr>
                            <tr>
                                <td>
                                    <p eId="para_4858">Clontarf</p>
                                </td>
                                <td>
                                    <p eId="para_4859">0</p>
                                </td>
                                <td>
                                    <p eId="para_4860">1</p>
                                </td>
                                <td>
                                    <p eId="para_4861">8</p>
                                </td>
                                <td>
                                    <p eId="para_4862">66</p>
                                </td>
                                <td>
                                    <p eId="para_4863">75</p>
                                </td>
                                <td>
                                    <p eId="para_4864">3</p>
                                </td>
                                <td>
                                    <p eId="para_4865">1</p>
                                </td>
                            </tr>
                        </table>
                    </speech>
                </debateSection>
                </debateBody></debate>
</akomaNtoso>
