<?xml version='1.0' encoding='UTF-8'?>
<akomaNtoso xmlns="http://docs.oasis-open.org/legaldocml/ns/akn/3.0/CSD13" xmlns:xsi="http://www.w3.org/2001/XMLSchema-instance" xsi:schemaLocation="http://docs.oasis-open.org/legaldocml/ns/akn/3.0/CSD13 ./akomantoso30.xsd ">
    <debate name="Official Report">
        <meta>
            <identification source="#source">
                <FRBRWork>
                    <FRBRthis value="/akn/ie/debateRecord/dail/2012-07-18/writtens/dbsect_212"/>
                    <FRBRuri value="/akn/ie/debateRecord/dail/2012-07-18/writtens"/>
                    <FRBRdate date="2012-07-18" name="#generation"/>
                    <FRBRauthor href="http://oireachtas.ie/ie/oireachtas/house/dail"/>
                    <FRBRcountry value="ie"/>
                <FRBRname value="writtens"/></FRBRWork>
                <FRBRExpression>
                    <FRBRthis value="/akn/ie/debateRecord/dail/2012-07-18/writtens/mul@/dbsect_212"/>
                    <FRBRuri value="/akn/ie/debateRecord/dail/2012-07-18/writtens/mul@"/>
                    <FRBRdate date="2012-07-18" name="#reported"/>
                    <FRBRauthor as="#editor" href="http://oireachtas.ie/ie/oireachtas/role/debates"/>
                    <FRBRlanguage language="mul"/>
                </FRBRExpression>
                <FRBRManifestation>
                    <FRBRthis value="/akn/ie/debateRecord/dail/2012-07-18/writtens/mul@/dbsect_212.xml"/>
                    <FRBRuri value="/akn/ie/debateRecord/dail/2012-07-18/writtens/mul@.akn"/>
                    <FRBRdate date="2016-08-17T12:53:12.290656" name="#publication"/>
                    <FRBRauthor as="#editor" href="http://oireachtas.ie/ie/oireachtas/role/debates"/>
                </FRBRManifestation>
            </identification>
            <references source="#debates">
                <TLCOrganization eId="source" href="http://oireachtas.ie" showAs="Houses of the Oireachtas"/><TLCConcept eId="generation" href="http://oireachtas.ie/ie/oireachtas/ontology#Generation" showAs="Generation"/>
<TLCConcept eId="reported" href="http://oireachtas.ie/ie/oireachtas/ontology#Reported" showAs="Reported"/>
<TLCConcept eId="publication" href="http://oireachtas.ie/ie/oireachtas/ontology#Publication" showAs="Publication"/>
<TLCPerson eId="AlanShatter" href="http://oireachtas.ie/ie/oireachtas/member/Alan-Shatter.D.1981-06-30/dail/31" showAs="Mr. Alan Shatter"/>
<TLCPerson eId="TommyBroughan" href="http://oireachtas.ie/ie/oireachtas/member/Thomas-P-Broughan.D.1992-12-14/dail/31" showAs="Mr. Tommy Broughan"/>
<TLCRole eId="Minister_for_Justice_and_Equality" href="http://oireachtas.ie/ie/oireachtas/member/Alan-Shatter.D.1981-06-30/dail/31/minister/justice__equality" showAs="Minister for Justice and Equality"/>
</references>
        </meta>
        <preface>
            <block name="title_ga">
                <docTitle>DÍOSPÓIREACHTAÍ PARLAIMINTE</docTitle>
            </block>
            <block name="title_en">
                <docTitle>PARLIAMENTARY DEBATES</docTitle>
            </block>
            <block name="proponent_ga">
                <docProponent>DÁIL ÉIREANN</docProponent>
            </block>
            <block name="status_ga">
                <docStatus>TUAIRISC OIFIGIÚIL</docStatus>
            </block>
            <block name="status_en">
                <docStatus>(OFFICIAL REPORT)</docStatus>
            </block>
            <block name="date_ga">
                <docDate date="2012-07-18">Dé Céadaoin, 18 Iúil 2012</docDate>
            </block>
            <block name="date_en">
                <docDate date="2012-07-18">Wednesday, 18 July 2012</docDate>
            </block>
        </preface>
        <debateBody><debateSection name="writtenAnswer" eId="dbsect_212">
                    <heading>Sale of Alcohol</heading>
                    <question by="#TommyBroughan" to="#Minister_for_Justice_and_Equality" eId="pq_280">
                        <p eId="para_4925">
        280
        <b> Deputy Thomas P. Broughan</b>
         asked the 
        <b>Minister for Justice and Equality</b>
         if he will introduce legislation or enforce existing legislation to ensure that all alcoholic products can be traced to where they were sold following the successful trial of this procedure in areas like the Santry district of the Dublin Metropolitan Region North; and if he will make a statement on the matter. 
        [35926/12]
      </p>
                    </question>
                    <speech by="#AlanShatter" as="#Minister_for_Justice_and_Equality">
                        <from>Minister for Justice and Equality (Deputy Alan Shatter)</from>
                        <p eId="para_4926">The Government Alcohol Advisery Group considered the feasibility of regulations to require the labelling of alcohol containers in its 2008 Report. Section 22 of the Intoxicating Liquor Act 2003 provides for the making of regulations specifying particulars to be affixed to containers in which intoxicating liquor is sold for consumption off licensed premises which would enable the licensee and the licensed premises concerned to be identified. However, no such regulations have been made to-date for reasons outlined in the Group's Report.</p>
                        <p eId="para_4927">The Group noted that while the labelling of alcohol containers was an attractive idea, significant challenges would need to be overcome in order to render it effective in practice. These challenges arose under two headings.</p>
                        <p eId="para_4928">Firstly, practical difficulties would arise at retail level in cases where several individual containers were packaged together for sale, e.g. an enclosed six-pack of bottles; a plastic-wrapped tray of cans; or a wooden box containing bottles of wine. This raised the question of whether an appropriate label could be attached earlier in the supply or distribution chains rather than at the point of sale. The Group noted that attaching such labels to containers at an earlier stage might be simpler but it could create logistical difficulties for importers and distributors. Moreover, in the case of imports from EU countries, such additional labelling requirements could be regarded as infringing internal market rules relating to free movement of such goods.</p>
                        <p eId="para_4929">Secondly, from an enforcement perspective, it was clear that possession by an underage person of a labelled container would not in itself constitute proof that the alcohol in the container has been illegally supplied to that person by the licensee whose particulars appeared on the container. The labelled container could have been taken from the family home or have been sold to a person over the age of 18 in good faith before being passed on to the person in possession of it. Indeed a container might have changed hands several times before coming into possession of the underage person.</p>
                        <p eId="para_4930">The Group also noted that according to answers already given to parliamentary questions on the subject, issues relating to the evidential value of being found in possession of a labelled container had been raised during discussions on implementation of the 2003 Act with the Office of the Attorney General. That Office had expressed serious doubts about the evidential value of being found in possession of a labelled container and the overall effectiveness of any regulations that might be made under section 22 of the 2003 Act.</p>
                        <p eId="para_4931">I have requested a report from the Garda authorities in relation to the trial referred to by the Deputy. I will contact the Deputy again when the report is to hand.</p>
                        <p eId="para_4932">For the reasons set out above, I do not intend to make regulations under section 22 of the 2003 Act.  I am however prepared to give serious consideration in the context of the forthcoming Sale of Alcohol Bill to any reasonable and workable labelling proposal that would not give rise to the difficulties outlined in the 2008 Report and in that context I will examine the Garda report on the trial referred to by the Deputy when it is received.</p>
                    </speech>
                </debateSection>
                </debateBody></debate>
</akomaNtoso>
