<?xml version='1.0' encoding='UTF-8'?>
<akomaNtoso xmlns="http://docs.oasis-open.org/legaldocml/ns/akn/3.0/CSD13" xmlns:xsi="http://www.w3.org/2001/XMLSchema-instance" xsi:schemaLocation="http://docs.oasis-open.org/legaldocml/ns/akn/3.0/CSD13 ./akomantoso30.xsd ">
    <debate name="Official Report">
        <meta>
            <identification source="#source">
                <FRBRWork>
                    <FRBRthis value="/akn/ie/debateRecord/dail/2012-07-18/writtens/dbsect_33"/>
                    <FRBRuri value="/akn/ie/debateRecord/dail/2012-07-18/writtens"/>
                    <FRBRdate date="2012-07-18" name="#generation"/>
                    <FRBRauthor href="http://oireachtas.ie/ie/oireachtas/house/dail"/>
                    <FRBRcountry value="ie"/>
                <FRBRname value="writtens"/></FRBRWork>
                <FRBRExpression>
                    <FRBRthis value="/akn/ie/debateRecord/dail/2012-07-18/writtens/mul@/dbsect_33"/>
                    <FRBRuri value="/akn/ie/debateRecord/dail/2012-07-18/writtens/mul@"/>
                    <FRBRdate date="2012-07-18" name="#reported"/>
                    <FRBRauthor as="#editor" href="http://oireachtas.ie/ie/oireachtas/role/debates"/>
                    <FRBRlanguage language="mul"/>
                </FRBRExpression>
                <FRBRManifestation>
                    <FRBRthis value="/akn/ie/debateRecord/dail/2012-07-18/writtens/mul@/dbsect_33.xml"/>
                    <FRBRuri value="/akn/ie/debateRecord/dail/2012-07-18/writtens/mul@.akn"/>
                    <FRBRdate date="2016-08-17T12:53:12.290656" name="#publication"/>
                    <FRBRauthor as="#editor" href="http://oireachtas.ie/ie/oireachtas/role/debates"/>
                </FRBRManifestation>
            </identification>
            <references source="#debates">
                <TLCOrganization eId="source" href="http://oireachtas.ie" showAs="Houses of the Oireachtas"/><TLCConcept eId="generation" href="http://oireachtas.ie/ie/oireachtas/ontology#Generation" showAs="Generation"/>
<TLCConcept eId="reported" href="http://oireachtas.ie/ie/oireachtas/ontology#Reported" showAs="Reported"/>
<TLCConcept eId="publication" href="http://oireachtas.ie/ie/oireachtas/ontology#Publication" showAs="Publication"/>
<TLCPerson eId="EamonGilmore" href="http://oireachtas.ie/ie/oireachtas/member/Eamon-Gilmore.D.1989-06-29/dail/31" showAs="Mr. Eamon Gilmore"/>
<TLCPerson eId="PadraigMacLochlainn" href="http://oireachtas.ie/ie/oireachtas/member/Pádraig-MacLochlainn.D.2011-03-09/dail/31" showAs="Mr. Pádraig Mac Lochlainn"/>
<TLCRole eId="Minister_for_Foreign" href="http://oireachtas.ie/ie/oireachtas/minister/foreign" showAs="Minister for Foreign"/>
<TLCRole eId="Tánaiste_and_Minister_for_Foreign_Affairs_and_Trade" href="http://oireachtas.ie/ie/oireachtas/member/Eamon-Gilmore.D.1989-06-29/dail/31/role/tánaiste_and_minister_for_foreign_affairs_and_trade" showAs="Tánaiste and Minister for Foreign Affairs and Trade"/>
</references>
        </meta>
        <preface>
            <block name="title_ga">
                <docTitle>DÍOSPÓIREACHTAÍ PARLAIMINTE</docTitle>
            </block>
            <block name="title_en">
                <docTitle>PARLIAMENTARY DEBATES</docTitle>
            </block>
            <block name="proponent_ga">
                <docProponent>DÁIL ÉIREANN</docProponent>
            </block>
            <block name="status_ga">
                <docStatus>TUAIRISC OIFIGIÚIL</docStatus>
            </block>
            <block name="status_en">
                <docStatus>(OFFICIAL REPORT)</docStatus>
            </block>
            <block name="date_ga">
                <docDate date="2012-07-18">Dé Céadaoin, 18 Iúil 2012</docDate>
            </block>
            <block name="date_en">
                <docDate date="2012-07-18">Wednesday, 18 July 2012</docDate>
            </block>
        </preface>
        <debateBody><debateSection name="writtenAnswer" eId="dbsect_33">
                    <heading>Proposed Legislation</heading>
                    <question by="#PadraigMacLochlainn" to="#Minister_for_Foreign" eId="pq_56">
                        <p eId="para_306">
        56
        <b> Deputy Pádraig Mac Lochlainn</b>
         asked the 
        <b>Tánaiste and Minister for Foreign Affairs and Trade in view of</b>
         his stated commitment to climate justice at the UN last year, the input he is having in the drafting of the heads of a climate Bill by the Department of Environment, Community and Local Government. 
        [35768/12]
      </p>
                    </question>
                    <speech by="#EamonGilmore" as="#Tánaiste_and_Minister_for_Foreign_Affairs_and_Trade">
                        <from>Tánaiste and Minister for Foreign Affairs and Trade (Deputy Eamon Gilmore)</from>
                        <p eId="para_307">In January of this year, my colleague the Minister for the Environment, Community and Local Government, Mr. Phil Hogan TD, issued a work programme for the development of a national climate policy. In accordance with this work programme, he will issue the Heads of a Climate Bill, by the end of 2012, for consideration by the Oireachtas Joint Committee on the Environment, Transport, Culture and the Gaeltacht, following Government approval. I will be contributing actively to Government consideration of the draft Heads of a Climate Bill.  As I stated at the United Nations last year, climate change is already having an enormous effect on the lives and the livelihoods of some of the poorest people in the world.</p>
                        <p eId="para_308">At the country level through our aid programme, Irish Aid, we have witnessed the effects of climate change on the ground. Through our development work, particularly in relation to our work to combat hunger, we have sought to provide assistance to help farmers and communities adapt to the changing environmental context. Through our support for pro-poor agricultural research we are assisting farmers become more productive through enhancing farm methods and improved seed varieties. We are scaling up many agricultural supports that deliver on both hunger and climate objectives, such as conservation agriculture, agro-forestry, crop diversification and the development and promotion of drought resistant crop and livestock varieties.</p>
                        <p eId="para_309">Irish Aid will continue strengthening its engagement on environment and climate change issues to safeguard the progress made to date in achieving the Millennium Development Goals and to protect the world's poorest communities from the increasing impacts of adverse weather events and growing environmental challenges.  In this regard I would note that my Department has excellent co-operation with the Department of the Environment, Community and Local Government, which is the Department with lead responsibility in relation to Ireland's climate change response. In the context of the Review of the White Paper on Irish Aid, I am determined that this will continue in the future.</p>
                    </speech>
                </debateSection>
                </debateBody></debate>
</akomaNtoso>
