<?xml version='1.0' encoding='UTF-8'?>
<akomaNtoso xmlns="http://docs.oasis-open.org/legaldocml/ns/akn/3.0/CSD13" xmlns:xsi="http://www.w3.org/2001/XMLSchema-instance" xsi:schemaLocation="http://docs.oasis-open.org/legaldocml/ns/akn/3.0/CSD13 ./akomantoso30.xsd ">
    <debate name="Official Report">
        <meta>
            <identification source="#source">
                <FRBRWork>
                    <FRBRthis value="/akn/ie/debateRecord/dail/2012-07-18/writtens/dbsect_104"/>
                    <FRBRuri value="/akn/ie/debateRecord/dail/2012-07-18/writtens"/>
                    <FRBRdate date="2012-07-18" name="#generation"/>
                    <FRBRauthor href="http://oireachtas.ie/ie/oireachtas/house/dail"/>
                    <FRBRcountry value="ie"/>
                <FRBRname value="writtens"/></FRBRWork>
                <FRBRExpression>
                    <FRBRthis value="/akn/ie/debateRecord/dail/2012-07-18/writtens/mul@/dbsect_104"/>
                    <FRBRuri value="/akn/ie/debateRecord/dail/2012-07-18/writtens/mul@"/>
                    <FRBRdate date="2012-07-18" name="#reported"/>
                    <FRBRauthor as="#editor" href="http://oireachtas.ie/ie/oireachtas/role/debates"/>
                    <FRBRlanguage language="mul"/>
                </FRBRExpression>
                <FRBRManifestation>
                    <FRBRthis value="/akn/ie/debateRecord/dail/2012-07-18/writtens/mul@/dbsect_104.xml"/>
                    <FRBRuri value="/akn/ie/debateRecord/dail/2012-07-18/writtens/mul@.akn"/>
                    <FRBRdate date="2016-08-17T12:53:12.290656" name="#publication"/>
                    <FRBRauthor as="#editor" href="http://oireachtas.ie/ie/oireachtas/role/debates"/>
                </FRBRManifestation>
            </identification>
            <references source="#debates">
                <TLCOrganization eId="source" href="http://oireachtas.ie" showAs="Houses of the Oireachtas"/><TLCConcept eId="generation" href="http://oireachtas.ie/ie/oireachtas/ontology#Generation" showAs="Generation"/>
<TLCConcept eId="reported" href="http://oireachtas.ie/ie/oireachtas/ontology#Reported" showAs="Reported"/>
<TLCConcept eId="publication" href="http://oireachtas.ie/ie/oireachtas/ontology#Publication" showAs="Publication"/>
<TLCPerson eId="JoanBurtonLAB" href="http://oireachtas.ie/ie/oireachtas/member/Joan-Burton.D.1992-12-14/dail/31" showAs="Ms. Joan Burton"/>
<TLCPerson eId="PatrickODonovan" href="http://oireachtas.ie/ie/oireachtas/member/Patrick-O'Donovan.D.2011-03-09/dail/31" showAs="Mr. Patrick O'Donovan"/>
<TLCRole eId="Minister_for_Social_Protection" href="http://oireachtas.ie/ie/oireachtas/member/Joan-Burton.D.1992-12-14/dail/31/minister/social_protection" showAs="Minister for Social Protection"/>
</references>
        </meta>
        <preface>
            <block name="title_ga">
                <docTitle>DÍOSPÓIREACHTAÍ PARLAIMINTE</docTitle>
            </block>
            <block name="title_en">
                <docTitle>PARLIAMENTARY DEBATES</docTitle>
            </block>
            <block name="proponent_ga">
                <docProponent>DÁIL ÉIREANN</docProponent>
            </block>
            <block name="status_ga">
                <docStatus>TUAIRISC OIFIGIÚIL</docStatus>
            </block>
            <block name="status_en">
                <docStatus>(OFFICIAL REPORT)</docStatus>
            </block>
            <block name="date_ga">
                <docDate date="2012-07-18">Dé Céadaoin, 18 Iúil 2012</docDate>
            </block>
            <block name="date_en">
                <docDate date="2012-07-18">Wednesday, 18 July 2012</docDate>
            </block>
        </preface>
        <debateBody><debateSection name="writtenAnswer" eId="dbsect_104">
                    <heading>Ministerial Expenditure</heading>
                    <question by="#PatrickODonovan" to="#Minister_for_Social_Protection" eId="pq_147">
                        <p eId="para_3796">
        147
        <b>Deputy Patrick O’Donovan</b>
         asked the 
        <b>Minister for Social Protection</b>
         the amounts spent by previous Ministers and Ministers of State within her Department on subsistence, mobile phone communications and recouped expenses, with indications given to the portion that are both vouched and unvouched for each year from 1 January 2007 to 9 March 2011 inclusive; the extent of such expenditure that was discharged directly by her Department on behalf of the Minister concerned; the extent to which the expenditure was discharged by credit card directly by or on behalf of the Minister involved; and if she will make a statement on the matter. 
        [35509/12]
      </p>
                    </question>
                    <speech by="#JoanBurtonLAB" as="#Minister_for_Social_Protection">
                        <from>Minister for Social Protection (Deputy Joan Burton)</from>
                        <p eId="para_3797">The amounts spent by previous Ministers of my Department on subsistence, mobile phone communications and recouped expenses are set out in the following table:</p>
                        <table>
                            <tr>
                                <td/>
                                <td>
                                    <p eId="para_3798">Amount (€)</p>
                                </td>
                            </tr>
                            <tr>
                                <td/>
                                <td>
                                    <p eId="para_3799">2007</p>
                                </td>
                                <td>
                                    <p eId="para_3800">2008</p>
                                </td>
                                <td>
                                    <p eId="para_3801">2009</p>
                                </td>
                                <td>
                                    <p eId="para_3802">2010</p>
                                </td>
                                <td>
                                    <p eId="para_3803">1/1/2011 to 9/3/2011</p>
                                </td>
                                <td>
                                    <p eId="para_3804">Totals:</p>
                                </td>
                            </tr>
                            <tr>
                                <td>
                                    <p eId="para_3805">Subsistence</p>
                                </td>
                                <td>
                                    <p eId="para_3806">470</p>
                                </td>
                                <td>
                                    <p eId="para_3807">1,300</p>
                                </td>
                                <td>
                                    <p eId="para_3808">253</p>
                                </td>
                                <td>
                                    <p eId="para_3809">291</p>
                                </td>
                                <td>
                                    <p eId="para_3810">0</p>
                                </td>
                                <td>
                                    <p eId="para_3811">2,314</p>
                                </td>
                            </tr>
                            <tr>
                                <td>
                                    <p eId="para_3812">Mobile Phone Communications</p>
                                </td>
                                <td>
                                    <p eId="para_3813">2,617</p>
                                </td>
                                <td>
                                    <p eId="para_3814">3,556</p>
                                </td>
                                <td>
                                    <p eId="para_3815">3,468</p>
                                </td>
                                <td>
                                    <p eId="para_3816">2,232</p>
                                </td>
                                <td>
                                    <p eId="para_3817">322</p>
                                </td>
                                <td>
                                    <p eId="para_3818">12,195</p>
                                </td>
                            </tr>
                            <tr>
                                <td>
                                    <p eId="para_3819">*Unvouched Expenses Allowance</p>
                                </td>
                                <td>
                                    <p eId="para_3820">13,388</p>
                                </td>
                                <td>
                                    <p eId="para_3821">12,904</p>
                                </td>
                                <td>
                                    <p eId="para_3822">12,804</p>
                                </td>
                                <td>
                                    <p eId="para_3823">3,220</p>
                                </td>
                                <td>
                                    <p eId="para_3824">0</p>
                                </td>
                                <td>
                                    <p eId="para_3825">42,316</p>
                                </td>
                            </tr>
                        </table>
                        <p eId="para_3826">*These payments were discontinued on 1/4/2010.</p>
                        <p eId="para_3827">There were no recouped expenses claimed during this period.</p>
                        <p eId="para_3828">The subsistence amount of €2,314 is an unvouched expense and is for payments in respect of overnights, ten hour and five hour daily allowances.  None of the charges concerned were incurred using a credit card. The €12,195 for mobile phone communications is a vouched expense. The subsistence and mobile phone communications amounts were all discharged directly by my Department.</p>
                    </speech>
                </debateSection>
                </debateBody></debate>
</akomaNtoso>
