<?xml version='1.0' encoding='UTF-8'?>
<akomaNtoso xmlns="http://docs.oasis-open.org/legaldocml/ns/akn/3.0/CSD13" xmlns:xsi="http://www.w3.org/2001/XMLSchema-instance" xsi:schemaLocation="http://docs.oasis-open.org/legaldocml/ns/akn/3.0/CSD13 ./akomantoso30.xsd ">
    <debate name="Official Report">
        <meta>
            <identification source="#source">
                <FRBRWork>
                    <FRBRthis value="/akn/ie/debateRecord/dail/2012-07-18/writtens/dbsect_47"/>
                    <FRBRuri value="/akn/ie/debateRecord/dail/2012-07-18/writtens"/>
                    <FRBRdate date="2012-07-18" name="#generation"/>
                    <FRBRauthor href="http://oireachtas.ie/ie/oireachtas/house/dail"/>
                    <FRBRcountry value="ie"/>
                <FRBRname value="writtens"/></FRBRWork>
                <FRBRExpression>
                    <FRBRthis value="/akn/ie/debateRecord/dail/2012-07-18/writtens/mul@/dbsect_47"/>
                    <FRBRuri value="/akn/ie/debateRecord/dail/2012-07-18/writtens/mul@"/>
                    <FRBRdate date="2012-07-18" name="#reported"/>
                    <FRBRauthor as="#editor" href="http://oireachtas.ie/ie/oireachtas/role/debates"/>
                    <FRBRlanguage language="mul"/>
                </FRBRExpression>
                <FRBRManifestation>
                    <FRBRthis value="/akn/ie/debateRecord/dail/2012-07-18/writtens/mul@/dbsect_47.xml"/>
                    <FRBRuri value="/akn/ie/debateRecord/dail/2012-07-18/writtens/mul@.akn"/>
                    <FRBRdate date="2016-08-17T12:53:12.290656" name="#publication"/>
                    <FRBRauthor as="#editor" href="http://oireachtas.ie/ie/oireachtas/role/debates"/>
                </FRBRManifestation>
            </identification>
            <references source="#debates">
                <TLCOrganization eId="source" href="http://oireachtas.ie" showAs="Houses of the Oireachtas"/><TLCConcept eId="generation" href="http://oireachtas.ie/ie/oireachtas/ontology#Generation" showAs="Generation"/>
<TLCConcept eId="reported" href="http://oireachtas.ie/ie/oireachtas/ontology#Reported" showAs="Reported"/>
<TLCConcept eId="publication" href="http://oireachtas.ie/ie/oireachtas/ontology#Publication" showAs="Publication"/>
<TLCPerson eId="JimDaly" href="http://oireachtas.ie/ie/oireachtas/member/Jim-Daly.D.2011-03-09/dail/31" showAs="Mr. Jim Daly"/>
<TLCPerson eId="MichaelNoonan" href="http://oireachtas.ie/ie/oireachtas/member/Michael-Noonan.D.1981-06-30/dail/31" showAs="Mr. Michael Noonan"/>
<TLCRole eId="Minister_for_Finance" href="http://oireachtas.ie/ie/oireachtas/member/Michael-Noonan.D.1981-06-30/dail/31/minister/finance" showAs="Minister for Finance"/>
</references>
        </meta>
        <preface>
            <block name="title_ga">
                <docTitle>DÍOSPÓIREACHTAÍ PARLAIMINTE</docTitle>
            </block>
            <block name="title_en">
                <docTitle>PARLIAMENTARY DEBATES</docTitle>
            </block>
            <block name="proponent_ga">
                <docProponent>DÁIL ÉIREANN</docProponent>
            </block>
            <block name="status_ga">
                <docStatus>TUAIRISC OIFIGIÚIL</docStatus>
            </block>
            <block name="status_en">
                <docStatus>(OFFICIAL REPORT)</docStatus>
            </block>
            <block name="date_ga">
                <docDate date="2012-07-18">Dé Céadaoin, 18 Iúil 2012</docDate>
            </block>
            <block name="date_en">
                <docDate date="2012-07-18">Wednesday, 18 July 2012</docDate>
            </block>
        </preface>
        <debateBody><debateSection name="writtenAnswer" eId="dbsect_47">
                    <heading>Tax Yield</heading>
                    <question by="#JimDaly" to="#Minister_for_Finance" eId="pq_75">
                        <p eId="para_468">
        75
        <b> Deputy Jim Daly</b>
         asked the 
        <b>Minister for Finance</b>
         the Revenue that would have been raised if the corporation tax rate had been 17.5% for each of the past five years; if he will give an estimate of the revenue that would be raised if a temporary levy of 5% were to be added to the current corporate tax rate of 12.5% as a measure to address the current economic situation for a period of five years after which time the rate would return to 12.5%; and if he will make a statement on the matter. 
        [35786/12]
      </p>
                    </question>
                    <speech by="#MichaelNoonan" as="#Minister_for_Finance">
                        <from>Minister for Finance (Deputy Michael Noonan)</from>
                        <p eId="para_469">The Taoiseach, I and other Members of the Government have repeatedly expressed the Government's commitment to the retention of the 12.5% rate. In that context, I see no point in undertaking the hypothetical exercise suggested by the Deputy.  It is possible to provide an estimate on a straight line basis assuming that the proposed levy would apply to the same taxable income of all companies to which the current standard rate of corporation tax rate applies. However in reality it is impossible to estimate the level of additional tax revenue that would be realised due to behavioural change on the part of taxpayers as a consequence of such a measure which would be a significant factor given the scale of the increase suggested in the question.</p>
                        <p eId="para_470">Estimating the size of the behavioural effects of a change of this nature is difficult but it would be significant. An OECD multi-country study found that a 1% increase in the corporate tax rate reduces inward investment by 3.7% on average. In other words, it would take only a 2.5% increase in the rate (to 15%) to decrease Ireland's inward investment by nearly 10%. This assumes the average applies across the board but in fact the effect is likely to be more extreme for Ireland.</p>
                        <p eId="para_471">Recent research by the OECD also points to the importance of low corporate tax rates to encourage growth. In ranking taxes by their impact on economic growth, corporate tax was found to be most harmful. In other words, governments seeking additional tax revenues would be advised to consider increasing all other types of tax (property, consumption and income) before increasing corporate taxes.</p>
                        <p eId="para_472">The very major importance to Ireland's international competitive position of maintaining the standard 12.5% rate of corporation tax in the current climate must also be borne in mind. Ireland, like other smaller member states, is geographically and historically a peripheral country in Europe. A low corporate tax rate is a tool to address the economic limitations that come with being a peripheral country, as compared to larger core countries. It would be difficult to justify a temporary levy in the context of Ireland's consistently strong view that it will not change its corporation tax strategy. Even a marginal change would undermine both our long held stance on this issue and the certainty of business, domestic and international, in our resolve to maintain that position.</p>
                    </speech>
                </debateSection>
                </debateBody></debate>
</akomaNtoso>
