<?xml version='1.0' encoding='UTF-8'?>
<akomaNtoso xmlns="http://docs.oasis-open.org/legaldocml/ns/akn/3.0/CSD13" xmlns:xsi="http://www.w3.org/2001/XMLSchema-instance" xsi:schemaLocation="http://docs.oasis-open.org/legaldocml/ns/akn/3.0/CSD13 ./akomantoso30.xsd ">
    <debate name="Official Report">
        <meta>
            <identification source="#source">
                <FRBRWork>
                    <FRBRthis value="/akn/ie/debateRecord/dail/2012-07-18/writtens/dbsect_146"/>
                    <FRBRuri value="/akn/ie/debateRecord/dail/2012-07-18/writtens"/>
                    <FRBRdate date="2012-07-18" name="#generation"/>
                    <FRBRauthor href="http://oireachtas.ie/ie/oireachtas/house/dail"/>
                    <FRBRcountry value="ie"/>
                <FRBRname value="writtens"/></FRBRWork>
                <FRBRExpression>
                    <FRBRthis value="/akn/ie/debateRecord/dail/2012-07-18/writtens/mul@/dbsect_146"/>
                    <FRBRuri value="/akn/ie/debateRecord/dail/2012-07-18/writtens/mul@"/>
                    <FRBRdate date="2012-07-18" name="#reported"/>
                    <FRBRauthor as="#editor" href="http://oireachtas.ie/ie/oireachtas/role/debates"/>
                    <FRBRlanguage language="mul"/>
                </FRBRExpression>
                <FRBRManifestation>
                    <FRBRthis value="/akn/ie/debateRecord/dail/2012-07-18/writtens/mul@/dbsect_146.xml"/>
                    <FRBRuri value="/akn/ie/debateRecord/dail/2012-07-18/writtens/mul@.akn"/>
                    <FRBRdate date="2016-08-17T12:53:12.290656" name="#publication"/>
                    <FRBRauthor as="#editor" href="http://oireachtas.ie/ie/oireachtas/role/debates"/>
                </FRBRManifestation>
            </identification>
            <references source="#debates">
                <TLCOrganization eId="source" href="http://oireachtas.ie" showAs="Houses of the Oireachtas"/><TLCConcept eId="generation" href="http://oireachtas.ie/ie/oireachtas/ontology#Generation" showAs="Generation"/>
<TLCConcept eId="reported" href="http://oireachtas.ie/ie/oireachtas/ontology#Reported" showAs="Reported"/>
<TLCConcept eId="publication" href="http://oireachtas.ie/ie/oireachtas/ontology#Publication" showAs="Publication"/>
<TLCPerson eId="BernardJDurkan" href="http://oireachtas.ie/ie/oireachtas/member/Bernard-Durkan.D.1981-06-30/dail/31" showAs="Mr. Bernard Durkan"/>
<TLCPerson eId="JimmyDeenihan" href="http://oireachtas.ie/ie/oireachtas/member/Jimmy-Deenihan.S.1983-02-23/dail/31" showAs="Mr. Jimmy Deenihan"/>
<TLCRole eId="Minister_for_Arts,_Heritage_and_the_Gaeltacht" href="http://oireachtas.ie/ie/oireachtas/member/Jimmy-Deenihan.S.1983-02-23/dail/31/minister/arts__heritage__gaeltacht" showAs="Minister for Arts, Heritage and the Gaeltacht"/>
</references>
        </meta>
        <preface>
            <block name="title_ga">
                <docTitle>DÍOSPÓIREACHTAÍ PARLAIMINTE</docTitle>
            </block>
            <block name="title_en">
                <docTitle>PARLIAMENTARY DEBATES</docTitle>
            </block>
            <block name="proponent_ga">
                <docProponent>DÁIL ÉIREANN</docProponent>
            </block>
            <block name="status_ga">
                <docStatus>TUAIRISC OIFIGIÚIL</docStatus>
            </block>
            <block name="status_en">
                <docStatus>(OFFICIAL REPORT)</docStatus>
            </block>
            <block name="date_ga">
                <docDate date="2012-07-18">Dé Céadaoin, 18 Iúil 2012</docDate>
            </block>
            <block name="date_en">
                <docDate date="2012-07-18">Wednesday, 18 July 2012</docDate>
            </block>
        </preface>
        <debateBody><debateSection name="writtenAnswer" eId="dbsect_146">
                    <heading>Arts Funding</heading>
                    <question by="#BernardJDurkan" to="#Minister_for_Arts,_Heritage_and_the_Gaeltacht" eId="pq_195">
                        <p eId="para_4061">
        195
        <b> Deputy Bernard J. Durkan</b>
         asked the 
        <b>Minister for Arts, Heritage and the Gaeltacht</b>
         if he expects to be in a position to ensure the availability of adequate resources for the promotion of all aspects of the arts in the coming year with particular emphasis on strategic expenditure which is likely to attract maximum support and contribution from the private sector; and if he will make a statement on the matter. 
        [35776/12]
      </p>
                    </question>
                    <question by="#BernardJDurkan" to="#Minister_for_Arts,_Heritage_and_the_Gaeltacht" eId="pq_204">
                        <p eId="para_4062">
        204
        <b> Deputy Bernard J. Durkan</b>
         asked the 
        <b>Minister for Arts, Heritage and the Gaeltacht</b>
         the extent to which he expects to be in a position to support directly or indirectly statutory and-or voluntary groups involved in artistic productions at national or local level having particular regard to the availability of matching financial support from the private sector; and if he will make a statement on the matter. 
        [35785/12]
      </p>
                    </question>
                    <speech by="#JimmyDeenihan" as="#Minister_for_Arts,_Heritage_and_the_Gaeltacht">
                        <from>Minister for Arts, Heritage and the Gaeltacht (Deputy Jimmy Deenihan)</from>
                        <p eId="para_4063">I propose to take Questions Nos. 195 and 204 together.</p>
                        <p eId="para_4064">Government policy on the arts is set out in the Programme for Government.  In the context of the 2012 Estimates, I continued my endeavours to maximise ongoing Government support for the arts and culture sector.  For 2012, the Exchequer allocation to the Arts Council, which is the principal agency through which State funding is channelled to the arts, is €63.241 million.  I remain committed to securing the best possible level of funding for the arts sector.  Under the Arts Act 2003, the Arts Council is statutorily independent in its day-to-day operations and my Department has no role to play in its executive or funding decisions.  Within the current economic constraints, our investment in the arts, culture and creative sectors is more important than ever due to the employment intensity of the sector.  The arts are a significant economic contributor and employer in their own right and they are also important building blocks for those economic policies the Government has identified as crucial for our economic recovery.  The arts underpin policies in attracting foreign direct investment, in the creation of an imaginative labour force, in establishing an innovative environment in which the creative and cultural industries can thrive and in cultural tourism.</p>
                        <p eId="para_4065">The Programme for Government includes a commitment to "work with stakeholders in the Arts community to develop new proposals aimed at building private support of the Arts in Ireland exploring philanthropic, sponsorship or endowment fund opportunities".  It may interest the Deputy to know that in May, I announced the introduction of a new philanthropic initiative on a pilot basis for arts and culture organisations.  The initiative — the Philanthropy Leverage Initiative — is designed to encourage philanthropic sponsorship and endowment funding of the arts from private sources.  The initiative, established with funding of €230,000 for 2012, will be managed by my Department and will provide an incentive to arts organisations to proactively seek new and multi-annual relationships with sponsors which deliver private sector financial support, thereby increasing overall funding available to the arts.  It will be available across projects of varying scale, geography and art forms.  Funding under this initiative will be available to not-for-profit organisations for arts programming projects.  Organisations will have to procure matching funds and complete their drawdown in 2012.  Matched funding cannot come from public funds or from any public sector organisation.  Funding will be allocated on a first-come-first-served basis until the overall ceiling of €230,000 has been reached.  Further details are available on my Department's website,<i>www.ahg.gov.ie</i>.</p>
                        <p eId="para_4066">The Leverage Initiative will run in parallel with a second initiative — the Philanthropy Capacity Building Initiative — which is operated by the Arts Council.  Under this initiative, the Arts Council will provide one-to-one professional advice and direct funding support to a number of selected organisations to help them build and resource their capacity to attract philanthropic giving.  This initiative will be delivered over two years and will be conditional on performance. In developing this complementary programme, the Arts Council has identified that it is vital for organisations to develop, agree and implement an effective fundraising strategy, and to properly resource that fundraising function.  This is vital if organisations are to be supported by the State in diversifying their funding base.</p>
                    </speech>
                </debateSection>
                </debateBody></debate>
</akomaNtoso>
