<?xml version='1.0' encoding='UTF-8'?>
<akomaNtoso xmlns="http://docs.oasis-open.org/legaldocml/ns/akn/3.0/CSD13" xmlns:xsi="http://www.w3.org/2001/XMLSchema-instance" xsi:schemaLocation="http://docs.oasis-open.org/legaldocml/ns/akn/3.0/CSD13 ./akomantoso30.xsd ">
    <debate name="Official Report">
        <meta>
            <identification source="#source">
                <FRBRWork>
                    <FRBRthis value="/akn/ie/debateRecord/dail/2012-07-18/writtens/dbsect_42"/>
                    <FRBRuri value="/akn/ie/debateRecord/dail/2012-07-18/writtens"/>
                    <FRBRdate date="2012-07-18" name="#generation"/>
                    <FRBRauthor href="http://oireachtas.ie/ie/oireachtas/house/dail"/>
                    <FRBRcountry value="ie"/>
                <FRBRname value="writtens"/></FRBRWork>
                <FRBRExpression>
                    <FRBRthis value="/akn/ie/debateRecord/dail/2012-07-18/writtens/mul@/dbsect_42"/>
                    <FRBRuri value="/akn/ie/debateRecord/dail/2012-07-18/writtens/mul@"/>
                    <FRBRdate date="2012-07-18" name="#reported"/>
                    <FRBRauthor as="#editor" href="http://oireachtas.ie/ie/oireachtas/role/debates"/>
                    <FRBRlanguage language="mul"/>
                </FRBRExpression>
                <FRBRManifestation>
                    <FRBRthis value="/akn/ie/debateRecord/dail/2012-07-18/writtens/mul@/dbsect_42.xml"/>
                    <FRBRuri value="/akn/ie/debateRecord/dail/2012-07-18/writtens/mul@.akn"/>
                    <FRBRdate date="2016-08-17T12:53:12.290656" name="#publication"/>
                    <FRBRauthor as="#editor" href="http://oireachtas.ie/ie/oireachtas/role/debates"/>
                </FRBRManifestation>
            </identification>
            <references source="#debates">
                <TLCOrganization eId="source" href="http://oireachtas.ie" showAs="Houses of the Oireachtas"/><TLCConcept eId="generation" href="http://oireachtas.ie/ie/oireachtas/ontology#Generation" showAs="Generation"/>
<TLCConcept eId="reported" href="http://oireachtas.ie/ie/oireachtas/ontology#Reported" showAs="Reported"/>
<TLCConcept eId="publication" href="http://oireachtas.ie/ie/oireachtas/ontology#Publication" showAs="Publication"/>
<TLCPerson eId="MichaelNoonan" href="http://oireachtas.ie/ie/oireachtas/member/Michael-Noonan.D.1981-06-30/dail/31" showAs="Mr. Michael Noonan"/>
<TLCPerson eId="ReginaDoherty" href="http://oireachtas.ie/ie/oireachtas/member/Regina-Doherty.D.2011-03-09/dail/31" showAs="Ms. Regina Doherty"/>
<TLCRole eId="Minister_for_Finance" href="http://oireachtas.ie/ie/oireachtas/member/Michael-Noonan.D.1981-06-30/dail/31/minister/finance" showAs="Minister for Finance"/>
</references>
        </meta>
        <preface>
            <block name="title_ga">
                <docTitle>DÍOSPÓIREACHTAÍ PARLAIMINTE</docTitle>
            </block>
            <block name="title_en">
                <docTitle>PARLIAMENTARY DEBATES</docTitle>
            </block>
            <block name="proponent_ga">
                <docProponent>DÁIL ÉIREANN</docProponent>
            </block>
            <block name="status_ga">
                <docStatus>TUAIRISC OIFIGIÚIL</docStatus>
            </block>
            <block name="status_en">
                <docStatus>(OFFICIAL REPORT)</docStatus>
            </block>
            <block name="date_ga">
                <docDate date="2012-07-18">Dé Céadaoin, 18 Iúil 2012</docDate>
            </block>
            <block name="date_en">
                <docDate date="2012-07-18">Wednesday, 18 July 2012</docDate>
            </block>
        </preface>
        <debateBody><debateSection name="writtenAnswer" eId="dbsect_42">
                    <heading>Banking Sector Regulation</heading>
                    <question by="#ReginaDoherty" to="#Minister_for_Finance" eId="pq_66">
                        <p eId="para_367">
        66
        <b> Deputy Regina Doherty</b>
         asked the 
        <b>Minister for Finance</b>
         further to Parliamentary Question No. 133 of 10 July 2012, if the details of both reviews and any recommendations will be made public; and if he will make a statement on the matter. 
        [35595/12]
      </p>
                    </question>
                    <speech by="#MichaelNoonan" as="#Minister_for_Finance">
                        <from>Minister for Finance (Deputy Michael Noonan)</from>
                        <p eId="para_368">I have been advised by the Central Bank that the Bank will assist the Irish Payments Services Organisation (IPSO) in the development of terms of reference for the review and will consider the outcomes in conjunction with IPSO. Both the Central Bank and IPSO agree that they should be open and transparent with the findings where it is practical to do so e.g. the anonymity of member institutions will have to be protected.   In relation to the review of the IT failure in Ulster Bank, the Central Bank will be working in conjunction with the Financial Services Authority in the UK, which is the lead regulator for the Royal Bank of Scotland group, of which Ulster Bank is a  corporate member. The decision to make  public the findings of that review will be a matter for the UK Authority.</p>
                    </speech>
                    <summary eId="sum_20">Questions Nos. 67 to 69, inclusive, answered with Question No. 62.</summary>
                </debateSection></debateBody></debate>
</akomaNtoso>
