<?xml version='1.0' encoding='UTF-8'?>
<akomaNtoso xmlns="http://docs.oasis-open.org/legaldocml/ns/akn/3.0/CSD13" xmlns:xsi="http://www.w3.org/2001/XMLSchema-instance" xsi:schemaLocation="http://docs.oasis-open.org/legaldocml/ns/akn/3.0/CSD13 ./akomantoso30.xsd ">
    <debate name="Official Report">
        <meta>
            <identification source="#source">
                <FRBRWork>
                    <FRBRthis value="/akn/ie/debateRecord/dail/2012-07-18/writtens/dbsect_65"/>
                    <FRBRuri value="/akn/ie/debateRecord/dail/2012-07-18/writtens"/>
                    <FRBRdate date="2012-07-18" name="#generation"/>
                    <FRBRauthor href="http://oireachtas.ie/ie/oireachtas/house/dail"/>
                    <FRBRcountry value="ie"/>
                <FRBRname value="writtens"/></FRBRWork>
                <FRBRExpression>
                    <FRBRthis value="/akn/ie/debateRecord/dail/2012-07-18/writtens/mul@/dbsect_65"/>
                    <FRBRuri value="/akn/ie/debateRecord/dail/2012-07-18/writtens/mul@"/>
                    <FRBRdate date="2012-07-18" name="#reported"/>
                    <FRBRauthor as="#editor" href="http://oireachtas.ie/ie/oireachtas/role/debates"/>
                    <FRBRlanguage language="mul"/>
                </FRBRExpression>
                <FRBRManifestation>
                    <FRBRthis value="/akn/ie/debateRecord/dail/2012-07-18/writtens/mul@/dbsect_65.xml"/>
                    <FRBRuri value="/akn/ie/debateRecord/dail/2012-07-18/writtens/mul@.akn"/>
                    <FRBRdate date="2016-08-17T12:53:12.290656" name="#publication"/>
                    <FRBRauthor as="#editor" href="http://oireachtas.ie/ie/oireachtas/role/debates"/>
                </FRBRManifestation>
            </identification>
            <references source="#debates">
                <TLCOrganization eId="source" href="http://oireachtas.ie" showAs="Houses of the Oireachtas"/><TLCConcept eId="generation" href="http://oireachtas.ie/ie/oireachtas/ontology#Generation" showAs="Generation"/>
<TLCConcept eId="reported" href="http://oireachtas.ie/ie/oireachtas/ontology#Reported" showAs="Reported"/>
<TLCConcept eId="publication" href="http://oireachtas.ie/ie/oireachtas/ontology#Publication" showAs="Publication"/>
<TLCPerson eId="JohnLyonsLab" href="http://oireachtas.ie/ie/oireachtas/member/John-Lyons.D.2011-03-09/dail/31" showAs="Mr. John Lyons"/>
<TLCPerson eId="RuairiQuinn" href="http://oireachtas.ie/ie/oireachtas/member/Ruairí-Quinn.S.1976-07-01/dail/31" showAs="Mr. Ruairí Quinn"/>
<TLCRole eId="Minister_for_Education_and_Skills" href="http://oireachtas.ie/ie/oireachtas/member/Ruairí-Quinn.S.1976-07-01/dail/31/minister/education__skills" showAs="Minister for Education and Skills"/>
</references>
        </meta>
        <preface>
            <block name="title_ga">
                <docTitle>DÍOSPÓIREACHTAÍ PARLAIMINTE</docTitle>
            </block>
            <block name="title_en">
                <docTitle>PARLIAMENTARY DEBATES</docTitle>
            </block>
            <block name="proponent_ga">
                <docProponent>DÁIL ÉIREANN</docProponent>
            </block>
            <block name="status_ga">
                <docStatus>TUAIRISC OIFIGIÚIL</docStatus>
            </block>
            <block name="status_en">
                <docStatus>(OFFICIAL REPORT)</docStatus>
            </block>
            <block name="date_ga">
                <docDate date="2012-07-18">Dé Céadaoin, 18 Iúil 2012</docDate>
            </block>
            <block name="date_en">
                <docDate date="2012-07-18">Wednesday, 18 July 2012</docDate>
            </block>
        </preface>
        <debateBody><debateSection name="writtenAnswer" eId="dbsect_65">
                    <heading>School Curriculum</heading>
                    <question by="#JohnLyonsLab" to="#Minister_for_Education_and_Skills" eId="pq_102">
                        <p eId="para_1987">
        102
        <b> Deputy John Lyons</b>
         asked the 
        <b>Minister for Education and Skills</b>
         his plans to build up the development of soft skills and competences within second and third level education and training courses; and if he will make a statement on the matter. 
        [35700/12]
      </p>
                    </question>
                    <speech by="#RuairiQuinn" as="#Minister_for_Education_and_Skills">
                        <from>Minister for Education and Skills (Deputy Ruairí Quinn)</from>
                        <p eId="para_1988">I am currently leading the reform of the Junior Cycle.  A Framework for the revised Junior Cycle has been prepared.  It contains 24 Statements of Learning which students should experience during their junior cycle.  These 24 statements will provide the basis for school planning and evaluation.  They will involve not only the combination of curriculum components (subjects and short courses) but also other key skills across all areas of learning.</p>
                        <p eId="para_1989">The six key skills of Junior Cycle are ‘Managing Myself, Staying Well, Communicating, Being Creative, Working with Others, Managing Information and Thinking'.  These key skills very much concentrate on soft skills and competences.</p>
                        <p eId="para_1990">The Deputy may wish to note that the Teaching Council, which has statutory responsibility for the review and accreditation of programmes of initial teacher education, published criteria and guidelines for initial teacher education providers in 2011.  These will form part of a consultation process.  They form a bridge between the Council's policy and the development and implementation of reconceptualised programmes of initial teacher education in Higher Education Institutions, providing clarity for HEIs to enable them to ensure that their programmes meet the Council's accreditation requirements.</p>
                        <p eId="para_1991">The National Strategy for Higher Education places a strong emphasis on the value of generic skills for the preparation of Irish graduates for the workplace and for their role as citizens.  Skills identified by the ongoing OECD AHELO project due to report in March 2013 that should be incorporated into undergraduate education include analytic reasoning; critical thinking; written communication; leadership and team working skills.  The Strategy recommends that higher education institutions explicitly address generic skills in their provision.  Implementation of the Strategy is under way and is being overseen by a high level group chaired by the Secretary General of my Department.  The implementation plan and progress reports are available on<i>www.education.ie</i>.</p>
                    </speech>
                </debateSection>
                </debateBody></debate>
</akomaNtoso>
