<?xml version='1.0' encoding='UTF-8'?>
<akomaNtoso xmlns="http://docs.oasis-open.org/legaldocml/ns/akn/3.0/CSD13" xmlns:xsi="http://www.w3.org/2001/XMLSchema-instance" xsi:schemaLocation="http://docs.oasis-open.org/legaldocml/ns/akn/3.0/CSD13 ./akomantoso30.xsd ">
    <debate name="Official Report">
        <meta>
            <identification source="#source">
                <FRBRWork>
                    <FRBRthis value="/akn/ie/debateRecord/dail/2012-07-18/writtens/dbsect_91"/>
                    <FRBRuri value="/akn/ie/debateRecord/dail/2012-07-18/writtens"/>
                    <FRBRdate date="2012-07-18" name="#generation"/>
                    <FRBRauthor href="http://oireachtas.ie/ie/oireachtas/house/dail"/>
                    <FRBRcountry value="ie"/>
                <FRBRname value="writtens"/></FRBRWork>
                <FRBRExpression>
                    <FRBRthis value="/akn/ie/debateRecord/dail/2012-07-18/writtens/mul@/dbsect_91"/>
                    <FRBRuri value="/akn/ie/debateRecord/dail/2012-07-18/writtens/mul@"/>
                    <FRBRdate date="2012-07-18" name="#reported"/>
                    <FRBRauthor as="#editor" href="http://oireachtas.ie/ie/oireachtas/role/debates"/>
                    <FRBRlanguage language="mul"/>
                </FRBRExpression>
                <FRBRManifestation>
                    <FRBRthis value="/akn/ie/debateRecord/dail/2012-07-18/writtens/mul@/dbsect_91.xml"/>
                    <FRBRuri value="/akn/ie/debateRecord/dail/2012-07-18/writtens/mul@.akn"/>
                    <FRBRdate date="2016-08-17T12:53:12.290656" name="#publication"/>
                    <FRBRauthor as="#editor" href="http://oireachtas.ie/ie/oireachtas/role/debates"/>
                </FRBRManifestation>
            </identification>
            <references source="#debates">
                <TLCOrganization eId="source" href="http://oireachtas.ie" showAs="Houses of the Oireachtas"/><TLCConcept eId="generation" href="http://oireachtas.ie/ie/oireachtas/ontology#Generation" showAs="Generation"/>
<TLCConcept eId="reported" href="http://oireachtas.ie/ie/oireachtas/ontology#Reported" showAs="Reported"/>
<TLCConcept eId="publication" href="http://oireachtas.ie/ie/oireachtas/ontology#Publication" showAs="Publication"/>
<TLCPerson eId="FinianMcGrath" href="http://oireachtas.ie/ie/oireachtas/member/Finian-McGrath.D.2002-06-06/dail/31" showAs="Mr. Finian McGrath"/>
<TLCPerson eId="RichardBruton" href="http://oireachtas.ie/ie/oireachtas/member/Richard-Bruton.S.1981-10-08/dail/31" showAs="Mr. Richard Bruton"/>
<TLCRole eId="Minister_for_Jobs,_Enterprise_and_Innovation" href="http://oireachtas.ie/ie/oireachtas/member/Richard-Bruton.S.1981-10-08/dail/31/minister/jobs__enterprise__innovation" showAs="Minister for Jobs, Enterprise and Innovation"/>
</references>
        </meta>
        <preface>
            <block name="title_ga">
                <docTitle>DÍOSPÓIREACHTAÍ PARLAIMINTE</docTitle>
            </block>
            <block name="title_en">
                <docTitle>PARLIAMENTARY DEBATES</docTitle>
            </block>
            <block name="proponent_ga">
                <docProponent>DÁIL ÉIREANN</docProponent>
            </block>
            <block name="status_ga">
                <docStatus>TUAIRISC OIFIGIÚIL</docStatus>
            </block>
            <block name="status_en">
                <docStatus>(OFFICIAL REPORT)</docStatus>
            </block>
            <block name="date_ga">
                <docDate date="2012-07-18">Dé Céadaoin, 18 Iúil 2012</docDate>
            </block>
            <block name="date_en">
                <docDate date="2012-07-18">Wednesday, 18 July 2012</docDate>
            </block>
        </preface>
        <debateBody><debateSection name="writtenAnswer" eId="dbsect_91">
                    <heading>Sick Pay Scheme</heading>
                    <question by="#FinianMcGrath" to="#Minister_for_Jobs,_Enterprise_and_Innovation" eId="pq_133">
                        <p eId="para_3726">
        133
        <b> Deputy Finian McGrath</b>
         asked the 
        <b>Minister for Jobs, Enterprise and Innovation</b>
         his views on correspondence (details supplied) regarding statutory sick pay. 
        [35550/12]
      </p>
                    </question>
                    <speech by="#RichardBruton" as="#Minister_for_Jobs,_Enterprise_and_Innovation">
                        <from>Minister for Jobs, Enterprise and Innovation (Deputy Richard Bruton)</from>
                        <p eId="para_3727">I am aware of the concerns raised in the correspondence to the Deputy that transferring responsibility for the payment of employees' sick pay to employers will add to the cost of doing business.  I have received similar views from a number of business organisations and individuals on the matter.</p>
                        <p eId="para_3728">The Government is concerned about the extent of dependence on State-funded sickness benefit schemes and we need to examine ways in which to reduce this dependence.  The Minister for Social Protection, Deputy Joan Burton, who has policy responsibility for the sick pay scheme, held a consultative meeting earlier this year to discuss potential changes to the scheme in Ireland.  However, no decision has yet been taken on the matter.</p>
                        <p eId="para_3729">Proposals for a statutory sick pay scheme would impact on competitiveness and employment.  The evidence of this impact will need to be weighed against the potential for savings in terms of reduced absence due to sickness.  I will therefore carefully scrutinise any proposals which develop from this consultation phase and their impact on jobs and competitiveness, and I will contribute fully to the Budgetary process within Government.</p>
                        <p eId="para_3730">In the meantime, along with my Government colleagues, I am actively addressing a number of specific cost issues affecting business — and particularly small businesses — through the Action Plan for Jobs.  These include reforming the statutory wage setting mechanisms, and encouraging professional service providers to supply price quotations in advance of providing services.  I have also been examining the potential for Government Departments and agencies to reduce or freeze their charges to business.  A number of Departments and agencies have agreed to reduce or freeze a range of charges arising from this exercise.</p>
                    </speech>
                </debateSection>
                </debateBody></debate>
</akomaNtoso>
