<?xml version='1.0' encoding='UTF-8'?>
<akomaNtoso xmlns="http://docs.oasis-open.org/legaldocml/ns/akn/3.0/CSD13" xmlns:xsi="http://www.w3.org/2001/XMLSchema-instance" xsi:schemaLocation="http://docs.oasis-open.org/legaldocml/ns/akn/3.0/CSD13 ./akomantoso30.xsd ">
    <debate name="Official Report">
        <meta>
            <identification source="#source">
                <FRBRWork>
                    <FRBRthis value="/akn/ie/debateRecord/dail/2012-07-18/writtens/dbsect_132"/>
                    <FRBRuri value="/akn/ie/debateRecord/dail/2012-07-18/writtens"/>
                    <FRBRdate date="2012-07-18" name="#generation"/>
                    <FRBRauthor href="http://oireachtas.ie/ie/oireachtas/house/dail"/>
                    <FRBRcountry value="ie"/>
                <FRBRname value="writtens"/></FRBRWork>
                <FRBRExpression>
                    <FRBRthis value="/akn/ie/debateRecord/dail/2012-07-18/writtens/mul@/dbsect_132"/>
                    <FRBRuri value="/akn/ie/debateRecord/dail/2012-07-18/writtens/mul@"/>
                    <FRBRdate date="2012-07-18" name="#reported"/>
                    <FRBRauthor as="#editor" href="http://oireachtas.ie/ie/oireachtas/role/debates"/>
                    <FRBRlanguage language="mul"/>
                </FRBRExpression>
                <FRBRManifestation>
                    <FRBRthis value="/akn/ie/debateRecord/dail/2012-07-18/writtens/mul@/dbsect_132.xml"/>
                    <FRBRuri value="/akn/ie/debateRecord/dail/2012-07-18/writtens/mul@.akn"/>
                    <FRBRdate date="2016-08-17T12:53:12.290656" name="#publication"/>
                    <FRBRauthor as="#editor" href="http://oireachtas.ie/ie/oireachtas/role/debates"/>
                </FRBRManifestation>
            </identification>
            <references source="#debates">
                <TLCOrganization eId="source" href="http://oireachtas.ie" showAs="Houses of the Oireachtas"/><TLCConcept eId="generation" href="http://oireachtas.ie/ie/oireachtas/ontology#Generation" showAs="Generation"/>
<TLCConcept eId="reported" href="http://oireachtas.ie/ie/oireachtas/ontology#Reported" showAs="Reported"/>
<TLCConcept eId="publication" href="http://oireachtas.ie/ie/oireachtas/ontology#Publication" showAs="Publication"/>
<TLCPerson eId="JoanBurtonLAB" href="http://oireachtas.ie/ie/oireachtas/member/Joan-Burton.D.1992-12-14/dail/31" showAs="Ms. Joan Burton"/>
<TLCPerson eId="PearseDoherty" href="http://oireachtas.ie/ie/oireachtas/member/Pearse-Doherty.S.2007-07-23/dail/31" showAs="Mr. Pearse Doherty"/>
<TLCRole eId="Minister_for_Social_Protection" href="http://oireachtas.ie/ie/oireachtas/member/Joan-Burton.D.1992-12-14/dail/31/minister/social_protection" showAs="Minister for Social Protection"/>
</references>
        </meta>
        <preface>
            <block name="title_ga">
                <docTitle>DÍOSPÓIREACHTAÍ PARLAIMINTE</docTitle>
            </block>
            <block name="title_en">
                <docTitle>PARLIAMENTARY DEBATES</docTitle>
            </block>
            <block name="proponent_ga">
                <docProponent>DÁIL ÉIREANN</docProponent>
            </block>
            <block name="status_ga">
                <docStatus>TUAIRISC OIFIGIÚIL</docStatus>
            </block>
            <block name="status_en">
                <docStatus>(OFFICIAL REPORT)</docStatus>
            </block>
            <block name="date_ga">
                <docDate date="2012-07-18">Dé Céadaoin, 18 Iúil 2012</docDate>
            </block>
            <block name="date_en">
                <docDate date="2012-07-18">Wednesday, 18 July 2012</docDate>
            </block>
        </preface>
        <debateBody><debateSection name="writtenAnswer" eId="dbsect_132">
                    <heading>Rent Supplement Scheme</heading>
                    <question by="#PearseDoherty" to="#Minister_for_Social_Protection" eId="pq_178">
                        <p eId="para_3959">
        178
        <b> Deputy Pearse Doherty</b>
                            <b>
          </b>asked the 
        <b>Minister for Social Protection</b>
         if she maintains that rent assistance is provided to 40% of households that rent, when the evidence from Census 2011 is that there are 475,000 households that rent in the State of which approximately 315,000 are shown as privately rented, which would indicate the 98,603 households the Minister says claim rent assistance comprise 31% of the rented market; and if it is the case that it is 31%, is the Minister concerned that cutting support by an average of 13% in one year to just 31% of households in the rented market will lead to hardship for that part of the rented market as a result of a sudden and significant reduction in purchasing power, compared with the majority of the market which competes for the same properties; and if she will make a statement on the matter. 
        [35835/12]
      </p>
                    </question>
                    <speech by="#JoanBurtonLAB" as="#Minister_for_Social_Protection">
                        <from>Minister for Social Protection (Deputy Joan Burton)</from>
                        <p eId="para_3960">The purpose of the rent supplement scheme is to provide short-term income support, to eligible people living in private rented accommodation whose means are insufficient to meet their accommodation costs and who do not have accommodation available to them from any other source.  The aim is to provide short term assistance, and not to act as an alternative to the other social housing schemes operated by the Exchequer. There are approximately 92,000 persons in receipt of rent supplement for which the Government has provided a sum of €436 million for 2012.</p>
                        <p eId="para_3961">The most up to date market data available at the time of the December 2011 review indicated that rent supplement tenancies constituted 40% of the overall private residential rented market. The initial results on housing in Ireland were published by the Central Statistics Office in its summary report "This is Ireland, Highlights from Census 2011 Part 1".  The Department is awaiting the publication of the Central Statistics Office report on housing in Ireland in August 2012 which will explore this issue in greater depth.  The summary report indicates that while the percentage levels of rent supplement tenants may have reduced, it is clear that the Department continues to fund a significant proportion of the private sector rented market. It is therefore essential that State supports for rents are kept under review, reflect current market conditions and do not distort the market in a way that could increase rent prices for others, such as low paid workers and students.</p>
                        <p eId="para_3962">The emphasis of the rent limit review was to ensure that maximum value for money for tenants and the taxpayer was achieved whilst at the same time ensuring that people on rent supplement are not priced out of the market for private rented accommodation.</p>
                        <p eId="para_3963">25,000 rent supplement claims, which represents over 27% of total claims, have been awarded this year indicating that it is possible to secure accommodation within the revised limits.</p>
                        <p eId="para_3964">The Department is continuing to monitor the impact of the rent limits.</p>
                    </speech>
                </debateSection>
                </debateBody></debate>
</akomaNtoso>
