<?xml version='1.0' encoding='UTF-8'?>
<akomaNtoso xmlns="http://docs.oasis-open.org/legaldocml/ns/akn/3.0/CSD13" xmlns:xsi="http://www.w3.org/2001/XMLSchema-instance" xsi:schemaLocation="http://docs.oasis-open.org/legaldocml/ns/akn/3.0/CSD13 ./akomantoso30.xsd ">
    <debate name="Official Report">
        <meta>
            <identification source="#source">
                <FRBRWork>
                    <FRBRthis value="/akn/ie/debateRecord/dail/2012-07-18/writtens/dbsect_134"/>
                    <FRBRuri value="/akn/ie/debateRecord/dail/2012-07-18/writtens"/>
                    <FRBRdate date="2012-07-18" name="#generation"/>
                    <FRBRauthor href="http://oireachtas.ie/ie/oireachtas/house/dail"/>
                    <FRBRcountry value="ie"/>
                <FRBRname value="writtens"/></FRBRWork>
                <FRBRExpression>
                    <FRBRthis value="/akn/ie/debateRecord/dail/2012-07-18/writtens/mul@/dbsect_134"/>
                    <FRBRuri value="/akn/ie/debateRecord/dail/2012-07-18/writtens/mul@"/>
                    <FRBRdate date="2012-07-18" name="#reported"/>
                    <FRBRauthor as="#editor" href="http://oireachtas.ie/ie/oireachtas/role/debates"/>
                    <FRBRlanguage language="mul"/>
                </FRBRExpression>
                <FRBRManifestation>
                    <FRBRthis value="/akn/ie/debateRecord/dail/2012-07-18/writtens/mul@/dbsect_134.xml"/>
                    <FRBRuri value="/akn/ie/debateRecord/dail/2012-07-18/writtens/mul@.akn"/>
                    <FRBRdate date="2016-08-17T12:53:12.290656" name="#publication"/>
                    <FRBRauthor as="#editor" href="http://oireachtas.ie/ie/oireachtas/role/debates"/>
                </FRBRManifestation>
            </identification>
            <references source="#debates">
                <TLCOrganization eId="source" href="http://oireachtas.ie" showAs="Houses of the Oireachtas"/><TLCConcept eId="generation" href="http://oireachtas.ie/ie/oireachtas/ontology#Generation" showAs="Generation"/>
<TLCConcept eId="reported" href="http://oireachtas.ie/ie/oireachtas/ontology#Reported" showAs="Reported"/>
<TLCConcept eId="publication" href="http://oireachtas.ie/ie/oireachtas/ontology#Publication" showAs="Publication"/>
<TLCPerson eId="BrendanSmith" href="http://oireachtas.ie/ie/oireachtas/member/Brendan-Smith.D.1992-12-14/dail/31" showAs="Mr. Brendan Smith"/>
<TLCPerson eId="JoanBurtonLAB" href="http://oireachtas.ie/ie/oireachtas/member/Joan-Burton.D.1992-12-14/dail/31" showAs="Ms. Joan Burton"/>
<TLCRole eId="Minister_for_Social_Protection" href="http://oireachtas.ie/ie/oireachtas/member/Joan-Burton.D.1992-12-14/dail/31/minister/social_protection" showAs="Minister for Social Protection"/>
</references>
        </meta>
        <preface>
            <block name="title_ga">
                <docTitle>DÍOSPÓIREACHTAÍ PARLAIMINTE</docTitle>
            </block>
            <block name="title_en">
                <docTitle>PARLIAMENTARY DEBATES</docTitle>
            </block>
            <block name="proponent_ga">
                <docProponent>DÁIL ÉIREANN</docProponent>
            </block>
            <block name="status_ga">
                <docStatus>TUAIRISC OIFIGIÚIL</docStatus>
            </block>
            <block name="status_en">
                <docStatus>(OFFICIAL REPORT)</docStatus>
            </block>
            <block name="date_ga">
                <docDate date="2012-07-18">Dé Céadaoin, 18 Iúil 2012</docDate>
            </block>
            <block name="date_en">
                <docDate date="2012-07-18">Wednesday, 18 July 2012</docDate>
            </block>
        </preface>
        <debateBody><debateSection name="writtenAnswer" eId="dbsect_134">
                    <heading>Social Welfare Code</heading>
                    <question by="#BrendanSmith" to="#Minister_for_Social_Protection" eId="pq_180">
                        <p eId="para_3970">
        180
        <b> Deputy Brendan Smith</b>
                            <b>
          </b>asked the 
        <b>Minister for Social Protection</b>
         if she will give urgent consideration to the problems outlined in correspondence (details supplied) regarding difficulties facing young persons in relation to homelessness; and if she will make a statement on the matter. 
        [35854/12]
      </p>
                    </question>
                    <speech by="#JoanBurtonLAB" as="#Minister_for_Social_Protection">
                        <from>Minister for Social Protection (Deputy Joan Burton)</from>
                        <p eId="para_3971">The €100 rate of jobseeker's allowance was introduced for claimants aged under 20 in April 2009, and this rate was applied to claimants aged up to 21 from December 2009. The €100 rate does not apply certain categories of claimant including:</p>
                        <p eId="para_3972">claimants with a qualified child;</p>
                        <p eId="para_3973">those transferring to Jobseeker's Allowance immediately after exhausting their entitlement to Jobseeker's Benefit;</p>
                        <p eId="para_3974">those making a claim for Jobseeker's Allowance where that claim is linked to a Jobseeker's Allowance claim made within the previous 12 months to which the maximum personal rate applied;</p>
                        <p eId="para_3975">those transferring directly to Jobseeker's Allowance from Disability Allowance;</p>
                        <p eId="para_3976">certain people who were in the care of the HSE during the period of 12 months before he or she reached the age of 18.</p>
                        <p eId="para_3977">A rate of €144 applies to claimants aged 22-24.  The adoption of these measures reflected the need to encourage more young jobseekers to improve their skills by either pursuing further study or accessing a labour market programme.</p>
                        <p eId="para_3978">Receiving the full adult rate of a jobseekers payment without a strong financial incentive to engage in education or training can lead to welfare dependency.   While many young people with low levels of education and training were able to get work in construction and other areas when the economy was doing well, they are likely to find it much harder to get work over the course of the next few years.  The measures encourage young jobseekers to improve their skills and remain active in the labour market in order to avoid the risk of becoming long-term unemployed and will help them to progress into sustainable employment on a long-term basis. Where a person is in receipt of a rate of jobseeker's allowance described above and he or she participates in a course of education, training, community employment, rural social scheme or Tús, the full normal rate of payment applicable to that course or scheme applies without any reduction for persons aged under 25.</p>
                        <p eId="para_3979">I understand that the Deputy has been contacted with regard to these measures following a campaign by Focus Ireland.  Officials of the Department met with Focus Ireland in May 2012 in relation to their concerns. These are being examined and further discussions are planned.</p>
                        <p eId="para_3980">More generally, it may be noted that the Department's role with regard to persons who are homeless is mainly income maintenance. Under the social welfare system, homeless people have entitlements to the full range of social welfare schemes, including supplementary welfare allowance and associated supplements, subject to the normal qualifying conditions.  The Department, through its work in the Homeless Persons Unit and the Asylum Seekers and New Communities Unit provides assistance to people in sourcing the most appropriate accommodation available.  In addition, prison and hospital in-reach services are provided to explore accommodation options and, where necessary, liaise with local authorities to identify and source the most appropriate accommodation available for those who are homeless or at risk of homelessness.  This ensures that, where possible, people are diverted away from homeless services and towards community-based supports.</p>
                    </speech>
                </debateSection>
                </debateBody></debate>
</akomaNtoso>
