<?xml version='1.0' encoding='UTF-8'?>
<akomaNtoso xmlns="http://docs.oasis-open.org/legaldocml/ns/akn/3.0/CSD13" xmlns:xsi="http://www.w3.org/2001/XMLSchema-instance" xsi:schemaLocation="http://docs.oasis-open.org/legaldocml/ns/akn/3.0/CSD13 ./akomantoso30.xsd ">
    <debate name="Official Report">
        <meta>
            <identification source="#source">
                <FRBRWork>
                    <FRBRthis value="/akn/ie/debateRecord/dail/2012-07-18/writtens/dbsect_246"/>
                    <FRBRuri value="/akn/ie/debateRecord/dail/2012-07-18/writtens"/>
                    <FRBRdate date="2012-07-18" name="#generation"/>
                    <FRBRauthor href="http://oireachtas.ie/ie/oireachtas/house/dail"/>
                    <FRBRcountry value="ie"/>
                <FRBRname value="writtens"/></FRBRWork>
                <FRBRExpression>
                    <FRBRthis value="/akn/ie/debateRecord/dail/2012-07-18/writtens/mul@/dbsect_246"/>
                    <FRBRuri value="/akn/ie/debateRecord/dail/2012-07-18/writtens/mul@"/>
                    <FRBRdate date="2012-07-18" name="#reported"/>
                    <FRBRauthor as="#editor" href="http://oireachtas.ie/ie/oireachtas/role/debates"/>
                    <FRBRlanguage language="mul"/>
                </FRBRExpression>
                <FRBRManifestation>
                    <FRBRthis value="/akn/ie/debateRecord/dail/2012-07-18/writtens/mul@/dbsect_246.xml"/>
                    <FRBRuri value="/akn/ie/debateRecord/dail/2012-07-18/writtens/mul@.akn"/>
                    <FRBRdate date="2016-08-17T12:53:12.290656" name="#publication"/>
                    <FRBRauthor as="#editor" href="http://oireachtas.ie/ie/oireachtas/role/debates"/>
                </FRBRManifestation>
            </identification>
            <references source="#debates">
                <TLCOrganization eId="source" href="http://oireachtas.ie" showAs="Houses of the Oireachtas"/><TLCConcept eId="generation" href="http://oireachtas.ie/ie/oireachtas/ontology#Generation" showAs="Generation"/>
<TLCConcept eId="reported" href="http://oireachtas.ie/ie/oireachtas/ontology#Reported" showAs="Reported"/>
<TLCConcept eId="publication" href="http://oireachtas.ie/ie/oireachtas/ontology#Publication" showAs="Publication"/>
<TLCPerson eId="NiallCollins" href="http://oireachtas.ie/ie/oireachtas/member/Niall-Collins.D.2007-06-14/dail/31" showAs="Mr. Niall Collins"/>
<TLCPerson eId="RoisinShortall" href="http://oireachtas.ie/ie/oireachtas/member/Róisín-Shortall.D.1992-12-14/dail/31" showAs="Ms. Róisín Shortall"/>
<TLCRole eId="Minister_for_Health" href="http://oireachtas.ie/ie/oireachtas/member/James-Reilly.D.2007-06-14/dail/31/minister/health" showAs="Minister for Health"/>
<TLCRole eId="Minister_of_State_at_the_Department_of_Health" href="http://oireachtas.ie/ie/oireachtas/member/Kathleen-Lynch.D.1994-11-10/dail/31/minister_state/health" showAs="Minister of State at the Department of Health"/>
</references>
        </meta>
        <preface>
            <block name="title_ga">
                <docTitle>DÍOSPÓIREACHTAÍ PARLAIMINTE</docTitle>
            </block>
            <block name="title_en">
                <docTitle>PARLIAMENTARY DEBATES</docTitle>
            </block>
            <block name="proponent_ga">
                <docProponent>DÁIL ÉIREANN</docProponent>
            </block>
            <block name="status_ga">
                <docStatus>TUAIRISC OIFIGIÚIL</docStatus>
            </block>
            <block name="status_en">
                <docStatus>(OFFICIAL REPORT)</docStatus>
            </block>
            <block name="date_ga">
                <docDate date="2012-07-18">Dé Céadaoin, 18 Iúil 2012</docDate>
            </block>
            <block name="date_en">
                <docDate date="2012-07-18">Wednesday, 18 July 2012</docDate>
            </block>
        </preface>
        <debateBody><debateSection name="writtenAnswer" eId="dbsect_246">
                    <heading>Health Services</heading>
                    <question by="#NiallCollins" to="#Minister_for_Health" eId="pq_318">
                        <p eId="para_5389">
        318
        <b> Deputy Niall Collins</b>
         asked the 
        <b>Minister for Health</b>
         the annual investment in audiology services by the Health Service Executive excluding voluntary organisation funding for 2011. 
        [35564/12]
      </p>
                    </question>
                    <question by="#NiallCollins" to="#Minister_for_Health" eId="pq_319">
                        <p eId="para_5390">
        319
        <b> Deputy Niall Collins</b>
         asked the 
        <b>Minister for Health</b>
         the annual investment in audiology services by the Health Service Executive excluding voluntary organisation funding to date in 2012. 
        [35565/12]
      </p>
                    </question>
                    <question by="#NiallCollins" to="#Minister_for_Health" eId="pq_320">
                        <p eId="para_5391">
        320
        <b> Deputy Niall Collins</b>
         asked the 
        <b>Minister for Health</b>
         if he will confirm that the estimated annual investment in services by the Health Service Executive was €11.3 million excluding voluntary organisation funding, as published in the HSE National Audiology Review Report of February 2011. 
        [35566/12]
      </p>
                    </question>
                    <question by="#NiallCollins" to="#Minister_for_Health" eId="pq_321">
                        <p eId="para_5392">
        321
        <b> Deputy Niall Collins</b>
         asked the 
        <b>Minister for Health</b>
         if he will provide a breakdown of the annual investment in respect of the amount spent on administration, wages and hearing devices. 
        [35567/12]
      </p>
                    </question>
                    <question by="#NiallCollins" to="#Minister_for_Health" eId="pq_322">
                        <p eId="para_5393">
        322
        <b> Deputy Niall Collins</b>
         asked the 
        <b>Minister for Health</b>
         the average unit cost of a hearing aid purchased by the Health Service Executive. 
        [35568/12]
      </p>
                    </question>
                    <question by="#NiallCollins" to="#Minister_for_Health" eId="pq_327">
                        <p eId="para_5394">
        327
        <b> Deputy Niall Collins</b>
         asked the 
        <b>Minister for Health</b>
         when the most recent waiting lists for audiology services were compiled. 
        [35573/12]
      </p>
                    </question>
                    <question by="#NiallCollins" to="#Minister_for_Health" eId="pq_328">
                        <p eId="para_5395">
        328
        <b> Deputy Niall Collins</b>
         asked the 
        <b>Minister for Health</b>
         the number of persons waiting for an audiology assessment. 
        [35574/12]
      </p>
                    </question>
                    <question by="#NiallCollins" to="#Minister_for_Health" eId="pq_329">
                        <p eId="para_5396">
        329
        <b> Deputy Niall Collins</b>
         asked the 
        <b>Minister for Health</b>
         the number of persons waiting for a hearing aid fitting. 
        [35575/12]
      </p>
                    </question>
                    <question by="#NiallCollins" to="#Minister_for_Health" eId="pq_330">
                        <p eId="para_5397">
        330
        <b> Deputy Niall Collins</b>
         asked the 
        <b>Minister for Health</b>
         the number of persons waiting for a follow-up appointment after their hearing aid has been fitted. 
        [35576/12]
      </p>
                    </question>
                    <question by="#NiallCollins" to="#Minister_for_Health" eId="pq_331">
                        <p eId="para_5398">
        331
        <b> Deputy Niall Collins</b>
         asked the 
        <b>Minister for Health</b>
         the number of persons who received an audiology assessment from the Health Service Executive in 2011. 
        [35577/12]
      </p>
                    </question>
                    <question by="#NiallCollins" to="#Minister_for_Health" eId="pq_332">
                        <p eId="para_5399">
        332
        <b> Deputy Niall Collins</b>
         asked the 
        <b>Minister for Health</b>
         the number of persons who received an audiology assessment by the Health Service Executive to date in 2012. 
        [35578/12]
      </p>
                    </question>
                    <question by="#NiallCollins" to="#Minister_for_Health" eId="pq_333">
                        <p eId="para_5400">
        333
        <b> Deputy Niall Collins</b>
         asked the 
        <b>Minister for Health</b>
         the number of persons who were fitted with a hearing aid by the Health Service Executive in 2011. 
        [35579/12]
      </p>
                    </question>
                    <question by="#NiallCollins" to="#Minister_for_Health" eId="pq_334">
                        <p eId="para_5401">
        334
        <b> Deputy Niall Collins</b>
         asked the 
        <b>Minister for Health</b>
         the number of persons who were fitted with a hearing aid to date in 2012. 
        [35580/12]
      </p>
                    </question>
                    <question by="#NiallCollins" to="#Minister_for_Health" eId="pq_335">
                        <p eId="para_5402">
        335
        <b> Deputy Niall Collins</b>
         asked the 
        <b>Minister for Health</b>
         the number of persons who received a follow-up appointment after their hearing aid was fitted by the Health Service Executive in 2011. 
        [35581/12]
      </p>
                    </question>
                    <question by="#NiallCollins" to="#Minister_for_Health" eId="pq_336">
                        <p eId="para_5403">
        336
        <b> Deputy Niall Collins</b>
         asked the 
        <b>Minister for Health</b>
         the number of persons who received a follow-up appointment after their hearing aid was fitted by the Health Service Executive to date in 2012. 
        [35582/12]
      </p>
                    </question>
                    <question by="#NiallCollins" to="#Minister_for_Health" eId="pq_337">
                        <p eId="para_5404">
        337
        <b> Deputy Niall Collins</b>
         asked the 
        <b>Minister for Health</b>
         if he concurs with the findings of the NARC report that many audiology services in Ireland are substandard. 
        [35583/12]
      </p>
                    </question>
                    <question by="#NiallCollins" to="#Minister_for_Health" eId="pq_338">
                        <p eId="para_5405">
        338
        <b> Deputy Niall Collins</b>
         asked the 
        <b>Minister for Health</b>
         if he is committed to doubling the existing indicative annual investment of €11 million as recommended in the NARC report in order to deliver the required services. 
        [35584/12]
      </p>
                    </question>
                    <question by="#NiallCollins" to="#Minister_for_Health" eId="pq_339">
                        <p eId="para_5406">
        339
        <b> Deputy Niall Collins</b>
         asked the 
        <b>Minister for Health</b>
         if he will outline the progress made on the implementation of the individual recommendations of the NARC report, and the cost of this to date. 
        [35585/12]
      </p>
                    </question>
                    <speech by="#RoisinShortall" as="#Minister_of_State_at_the_Department_of_Health">
                        <from>Minister of State at the Department of Health (Deputy Róisín Shortall)</from>
                        <p eId="para_5407">I propose to take Questions Nos. 318 to 322, inclusive, and 327 to 339, inclusive, together.</p>
                        <p eId="para_5408">The report of the HSE National Audiology Review Group was published in April 2011.  The Group has developed a comprehensive set of recommendations to address the inconsistencies and inadequacies in audiology services.  Recommendations currently being pursued by the HSE's Audiology Clinical Care Programme include the following; five clinical leads including a National Clinical Lead are being recruited; Universal Newborn Hearing Screening(UNHS) is now in place in the HSE South and will be rolled out in Dublin Mid Leinster and Dublin North East in September 2012; the Bone Anchored Hearing Aid (BAHA) Service is to be rolled out to six new sites commencing in October 2012; work has been initiated on reconfiguration of services to deliver better clinical governance and efficient care pathways; ten MSc in audiology students are being sponsored and it is hoped they will join the HSE workforce in September 2013; other training is also being supported for staff involved in UNHS follow up and the BAHA service; procurement processes for equipment for the BAHA service and the UNHS programme have been completed; workforce planning and career structure proposals are being developed.</p>
                        <p eId="para_5409">The National Audiology Review Group Report estimated the annual investment in HSE audiology services at €11.3m.  An additional €989k was invested in 2011 and an additional €2.71m in 2012.  Business cases for additional posts and funding will be prepared as part of the HSE estimates process.</p>
                        <p eId="para_5410">The budget for hearing aids is €2m per year.  The HSE is currently completing a national procurement process for hearing aids and equipment and considers it inappropriate to make information available on the average cost of hearing aids purchased due to commercial sensitivity.  The estimated salary costs for the audiology service is €4.5m.  Information on administration costs is not readily available and is difficult to determine given that staff are shared across services.</p>
                        <p eId="para_5411">The HSE is not in a position to provide accurate data as requested by the Deputy on waiting lists or on persons fitted with hearing aids, persons who received an audiology assessment or persons who received follow up appointments during 2011/2012.  The business case for a new National Patient Management System is being progressed which will allow easy access to waiting times, facilitate the validation of waiting list activity and monitor productivity.</p>
                    </speech>
                </debateSection>
                </debateBody></debate>
</akomaNtoso>
