<?xml version='1.0' encoding='UTF-8'?>
<akomaNtoso xmlns="http://docs.oasis-open.org/legaldocml/ns/akn/3.0/CSD13" xmlns:xsi="http://www.w3.org/2001/XMLSchema-instance" xsi:schemaLocation="http://docs.oasis-open.org/legaldocml/ns/akn/3.0/CSD13 ./akomantoso30.xsd ">
    <debate name="Official Report">
        <meta>
            <identification source="#source">
                <FRBRWork>
                    <FRBRthis value="/akn/ie/debateRecord/dail/2012-07-18/writtens/dbsect_46"/>
                    <FRBRuri value="/akn/ie/debateRecord/dail/2012-07-18/writtens"/>
                    <FRBRdate date="2012-07-18" name="#generation"/>
                    <FRBRauthor href="http://oireachtas.ie/ie/oireachtas/house/dail"/>
                    <FRBRcountry value="ie"/>
                <FRBRname value="writtens"/></FRBRWork>
                <FRBRExpression>
                    <FRBRthis value="/akn/ie/debateRecord/dail/2012-07-18/writtens/mul@/dbsect_46"/>
                    <FRBRuri value="/akn/ie/debateRecord/dail/2012-07-18/writtens/mul@"/>
                    <FRBRdate date="2012-07-18" name="#reported"/>
                    <FRBRauthor as="#editor" href="http://oireachtas.ie/ie/oireachtas/role/debates"/>
                    <FRBRlanguage language="mul"/>
                </FRBRExpression>
                <FRBRManifestation>
                    <FRBRthis value="/akn/ie/debateRecord/dail/2012-07-18/writtens/mul@/dbsect_46.xml"/>
                    <FRBRuri value="/akn/ie/debateRecord/dail/2012-07-18/writtens/mul@.akn"/>
                    <FRBRdate date="2016-08-17T12:53:12.290656" name="#publication"/>
                    <FRBRauthor as="#editor" href="http://oireachtas.ie/ie/oireachtas/role/debates"/>
                </FRBRManifestation>
            </identification>
            <references source="#debates">
                <TLCOrganization eId="source" href="http://oireachtas.ie" showAs="Houses of the Oireachtas"/><TLCConcept eId="generation" href="http://oireachtas.ie/ie/oireachtas/ontology#Generation" showAs="Generation"/>
<TLCConcept eId="reported" href="http://oireachtas.ie/ie/oireachtas/ontology#Reported" showAs="Reported"/>
<TLCConcept eId="publication" href="http://oireachtas.ie/ie/oireachtas/ontology#Publication" showAs="Publication"/>
<TLCPerson eId="BillyKelleher" href="http://oireachtas.ie/ie/oireachtas/member/Billy-Kelleher.S.1993-02-17/dail/31" showAs="Mr. Billy Kelleher"/>
<TLCPerson eId="MichaelNoonan" href="http://oireachtas.ie/ie/oireachtas/member/Michael-Noonan.D.1981-06-30/dail/31" showAs="Mr. Michael Noonan"/>
<TLCRole eId="Minister_for_Finance" href="http://oireachtas.ie/ie/oireachtas/member/Michael-Noonan.D.1981-06-30/dail/31/minister/finance" showAs="Minister for Finance"/>
</references>
        </meta>
        <preface>
            <block name="title_ga">
                <docTitle>DÍOSPÓIREACHTAÍ PARLAIMINTE</docTitle>
            </block>
            <block name="title_en">
                <docTitle>PARLIAMENTARY DEBATES</docTitle>
            </block>
            <block name="proponent_ga">
                <docProponent>DÁIL ÉIREANN</docProponent>
            </block>
            <block name="status_ga">
                <docStatus>TUAIRISC OIFIGIÚIL</docStatus>
            </block>
            <block name="status_en">
                <docStatus>(OFFICIAL REPORT)</docStatus>
            </block>
            <block name="date_ga">
                <docDate date="2012-07-18">Dé Céadaoin, 18 Iúil 2012</docDate>
            </block>
            <block name="date_en">
                <docDate date="2012-07-18">Wednesday, 18 July 2012</docDate>
            </block>
        </preface>
        <debateBody><debateSection name="writtenAnswer" eId="dbsect_46">
                    <heading>Bank Guarantee Scheme</heading>
                    <question by="#BillyKelleher" to="#Minister_for_Finance" eId="pq_74">
                        <p eId="para_375">
        74
        <b> Deputy Billy Kelleher</b>
         asked the 
        <b>Minister for Finance</b>
         the total amount of money paid by each of the banks for the years under the terms of the bank guarantee scheme; and if he will make a statement on the matter. 
        [35753/12]
      </p>
                    </question>
                    <speech by="#MichaelNoonan" as="#Minister_for_Finance">
                        <from>Minister for Finance (Deputy Michael Noonan)</from>
                        <p eId="para_376">I assume the Deputy's question relates to the Credit Institutions Financial Support Scheme 2008 (CIFS Scheme) which was in operation between 30 September, 2008 and 29 September, 2010, and the Eligible Liabilities Guarantee Scheme (ELG Scheme) which came into operation on 9 December, 2009 and has a current issuance end-date of 31 December, 2012.  The total fees received to date for the years 2008-2012 from the covered banks in respect of both the CIFS and ELG Schemes amount in total to €3.107bn which does not include interest accrued. This amount comprises €758.4m in respect of the CIFS Scheme and €2,348.5m in respect of the ELG Scheme.</p>
                        <p eId="para_377">A breakdown of fees paid by year for each of the covered banks can be seen in the tables below.</p>
                        <table>
                            <caption>ELG Scheme fees paid to date by Participating Institutions</caption>
                            <tr>
                                <td>
                                    <p eId="para_378">€millions</p>
                                </td>
                                <td>
                                    <p eId="para_379">IL&amp;P</p>
                                </td>
                                <td>
                                    <p eId="para_380">BoI</p>
                                </td>
                                <td>
                                    <p eId="para_381">AIB</p>
                                </td>
                                <td>
                                    <p eId="para_382">IBRC</p>
                                </td>
                                <td>
                                    <p eId="para_383">EBS</p>
                                </td>
                                <td>
                                    <p eId="para_384">Total</p>
                                </td>
                            </tr>
                            <tr>
                                <td>
                                    <p eId="para_385">2010</p>
                                </td>
                                <td>
                                    <p eId="para_386">95.9</p>
                                </td>
                                <td>
                                    <p eId="para_387">275.5</p>
                                </td>
                                <td>
                                    <p eId="para_388">299.3</p>
                                </td>
                                <td>
                                    <p eId="para_389">149.9</p>
                                </td>
                                <td>
                                    <p eId="para_390">34.2</p>
                                </td>
                                <td>
                                    <p eId="para_391">854.8</p>
                                </td>
                            </tr>
                            <tr>
                                <td>
                                    <p eId="para_392">2011</p>
                                </td>
                                <td>
                                    <p eId="para_393">172.9</p>
                                </td>
                                <td>
                                    <p eId="para_394">448.7</p>
                                </td>
                                <td>
                                    <p eId="para_395">464.8</p>
                                </td>
                                <td>
                                    <p eId="para_396">81.4</p>
                                </td>
                                <td>
                                    <p eId="para_397">62.6</p>
                                </td>
                                <td>
                                    <p eId="para_398">1,230.4</p>
                                </td>
                            </tr>
                            <tr>
                                <td>
                                    <p eId="para_399">2012</p>
                                </td>
                                <td>
                                    <p eId="para_400">37.9</p>
                                </td>
                                <td>
                                    <p eId="para_401">107.9</p>
                                </td>
                                <td>
                                    <p eId="para_402">95.8</p>
                                </td>
                                <td>
                                    <p eId="para_403">9.9</p>
                                </td>
                                <td>
                                    <p eId="para_404">11.8</p>
                                </td>
                                <td>
                                    <p eId="para_405">263.3</p>
                                </td>
                            </tr>
                            <tr>
                                <td>
                                    <p eId="para_406">Total</p>
                                </td>
                                <td>
                                    <p eId="para_407">306.7</p>
                                </td>
                                <td>
                                    <p eId="para_408">832.1</p>
                                </td>
                                <td>
                                    <p eId="para_409">859.9</p>
                                </td>
                                <td>
                                    <p eId="para_410">241.2</p>
                                </td>
                                <td>
                                    <p eId="para_411">108.6</p>
                                </td>
                                <td>
                                    <p eId="para_412">2,348.5</p>
                                </td>
                            </tr>
                        </table>
                        <table>
                            <caption>CIFS Scheme fees paid to date by Covered Institutions</caption>
                            <tr>
                                <td>
                                    <p eId="para_413">€millions</p>
                                </td>
                                <td>
                                    <p eId="para_414">IL&amp;P</p>
                                </td>
                                <td>
                                    <p eId="para_415">BoI</p>
                                </td>
                                <td>
                                    <p eId="para_416">AIB</p>
                                </td>
                                <td>
                                    <p eId="para_417">Anglo</p>
                                </td>
                                <td>
                                    <p eId="para_418">EBS</p>
                                </td>
                                <td>
                                    <p eId="para_419">INBS</p>
                                </td>
                                <td>
                                    <p eId="para_420">Postbank</p>
                                </td>
                                <td>
                                    <p eId="para_421">Total</p>
                                </td>
                            </tr>
                            <tr>
                                <td>
                                    <p eId="para_422">2008</p>
                                </td>
                                <td>
                                    <p eId="para_423">—</p>
                                </td>
                                <td>
                                    <p eId="para_424">32.3</p>
                                </td>
                                <td>
                                    <p eId="para_425">—</p>
                                </td>
                                <td>
                                    <p eId="para_426">37.9</p>
                                </td>
                                <td>
                                    <p eId="para_427">—</p>
                                </td>
                                <td>
                                    <p eId="para_428">—</p>
                                </td>
                                <td>
                                    <p eId="para_429">0.004</p>
                                </td>
                                <td>
                                    <p eId="para_430">70.20</p>
                                </td>
                            </tr>
                            <tr>
                                <td>
                                    <p eId="para_431">2009</p>
                                </td>
                                <td>
                                    <p eId="para_432">35.4</p>
                                </td>
                                <td>
                                    <p eId="para_433">138.1</p>
                                </td>
                                <td>
                                    <p eId="para_434">174.7</p>
                                </td>
                                <td>
                                    <p eId="para_435">94.8</p>
                                </td>
                                <td>
                                    <p eId="para_436">9.7</p>
                                </td>
                                <td>
                                    <p eId="para_437">23.8</p>
                                </td>
                                <td>
                                    <p eId="para_438">0.020</p>
                                </td>
                                <td>
                                    <p eId="para_439">476.52</p>
                                </td>
                            </tr>
                            <tr>
                                <td>
                                    <p eId="para_440">2010</p>
                                </td>
                                <td>
                                    <p eId="para_441">14.8</p>
                                </td>
                                <td>
                                    <p eId="para_442">68.3</p>
                                </td>
                                <td>
                                    <p eId="para_443">58.3</p>
                                </td>
                                <td>
                                    <p eId="para_444">54.9</p>
                                </td>
                                <td>
                                    <p eId="para_445">5.9</p>
                                </td>
                                <td>
                                    <p eId="para_446">8.8</p>
                                </td>
                                <td>
                                    <p eId="para_447">0.015</p>
                                </td>
                                <td>
                                    <p eId="para_448">211.01</p>
                                </td>
                            </tr>
                            <tr>
                                <td>
                                    <p eId="para_449">2011</p>
                                </td>
                                <td>
                                    <p eId="para_450">—</p>
                                </td>
                                <td>
                                    <p eId="para_451">—</p>
                                </td>
                                <td>
                                    <p eId="para_452">—</p>
                                </td>
                                <td>
                                    <p eId="para_453">0.7</p>
                                </td>
                                <td>
                                    <p eId="para_454">—</p>
                                </td>
                                <td>
                                    <p eId="para_455">—</p>
                                </td>
                                <td>
                                    <p eId="para_456">—</p>
                                </td>
                                <td>
                                    <p eId="para_457">.70</p>
                                </td>
                            </tr>
                            <tr>
                                <td>
                                    <p eId="para_458">Total</p>
                                </td>
                                <td>
                                    <p eId="para_459">50.2</p>
                                </td>
                                <td>
                                    <p eId="para_460">238.7</p>
                                </td>
                                <td>
                                    <p eId="para_461">233.0</p>
                                </td>
                                <td>
                                    <p eId="para_462">188.3</p>
                                </td>
                                <td>
                                    <p eId="para_463">15.6</p>
                                </td>
                                <td>
                                    <p eId="para_464">32.6</p>
                                </td>
                                <td>
                                    <p eId="para_465">0.039</p>
                                </td>
                                <td>
                                    <p eId="para_466">758.43</p>
                                </td>
                            </tr>
                        </table>
                        <p eId="para_467">The fees are determined by the EU Commission and are subject to change in accordance with EU State Aid requirements.</p>
                    </speech>
                </debateSection>
                </debateBody></debate>
</akomaNtoso>
