<?xml version='1.0' encoding='UTF-8'?>
<akomaNtoso xmlns="http://docs.oasis-open.org/legaldocml/ns/akn/3.0/CSD13" xmlns:xsi="http://www.w3.org/2001/XMLSchema-instance" xsi:schemaLocation="http://docs.oasis-open.org/legaldocml/ns/akn/3.0/CSD13 ./akomantoso30.xsd ">
    <debate name="Official Report">
        <meta>
            <identification source="#source">
                <FRBRWork>
                    <FRBRthis value="/akn/ie/debateRecord/dail/2012-07-18/writtens/dbsect_184"/>
                    <FRBRuri value="/akn/ie/debateRecord/dail/2012-07-18/writtens"/>
                    <FRBRdate date="2012-07-18" name="#generation"/>
                    <FRBRauthor href="http://oireachtas.ie/ie/oireachtas/house/dail"/>
                    <FRBRcountry value="ie"/>
                <FRBRname value="writtens"/></FRBRWork>
                <FRBRExpression>
                    <FRBRthis value="/akn/ie/debateRecord/dail/2012-07-18/writtens/mul@/dbsect_184"/>
                    <FRBRuri value="/akn/ie/debateRecord/dail/2012-07-18/writtens/mul@"/>
                    <FRBRdate date="2012-07-18" name="#reported"/>
                    <FRBRauthor as="#editor" href="http://oireachtas.ie/ie/oireachtas/role/debates"/>
                    <FRBRlanguage language="mul"/>
                </FRBRExpression>
                <FRBRManifestation>
                    <FRBRthis value="/akn/ie/debateRecord/dail/2012-07-18/writtens/mul@/dbsect_184.xml"/>
                    <FRBRuri value="/akn/ie/debateRecord/dail/2012-07-18/writtens/mul@.akn"/>
                    <FRBRdate date="2016-08-17T12:53:12.290656" name="#publication"/>
                    <FRBRauthor as="#editor" href="http://oireachtas.ie/ie/oireachtas/role/debates"/>
                </FRBRManifestation>
            </identification>
            <references source="#debates">
                <TLCOrganization eId="source" href="http://oireachtas.ie" showAs="Houses of the Oireachtas"/><TLCConcept eId="generation" href="http://oireachtas.ie/ie/oireachtas/ontology#Generation" showAs="Generation"/>
<TLCConcept eId="reported" href="http://oireachtas.ie/ie/oireachtas/ontology#Reported" showAs="Reported"/>
<TLCConcept eId="publication" href="http://oireachtas.ie/ie/oireachtas/ontology#Publication" showAs="Publication"/>
<TLCPerson eId="AlanShatter" href="http://oireachtas.ie/ie/oireachtas/member/Alan-Shatter.D.1981-06-30/dail/31" showAs="Mr. Alan Shatter"/>
<TLCPerson eId="OliviaMitchell" href="http://oireachtas.ie/ie/oireachtas/member/Olivia-Mitchell.D.1997-06-26/dail/31" showAs="Ms. Olivia Mitchell"/>
<TLCRole eId="Minister_for_Justice_and_Equality" href="http://oireachtas.ie/ie/oireachtas/member/Alan-Shatter.D.1981-06-30/dail/31/minister/justice__equality" showAs="Minister for Justice and Equality"/>
</references>
        </meta>
        <preface>
            <block name="title_ga">
                <docTitle>DÍOSPÓIREACHTAÍ PARLAIMINTE</docTitle>
            </block>
            <block name="title_en">
                <docTitle>PARLIAMENTARY DEBATES</docTitle>
            </block>
            <block name="proponent_ga">
                <docProponent>DÁIL ÉIREANN</docProponent>
            </block>
            <block name="status_ga">
                <docStatus>TUAIRISC OIFIGIÚIL</docStatus>
            </block>
            <block name="status_en">
                <docStatus>(OFFICIAL REPORT)</docStatus>
            </block>
            <block name="date_ga">
                <docDate date="2012-07-18">Dé Céadaoin, 18 Iúil 2012</docDate>
            </block>
            <block name="date_en">
                <docDate date="2012-07-18">Wednesday, 18 July 2012</docDate>
            </block>
        </preface>
        <debateBody><debateSection name="writtenAnswer" eId="dbsect_184">
                    <heading>Family Law Cases</heading>
                    <question by="#OliviaMitchell" to="#Minister_for_Justice_and_Equality" eId="pq_244">
                        <p eId="para_4531">
        244
        <b> Deputy Mary Mitchell O’Connor</b>
         asked the 
        <b>Minister for Justice and Equality</b>
         if persons are waiting up to a year to receive a hearing date for emergency maintenance applications; and if he will make a statement on the matter. 
        [35475/12]
      </p>
                    </question>
                    <question by="#OliviaMitchell" to="#Minister_for_Justice_and_Equality" eId="pq_246">
                        <p eId="para_4532">
        246
        <b> Deputy Mary Mitchell O’Connor</b>
         asked the 
        <b>Minister for Justice and Equality</b>
         the number of times, on average, maintenance application cases are adjourned; and if he will make a statement on the matter. 
        [35479/12]
      </p>
                    </question>
                    <question by="#OliviaMitchell" to="#Minister_for_Justice_and_Equality" eId="pq_247">
                        <p eId="para_4533">
        247
        <b> Deputy Mary Mitchell O’Connor</b>
         asked the 
        <b>Minister for Justice and Equality</b>
         the timeframe for the hearing of maintenance cases at Phoenix House family law circuit courts, Dublin; and if he will make a statement on the matter. 
        [35480/12]
      </p>
                    </question>
                    <question by="#OliviaMitchell" to="#Minister_for_Justice_and_Equality" eId="pq_248">
                        <p eId="para_4534">
        248
        <b> Deputy Mary Mitchell O’Connor</b>
         asked the 
        <b>Minister for Justice and Equality</b>
         if he will consider creating an emergency interim system to address the high number of unheard maintenance applications; and if he will make a statement on the matter. 
        [35481/12]
      </p>
                    </question>
                    <question by="#OliviaMitchell" to="#Minister_for_Justice_and_Equality" eId="pq_249">
                        <p eId="para_4535">
        249
        <b> Deputy Mary Mitchell O’Connor</b>
         asked the 
        <b>Minister for Justice and Equality</b>
         if he will quantify the backlog of family law hearings in each of the circuits of the District and Circuit Courts; and if he will make a statement on the matter. 
        [35482/12]
      </p>
                    </question>
                    <speech by="#AlanShatter" as="#Minister_for_Justice_and_Equality">
                        <from>Minister for Justice and Equality (Deputy Alan Shatter)</from>
                        <p eId="para_4536">I propose to take Questions Nos. 244 and 246 to 249, inclusive, together.</p>
                        <p eId="para_4537">As the Deputy will be aware, under the Courts Service Act 1998, management and administration of the courts, which includes the provision of statistics, is a matter for the Courts Service while the allocation of the business of the courts, scheduling of cases and management of lists are the responsibility of the judiciary and in particular the presidents of the courts. The Deputy will also be aware that judges are, subject to the Constitution and the law, independent in the exercise of their judicial functions.</p>
                        <p eId="para_4538">In the context of the Deputy's questions it should be noted that judicial retirements and promotions to other courts in the latter half of 2011 and earlier this year gave rise to up to 15 vacancies on the Circuit Court and the District Court.  These vacancies, combined with absences due to illness and Tribunal work, added significantly to the already heavy workload of those courts and did give rise to added delays.  However, I am pleased to inform the Deputy that the Government has moved as quickly as possible to fill the vacancies and both courts now have a full complement of judges appointed.</p>
                        <p eId="para_4539">In addition, the Deputy will be aware that the Government, at its meeting on 17 July 2012, approved, in principle, proposals for a number of major reforms to our courts structures which will, in due course, require the holding of a Constitutional referendum. The proposed reforms would, if approved by the People in a referendum, facilitate the establishment of a new separate Family Courts structure.</p>
                        <p eId="para_4540">In the meantime, in order to be of assistance to the Deputy, I have had enquiries made and the Courts Service has advised me that statistics are not maintained on the number of adjourned maintenance applications. The manner in which an application is dealt with by the court is obviously a matter for the presiding judge.  However I am assured that the Courts Service works closely with the judiciary to ensure that all cases are dealt with as quickly as possible.</p>
                        <p eId="para_4541">The Courts Service has also informed me that urgent applications are dealt with at the next court sitting.  In many Districts routine applications are dealt with at the next sitting in the area although this can vary considerably from one District to another.  I understand that the new President of the District Court, who took up her appointment on 17 July, intends to assess all backlogs and waiting times with a view to seeing how cases can be dealt with more quickly.</p>
                        <p eId="para_4542">The Deputy has enquired in particular about the position in relation to maintenance applications in Dublin Circuit Family Court and the Service has informed me that such cases are dealt with as part of proceedings related to an application for divorce or judicial separation.  The normal waiting time in that court for motions related to maintenance is between two and five weeks.  The Service has also indicated that it is not aware of a high number of unheard maintenance applications.  If the Deputy wishes to contact my office with further details I will have enquiries made.  Finally, the Courts Service has provided a detailed breakdown of the waiting times for Family Law hearings at Circuit and District Court levels which is as set out in the following tables.</p>
                        <table>
                            <caption>Circuit Court Waiting times  — end May 2012 (All waiting times shown in months)</caption>
                            <tr>
                                <td>
                                    <p eId="para_4543">Office</p>
                                </td>
                                <td>
                                    <p eId="para_4544">Family LawContested</p>
                                </td>
                                <td>
                                    <p eId="para_4545">Family LawNon-contested</p>
                                </td>
                                <td>
                                    <p eId="para_4546">Family LawAppeals</p>
                                </td>
                            </tr>
                            <tr>
                                <td>
                                    <p eId="para_4547">Carlow</p>
                                </td>
                                <td>
                                    <p eId="para_4548">12</p>
                                </td>
                                <td>
                                    <p eId="para_4549">Next sitting</p>
                                </td>
                                <td>
                                    <p eId="para_4550">12</p>
                                </td>
                            </tr>
                            <tr>
                                <td>
                                    <p eId="para_4551">Carrick on Shannon</p>
                                </td>
                                <td>
                                    <p eId="para_4552">6</p>
                                </td>
                                <td>
                                    <p eId="para_4553">Next sitting</p>
                                </td>
                                <td>
                                    <p eId="para_4554">Next sitting</p>
                                </td>
                            </tr>
                            <tr>
                                <td>
                                    <p eId="para_4555">Castlebar</p>
                                </td>
                                <td>
                                    <p eId="para_4556">Next sitting</p>
                                </td>
                                <td>
                                    <p eId="para_4557">Next sitting</p>
                                </td>
                                <td>
                                    <p eId="para_4558">Next sitting</p>
                                </td>
                            </tr>
                            <tr>
                                <td>
                                    <p eId="para_4559">Cavan</p>
                                </td>
                                <td>
                                    <p eId="para_4560">9</p>
                                </td>
                                <td>
                                    <p eId="para_4561">Next sitting</p>
                                </td>
                                <td>
                                    <p eId="para_4562">Next sitting</p>
                                </td>
                            </tr>
                            <tr>
                                <td>
                                    <p eId="para_4563">Clonmel</p>
                                </td>
                                <td>
                                    <p eId="para_4564">9-12</p>
                                </td>
                                <td>
                                    <p eId="para_4565">Next sitting</p>
                                </td>
                                <td>
                                    <p eId="para_4566">Next sitting</p>
                                </td>
                            </tr>
                            <tr>
                                <td>
                                    <p eId="para_4567">Cork</p>
                                </td>
                                <td>
                                    <p eId="para_4568">3-6</p>
                                </td>
                                <td>
                                    <p eId="para_4569">Next sitting</p>
                                </td>
                                <td>
                                    <p eId="para_4570">3-6</p>
                                </td>
                            </tr>
                            <tr>
                                <td>
                                    <p eId="para_4571">Dublin</p>
                                </td>
                                <td>
                                    <p eId="para_4572">4 months</p>
                                </td>
                                <td>
                                    <p eId="para_4573">4 weeks</p>
                                </td>
                                <td>
                                    <p eId="para_4574">1-5</p>
                                </td>
                            </tr>
                            <tr>
                                <td>
                                    <p eId="para_4575">Dundalk</p>
                                </td>
                                <td>
                                    <p eId="para_4576">9</p>
                                </td>
                                <td>
                                    <p eId="para_4577">3</p>
                                </td>
                                <td>
                                    <p eId="para_4578">6</p>
                                </td>
                            </tr>
                            <tr>
                                <td>
                                    <p eId="para_4579">Ennis</p>
                                </td>
                                <td>
                                    <p eId="para_4580">6</p>
                                </td>
                                <td>
                                    <p eId="para_4581">Next sitting</p>
                                </td>
                                <td>
                                    <p eId="para_4582">Next sitting</p>
                                </td>
                            </tr>
                            <tr>
                                <td>
                                    <p eId="para_4583">Galway</p>
                                </td>
                                <td>
                                    <p eId="para_4584">3</p>
                                </td>
                                <td>
                                    <p eId="para_4585">2</p>
                                </td>
                                <td>
                                    <p eId="para_4586">3</p>
                                </td>
                            </tr>
                            <tr>
                                <td>
                                    <p eId="para_4587">Kilkenny</p>
                                </td>
                                <td>
                                    <p eId="para_4588">Next sitting</p>
                                </td>
                                <td>
                                    <p eId="para_4589">Next sitting</p>
                                </td>
                                <td>
                                    <p eId="para_4590">Next sitting</p>
                                </td>
                            </tr>
                            <tr>
                                <td>
                                    <p eId="para_4591">Letterkenny</p>
                                </td>
                                <td>
                                    <p eId="para_4592">18</p>
                                </td>
                                <td>
                                    <p eId="para_4593">Next sitting</p>
                                </td>
                                <td>
                                    <p eId="para_4594">12-18</p>
                                </td>
                            </tr>
                            <tr>
                                <td>
                                    <p eId="para_4595">Limerick</p>
                                </td>
                                <td>
                                    <p eId="para_4596">Next sitting</p>
                                </td>
                                <td>
                                    <p eId="para_4597">Next sitting</p>
                                </td>
                                <td>
                                    <p eId="para_4598">Next sitting</p>
                                </td>
                            </tr>
                            <tr>
                                <td>
                                    <p eId="para_4599">Longford</p>
                                </td>
                                <td>
                                    <p eId="para_4600">6</p>
                                </td>
                                <td>
                                    <p eId="para_4601">Next sitting</p>
                                </td>
                                <td>
                                    <p eId="para_4602">3-6</p>
                                </td>
                            </tr>
                            <tr>
                                <td>
                                    <p eId="para_4603">Monaghan</p>
                                </td>
                                <td>
                                    <p eId="para_4604">Next sitting</p>
                                </td>
                                <td>
                                    <p eId="para_4605">Next sitting</p>
                                </td>
                                <td>
                                    <p eId="para_4606">Next sitting</p>
                                </td>
                            </tr>
                            <tr>
                                <td>
                                    <p eId="para_4607">Mullingar</p>
                                </td>
                                <td>
                                    <p eId="para_4608">6-9</p>
                                </td>
                                <td>
                                    <p eId="para_4609">Next sitting</p>
                                </td>
                                <td>
                                    <p eId="para_4610">3-6</p>
                                </td>
                            </tr>
                            <tr>
                                <td>
                                    <p eId="para_4611">Naas</p>
                                </td>
                                <td>
                                    <p eId="para_4612">24</p>
                                </td>
                                <td>
                                    <p eId="para_4613">Next sitting</p>
                                </td>
                                <td>
                                    <p eId="para_4614">Next sitting</p>
                                </td>
                            </tr>
                            <tr>
                                <td>
                                    <p eId="para_4615">Portlaoise</p>
                                </td>
                                <td>
                                    <p eId="para_4616">12-18</p>
                                </td>
                                <td>
                                    <p eId="para_4617">Next sitting</p>
                                </td>
                                <td>
                                    <p eId="para_4618">3-6</p>
                                </td>
                            </tr>
                            <tr>
                                <td>
                                    <p eId="para_4619">Roscommon</p>
                                </td>
                                <td>
                                    <p eId="para_4620">9</p>
                                </td>
                                <td>
                                    <p eId="para_4621">Next sitting</p>
                                </td>
                                <td>
                                    <p eId="para_4622">3-6</p>
                                </td>
                            </tr>
                            <tr>
                                <td>
                                    <p eId="para_4623">Sligo</p>
                                </td>
                                <td>
                                    <p eId="para_4624">9</p>
                                </td>
                                <td>
                                    <p eId="para_4625">Next sitting</p>
                                </td>
                                <td>
                                    <p eId="para_4626">6</p>
                                </td>
                            </tr>
                            <tr>
                                <td>
                                    <p eId="para_4627">Tralee</p>
                                </td>
                                <td>
                                    <p eId="para_4628">3-6</p>
                                </td>
                                <td>
                                    <p eId="para_4629">Next sitting</p>
                                </td>
                                <td>
                                    <p eId="para_4630">3-6</p>
                                </td>
                            </tr>
                            <tr>
                                <td>
                                    <p eId="para_4631">Trim</p>
                                </td>
                                <td>
                                    <p eId="para_4632">12</p>
                                </td>
                                <td>
                                    <p eId="para_4633">6</p>
                                </td>
                                <td>
                                    <p eId="para_4634">3</p>
                                </td>
                            </tr>
                            <tr>
                                <td>
                                    <p eId="para_4635">Tullamore</p>
                                </td>
                                <td>
                                    <p eId="para_4636">6-9</p>
                                </td>
                                <td>
                                    <p eId="para_4637">Next sitting</p>
                                </td>
                                <td>
                                    <p eId="para_4638">Next sitting</p>
                                </td>
                            </tr>
                            <tr>
                                <td>
                                    <p eId="para_4639">Waterford</p>
                                </td>
                                <td>
                                    <p eId="para_4640">6-12</p>
                                </td>
                                <td>
                                    <p eId="para_4641">3-6</p>
                                </td>
                                <td>
                                    <p eId="para_4642">12</p>
                                </td>
                            </tr>
                            <tr>
                                <td>
                                    <p eId="para_4643">Wexford</p>
                                </td>
                                <td>
                                    <p eId="para_4644">27-30</p>
                                </td>
                                <td>
                                    <p eId="para_4645">Next sitting</p>
                                </td>
                                <td>
                                    <p eId="para_4646">6-10</p>
                                </td>
                            </tr>
                            <tr>
                                <td>
                                    <p eId="para_4647">Wicklow</p>
                                </td>
                                <td>
                                    <p eId="para_4648">9</p>
                                </td>
                                <td>
                                    <p eId="para_4649">6</p>
                                </td>
                                <td>
                                    <p eId="para_4650">9</p>
                                </td>
                            </tr>
                        </table>
                        <table>
                            <caption>District Court Waiting Times May 2012 (All waiting times shown in weeks)</caption>
                            <tr>
                                <td/>
                                <td>
                                    <p eId="para_4651">Family LawDomestic ViolenceApplications*</p>
                                </td>
                                <td>
                                    <p eId="para_4652">Family LawMaintenance/GuardianshipApplications</p>
                                </td>
                            </tr>
                            <tr>
                                <td>
                                    <p eId="para_4653">Athlone</p>
                                </td>
                                <td>
                                    <p eId="para_4654">2</p>
                                </td>
                                <td>
                                    <p eId="para_4655">4</p>
                                </td>
                            </tr>
                            <tr>
                                <td>
                                    <p eId="para_4656">Ballina</p>
                                </td>
                                <td>
                                    <p eId="para_4657">Next sitting</p>
                                </td>
                                <td>
                                    <p eId="para_4658">Next sitting</p>
                                </td>
                            </tr>
                            <tr>
                                <td>
                                    <p eId="para_4659">Bray</p>
                                </td>
                                <td>
                                    <p eId="para_4660">1-3</p>
                                </td>
                                <td>
                                    <p eId="para_4661">3-6</p>
                                </td>
                            </tr>
                            <tr>
                                <td>
                                    <p eId="para_4662">Carlow</p>
                                </td>
                                <td>
                                    <p eId="para_4663">12</p>
                                </td>
                                <td>
                                    <p eId="para_4664">12</p>
                                </td>
                            </tr>
                            <tr>
                                <td>
                                    <p eId="para_4665">Carrick on Shannon</p>
                                </td>
                                <td>
                                    <p eId="para_4666">Next sitting</p>
                                </td>
                                <td>
                                    <p eId="para_4667">Next sitting</p>
                                </td>
                            </tr>
                            <tr>
                                <td>
                                    <p eId="para_4668">Castlebar</p>
                                </td>
                                <td>
                                    <p eId="para_4669">Next sitting</p>
                                </td>
                                <td>
                                    <p eId="para_4670">6</p>
                                </td>
                            </tr>
                            <tr>
                                <td>
                                    <p eId="para_4671">Cavan</p>
                                </td>
                                <td>
                                    <p eId="para_4672">Next sitting</p>
                                </td>
                                <td>
                                    <p eId="para_4673">12</p>
                                </td>
                            </tr>
                            <tr>
                                <td>
                                    <p eId="para_4674">Clonakilty</p>
                                </td>
                                <td>
                                    <p eId="para_4675">2-4</p>
                                </td>
                                <td>
                                    <p eId="para_4676">2-4</p>
                                </td>
                            </tr>
                            <tr>
                                <td>
                                    <p eId="para_4677">Clonmel</p>
                                </td>
                                <td>
                                    <p eId="para_4678">4-8</p>
                                </td>
                                <td>
                                    <p eId="para_4679">8-12</p>
                                </td>
                            </tr>
                            <tr>
                                <td>
                                    <p eId="para_4680">Cork</p>
                                </td>
                                <td>
                                    <p eId="para_4681">24</p>
                                </td>
                                <td>
                                    <p eId="para_4682">24</p>
                                </td>
                            </tr>
                            <tr>
                                <td>
                                    <p eId="para_4683">Derrynea</p>
                                </td>
                                <td>
                                    <p eId="para_4684">Next sitting</p>
                                </td>
                                <td>
                                    <p eId="para_4685">3</p>
                                </td>
                            </tr>
                            <tr>
                                <td>
                                    <p eId="para_4686">Donegal</p>
                                </td>
                                <td>
                                    <p eId="para_4687">Next sitting</p>
                                </td>
                                <td>
                                    <p eId="para_4688">4</p>
                                </td>
                            </tr>
                            <tr>
                                <td>
                                    <p eId="para_4689">Dublin</p>
                                </td>
                                <td>
                                    <p eId="para_4690">10</p>
                                </td>
                                <td>
                                    <p eId="para_4691">10</p>
                                </td>
                            </tr>
                            <tr>
                                <td>
                                    <p eId="para_4692">Dundalk</p>
                                </td>
                                <td>
                                    <p eId="para_4693">1</p>
                                </td>
                                <td>
                                    <p eId="para_4694">3</p>
                                </td>
                            </tr>
                            <tr>
                                <td>
                                    <p eId="para_4695">Ennis</p>
                                </td>
                                <td>
                                    <p eId="para_4696">2</p>
                                </td>
                                <td>
                                    <p eId="para_4697">4</p>
                                </td>
                            </tr>
                            <tr>
                                <td>
                                    <p eId="para_4698">Galway</p>
                                </td>
                                <td>
                                    <p eId="para_4699">1</p>
                                </td>
                                <td>
                                    <p eId="para_4700">3</p>
                                </td>
                            </tr>
                            <tr>
                                <td>
                                    <p eId="para_4701">Kilkenny</p>
                                </td>
                                <td>
                                    <p eId="para_4702">2-4</p>
                                </td>
                                <td>
                                    <p eId="para_4703">4-8</p>
                                </td>
                            </tr>
                            <tr>
                                <td>
                                    <p eId="para_4704">Letterkenny</p>
                                </td>
                                <td>
                                    <p eId="para_4705">4</p>
                                </td>
                                <td>
                                    <p eId="para_4706">13-17</p>
                                </td>
                            </tr>
                            <tr>
                                <td>
                                    <p eId="para_4707">Limerick</p>
                                </td>
                                <td>
                                    <p eId="para_4708">3-5</p>
                                </td>
                                <td>
                                    <p eId="para_4709">8-12</p>
                                </td>
                            </tr>
                            <tr>
                                <td>
                                    <p eId="para_4710">Longford</p>
                                </td>
                                <td>
                                    <p eId="para_4711">1</p>
                                </td>
                                <td>
                                    <p eId="para_4712">4</p>
                                </td>
                            </tr>
                            <tr>
                                <td>
                                    <p eId="para_4713">Loughrea</p>
                                </td>
                                <td>
                                    <p eId="para_4714">Next sitting</p>
                                </td>
                                <td>
                                    <p eId="para_4715">4</p>
                                </td>
                            </tr>
                            <tr>
                                <td>
                                    <p eId="para_4716">Mallow</p>
                                </td>
                                <td>
                                    <p eId="para_4717">Next sitting</p>
                                </td>
                                <td>
                                    <p eId="para_4718">Next sitting</p>
                                </td>
                            </tr>
                            <tr>
                                <td>
                                    <p eId="para_4719">Monaghan</p>
                                </td>
                                <td>
                                    <p eId="para_4720">Next sitting</p>
                                </td>
                                <td>
                                    <p eId="para_4721">Next sitting</p>
                                </td>
                            </tr>
                            <tr>
                                <td>
                                    <p eId="para_4722">Mullingar</p>
                                </td>
                                <td>
                                    <p eId="para_4723">Next sitting</p>
                                </td>
                                <td>
                                    <p eId="para_4724">4</p>
                                </td>
                            </tr>
                            <tr>
                                <td>
                                    <p eId="para_4725">Naas</p>
                                </td>
                                <td>
                                    <p eId="para_4726">2</p>
                                </td>
                                <td>
                                    <p eId="para_4727">8</p>
                                </td>
                            </tr>
                            <tr>
                                <td>
                                    <p eId="para_4728">Nenagh</p>
                                </td>
                                <td>
                                    <p eId="para_4729">Next sitting</p>
                                </td>
                                <td>
                                    <p eId="para_4730">Next sitting</p>
                                </td>
                            </tr>
                            <tr>
                                <td>
                                    <p eId="para_4731">Portlaoise</p>
                                </td>
                                <td>
                                    <p eId="para_4732">Next sitting</p>
                                </td>
                                <td>
                                    <p eId="para_4733">8-12</p>
                                </td>
                            </tr>
                            <tr>
                                <td>
                                    <p eId="para_4734">Roscommon</p>
                                </td>
                                <td>
                                    <p eId="para_4735">Next sitting</p>
                                </td>
                                <td>
                                    <p eId="para_4736">Next sitting</p>
                                </td>
                            </tr>
                            <tr>
                                <td>
                                    <p eId="para_4737">Sligo</p>
                                </td>
                                <td>
                                    <p eId="para_4738">Next sitting</p>
                                </td>
                                <td>
                                    <p eId="para_4739">Next sitting</p>
                                </td>
                            </tr>
                            <tr>
                                <td>
                                    <p eId="para_4740">Tralee</p>
                                </td>
                                <td>
                                    <p eId="para_4741">4</p>
                                </td>
                                <td>
                                    <p eId="para_4742">4</p>
                                </td>
                            </tr>
                            <tr>
                                <td>
                                    <p eId="para_4743">Trim</p>
                                </td>
                                <td>
                                    <p eId="para_4744">4-8</p>
                                </td>
                                <td>
                                    <p eId="para_4745">6-8</p>
                                </td>
                            </tr>
                            <tr>
                                <td>
                                    <p eId="para_4746">Tullamore</p>
                                </td>
                                <td>
                                    <p eId="para_4747">Next sitting</p>
                                </td>
                                <td>
                                    <p eId="para_4748">4</p>
                                </td>
                            </tr>
                            <tr>
                                <td>
                                    <p eId="para_4749">Waterford</p>
                                </td>
                                <td>
                                    <p eId="para_4750">12</p>
                                </td>
                                <td>
                                    <p eId="para_4751">12</p>
                                </td>
                            </tr>
                            <tr>
                                <td>
                                    <p eId="para_4752">Wexford</p>
                                </td>
                                <td>
                                    <p eId="para_4753">Next sitting</p>
                                </td>
                                <td>
                                    <p eId="para_4754">6-8</p>
                                </td>
                            </tr>
                            <tr>
                                <td>
                                    <p eId="para_4755">Youghal</p>
                                </td>
                                <td>
                                    <p eId="para_4756">Next sitting</p>
                                </td>
                                <td>
                                    <p eId="para_4757">4-8</p>
                                </td>
                            </tr>
                        </table>
                        <p eId="para_4758">*Urgent interim applications are dealt with immediately i.e. on next sitting day in every District.</p>
                    </speech>
                </debateSection>
                </debateBody></debate>
</akomaNtoso>
