<?xml version='1.0' encoding='UTF-8'?>
<akomaNtoso xmlns="http://docs.oasis-open.org/legaldocml/ns/akn/3.0/CSD13" xmlns:xsi="http://www.w3.org/2001/XMLSchema-instance" xsi:schemaLocation="http://docs.oasis-open.org/legaldocml/ns/akn/3.0/CSD13 ./akomantoso30.xsd ">
    <debate name="Official Report">
        <meta>
            <identification source="#source">
                <FRBRWork>
                    <FRBRthis value="/akn/ie/debateRecord/dail/2012-07-18/writtens/dbsect_263"/>
                    <FRBRuri value="/akn/ie/debateRecord/dail/2012-07-18/writtens"/>
                    <FRBRdate date="2012-07-18" name="#generation"/>
                    <FRBRauthor href="http://oireachtas.ie/ie/oireachtas/house/dail"/>
                    <FRBRcountry value="ie"/>
                <FRBRname value="writtens"/></FRBRWork>
                <FRBRExpression>
                    <FRBRthis value="/akn/ie/debateRecord/dail/2012-07-18/writtens/mul@/dbsect_263"/>
                    <FRBRuri value="/akn/ie/debateRecord/dail/2012-07-18/writtens/mul@"/>
                    <FRBRdate date="2012-07-18" name="#reported"/>
                    <FRBRauthor as="#editor" href="http://oireachtas.ie/ie/oireachtas/role/debates"/>
                    <FRBRlanguage language="mul"/>
                </FRBRExpression>
                <FRBRManifestation>
                    <FRBRthis value="/akn/ie/debateRecord/dail/2012-07-18/writtens/mul@/dbsect_263.xml"/>
                    <FRBRuri value="/akn/ie/debateRecord/dail/2012-07-18/writtens/mul@.akn"/>
                    <FRBRdate date="2016-08-17T12:53:12.290656" name="#publication"/>
                    <FRBRauthor as="#editor" href="http://oireachtas.ie/ie/oireachtas/role/debates"/>
                </FRBRManifestation>
            </identification>
            <references source="#debates">
                <TLCOrganization eId="source" href="http://oireachtas.ie" showAs="Houses of the Oireachtas"/><TLCConcept eId="generation" href="http://oireachtas.ie/ie/oireachtas/ontology#Generation" showAs="Generation"/>
<TLCConcept eId="reported" href="http://oireachtas.ie/ie/oireachtas/ontology#Reported" showAs="Reported"/>
<TLCConcept eId="publication" href="http://oireachtas.ie/ie/oireachtas/ontology#Publication" showAs="Publication"/>
<TLCPerson eId="CaoimhglinOCaolain" href="http://oireachtas.ie/ie/oireachtas/member/Caoimhghín-Ó-Caoláin.D.1997-06-26/dail/31" showAs="Mr. Caoimhghín Ó Caoláin"/>
<TLCPerson eId="DrJamesReilly" href="http://oireachtas.ie/ie/oireachtas/member/James-Reilly.D.2007-06-14/dail/31" showAs="Dr. James Reilly"/>
<TLCRole eId="Minister_for_Health" href="http://oireachtas.ie/ie/oireachtas/member/James-Reilly.D.2007-06-14/dail/31/minister/health" showAs="Minister for Health"/>
</references>
        </meta>
        <preface>
            <block name="title_ga">
                <docTitle>DÍOSPÓIREACHTAÍ PARLAIMINTE</docTitle>
            </block>
            <block name="title_en">
                <docTitle>PARLIAMENTARY DEBATES</docTitle>
            </block>
            <block name="proponent_ga">
                <docProponent>DÁIL ÉIREANN</docProponent>
            </block>
            <block name="status_ga">
                <docStatus>TUAIRISC OIFIGIÚIL</docStatus>
            </block>
            <block name="status_en">
                <docStatus>(OFFICIAL REPORT)</docStatus>
            </block>
            <block name="date_ga">
                <docDate date="2012-07-18">Dé Céadaoin, 18 Iúil 2012</docDate>
            </block>
            <block name="date_en">
                <docDate date="2012-07-18">Wednesday, 18 July 2012</docDate>
            </block>
        </preface>
        <debateBody><debateSection name="writtenAnswer" eId="dbsect_263">
                    <heading>Health Service Expenditure</heading>
                    <question by="#CaoimhglinOCaolain" to="#Minister_for_Health" eId="pq_353">
                        <p eId="para_5498">
        353
        <b> Deputy Caoimhghín Ó Caoláin</b>
         asked the 
        <b>Minister for Health</b>
         the savings to the Exchequer which would be made by applying charges based on the full economic cost for the use of beds in public and voluntary hospitals in the State for the purposes of private medical practice. 
        [35747/12]
      </p>
                    </question>
                    <speech by="#DrJamesReilly" as="#Minister_for_Health">
                        <from>Minister for Health (Deputy James Reilly)</from>
                        <p eId="para_5499">Since 1 January 2012 the charges for patients who chose to be treated on a private basis in public hospitals have increased by between 3% and 5% depending on the category of hospital.  The increase in charges is in keeping with the long-standing policy of moving towards recovering the full economic cost of providing treatment to private patients in public hospitals.  It is anticipated that the increased charges will yield additional revenue in the region of €18 million in 2012.  The current 2012 charges and the 2011 charges are set out in the following table.</p>
                    </speech>
                    <table>
                        <caption>2012 &amp; 2011 Charges for Private Patients in Public Hospitals</caption>
                        <tr>
                            <td/>
                            <td>
                                <p eId="para_5500">Hospital Category</p>
                            </td>
                            <td>
                                <p eId="para_5501">Private Accommodation</p>
                            </td>
                            <td>
                                <p eId="para_5502">Semi-Private Accommodation</p>
                            </td>
                            <td>
                                <p eId="para_5503">Day-care</p>
                            </td>
                        </tr>
                        <tr>
                            <td/>
                            <td/>
                            <td>
                                <p eId="para_5504">2012</p>
                            </td>
                            <td>
                                <p eId="para_5505">2011</p>
                            </td>
                            <td>
                                <p eId="para_5506">2012</p>
                            </td>
                            <td>
                                <p eId="para_5507">2011</p>
                            </td>
                            <td>
                                <p eId="para_5508">2012</p>
                            </td>
                            <td>
                                <p eId="para_5509">2011</p>
                            </td>
                        </tr>
                        <tr>
                            <td>
                                <p eId="para_5510">1</p>
                            </td>
                            <td>
                                <p eId="para_5511">HSE Regional Hospitals, Voluntary &amp; Joint Board Teaching Hospitals</p>
                            </td>
                            <td>
                                <p eId="para_5512">€1,046</p>
                            </td>
                            <td>
                                <p eId="para_5513">€1,017</p>
                            </td>
                            <td>
                                <p eId="para_5514">€933</p>
                            </td>
                            <td>
                                <p eId="para_5515">€889</p>
                            </td>
                            <td>
                                <p eId="para_5516">€753</p>
                            </td>
                            <td>
                                <p eId="para_5517">€732</p>
                            </td>
                        </tr>
                        <tr>
                            <td>
                                <p eId="para_5518">2</p>
                            </td>
                            <td>
                                <p eId="para_5519">HSE County Hospitals, Voluntary Non-Teaching Hospitals</p>
                            </td>
                            <td>
                                <p eId="para_5520">€819</p>
                            </td>
                            <td>
                                <p eId="para_5521">€789</p>
                            </td>
                            <td>
                                <p eId="para_5522">€730</p>
                            </td>
                            <td>
                                <p eId="para_5523">€693</p>
                            </td>
                            <td>
                                <p eId="para_5524">€586</p>
                            </td>
                            <td>
                                <p eId="para_5525">€564</p>
                            </td>
                        </tr>
                        <tr>
                            <td>
                                <p eId="para_5526">3</p>
                            </td>
                            <td>
                                <p eId="para_5527">HSE District Hospitals</p>
                            </td>
                            <td>
                                <p eId="para_5528">€260</p>
                            </td>
                            <td>
                                <p eId="para_5529">€260</p>
                            </td>
                            <td>
                                <p eId="para_5530">€222</p>
                            </td>
                            <td>
                                <p eId="para_5531">€222</p>
                            </td>
                            <td>
                                <p eId="para_5532">€193</p>
                            </td>
                            <td>
                                <p eId="para_5533">€193</p>
                            </td>
                        </tr>
                    </table>
                </debateSection>
                </debateBody></debate>
</akomaNtoso>
