<?xml version='1.0' encoding='UTF-8'?>
<akomaNtoso xmlns="http://docs.oasis-open.org/legaldocml/ns/akn/3.0/CSD13" xmlns:xsi="http://www.w3.org/2001/XMLSchema-instance" xsi:schemaLocation="http://docs.oasis-open.org/legaldocml/ns/akn/3.0/CSD13 ./akomantoso30.xsd ">
    <debate name="Official Report">
        <meta>
            <identification source="#source">
                <FRBRWork>
                    <FRBRthis value="/akn/ie/debateRecord/dail/2012-07-18/writtens/dbsect_156"/>
                    <FRBRuri value="/akn/ie/debateRecord/dail/2012-07-18/writtens"/>
                    <FRBRdate date="2012-07-18" name="#generation"/>
                    <FRBRauthor href="http://oireachtas.ie/ie/oireachtas/house/dail"/>
                    <FRBRcountry value="ie"/>
                <FRBRname value="writtens"/></FRBRWork>
                <FRBRExpression>
                    <FRBRthis value="/akn/ie/debateRecord/dail/2012-07-18/writtens/mul@/dbsect_156"/>
                    <FRBRuri value="/akn/ie/debateRecord/dail/2012-07-18/writtens/mul@"/>
                    <FRBRdate date="2012-07-18" name="#reported"/>
                    <FRBRauthor as="#editor" href="http://oireachtas.ie/ie/oireachtas/role/debates"/>
                    <FRBRlanguage language="mul"/>
                </FRBRExpression>
                <FRBRManifestation>
                    <FRBRthis value="/akn/ie/debateRecord/dail/2012-07-18/writtens/mul@/dbsect_156.xml"/>
                    <FRBRuri value="/akn/ie/debateRecord/dail/2012-07-18/writtens/mul@.akn"/>
                    <FRBRdate date="2016-08-17T12:53:12.290656" name="#publication"/>
                    <FRBRauthor as="#editor" href="http://oireachtas.ie/ie/oireachtas/role/debates"/>
                </FRBRManifestation>
            </identification>
            <references source="#debates">
                <TLCOrganization eId="source" href="http://oireachtas.ie" showAs="Houses of the Oireachtas"/><TLCConcept eId="generation" href="http://oireachtas.ie/ie/oireachtas/ontology#Generation" showAs="Generation"/>
<TLCConcept eId="reported" href="http://oireachtas.ie/ie/oireachtas/ontology#Reported" showAs="Reported"/>
<TLCConcept eId="publication" href="http://oireachtas.ie/ie/oireachtas/ontology#Publication" showAs="Publication"/>
<TLCPerson eId="DerekKeating" href="http://oireachtas.ie/ie/oireachtas/member/Derek-Keating.D.2011-03-09/dail/31" showAs="Mr. Derek Keating"/>
<TLCPerson eId="PatRabbitte" href="http://oireachtas.ie/ie/oireachtas/member/Pat-Rabbitte.D.1989-06-29/dail/31" showAs="Mr. Pat Rabbitte"/>
<TLCRole eId="Minister_for_Communications,_Energy_and_Natural_Resources" href="http://oireachtas.ie/ie/oireachtas/member/Pat-Rabbitte.D.1989-06-29/dail/31/minister/communications__energy__natural_resources" showAs="Minister for Communications, Energy and Natural Resources"/>
</references>
        </meta>
        <preface>
            <block name="title_ga">
                <docTitle>DÍOSPÓIREACHTAÍ PARLAIMINTE</docTitle>
            </block>
            <block name="title_en">
                <docTitle>PARLIAMENTARY DEBATES</docTitle>
            </block>
            <block name="proponent_ga">
                <docProponent>DÁIL ÉIREANN</docProponent>
            </block>
            <block name="status_ga">
                <docStatus>TUAIRISC OIFIGIÚIL</docStatus>
            </block>
            <block name="status_en">
                <docStatus>(OFFICIAL REPORT)</docStatus>
            </block>
            <block name="date_ga">
                <docDate date="2012-07-18">Dé Céadaoin, 18 Iúil 2012</docDate>
            </block>
            <block name="date_en">
                <docDate date="2012-07-18">Wednesday, 18 July 2012</docDate>
            </block>
        </preface>
        <debateBody><debateSection name="writtenAnswer" eId="dbsect_156">
                    <heading>Proposed Legislation</heading>
                    <question by="#DerekKeating" to="#Minister_for_Communications,_Energy_and_Natural_Resources" eId="pq_213">
                        <p eId="para_4184">
        213
        <b> Deputy Derek Keating</b>
         asked the 
        <b>Minister for Communications, Energy and Natural Resources</b>
         when he expects the geothermal legislation to be passed and when his Department will be open for applications for licences; and if he will make a statement on the matter. 
        [35655/12]
      </p>
                    </question>
                    <speech by="#PatRabbitte" as="#Minister_for_Communications,_Energy_and_Natural_Resources">
                        <from>Minister for Communications, Energy and Natural Resources (Deputy Pat Rabbitte)</from>
                        <p eId="para_4185">The general scheme of a Geothermal Energy Development Bill was published in July, 2010 along with the associated Regulatory Impact Assessment.  Both these documents are available on the Department's website.</p>
                        <p eId="para_4186">Geothermal energy is a new area of legislative endeavour which will create a legislative framework to facilitate the exploration for and development of geothermal energy resources.  It will provide significant support to the geothermal energy sector with considerable security of tenure for potential investors.  The Bill sets out an approach to the licensing of exploration for, and exploitation of, geothermal energy.  It is modelled on the approach taken in respect of minerals exploration and development, but also deals with a range of ancillary issues such as entry onto land.</p>
                        <p eId="para_4187">Drafting of the Bill with the Office of the Parliamentary Counsel is ongoing.  Many of the provisions of the Bill are based on aspects of the Minerals Development Bill, particularly in relation to exploration licensing, which I expect to bring to the House before year-end.  I would expect therefore that the Geothermal Energy Development Bill will follow to be published later this year or early next year.  The progress of the Bill will be dependent on the schedule of legislation before the Oireachtas.</p>
                    </speech><!--Fix-->
                </debateSection></debateBody></debate>
</akomaNtoso>
