<?xml version='1.0' encoding='UTF-8'?>
<akomaNtoso xmlns="http://docs.oasis-open.org/legaldocml/ns/akn/3.0/CSD13" xmlns:xsi="http://www.w3.org/2001/XMLSchema-instance" xsi:schemaLocation="http://docs.oasis-open.org/legaldocml/ns/akn/3.0/CSD13 ./akomantoso30.xsd ">
    <debate name="Official Report">
        <meta>
            <identification source="#source">
                <FRBRWork>
                    <FRBRthis value="/akn/ie/debateRecord/dail/2012-07-18/writtens/dbsect_179"/>
                    <FRBRuri value="/akn/ie/debateRecord/dail/2012-07-18/writtens"/>
                    <FRBRdate date="2012-07-18" name="#generation"/>
                    <FRBRauthor href="http://oireachtas.ie/ie/oireachtas/house/dail"/>
                    <FRBRcountry value="ie"/>
                <FRBRname value="writtens"/></FRBRWork>
                <FRBRExpression>
                    <FRBRthis value="/akn/ie/debateRecord/dail/2012-07-18/writtens/mul@/dbsect_179"/>
                    <FRBRuri value="/akn/ie/debateRecord/dail/2012-07-18/writtens/mul@"/>
                    <FRBRdate date="2012-07-18" name="#reported"/>
                    <FRBRauthor as="#editor" href="http://oireachtas.ie/ie/oireachtas/role/debates"/>
                    <FRBRlanguage language="mul"/>
                </FRBRExpression>
                <FRBRManifestation>
                    <FRBRthis value="/akn/ie/debateRecord/dail/2012-07-18/writtens/mul@/dbsect_179.xml"/>
                    <FRBRuri value="/akn/ie/debateRecord/dail/2012-07-18/writtens/mul@.akn"/>
                    <FRBRdate date="2016-08-17T12:53:12.290656" name="#publication"/>
                    <FRBRauthor as="#editor" href="http://oireachtas.ie/ie/oireachtas/role/debates"/>
                </FRBRManifestation>
            </identification>
            <references source="#debates">
                <TLCOrganization eId="source" href="http://oireachtas.ie" showAs="Houses of the Oireachtas"/><TLCConcept eId="generation" href="http://oireachtas.ie/ie/oireachtas/ontology#Generation" showAs="Generation"/>
<TLCConcept eId="reported" href="http://oireachtas.ie/ie/oireachtas/ontology#Reported" showAs="Reported"/>
<TLCConcept eId="publication" href="http://oireachtas.ie/ie/oireachtas/ontology#Publication" showAs="Publication"/>
<TLCPerson eId="PhilipHogan" href="http://oireachtas.ie/ie/oireachtas/member/Phil-Hogan.S.1987-04-25/dail/31" showAs="Mr. Phil Hogan"/>
<TLCPerson eId="TommyBroughan" href="http://oireachtas.ie/ie/oireachtas/member/Thomas-P-Broughan.D.1992-12-14/dail/31" showAs="Mr. Tommy Broughan"/>
<TLCRole eId="Minister_for_the_Environment,_Community_and_Local_Government" href="http://oireachtas.ie/ie/oireachtas/member/Phil-Hogan.S.1987-04-25/dail/31/minister/environment__community__local_government" showAs="Minister for the Environment, Community and Local Government"/>
</references>
        </meta>
        <preface>
            <block name="title_ga">
                <docTitle>DÍOSPÓIREACHTAÍ PARLAIMINTE</docTitle>
            </block>
            <block name="title_en">
                <docTitle>PARLIAMENTARY DEBATES</docTitle>
            </block>
            <block name="proponent_ga">
                <docProponent>DÁIL ÉIREANN</docProponent>
            </block>
            <block name="status_ga">
                <docStatus>TUAIRISC OIFIGIÚIL</docStatus>
            </block>
            <block name="status_en">
                <docStatus>(OFFICIAL REPORT)</docStatus>
            </block>
            <block name="date_ga">
                <docDate date="2012-07-18">Dé Céadaoin, 18 Iúil 2012</docDate>
            </block>
            <block name="date_en">
                <docDate date="2012-07-18">Wednesday, 18 July 2012</docDate>
            </block>
        </preface>
        <debateBody><debateSection name="writtenAnswer" eId="dbsect_179">
                    <heading>Property Taxation</heading>
                    <question by="#TommyBroughan" to="#Minister_for_the_Environment,_Community_and_Local_Government" eId="pq_238">
                        <p eId="para_4508">
        238
        <b> Deputy Thomas P. Broughan</b>
         asked the 
        <b>Minister for the Environment, Community and Local Government</b>
         if he has concluded his deliberations with regard to the structure of the Government’s new house property tax; when he will be in a position to make an announcement to Dáil Éireann; if that tax will impact on the existing second home tax; and if he will make a statement on the matter. 
        [35846/12]
      </p>
                    </question>
                    <speech by="#PhilipHogan" as="#Minister_for_the_Environment,_Community_and_Local_Government">
                        <from>Minister for the Environment, Community and Local Government (Deputy Phil Hogan)</from>
                        <p eId="para_4509">An independently-chaired Inter-Departmental Expert Group was established to consider the structures and modalities for an equitable valuation-based property tax.  The Group has recently completed its work and submitted its report to me.  The approach to the report will be considered by the Government in due course.</p>
                    </speech>
                </debateSection>
                </debateBody></debate>
</akomaNtoso>
