<?xml version='1.0' encoding='UTF-8'?>
<akomaNtoso xmlns="http://docs.oasis-open.org/legaldocml/ns/akn/3.0/CSD13" xmlns:xsi="http://www.w3.org/2001/XMLSchema-instance" xsi:schemaLocation="http://docs.oasis-open.org/legaldocml/ns/akn/3.0/CSD13 ./akomantoso30.xsd ">
    <debate name="Official Report">
        <meta>
            <identification source="#source">
                <FRBRWork>
                    <FRBRthis value="/akn/ie/debateRecord/dail/2012-07-18/writtens/dbsect_280"/>
                    <FRBRuri value="/akn/ie/debateRecord/dail/2012-07-18/writtens"/>
                    <FRBRdate date="2012-07-18" name="#generation"/>
                    <FRBRauthor href="http://oireachtas.ie/ie/oireachtas/house/dail"/>
                    <FRBRcountry value="ie"/>
                <FRBRname value="writtens"/></FRBRWork>
                <FRBRExpression>
                    <FRBRthis value="/akn/ie/debateRecord/dail/2012-07-18/writtens/mul@/dbsect_280"/>
                    <FRBRuri value="/akn/ie/debateRecord/dail/2012-07-18/writtens/mul@"/>
                    <FRBRdate date="2012-07-18" name="#reported"/>
                    <FRBRauthor as="#editor" href="http://oireachtas.ie/ie/oireachtas/role/debates"/>
                    <FRBRlanguage language="mul"/>
                </FRBRExpression>
                <FRBRManifestation>
                    <FRBRthis value="/akn/ie/debateRecord/dail/2012-07-18/writtens/mul@/dbsect_280.xml"/>
                    <FRBRuri value="/akn/ie/debateRecord/dail/2012-07-18/writtens/mul@.akn"/>
                    <FRBRdate date="2016-08-17T12:53:12.290656" name="#publication"/>
                    <FRBRauthor as="#editor" href="http://oireachtas.ie/ie/oireachtas/role/debates"/>
                </FRBRManifestation>
            </identification>
            <references source="#debates">
                <TLCOrganization eId="source" href="http://oireachtas.ie" showAs="Houses of the Oireachtas"/><TLCConcept eId="generation" href="http://oireachtas.ie/ie/oireachtas/ontology#Generation" showAs="Generation"/>
<TLCConcept eId="reported" href="http://oireachtas.ie/ie/oireachtas/ontology#Reported" showAs="Reported"/>
<TLCConcept eId="publication" href="http://oireachtas.ie/ie/oireachtas/ontology#Publication" showAs="Publication"/>
<TLCPerson eId="LeoVaradkar" href="http://oireachtas.ie/ie/oireachtas/member/Leo-Varadkar.D.2007-06-14/dail/31" showAs="Dr. Leo Varadkar"/>
<TLCPerson eId="PatrickODonovan" href="http://oireachtas.ie/ie/oireachtas/member/Patrick-O'Donovan.D.2011-03-09/dail/31" showAs="Mr. Patrick O'Donovan"/>
<TLCRole eId="Minister_for_Transport,_Tourism_and_Sport" href="http://oireachtas.ie/ie/oireachtas/member/Leo-Varadkar.D.2007-06-14/dail/31/minister/transport__tourism__sport" showAs="Minister for Transport, Tourism and Sport"/>
</references>
        </meta>
        <preface>
            <block name="title_ga">
                <docTitle>DÍOSPÓIREACHTAÍ PARLAIMINTE</docTitle>
            </block>
            <block name="title_en">
                <docTitle>PARLIAMENTARY DEBATES</docTitle>
            </block>
            <block name="proponent_ga">
                <docProponent>DÁIL ÉIREANN</docProponent>
            </block>
            <block name="status_ga">
                <docStatus>TUAIRISC OIFIGIÚIL</docStatus>
            </block>
            <block name="status_en">
                <docStatus>(OFFICIAL REPORT)</docStatus>
            </block>
            <block name="date_ga">
                <docDate date="2012-07-18">Dé Céadaoin, 18 Iúil 2012</docDate>
            </block>
            <block name="date_en">
                <docDate date="2012-07-18">Wednesday, 18 July 2012</docDate>
            </block>
        </preface>
        <debateBody><debateSection name="writtenAnswer" eId="dbsect_280">
                    <heading>Ministerial Expenditure</heading>
                    <question by="#PatrickODonovan" to="#Minister_for_Transport,_Tourism_and_Sport" eId="pq_379">
                        <p eId="para_5596">
        379
        <b> Deputy Patrick O’Donovan</b>
         asked the 
        <b>Minister for Transport, Tourism and Sport</b>
         the amounts spent by previous Ministers and Ministers of State within his Department on subsistence, mobile phone communications and recouped expenses, with indications given to the portion that are both vouched and unvouched for each year from 1 January 2007 to 9 March 2011 inclusive; the extent of such expenditure that was discharged directly by his Department on behalf of the Minister concerned; the extent to which the expenditure was discharged by credit card directly by or on behalf of the Minister involved; and if he will make a statement on the matter. 
        [35510/12]
      </p>
                    </question>
                    <speech by="#LeoVaradkar" as="#Minister_for_Transport,_Tourism_and_Sport">
                        <from>Minister for Transport, Tourism and Sport (Deputy Leo Varadkar)</from>
                        <p eId="para_5597">The amount spent by previous Ministers and Ministers of State within my Department on subsistence, mobile phone communications and recouped expenses is outlined in the following table.</p>
                        <table>
                            <tr>
                                <td>
                                    <p eId="para_5598">Year</p>
                                </td>
                                <td>
                                    <p eId="para_5599">Minister/Minister of State</p>
                                </td>
                                <td>
                                    <p eId="para_5600">Subsistence/ recouped expenses</p>
                                </td>
                                <td>
                                    <p eId="para_5601">Mobile Phones</p>
                                </td>
                                <td>
                                    <p eId="para_5602">Total spent</p>
                                </td>
                            </tr>
                            <tr>
                                <td>
                                    <p eId="para_5603">2007-2010</p>
                                </td>
                                <td>
                                    <p eId="para_5604">Minister Noel Dempsey, T.D.</p>
                                </td>
                                <td>
                                    <p eId="para_5605">€40,061</p>
                                </td>
                                <td>
                                    <p eId="para_5606">€5,694</p>
                                </td>
                                <td>
                                    <p eId="para_5607">€45,755</p>
                                </td>
                            </tr>
                            <tr>
                                <td>
                                    <p eId="para_5608">2010</p>
                                </td>
                                <td>
                                    <p eId="para_5609">Minister of State Ciaran Cuffe, T.D.</p>
                                </td>
                                <td>
                                    <p eId="para_5610">€1,665</p>
                                </td>
                                <td>
                                    <p eId="para_5611">Not applicable</p>
                                </td>
                                <td>
                                    <p eId="para_5612">€1,665</p>
                                </td>
                            </tr>
                            <tr>
                                <td>
                                    <p eId="para_5613">2008-2009</p>
                                </td>
                                <td>
                                    <p eId="para_5614">Minister of State Noel Ahern, T.D.</p>
                                </td>
                                <td>
                                    <p eId="para_5615">€27,577</p>
                                </td>
                                <td>
                                    <p eId="para_5616">€2,005</p>
                                </td>
                                <td>
                                    <p eId="para_5617">€29,582</p>
                                </td>
                            </tr>
                            <tr>
                                <td>
                                    <p eId="para_5618">2007</p>
                                </td>
                                <td>
                                    <p eId="para_5619">Minister of State Pat the Cope Gallagher, T.D.</p>
                                </td>
                                <td>
                                    <p eId="para_5620">€23,531</p>
                                </td>
                                <td>
                                    <p eId="para_5621">€4,731</p>
                                </td>
                                <td>
                                    <p eId="para_5622">€28,262</p>
                                </td>
                            </tr>
                            <tr>
                                <td>
                                    <p eId="para_5623">2007</p>
                                </td>
                                <td>
                                    <p eId="para_5624">Minister Martin Cullen, T.D.</p>
                                </td>
                                <td>
                                    <p eId="para_5625">€7,209</p>
                                </td>
                                <td>
                                    <p eId="para_5626">Not applicable</p>
                                </td>
                                <td>
                                    <p eId="para_5627">€7,209</p>
                                </td>
                            </tr>
                        </table>
                        <p eId="para_5628">The monthly expenses paid to Ministers in accordance with Oireachtas rules are not vouched.  The figures for the years in question are:</p>
                        <p eId="para_5629">2007 —€13,881</p>
                        <p eId="para_5630">2008 —€26,771</p>
                        <p eId="para_5631">2009 —€17,625</p>
                        <p eId="para_5632">2010 —€2,000</p>
                        <p eId="para_5633">In addition some travel and subsistence allowances paid at the rates specified by the Department of Public Expenditure and Reform are not vouched. None of the expenditure was incurred by Departmental credit card.</p>
                    </speech>
                </debateSection>
                </debateBody></debate>
</akomaNtoso>
