<?xml version='1.0' encoding='UTF-8'?>
<akomaNtoso xmlns="http://docs.oasis-open.org/legaldocml/ns/akn/3.0/CSD13" xmlns:xsi="http://www.w3.org/2001/XMLSchema-instance" xsi:schemaLocation="http://docs.oasis-open.org/legaldocml/ns/akn/3.0/CSD13 ./akomantoso30.xsd ">
    <debate name="Official Report">
        <meta>
            <identification source="#source">
                <FRBRWork>
                    <FRBRthis value="/akn/ie/debateRecord/dail/2012-07-18/writtens/dbsect_99"/>
                    <FRBRuri value="/akn/ie/debateRecord/dail/2012-07-18/writtens"/>
                    <FRBRdate date="2012-07-18" name="#generation"/>
                    <FRBRauthor href="http://oireachtas.ie/ie/oireachtas/house/dail"/>
                    <FRBRcountry value="ie"/>
                <FRBRname value="writtens"/></FRBRWork>
                <FRBRExpression>
                    <FRBRthis value="/akn/ie/debateRecord/dail/2012-07-18/writtens/mul@/dbsect_99"/>
                    <FRBRuri value="/akn/ie/debateRecord/dail/2012-07-18/writtens/mul@"/>
                    <FRBRdate date="2012-07-18" name="#reported"/>
                    <FRBRauthor as="#editor" href="http://oireachtas.ie/ie/oireachtas/role/debates"/>
                    <FRBRlanguage language="mul"/>
                </FRBRExpression>
                <FRBRManifestation>
                    <FRBRthis value="/akn/ie/debateRecord/dail/2012-07-18/writtens/mul@/dbsect_99.xml"/>
                    <FRBRuri value="/akn/ie/debateRecord/dail/2012-07-18/writtens/mul@.akn"/>
                    <FRBRdate date="2016-08-17T12:53:12.290656" name="#publication"/>
                    <FRBRauthor as="#editor" href="http://oireachtas.ie/ie/oireachtas/role/debates"/>
                </FRBRManifestation>
            </identification>
            <references source="#debates">
                <TLCOrganization eId="source" href="http://oireachtas.ie" showAs="Houses of the Oireachtas"/><TLCConcept eId="generation" href="http://oireachtas.ie/ie/oireachtas/ontology#Generation" showAs="Generation"/>
<TLCConcept eId="reported" href="http://oireachtas.ie/ie/oireachtas/ontology#Reported" showAs="Reported"/>
<TLCConcept eId="publication" href="http://oireachtas.ie/ie/oireachtas/ontology#Publication" showAs="Publication"/>
<TLCPerson eId="JamesBannon" href="http://oireachtas.ie/ie/oireachtas/member/James-Bannon.S.2002-09-12/dail/31" showAs="Mr. James Bannon"/>
<TLCPerson eId="JoanBurtonLAB" href="http://oireachtas.ie/ie/oireachtas/member/Joan-Burton.D.1992-12-14/dail/31" showAs="Ms. Joan Burton"/>
<TLCRole eId="Minister_for_Social_Protection" href="http://oireachtas.ie/ie/oireachtas/member/Joan-Burton.D.1992-12-14/dail/31/minister/social_protection" showAs="Minister for Social Protection"/>
</references>
        </meta>
        <preface>
            <block name="title_ga">
                <docTitle>DÍOSPÓIREACHTAÍ PARLAIMINTE</docTitle>
            </block>
            <block name="title_en">
                <docTitle>PARLIAMENTARY DEBATES</docTitle>
            </block>
            <block name="proponent_ga">
                <docProponent>DÁIL ÉIREANN</docProponent>
            </block>
            <block name="status_ga">
                <docStatus>TUAIRISC OIFIGIÚIL</docStatus>
            </block>
            <block name="status_en">
                <docStatus>(OFFICIAL REPORT)</docStatus>
            </block>
            <block name="date_ga">
                <docDate date="2012-07-18">Dé Céadaoin, 18 Iúil 2012</docDate>
            </block>
            <block name="date_en">
                <docDate date="2012-07-18">Wednesday, 18 July 2012</docDate>
            </block>
        </preface>
        <debateBody><debateSection name="writtenAnswer" eId="dbsect_99">
                    <heading>Maternity Benefit</heading>
                    <question by="#JamesBannon" to="#Minister_for_Social_Protection" eId="pq_142">
                        <p eId="para_3777">
        142
        <b> Deputy James Bannon</b>
         asked the 
        <b>Minister for Social Protection</b>
         the reason for the delay in processing maternity benefit in respect of a person (details supplied) in County Longford.
        [35557/12]
      </p>
                    </question>
                    <speech by="#JoanBurtonLAB" as="#Minister_for_Social_Protection">
                        <from>Minister for Social Protection (Deputy Joan Burton)</from>
                        <p eId="para_3778">All claims for Maternity Benefit received after the 6 month time period  provided for under Section 241(2) of the Social Welfare Consolidation Act 2005, are considered late claims. Provision is made under legislation to allow payment of a late claim where there is good cause.</p>
                        <p eId="para_3779">A Maternity Benefit claim form (MB10) was received from the person concerned  on 13th February 2012 in respect of her daughter, born on 5th July 2011. When a claim is received outside the permitted 6 month period the claimant must have "good cause" for the delay in making her claim.</p>
                        <p eId="para_3780">Initially, the claimant  did not provide the Department with any reason which is considered "good cause" and her claim was disallowed.</p>
                        <p eId="para_3781">The claimant  appealed this decision and has cited current financial hardship and illness as reasons why the Department should accept her late claim. Provisions are in place to accept a late claim for the reasons of financial hardship or incapacitation provided the Department is satisfied that such is the case. Unfortunately, she did not provide sufficient evidence which would support her claim.</p>
                        <p eId="para_3782">A Department official was in direct contact with the claimant  by telephone on 11th July and has explained to her what supporting documentation would be required by  my Department so that her claim can be reviewed.  Upon receipt of the documentation to support her claim for financial hardship and incapacitation the persons claim will be reviewed immediately.</p>
                    </speech>
                </debateSection>
                </debateBody></debate>
</akomaNtoso>
