<?xml version='1.0' encoding='UTF-8'?>
<akomaNtoso xmlns="http://docs.oasis-open.org/legaldocml/ns/akn/3.0/CSD13" xmlns:xsi="http://www.w3.org/2001/XMLSchema-instance" xsi:schemaLocation="http://docs.oasis-open.org/legaldocml/ns/akn/3.0/CSD13 ./akomantoso30.xsd ">
    <debate name="Official Report">
        <meta>
            <identification source="#source">
                <FRBRWork>
                    <FRBRthis value="/akn/ie/debateRecord/dail/2012-07-18/writtens/dbsect_273"/>
                    <FRBRuri value="/akn/ie/debateRecord/dail/2012-07-18/writtens"/>
                    <FRBRdate date="2012-07-18" name="#generation"/>
                    <FRBRauthor href="http://oireachtas.ie/ie/oireachtas/house/dail"/>
                    <FRBRcountry value="ie"/>
                <FRBRname value="writtens"/></FRBRWork>
                <FRBRExpression>
                    <FRBRthis value="/akn/ie/debateRecord/dail/2012-07-18/writtens/mul@/dbsect_273"/>
                    <FRBRuri value="/akn/ie/debateRecord/dail/2012-07-18/writtens/mul@"/>
                    <FRBRdate date="2012-07-18" name="#reported"/>
                    <FRBRauthor as="#editor" href="http://oireachtas.ie/ie/oireachtas/role/debates"/>
                    <FRBRlanguage language="mul"/>
                </FRBRExpression>
                <FRBRManifestation>
                    <FRBRthis value="/akn/ie/debateRecord/dail/2012-07-18/writtens/mul@/dbsect_273.xml"/>
                    <FRBRuri value="/akn/ie/debateRecord/dail/2012-07-18/writtens/mul@.akn"/>
                    <FRBRdate date="2016-08-17T12:53:12.290656" name="#publication"/>
                    <FRBRauthor as="#editor" href="http://oireachtas.ie/ie/oireachtas/role/debates"/>
                </FRBRManifestation>
            </identification>
            <references source="#debates">
                <TLCOrganization eId="source" href="http://oireachtas.ie" showAs="Houses of the Oireachtas"/><TLCConcept eId="generation" href="http://oireachtas.ie/ie/oireachtas/ontology#Generation" showAs="Generation"/>
<TLCConcept eId="reported" href="http://oireachtas.ie/ie/oireachtas/ontology#Reported" showAs="Reported"/>
<TLCConcept eId="publication" href="http://oireachtas.ie/ie/oireachtas/ontology#Publication" showAs="Publication"/>
<TLCPerson eId="KathleenLynch" href="http://oireachtas.ie/ie/oireachtas/member/Kathleen-Lynch.D.1994-11-10/dail/31" showAs="Ms. Kathleen Lynch"/>
<TLCPerson eId="SeamusKirk" href="http://oireachtas.ie/ie/oireachtas/member/Seamus-Kirk.D.1982-12-14/dail/31" showAs="Mr. Séamus Kirk"/>
<TLCRole eId="Minister_for_Health" href="http://oireachtas.ie/ie/oireachtas/member/James-Reilly.D.2007-06-14/dail/31/minister/health" showAs="Minister for Health"/>
<TLCRole eId="Minister_of_State_at_the_Department_of_Health" href="http://oireachtas.ie/ie/oireachtas/member/Kathleen-Lynch.D.1994-11-10/dail/31/minister_state/health" showAs="Minister of State at the Department of Health"/>
</references>
        </meta>
        <preface>
            <block name="title_ga">
                <docTitle>DÍOSPÓIREACHTAÍ PARLAIMINTE</docTitle>
            </block>
            <block name="title_en">
                <docTitle>PARLIAMENTARY DEBATES</docTitle>
            </block>
            <block name="proponent_ga">
                <docProponent>DÁIL ÉIREANN</docProponent>
            </block>
            <block name="status_ga">
                <docStatus>TUAIRISC OIFIGIÚIL</docStatus>
            </block>
            <block name="status_en">
                <docStatus>(OFFICIAL REPORT)</docStatus>
            </block>
            <block name="date_ga">
                <docDate date="2012-07-18">Dé Céadaoin, 18 Iúil 2012</docDate>
            </block>
            <block name="date_en">
                <docDate date="2012-07-18">Wednesday, 18 July 2012</docDate>
            </block>
        </preface>
        <debateBody><debateSection name="writtenAnswer" eId="dbsect_273">
                    <heading>Mental Health Services</heading>
                    <question by="#SeamusKirk" to="#Minister_for_Health" eId="pq_364">
                        <p eId="para_5554">
        364
        <b> Deputy Seamus Kirk</b>
         asked the 
        <b>Minister for Health</b>
         if the Health Service Executive have any psychiatric patients in accommodation outside this jurisdiction; if so the number of same; if it is short term or long term and the annual cost. 
        [35881/12]
      </p>
                    </question>
                    <speech by="#KathleenLynch" as="#Minister_of_State_at_the_Department_of_Health">
                        <from>Minister of State at the Department of Health (Deputy Kathleen Lynch)</from>
                        <p eId="para_5555">As service referrals are made within each catchment area by the treating Mental Health Clinician and not at a national level the HSE does not routinely gather the information requested by the Deputy.  However, following a recent Freedom of Information request the following information was collected by the HSE which  provides details on the total numbers of service users being cared for abroad and the total annual cost for 2011:</p>
                        <table>
                            <tr>
                                <td>
                                    <p eId="para_5556">Number of service users from the mental health service being treated abroad for their mental illness</p>
                                </td>
                                <td>
                                    <p eId="para_5557">Annual cost to the mental health service*</p>
                                </td>
                            </tr>
                            <tr>
                                <td>
                                    <p eId="para_5558">11</p>
                                </td>
                                <td>
                                    <p eId="para_5559">€2,242,354*</p>
                                </td>
                            </tr>
                        </table>
                        <p eId="para_5560">*There were considerable variations in the length of time individuals were placed abroad.</p>
                        <p eId="para_5561">Treatment outside the jurisdiction is only considered when there is no suitable facility or where specialist skills are clinically indicated but unavailable here in Ireland.</p>
                    </speech>
                </debateSection>
                </debateBody></debate>
</akomaNtoso>
