<?xml version='1.0' encoding='UTF-8'?>
<akomaNtoso xmlns="http://docs.oasis-open.org/legaldocml/ns/akn/3.0/CSD13" xmlns:xsi="http://www.w3.org/2001/XMLSchema-instance" xsi:schemaLocation="http://docs.oasis-open.org/legaldocml/ns/akn/3.0/CSD13 ./akomantoso30.xsd ">
    <debate name="Official Report">
        <meta>
            <identification source="#source">
                <FRBRWork>
                    <FRBRthis value="/akn/ie/debateRecord/dail/2012-07-18/writtens/dbsect_235"/>
                    <FRBRuri value="/akn/ie/debateRecord/dail/2012-07-18/writtens"/>
                    <FRBRdate date="2012-07-18" name="#generation"/>
                    <FRBRauthor href="http://oireachtas.ie/ie/oireachtas/house/dail"/>
                    <FRBRcountry value="ie"/>
                <FRBRname value="writtens"/></FRBRWork>
                <FRBRExpression>
                    <FRBRthis value="/akn/ie/debateRecord/dail/2012-07-18/writtens/mul@/dbsect_235"/>
                    <FRBRuri value="/akn/ie/debateRecord/dail/2012-07-18/writtens/mul@"/>
                    <FRBRdate date="2012-07-18" name="#reported"/>
                    <FRBRauthor as="#editor" href="http://oireachtas.ie/ie/oireachtas/role/debates"/>
                    <FRBRlanguage language="mul"/>
                </FRBRExpression>
                <FRBRManifestation>
                    <FRBRthis value="/akn/ie/debateRecord/dail/2012-07-18/writtens/mul@/dbsect_235.xml"/>
                    <FRBRuri value="/akn/ie/debateRecord/dail/2012-07-18/writtens/mul@.akn"/>
                    <FRBRdate date="2016-08-17T12:53:12.290656" name="#publication"/>
                    <FRBRauthor as="#editor" href="http://oireachtas.ie/ie/oireachtas/role/debates"/>
                </FRBRManifestation>
            </identification>
            <references source="#debates">
                <TLCOrganization eId="source" href="http://oireachtas.ie" showAs="Houses of the Oireachtas"/><TLCConcept eId="generation" href="http://oireachtas.ie/ie/oireachtas/ontology#Generation" showAs="Generation"/>
<TLCConcept eId="reported" href="http://oireachtas.ie/ie/oireachtas/ontology#Reported" showAs="Reported"/>
<TLCConcept eId="publication" href="http://oireachtas.ie/ie/oireachtas/ontology#Publication" showAs="Publication"/>
<TLCPerson eId="BrianStanley" href="http://oireachtas.ie/ie/oireachtas/member/Brian-Stanley.D.2011-03-09/dail/31" showAs="Mr. Brian Stanley"/>
<TLCPerson eId="FrancesFitzgerald" href="http://oireachtas.ie/ie/oireachtas/member/Frances-Fitzgerald.D.1992-12-14/dail/31" showAs="Ms. Frances Fitzgerald"/>
<TLCRole eId="Minister_for_Children_and_Youth_Affairs" href="http://oireachtas.ie/ie/oireachtas/member/Frances-Fitzgerald.D.1992-12-14/dail/31/minister/children__youth_affairs" showAs="Minister for Children and Youth Affairs"/>
</references>
        </meta>
        <preface>
            <block name="title_ga">
                <docTitle>DÍOSPÓIREACHTAÍ PARLAIMINTE</docTitle>
            </block>
            <block name="title_en">
                <docTitle>PARLIAMENTARY DEBATES</docTitle>
            </block>
            <block name="proponent_ga">
                <docProponent>DÁIL ÉIREANN</docProponent>
            </block>
            <block name="status_ga">
                <docStatus>TUAIRISC OIFIGIÚIL</docStatus>
            </block>
            <block name="status_en">
                <docStatus>(OFFICIAL REPORT)</docStatus>
            </block>
            <block name="date_ga">
                <docDate date="2012-07-18">Dé Céadaoin, 18 Iúil 2012</docDate>
            </block>
            <block name="date_en">
                <docDate date="2012-07-18">Wednesday, 18 July 2012</docDate>
            </block>
        </preface>
        <debateBody><debateSection name="writtenAnswer" eId="dbsect_235">
                    <heading>Departmental Expenditure</heading>
                    <question by="#BrianStanley" to="#Minister_for_Children_and_Youth_Affairs" eId="pq_307">
                        <p eId="para_5354">
        307
        <b> Deputy Brian Stanley</b>
         asked the 
        <b>Minister for Children and Youth Affairs</b>
         if she will provide a detailed breakdown of the total annual spend, including all grants, by her Department on all structures of local government here for 2011, and also for June 2011 to June 2012. 
        [35678/12]
      </p>
                    </question>
                    <speech by="#FrancesFitzgerald" as="#Minister_for_Children_and_Youth_Affairs">
                        <from>Minister for Children and Youth Affairs (Deputy Frances Fitzgerald)</from>
                        <p eId="para_5355">Particulars relating to the annual spend, including grant payments, since 2011 on the structures of local Government are currently being compiled by my Department and the relevant information will be forwarded to the Deputy as soon as it becomes available.</p>
                    </speech>
                </debateSection>
                </debateBody></debate>
</akomaNtoso>
