<?xml version='1.0' encoding='UTF-8'?>
<akomaNtoso xmlns="http://docs.oasis-open.org/legaldocml/ns/akn/3.0/CSD13" xmlns:xsi="http://www.w3.org/2001/XMLSchema-instance" xsi:schemaLocation="http://docs.oasis-open.org/legaldocml/ns/akn/3.0/CSD13 ./akomantoso30.xsd ">
    <debate name="Official Report">
        <meta>
            <identification source="#source">
                <FRBRWork>
                    <FRBRthis value="/akn/ie/debateRecord/dail/2012-07-18/writtens/dbsect_210"/>
                    <FRBRuri value="/akn/ie/debateRecord/dail/2012-07-18/writtens"/>
                    <FRBRdate date="2012-07-18" name="#generation"/>
                    <FRBRauthor href="http://oireachtas.ie/ie/oireachtas/house/dail"/>
                    <FRBRcountry value="ie"/>
                <FRBRname value="writtens"/></FRBRWork>
                <FRBRExpression>
                    <FRBRthis value="/akn/ie/debateRecord/dail/2012-07-18/writtens/mul@/dbsect_210"/>
                    <FRBRuri value="/akn/ie/debateRecord/dail/2012-07-18/writtens/mul@"/>
                    <FRBRdate date="2012-07-18" name="#reported"/>
                    <FRBRauthor as="#editor" href="http://oireachtas.ie/ie/oireachtas/role/debates"/>
                    <FRBRlanguage language="mul"/>
                </FRBRExpression>
                <FRBRManifestation>
                    <FRBRthis value="/akn/ie/debateRecord/dail/2012-07-18/writtens/mul@/dbsect_210.xml"/>
                    <FRBRuri value="/akn/ie/debateRecord/dail/2012-07-18/writtens/mul@.akn"/>
                    <FRBRdate date="2016-08-17T12:53:12.290656" name="#publication"/>
                    <FRBRauthor as="#editor" href="http://oireachtas.ie/ie/oireachtas/role/debates"/>
                </FRBRManifestation>
            </identification>
            <references source="#debates">
                <TLCOrganization eId="source" href="http://oireachtas.ie" showAs="Houses of the Oireachtas"/><TLCConcept eId="generation" href="http://oireachtas.ie/ie/oireachtas/ontology#Generation" showAs="Generation"/>
<TLCConcept eId="reported" href="http://oireachtas.ie/ie/oireachtas/ontology#Reported" showAs="Reported"/>
<TLCConcept eId="publication" href="http://oireachtas.ie/ie/oireachtas/ontology#Publication" showAs="Publication"/>
<TLCPerson eId="AlanShatter" href="http://oireachtas.ie/ie/oireachtas/member/Alan-Shatter.D.1981-06-30/dail/31" showAs="Mr. Alan Shatter"/>
<TLCPerson eId="TommyBroughan" href="http://oireachtas.ie/ie/oireachtas/member/Thomas-P-Broughan.D.1992-12-14/dail/31" showAs="Mr. Tommy Broughan"/>
<TLCRole eId="Minister_for_Justice_and_Equality" href="http://oireachtas.ie/ie/oireachtas/member/Alan-Shatter.D.1981-06-30/dail/31/minister/justice__equality" showAs="Minister for Justice and Equality"/>
</references>
        </meta>
        <preface>
            <block name="title_ga">
                <docTitle>DÍOSPÓIREACHTAÍ PARLAIMINTE</docTitle>
            </block>
            <block name="title_en">
                <docTitle>PARLIAMENTARY DEBATES</docTitle>
            </block>
            <block name="proponent_ga">
                <docProponent>DÁIL ÉIREANN</docProponent>
            </block>
            <block name="status_ga">
                <docStatus>TUAIRISC OIFIGIÚIL</docStatus>
            </block>
            <block name="status_en">
                <docStatus>(OFFICIAL REPORT)</docStatus>
            </block>
            <block name="date_ga">
                <docDate date="2012-07-18">Dé Céadaoin, 18 Iúil 2012</docDate>
            </block>
            <block name="date_en">
                <docDate date="2012-07-18">Wednesday, 18 July 2012</docDate>
            </block>
        </preface>
        <debateBody><debateSection name="writtenAnswer" eId="dbsect_210">
                    <heading>Sale of Alcohol</heading>
                    <question by="#TommyBroughan" to="#Minister_for_Justice_and_Equality" eId="pq_278">
                        <p eId="para_4916">
        278
        <b> Deputy Thomas P. Broughan</b>
         asked the 
        <b>Minister for Justice and Equality</b>
         if he will introduce legislation to require mandatory identification for all purchases of alcohol products regardless of age or other measures he may think appropriate to address the serious problem of secondary purchasing of alcohol by adults for minors; and if he will make a statement on the matter. 
        [35924/12]
      </p>
                    </question>
                    <speech by="#AlanShatter" as="#Minister_for_Justice_and_Equality">
                        <from>Minister for Justice and Equality (Deputy Alan Shatter)</from>
                        <p eId="para_4917">The position is that section 32 of the Intoxicating Liquor Act 1988 (as substituted by the Intoxicating Liquor Act 2003)  prohibits any person from purchasing intoxicating liquor for delivery to, or consumption by, a person under the age of 18 years, or delivering intoxicating liquor to such a person. It is not unlawful for such a person to purchase or deliver intoxicating liquor for consumption by  a person under the age of 18 years in a private residence with the explicit consent of that person's parent or guardian.</p>
                        <p eId="para_4918">Furthermore, section 7 of the Intoxicating Liquor Act 2008 provides that when granting a certificate in respect of a spirit, beer or wine off-licence, the District Court may impose a condition that a CCTV system be installed. This provision was included in the 2008 Act with a view to deterring people from loitering in the vicinity of off-licences and to combating  secondary purchasing.</p>
                        <p eId="para_4919">I am not convinced that the introduction of mandatory identification would be feasible or effective in an effort to combat secondary purchasing. Framing legislation to deal with the supply of alcohol to under 18s presents a particular challenge. It must seek to accommodate cases where a parent permits supervised consumption of alcohol by a 17 year old within the family environment while, at the same time, combatting situations where alcohol is purchased by an older sibling, or some other third party, for unsupervised consumption by under-18s in public  parks or other outdoor locations.</p>
                        <p eId="para_4920">The Steering Group Report on a National Substance Misuse Strategy, which was published earlier this year, considered the issue of secondary purchasing of alcohol by adults for minors but did not make any recommendations for further legislation in this area. I am however prepared to give serious consideration in the context of the forthcoming Sale of Alcohol Bill to any reasonable and workable proposal to tackle secondary purchasing.</p>
                    </speech>
                </debateSection>
                </debateBody></debate>
</akomaNtoso>
