<?xml version='1.0' encoding='UTF-8'?>
<akomaNtoso xmlns="http://docs.oasis-open.org/legaldocml/ns/akn/3.0/CSD13" xmlns:xsi="http://www.w3.org/2001/XMLSchema-instance" xsi:schemaLocation="http://docs.oasis-open.org/legaldocml/ns/akn/3.0/CSD13 ./akomantoso30.xsd ">
    <debate name="Official Report">
        <meta>
            <identification source="#source">
                <FRBRWork>
                    <FRBRthis value="/akn/ie/debateRecord/dail/2012-07-18/writtens/dbsect_279"/>
                    <FRBRuri value="/akn/ie/debateRecord/dail/2012-07-18/writtens"/>
                    <FRBRdate date="2012-07-18" name="#generation"/>
                    <FRBRauthor href="http://oireachtas.ie/ie/oireachtas/house/dail"/>
                    <FRBRcountry value="ie"/>
                <FRBRname value="writtens"/></FRBRWork>
                <FRBRExpression>
                    <FRBRthis value="/akn/ie/debateRecord/dail/2012-07-18/writtens/mul@/dbsect_279"/>
                    <FRBRuri value="/akn/ie/debateRecord/dail/2012-07-18/writtens/mul@"/>
                    <FRBRdate date="2012-07-18" name="#reported"/>
                    <FRBRauthor as="#editor" href="http://oireachtas.ie/ie/oireachtas/role/debates"/>
                    <FRBRlanguage language="mul"/>
                </FRBRExpression>
                <FRBRManifestation>
                    <FRBRthis value="/akn/ie/debateRecord/dail/2012-07-18/writtens/mul@/dbsect_279.xml"/>
                    <FRBRuri value="/akn/ie/debateRecord/dail/2012-07-18/writtens/mul@.akn"/>
                    <FRBRdate date="2016-08-17T12:53:12.290656" name="#publication"/>
                    <FRBRauthor as="#editor" href="http://oireachtas.ie/ie/oireachtas/role/debates"/>
                </FRBRManifestation>
            </identification>
            <references source="#debates">
                <TLCOrganization eId="source" href="http://oireachtas.ie" showAs="Houses of the Oireachtas"/><TLCConcept eId="generation" href="http://oireachtas.ie/ie/oireachtas/ontology#Generation" showAs="Generation"/>
<TLCConcept eId="reported" href="http://oireachtas.ie/ie/oireachtas/ontology#Reported" showAs="Reported"/>
<TLCConcept eId="publication" href="http://oireachtas.ie/ie/oireachtas/ontology#Publication" showAs="Publication"/>
<TLCPerson eId="JohnOMahony" href="http://oireachtas.ie/ie/oireachtas/member/John-O'Mahony.D.2007-06-14/dail/31" showAs="Mr. John O'Mahony"/>
<TLCPerson eId="LeoVaradkar" href="http://oireachtas.ie/ie/oireachtas/member/Leo-Varadkar.D.2007-06-14/dail/31" showAs="Dr. Leo Varadkar"/>
<TLCRole eId="Minister_for_Transport,_Tourism_and_Sport" href="http://oireachtas.ie/ie/oireachtas/member/Leo-Varadkar.D.2007-06-14/dail/31/minister/transport__tourism__sport" showAs="Minister for Transport, Tourism and Sport"/>
</references>
        </meta>
        <preface>
            <block name="title_ga">
                <docTitle>DÍOSPÓIREACHTAÍ PARLAIMINTE</docTitle>
            </block>
            <block name="title_en">
                <docTitle>PARLIAMENTARY DEBATES</docTitle>
            </block>
            <block name="proponent_ga">
                <docProponent>DÁIL ÉIREANN</docProponent>
            </block>
            <block name="status_ga">
                <docStatus>TUAIRISC OIFIGIÚIL</docStatus>
            </block>
            <block name="status_en">
                <docStatus>(OFFICIAL REPORT)</docStatus>
            </block>
            <block name="date_ga">
                <docDate date="2012-07-18">Dé Céadaoin, 18 Iúil 2012</docDate>
            </block>
            <block name="date_en">
                <docDate date="2012-07-18">Wednesday, 18 July 2012</docDate>
            </block>
        </preface>
        <debateBody><debateSection name="writtenAnswer" eId="dbsect_279">
                    <heading>Road Safety</heading>
                    <question by="#JohnOMahony" to="#Minister_for_Transport,_Tourism_and_Sport" eId="pq_371">
                        <p eId="para_5586">
        371
        <b> Deputy John O’Mahony</b>
         asked the 
        <b>Minister for Transport, Tourism and Sport</b>
         the number of firms of solicitors on the Road Safety Authority panel of solicitors; and if he will make a statement on the matter. 
        [35460/12]
      </p>
                    </question>
                    <question by="#JohnOMahony" to="#Minister_for_Transport,_Tourism_and_Sport" eId="pq_372">
                        <p eId="para_5587">
        372
        <b> Deputy John O’Mahony</b>
         asked the 
        <b>Minister for Transport, Tourism and Sport</b>
         the number of firms of solicitors that have received work from the Road Safety Authority since they were appointed to the panel; and if he will make a statement on the matter. 
        [35461/12]
      </p>
                    </question>
                    <question by="#JohnOMahony" to="#Minister_for_Transport,_Tourism_and_Sport" eId="pq_373">
                        <p eId="para_5588">
        373
        <b> Deputy John O’Mahony</b>
         asked the 
        <b>Minister for Transport, Tourism and Sport</b>
         the firms of solicitors that have received work from the Road Safety Authority since the panel of solicitors was established; and if he will make a statement on the matter. 
        [35462/12]
      </p>
                    </question>
                    <question by="#JohnOMahony" to="#Minister_for_Transport,_Tourism_and_Sport" eId="pq_374">
                        <p eId="para_5589">
        374
        <b> Deputy John O’Mahony</b>
         asked the 
        <b>Minister for Transport, Tourism and Sport</b>
         the volume and number of cases that have been referred by the Road Safety Authority to those firms of solicitors who have received instructions from it in the past two years; and if he will make a statement on the matter. 
        [35463/12]
      </p>
                    </question>
                    <question by="#JohnOMahony" to="#Minister_for_Transport,_Tourism_and_Sport" eId="pq_375">
                        <p eId="para_5590">
        375
        <b> Deputy John O’Mahony</b>
         asked the 
        <b>Minister for Transport, Tourism and Sport</b>
         the number of firms of solicitors on the Road Safety Authority panel that have not yet received any instruction from it; and if he will make a statement on the matter. 
        [35464/12]
      </p>
                    </question>
                    <question by="#JohnOMahony" to="#Minister_for_Transport,_Tourism_and_Sport" eId="pq_376">
                        <p eId="para_5591">
        376
        <b> Deputy John O’Mahony</b>
         asked the 
        <b>Minister for Transport, Tourism and Sport</b>
         the reason the Road Safety Authority have not used all of the firms of solicitors on the legal panel that it put in place; and if he will make a statement on the matter. 
        [35465/12]
      </p>
                    </question>
                    <question by="#JohnOMahony" to="#Minister_for_Transport,_Tourism_and_Sport" eId="pq_377">
                        <p eId="para_5592">
        377
        <b> Deputy John O’Mahony</b>
         asked the 
        <b>Minister for Transport, Tourism and Sport</b>
         the number of firms of solicitors in Connacht on the Road Safety Authority panel; and if he will make a statement on the matter. 
        [35466/12]
      </p>
                    </question>
                    <question by="#JohnOMahony" to="#Minister_for_Transport,_Tourism_and_Sport" eId="pq_378">
                        <p eId="para_5593">
        378
        <b> Deputy John O’Mahony</b>
         asked the 
        <b>Minister for Transport, Tourism and Sport</b>
         the work, if any, that has been given to the solicitors on the Road Safety Authority panel in Connacht in the past two years; and if he will make a statement on the matter. 
        [35467/12]
      </p>
                    </question>
                    <speech by="#LeoVaradkar" as="#Minister_for_Transport,_Tourism_and_Sport">
                        <from>Minister for Transport, Tourism and Sport (Deputy Leo Varadkar)</from>
                        <p eId="para_5594">I propose to take Questions Nos. 371 to 378, inclusive, together.</p>
                        <p eId="para_5595">The subject matter of these questions is the responsibility of the Road Safety Authority. I have referred the questions to them for direct reply. I would ask the Deputy to contact my office if a reply has not been received within ten days.</p>
                    </speech>
                </debateSection>
                </debateBody></debate>
</akomaNtoso>
