<?xml version='1.0' encoding='UTF-8'?>
<akomaNtoso xmlns="http://docs.oasis-open.org/legaldocml/ns/akn/3.0/CSD13" xmlns:xsi="http://www.w3.org/2001/XMLSchema-instance" xsi:schemaLocation="http://docs.oasis-open.org/legaldocml/ns/akn/3.0/CSD13 ./akomantoso30.xsd ">
    <debate name="Official Report">
        <meta>
            <identification source="#source">
                <FRBRWork>
                    <FRBRthis value="/akn/ie/debateRecord/dail/2012-07-18/writtens/dbsect_52"/>
                    <FRBRuri value="/akn/ie/debateRecord/dail/2012-07-18/writtens"/>
                    <FRBRdate date="2012-07-18" name="#generation"/>
                    <FRBRauthor href="http://oireachtas.ie/ie/oireachtas/house/dail"/>
                    <FRBRcountry value="ie"/>
                <FRBRname value="writtens"/></FRBRWork>
                <FRBRExpression>
                    <FRBRthis value="/akn/ie/debateRecord/dail/2012-07-18/writtens/mul@/dbsect_52"/>
                    <FRBRuri value="/akn/ie/debateRecord/dail/2012-07-18/writtens/mul@"/>
                    <FRBRdate date="2012-07-18" name="#reported"/>
                    <FRBRauthor as="#editor" href="http://oireachtas.ie/ie/oireachtas/role/debates"/>
                    <FRBRlanguage language="mul"/>
                </FRBRExpression>
                <FRBRManifestation>
                    <FRBRthis value="/akn/ie/debateRecord/dail/2012-07-18/writtens/mul@/dbsect_52.xml"/>
                    <FRBRuri value="/akn/ie/debateRecord/dail/2012-07-18/writtens/mul@.akn"/>
                    <FRBRdate date="2016-08-17T12:53:12.290656" name="#publication"/>
                    <FRBRauthor as="#editor" href="http://oireachtas.ie/ie/oireachtas/role/debates"/>
                </FRBRManifestation>
            </identification>
            <references source="#debates">
                <TLCOrganization eId="source" href="http://oireachtas.ie" showAs="Houses of the Oireachtas"/><TLCConcept eId="generation" href="http://oireachtas.ie/ie/oireachtas/ontology#Generation" showAs="Generation"/>
<TLCConcept eId="reported" href="http://oireachtas.ie/ie/oireachtas/ontology#Reported" showAs="Reported"/>
<TLCConcept eId="publication" href="http://oireachtas.ie/ie/oireachtas/ontology#Publication" showAs="Publication"/>
<TLCPerson eId="MichaelNoonan" href="http://oireachtas.ie/ie/oireachtas/member/Michael-Noonan.D.1981-06-30/dail/31" showAs="Mr. Michael Noonan"/>
<TLCPerson eId="SeanFleming" href="http://oireachtas.ie/ie/oireachtas/member/Seán-Fleming.D.1997-06-26/dail/31" showAs="Mr. Sean Fleming"/>
<TLCRole eId="Minister_for_Finance" href="http://oireachtas.ie/ie/oireachtas/member/Michael-Noonan.D.1981-06-30/dail/31/minister/finance" showAs="Minister for Finance"/>
</references>
        </meta>
        <preface>
            <block name="title_ga">
                <docTitle>DÍOSPÓIREACHTAÍ PARLAIMINTE</docTitle>
            </block>
            <block name="title_en">
                <docTitle>PARLIAMENTARY DEBATES</docTitle>
            </block>
            <block name="proponent_ga">
                <docProponent>DÁIL ÉIREANN</docProponent>
            </block>
            <block name="status_ga">
                <docStatus>TUAIRISC OIFIGIÚIL</docStatus>
            </block>
            <block name="status_en">
                <docStatus>(OFFICIAL REPORT)</docStatus>
            </block>
            <block name="date_ga">
                <docDate date="2012-07-18">Dé Céadaoin, 18 Iúil 2012</docDate>
            </block>
            <block name="date_en">
                <docDate date="2012-07-18">Wednesday, 18 July 2012</docDate>
            </block>
        </preface>
        <debateBody><debateSection name="writtenAnswer" eId="dbsect_52">
                    <heading>Pension Provisions</heading>
                    <question by="#SeanFleming" to="#Minister_for_Finance" eId="pq_89">
                        <p eId="para_928">
        89
        <b> Deputy Sean Fleming</b>
         asked the 
        <b>Minister for Finance</b>
         if he will consider increasing the specified income limit required to effect an approved retirement fund before 75 years of age in connection with additional voluntary contributions; and if he will make a statement on the matter. 
        [35915/12]
      </p>
                    </question>
                    <speech by="#MichaelNoonan" as="#Minister_for_Finance">
                        <from>Minister for Finance (Deputy Michael Noonan)</from>
                        <p eId="para_929">Under the regime of flexible options on retirement first introduced in 1999, the options to invest in an ARF or to receive the balance of a pension fund in cash (after payment of the "tax-free" lump sum and subject to tax, as appropriate) are subject to conditions. The conditions include the requirements that the individual be over 75 years of age or, if younger, that the individual has either a guaranteed level of pension income ("specified income") actually in payment for life at the time the option is exercised or, alternatively, (if the individual does not wish to purchase an annuity) that he or she place a maximum set-aside amount or the remainder of the pension fund, after taking the "tax-free" lump sum, if less, into an Approved Minimum Retirement Fund (AMRF).  Finance Act 2011 increased the guaranteed level of pension income required from the previous fixed amount of €12,700 introduced in 1999, to a variable amount equal to 1.5 times the maximum annual rate of the State Pension (Contributory) at the time the option is exercised, bringing the "specified income" limit to €18,000 per annum at present. Equally, the maximum set aside amount for investment into an AMRF was changed from a fixed level of €63,500 to a variable amount equal to 10 times the maximum annual rate of State Pension (Contributory) —€119,800 at present. These changes were made in the context of the extension of the flexible (ARF) options on retirement to all main scheme benefits from Defined Contribution pension arrangements. These and related changes were signalled in the National Pensions Framework document published in March 2010.</p>
                        <p eId="para_930">The purpose of the "specified income" limit is to ensure, before an individual has unfettered access to their remaining retirement funds via an ARF, or the cash option mentioned above, that they have the security of an adequate guaranteed income in their own right throughout their retirement. A further change introduced in Budget and Finance Act 2011 is that the specified income test can be met at any time after retirement and before age 75 and not just at the point of retirement as was the case previously.</p>
                        <p eId="para_931">To qualify as "specified income", the pension or pensions' income must actually be in payment — pensions anticipated at some time in the future cannot be brought into the reckoning until they commence to be paid. As the specified income requirement is essentially a personalised test, only guaranteed pensions income paid to the individual in his or her own right can be taken into account. Pensions paid directly to the spouse of an individual or pensions/allowances received on behalf of a spouse or dependant may not be included.</p>
                        <p eId="para_932">I have no plans to adjust the "specified income" limit at this time. However, I have received a number of representations about the scale and timing of the increase in the limit introduced in Finance Act 2011 and I will examine these matters again without prejudice in the context of next year's Finance Bill.</p>
                    </speech>
                </debateSection>
                </debateBody></debate>
</akomaNtoso>
