<?xml version='1.0' encoding='UTF-8'?>
<akomaNtoso xmlns="http://docs.oasis-open.org/legaldocml/ns/akn/3.0/CSD13" xmlns:xsi="http://www.w3.org/2001/XMLSchema-instance" xsi:schemaLocation="http://docs.oasis-open.org/legaldocml/ns/akn/3.0/CSD13 ./akomantoso30.xsd ">
    <debate name="Official Report">
        <meta>
            <identification source="#source">
                <FRBRWork>
                    <FRBRthis value="/akn/ie/debateRecord/dail/2012-07-18/writtens/dbsect_121"/>
                    <FRBRuri value="/akn/ie/debateRecord/dail/2012-07-18/writtens"/>
                    <FRBRdate date="2012-07-18" name="#generation"/>
                    <FRBRauthor href="http://oireachtas.ie/ie/oireachtas/house/dail"/>
                    <FRBRcountry value="ie"/>
                <FRBRname value="writtens"/></FRBRWork>
                <FRBRExpression>
                    <FRBRthis value="/akn/ie/debateRecord/dail/2012-07-18/writtens/mul@/dbsect_121"/>
                    <FRBRuri value="/akn/ie/debateRecord/dail/2012-07-18/writtens/mul@"/>
                    <FRBRdate date="2012-07-18" name="#reported"/>
                    <FRBRauthor as="#editor" href="http://oireachtas.ie/ie/oireachtas/role/debates"/>
                    <FRBRlanguage language="mul"/>
                </FRBRExpression>
                <FRBRManifestation>
                    <FRBRthis value="/akn/ie/debateRecord/dail/2012-07-18/writtens/mul@/dbsect_121.xml"/>
                    <FRBRuri value="/akn/ie/debateRecord/dail/2012-07-18/writtens/mul@.akn"/>
                    <FRBRdate date="2016-08-17T12:53:12.290656" name="#publication"/>
                    <FRBRauthor as="#editor" href="http://oireachtas.ie/ie/oireachtas/role/debates"/>
                </FRBRManifestation>
            </identification>
            <references source="#debates">
                <TLCOrganization eId="source" href="http://oireachtas.ie" showAs="Houses of the Oireachtas"/><TLCConcept eId="generation" href="http://oireachtas.ie/ie/oireachtas/ontology#Generation" showAs="Generation"/>
<TLCConcept eId="reported" href="http://oireachtas.ie/ie/oireachtas/ontology#Reported" showAs="Reported"/>
<TLCConcept eId="publication" href="http://oireachtas.ie/ie/oireachtas/ontology#Publication" showAs="Publication"/>
<TLCPerson eId="AengusOSnodaighSF" href="http://oireachtas.ie/ie/oireachtas/member/Aengus-Ó-Snodaigh.D.2002-06-06/dail/31" showAs="Mr. Aengus Ó Snodaigh"/>
<TLCPerson eId="JoanBurtonLAB" href="http://oireachtas.ie/ie/oireachtas/member/Joan-Burton.D.1992-12-14/dail/31" showAs="Ms. Joan Burton"/>
<TLCRole eId="Minister_for_Social_Protection" href="http://oireachtas.ie/ie/oireachtas/member/Joan-Burton.D.1992-12-14/dail/31/minister/social_protection" showAs="Minister for Social Protection"/>
</references>
        </meta>
        <preface>
            <block name="title_ga">
                <docTitle>DÍOSPÓIREACHTAÍ PARLAIMINTE</docTitle>
            </block>
            <block name="title_en">
                <docTitle>PARLIAMENTARY DEBATES</docTitle>
            </block>
            <block name="proponent_ga">
                <docProponent>DÁIL ÉIREANN</docProponent>
            </block>
            <block name="status_ga">
                <docStatus>TUAIRISC OIFIGIÚIL</docStatus>
            </block>
            <block name="status_en">
                <docStatus>(OFFICIAL REPORT)</docStatus>
            </block>
            <block name="date_ga">
                <docDate date="2012-07-18">Dé Céadaoin, 18 Iúil 2012</docDate>
            </block>
            <block name="date_en">
                <docDate date="2012-07-18">Wednesday, 18 July 2012</docDate>
            </block>
        </preface>
        <debateBody><debateSection name="writtenAnswer" eId="dbsect_121">
                    <heading>Social Insurance</heading>
                    <question by="#AengusOSnodaighSF" to="#Minister_for_Social_Protection" eId="pq_166">
                        <p eId="para_3883">
        166
        <b> Deputy Aengus Ó Snodaigh</b>
         asked the 
        <b>Minister for Social Protection</b>
         if she will provide a breakdown of the number of employees with respect to whom employers are paying PRSI at the rate of 10.75% and the total this raised in 2009, 2010, 2011 and in March 2012 respectively. 
        [35652/12]
      </p>
                    </question>
                    <question by="#AengusOSnodaighSF" to="#Minister_for_Social_Protection" eId="pq_167">
                        <p eId="para_3884">
        167
        <b> Deputy Aengus Ó Snodaigh</b>
         asked the 
        <b>Minister for Social Protection</b>
         if she will provide a breakdown of the number of employees with respect to whom employers are paying PRSI at the rate of 4.25% and the total this raised in 2009, 2010, 2011 and in March 2012 respectively. 
        [35653/12]
      </p>
                    </question>
                    <speech by="#JoanBurtonLAB" as="#Minister_for_Social_Protection">
                        <from>Minister for Social Protection (Deputy Joan Burton)</from>
                        <p eId="para_3885">I propose to take Questions Nos. 166 and 167 together.</p>
                        <p eId="para_3886">The pay of individual employees can vary from week to week, with the result that over the course of a year employers' PRSI in respect of any individual employee may be paid at the higher rate in some weeks and at the lower rate in other weeks. In any given week, employers' PRSI is paid at the lower rate in respect of approximately one third of employees and at the higher rate in respect of two thirds of employees.</p>
                        <p eId="para_3887">The total yield from each of these categories is not separately identified by the Revenue Commissioners, who collect the great bulk of PRSI on behalf of the Department. However, it is estimated that at present  96% of the total employers' PRSI yield is derived from employments in respect of which the higher rate is payable, with the remaining 4% being derived from employments in respect of which the lower rate is payable. As the lower rate of employers' PRSI was halved with effect from 1st   July 2011, the proportion derived from employments in respect of which the lower rate was payable was somewhat higher in 2009, 2010 and to a lesser extent in 2011.</p>
                        <p eId="para_3888">For completeness, the number of persons in Social Insurance Class A in 2009 and 2010 is tabulated below, broken down by gender. The total income of the Social Insurance Fund was €7,298 m. in 2009, €6,710m. in 2010 and  €7,543m. in 2011.</p>
                        <table>
                            <tr>
                                <td/>
                                <td>
                                    <p eId="para_3889">Male</p>
                                </td>
                                <td>
                                    <p eId="para_3890">Female</p>
                                </td>
                                <td>
                                    <p eId="para_3891">Total</p>
                                </td>
                            </tr>
                            <tr>
                                <td>
                                    <p eId="para_3892">2009</p>
                                </td>
                                <td>
                                    <p eId="para_3893">1,148,204</p>
                                </td>
                                <td>
                                    <p eId="para_3894">1,112,101</p>
                                </td>
                                <td>
                                    <p eId="para_3895">2,260,305</p>
                                </td>
                            </tr>
                            <tr>
                                <td>
                                    <p eId="para_3896">2010</p>
                                </td>
                                <td>
                                    <p eId="para_3897">1,106,604</p>
                                </td>
                                <td>
                                    <p eId="para_3898">1,097,171</p>
                                </td>
                                <td>
                                    <p eId="para_3899">2,203,775</p>
                                </td>
                            </tr>
                        </table>
                    </speech><!--Fix-->
                </debateSection></debateBody></debate>
</akomaNtoso>
