<?xml version='1.0' encoding='UTF-8'?>
<akomaNtoso xmlns="http://docs.oasis-open.org/legaldocml/ns/akn/3.0/CSD13" xmlns:xsi="http://www.w3.org/2001/XMLSchema-instance" xsi:schemaLocation="http://docs.oasis-open.org/legaldocml/ns/akn/3.0/CSD13 ./akomantoso30.xsd ">
    <debate name="Official Report">
        <meta>
            <identification source="#source">
                <FRBRWork>
                    <FRBRthis value="/akn/ie/debateRecord/dail/2012-07-18/writtens/dbsect_97"/>
                    <FRBRuri value="/akn/ie/debateRecord/dail/2012-07-18/writtens"/>
                    <FRBRdate date="2012-07-18" name="#generation"/>
                    <FRBRauthor href="http://oireachtas.ie/ie/oireachtas/house/dail"/>
                    <FRBRcountry value="ie"/>
                <FRBRname value="writtens"/></FRBRWork>
                <FRBRExpression>
                    <FRBRthis value="/akn/ie/debateRecord/dail/2012-07-18/writtens/mul@/dbsect_97"/>
                    <FRBRuri value="/akn/ie/debateRecord/dail/2012-07-18/writtens/mul@"/>
                    <FRBRdate date="2012-07-18" name="#reported"/>
                    <FRBRauthor as="#editor" href="http://oireachtas.ie/ie/oireachtas/role/debates"/>
                    <FRBRlanguage language="mul"/>
                </FRBRExpression>
                <FRBRManifestation>
                    <FRBRthis value="/akn/ie/debateRecord/dail/2012-07-18/writtens/mul@/dbsect_97.xml"/>
                    <FRBRuri value="/akn/ie/debateRecord/dail/2012-07-18/writtens/mul@.akn"/>
                    <FRBRdate date="2016-08-17T12:53:12.290656" name="#publication"/>
                    <FRBRauthor as="#editor" href="http://oireachtas.ie/ie/oireachtas/role/debates"/>
                </FRBRManifestation>
            </identification>
            <references source="#debates">
                <TLCOrganization eId="source" href="http://oireachtas.ie" showAs="Houses of the Oireachtas"/><TLCConcept eId="generation" href="http://oireachtas.ie/ie/oireachtas/ontology#Generation" showAs="Generation"/>
<TLCConcept eId="reported" href="http://oireachtas.ie/ie/oireachtas/ontology#Reported" showAs="Reported"/>
<TLCConcept eId="publication" href="http://oireachtas.ie/ie/oireachtas/ontology#Publication" showAs="Publication"/>
<TLCPerson eId="JerryButtimer" href="http://oireachtas.ie/ie/oireachtas/member/Jerry-Buttimer.S.2007-07-23/dail/31" showAs="Mr. Jerry Buttimer"/>
<TLCPerson eId="RichardBruton" href="http://oireachtas.ie/ie/oireachtas/member/Richard-Bruton.S.1981-10-08/dail/31" showAs="Mr. Richard Bruton"/>
<TLCRole eId="Minister_for_Jobs,_Enterprise_and_Innovation" href="http://oireachtas.ie/ie/oireachtas/member/Richard-Bruton.S.1981-10-08/dail/31/minister/jobs__enterprise__innovation" showAs="Minister for Jobs, Enterprise and Innovation"/>
</references>
        </meta>
        <preface>
            <block name="title_ga">
                <docTitle>DÍOSPÓIREACHTAÍ PARLAIMINTE</docTitle>
            </block>
            <block name="title_en">
                <docTitle>PARLIAMENTARY DEBATES</docTitle>
            </block>
            <block name="proponent_ga">
                <docProponent>DÁIL ÉIREANN</docProponent>
            </block>
            <block name="status_ga">
                <docStatus>TUAIRISC OIFIGIÚIL</docStatus>
            </block>
            <block name="status_en">
                <docStatus>(OFFICIAL REPORT)</docStatus>
            </block>
            <block name="date_ga">
                <docDate date="2012-07-18">Dé Céadaoin, 18 Iúil 2012</docDate>
            </block>
            <block name="date_en">
                <docDate date="2012-07-18">Wednesday, 18 July 2012</docDate>
            </block>
        </preface>
        <debateBody><debateSection name="writtenAnswer" eId="dbsect_97">
                    <heading>Ministerial Advisers</heading>
                    <question by="#JerryButtimer" to="#Minister_for_Jobs,_Enterprise_and_Innovation" eId="pq_139">
                        <p eId="para_3755">
        139
        <b> Deputy Jerry Buttimer</b>
         asked the 
        <b>Minister for Jobs, Enterprise and Innovation</b>
         if he will provide details of the number of political advisers employed by his predecessors in each of the past five years; and if he will make a statement on the matter. 
        [35894/12]
      </p>
                    </question>
                    <speech by="#RichardBruton" as="#Minister_for_Jobs,_Enterprise_and_Innovation">
                        <from>Minister for Jobs, Enterprise and Innovation (Deputy Richard Bruton)</from>
                        <p eId="para_3756">The following table shows the number of political advisers employed by my predecessors in each of the past five years:</p>
                        <table>
                            <tr>
                                <td>
                                    <p eId="para_3757">Date</p>
                                </td>
                                <td>
                                    <p eId="para_3758">Minister</p>
                                </td>
                                <td>
                                    <p eId="para_3759">Number of Political Advisers</p>
                                </td>
                            </tr>
                            <tr>
                                <td>
                                    <p eId="para_3760">Jan 2007-May 2008</p>
                                </td>
                                <td>
                                    <p eId="para_3761">Mr. Micheál Martin, T.D. Minister for Enterprise, Trade and Employment</p>
                                </td>
                                <td>
                                    <p eId="para_3762">2</p>
                                </td>
                            </tr>
                            <tr>
                                <td>
                                    <p eId="para_3763">May 2008-March 2010</p>
                                </td>
                                <td>
                                    <p eId="para_3764">Ms. Mary Coughlan, T.D. Tanaiste and Minister for Enterprise, Trade and Employment</p>
                                </td>
                                <td>
                                    <p eId="para_3765">3</p>
                                </td>
                            </tr>
                            <tr>
                                <td>
                                    <p eId="para_3766">March 2010-Jan 2011</p>
                                </td>
                                <td>
                                    <p eId="para_3767">Mr. Batt O’Keeffe, T.D. Minister for Enterprise, Trade and Innovation</p>
                                </td>
                                <td>
                                    <p eId="para_3768">2</p>
                                </td>
                            </tr>
                            <tr>
                                <td>
                                    <p eId="para_3769">March 2011-present</p>
                                </td>
                                <td>
                                    <p eId="para_3770">Mr. Richard Bruton TD Minister for Jobs, Enterprise and Innovation</p>
                                </td>
                                <td>
                                    <p eId="para_3771">2</p>
                                </td>
                            </tr>
                        </table>
                        <p eId="para_3772">
                            <i>Question No. 140 was answered with Question No. 128.</i>
                        </p>
                    </speech><!--Fix-->
                </debateSection></debateBody></debate>
</akomaNtoso>
