<?xml version='1.0' encoding='UTF-8'?>
<akomaNtoso xmlns="http://docs.oasis-open.org/legaldocml/ns/akn/3.0/CSD13" xmlns:xsi="http://www.w3.org/2001/XMLSchema-instance" xsi:schemaLocation="http://docs.oasis-open.org/legaldocml/ns/akn/3.0/CSD13 ./akomantoso30.xsd ">
    <debate name="Official Report">
        <meta>
            <identification source="#source">
                <FRBRWork>
                    <FRBRthis value="/akn/ie/debateRecord/dail/2012-07-18/writtens/dbsect_14"/>
                    <FRBRuri value="/akn/ie/debateRecord/dail/2012-07-18/writtens"/>
                    <FRBRdate date="2012-07-18" name="#generation"/>
                    <FRBRauthor href="http://oireachtas.ie/ie/oireachtas/house/dail"/>
                    <FRBRcountry value="ie"/>
                <FRBRname value="writtens"/></FRBRWork>
                <FRBRExpression>
                    <FRBRthis value="/akn/ie/debateRecord/dail/2012-07-18/writtens/mul@/dbsect_14"/>
                    <FRBRuri value="/akn/ie/debateRecord/dail/2012-07-18/writtens/mul@"/>
                    <FRBRdate date="2012-07-18" name="#reported"/>
                    <FRBRauthor as="#editor" href="http://oireachtas.ie/ie/oireachtas/role/debates"/>
                    <FRBRlanguage language="mul"/>
                </FRBRExpression>
                <FRBRManifestation>
                    <FRBRthis value="/akn/ie/debateRecord/dail/2012-07-18/writtens/mul@/dbsect_14.xml"/>
                    <FRBRuri value="/akn/ie/debateRecord/dail/2012-07-18/writtens/mul@.akn"/>
                    <FRBRdate date="2016-08-17T12:53:12.290656" name="#publication"/>
                    <FRBRauthor as="#editor" href="http://oireachtas.ie/ie/oireachtas/role/debates"/>
                </FRBRManifestation>
            </identification>
            <references source="#debates">
                <TLCOrganization eId="source" href="http://oireachtas.ie" showAs="Houses of the Oireachtas"/><TLCConcept eId="generation" href="http://oireachtas.ie/ie/oireachtas/ontology#Generation" showAs="Generation"/>
<TLCConcept eId="reported" href="http://oireachtas.ie/ie/oireachtas/ontology#Reported" showAs="Reported"/>
<TLCConcept eId="publication" href="http://oireachtas.ie/ie/oireachtas/ontology#Publication" showAs="Publication"/>
<TLCPerson eId="BernardJDurkan" href="http://oireachtas.ie/ie/oireachtas/member/Bernard-Durkan.D.1981-06-30/dail/31" showAs="Mr. Bernard Durkan"/>
<TLCPerson eId="JimmyDeenihan" href="http://oireachtas.ie/ie/oireachtas/member/Jimmy-Deenihan.S.1983-02-23/dail/31" showAs="Mr. Jimmy Deenihan"/>
<TLCRole eId="Minister_for_Arts,_Heritage_and_the_Gaeltacht" href="http://oireachtas.ie/ie/oireachtas/member/Jimmy-Deenihan.S.1983-02-23/dail/31/minister/arts__heritage__gaeltacht" showAs="Minister for Arts, Heritage and the Gaeltacht"/>
</references>
        </meta>
        <preface>
            <block name="title_ga">
                <docTitle>DÍOSPÓIREACHTAÍ PARLAIMINTE</docTitle>
            </block>
            <block name="title_en">
                <docTitle>PARLIAMENTARY DEBATES</docTitle>
            </block>
            <block name="proponent_ga">
                <docProponent>DÁIL ÉIREANN</docProponent>
            </block>
            <block name="status_ga">
                <docStatus>TUAIRISC OIFIGIÚIL</docStatus>
            </block>
            <block name="status_en">
                <docStatus>(OFFICIAL REPORT)</docStatus>
            </block>
            <block name="date_ga">
                <docDate date="2012-07-18">Dé Céadaoin, 18 Iúil 2012</docDate>
            </block>
            <block name="date_en">
                <docDate date="2012-07-18">Wednesday, 18 July 2012</docDate>
            </block>
        </preface>
        <debateBody><debateSection name="writtenAnswer" eId="dbsect_14">
                    <heading>Departmental Expenditure</heading>
                    <question by="#BernardJDurkan" to="#Minister_for_Arts,_Heritage_and_the_Gaeltacht" eId="pq_25">
                        <p eId="para_67">
        25
        <b>  Deputy Bernard J. Durkan</b>
         asked the 
        <b>Minister for Arts, Heritage and the Gaeltacht</b>
          if he is satisfied that adequate funding remains available to facilitate the full progress of promotional requirement needed by his Department notwithstanding the budgetary restrictions necessitated to comply with the memorandum of understanding entered into by his predecessors; if he is further satisfied of his ability to ensure sustainable growth throughout the sector in the coming year; and if he will make a statement on the matter.  
        [35327/12]
      </p>
                    </question>
                    <speech by="#JimmyDeenihan" as="#Minister_for_Arts,_Heritage_and_the_Gaeltacht">
                        <from>Minister for Arts, Heritage and the Gaeltacht (Deputy Jimmy Deenihan)</from>
                        <p eId="para_68">As the Deputy will appreciate, in the current economic circumstances, the Government is faced with difficult decisions with regard to framing budgets for expenditure.  In order to ensure that the best use is made of limited financial resources and to provide a basis for a sustainable approach to the current financial situation, the Government embarked on a detailed Comprehensive Review of Expenditure (CRE) in 2011.  The objectives of the CRE were to provide the Government with a comprehensive set of decision options:</p>
                        <p eId="para_69">to meet the overall fiscal consolidation objectives, both as regards spending and numbers reduction targets;</p>
                        <p eId="para_70">to re-align spending with the Programme for Government priorities; and</p>
                        <p eId="para_71">in this context, to consider new ways of achieving Government objectives in the context of public sector reform.</p>
                        <p eId="para_72">Within this context, my Department's allocations reflect the outcome of both the Comprehensive Review of Expenditure and the Review of Capital Expenditure carried out last year.  While my Department's 2012 REV Allocation of €268.451m represents a 9% reduction when compared with the 2011 provisional out-turn, to the greatest extent possible, savings are being largely achieved through efficiencies rather than through reductions in services and my Department continues to place emphasis on:</p>
                        <p eId="para_73">supporting jobs in the film and TV sector and in the Gaeltacht;</p>
                        <p eId="para_74">targeting investment in priority areas in the culture and heritage sectors that will support cultural tourism as one of the most important elements of Ireland's tourism product;</p>
                        <p eId="para_75">complying with EU Directives, including investment in alternative solutions for those affected by the cessation of turf cutting in Special Areas of Conservation; and</p>
                        <p eId="para_76">supporting the built heritage, strategic developments in our National Parks and the development of our waterways in the context of the implementation of the Good Friday and St. Andrew's Agreements.</p>
                        <p eId="para_77">I am satisfied that it will be possible to continue to make good progress and to facilitate promotional efforts appropriately, on foot of the prudent use of available funding.</p>
                    </speech>
                </debateSection>
                </debateBody></debate>
</akomaNtoso>
