<?xml version='1.0' encoding='UTF-8'?>
<akomaNtoso xmlns="http://docs.oasis-open.org/legaldocml/ns/akn/3.0/CSD13" xmlns:xsi="http://www.w3.org/2001/XMLSchema-instance" xsi:schemaLocation="http://docs.oasis-open.org/legaldocml/ns/akn/3.0/CSD13 ./akomantoso30.xsd ">
    <debate name="Official Report">
        <meta>
            <identification source="#source">
                <FRBRWork>
                    <FRBRthis value="/akn/ie/debateRecord/dail/2012-07-18/writtens/dbsect_216"/>
                    <FRBRuri value="/akn/ie/debateRecord/dail/2012-07-18/writtens"/>
                    <FRBRdate date="2012-07-18" name="#generation"/>
                    <FRBRauthor href="http://oireachtas.ie/ie/oireachtas/house/dail"/>
                    <FRBRcountry value="ie"/>
                <FRBRname value="writtens"/></FRBRWork>
                <FRBRExpression>
                    <FRBRthis value="/akn/ie/debateRecord/dail/2012-07-18/writtens/mul@/dbsect_216"/>
                    <FRBRuri value="/akn/ie/debateRecord/dail/2012-07-18/writtens/mul@"/>
                    <FRBRdate date="2012-07-18" name="#reported"/>
                    <FRBRauthor as="#editor" href="http://oireachtas.ie/ie/oireachtas/role/debates"/>
                    <FRBRlanguage language="mul"/>
                </FRBRExpression>
                <FRBRManifestation>
                    <FRBRthis value="/akn/ie/debateRecord/dail/2012-07-18/writtens/mul@/dbsect_216.xml"/>
                    <FRBRuri value="/akn/ie/debateRecord/dail/2012-07-18/writtens/mul@.akn"/>
                    <FRBRdate date="2016-08-17T12:53:12.290656" name="#publication"/>
                    <FRBRauthor as="#editor" href="http://oireachtas.ie/ie/oireachtas/role/debates"/>
                </FRBRManifestation>
            </identification>
            <references source="#debates">
                <TLCOrganization eId="source" href="http://oireachtas.ie" showAs="Houses of the Oireachtas"/><TLCConcept eId="generation" href="http://oireachtas.ie/ie/oireachtas/ontology#Generation" showAs="Generation"/>
<TLCConcept eId="reported" href="http://oireachtas.ie/ie/oireachtas/ontology#Reported" showAs="Reported"/>
<TLCConcept eId="publication" href="http://oireachtas.ie/ie/oireachtas/ontology#Publication" showAs="Publication"/>
<TLCPerson eId="AlanShatter" href="http://oireachtas.ie/ie/oireachtas/member/Alan-Shatter.D.1981-06-30/dail/31" showAs="Mr. Alan Shatter"/>
<TLCPerson eId="BrianStanley" href="http://oireachtas.ie/ie/oireachtas/member/Brian-Stanley.D.2011-03-09/dail/31" showAs="Mr. Brian Stanley"/>
<TLCRole eId="Minister_for_Defence" href="http://oireachtas.ie/ie/oireachtas/member/Alan-Shatter.D.1981-06-30/dail/31/minister/defence" showAs="Minister for Defence"/>
</references>
        </meta>
        <preface>
            <block name="title_ga">
                <docTitle>DÍOSPÓIREACHTAÍ PARLAIMINTE</docTitle>
            </block>
            <block name="title_en">
                <docTitle>PARLIAMENTARY DEBATES</docTitle>
            </block>
            <block name="proponent_ga">
                <docProponent>DÁIL ÉIREANN</docProponent>
            </block>
            <block name="status_ga">
                <docStatus>TUAIRISC OIFIGIÚIL</docStatus>
            </block>
            <block name="status_en">
                <docStatus>(OFFICIAL REPORT)</docStatus>
            </block>
            <block name="date_ga">
                <docDate date="2012-07-18">Dé Céadaoin, 18 Iúil 2012</docDate>
            </block>
            <block name="date_en">
                <docDate date="2012-07-18">Wednesday, 18 July 2012</docDate>
            </block>
        </preface>
        <debateBody><debateSection name="writtenAnswer" eId="dbsect_216">
                    <heading>Departmental Expenditure</heading>
                    <question by="#BrianStanley" to="#Minister_for_Defence" eId="pq_287">
                        <p eId="para_4973">
        287
        <b>Deputy Brian Stanley</b>
         asked the 
        <b>Minister for Defence</b>
         if he will provide a breakdown of the total annual spend, including all grants, by his Department on all structures of local Government here for 2011, and also for June 2011 to June 2012. 
        [35680/12]
      </p>
                    </question>
                    <speech by="#AlanShatter" as="#Minister_for_Defence">
                        <from>Minister for Defence (Deputy Alan Shatter)</from>
                        <p eId="para_4974">The following amounts were paid to Local Authorities by my Department during the periods in question:</p>
                        <table>
                            <tr>
                                <td>
                                    <p eId="para_4975">Charge</p>
                                </td>
                                <td>
                                    <p eId="para_4976">2011€’000</p>
                                </td>
                                <td>
                                    <p eId="para_4977">1st June 2011-31st May 2012€’000</p>
                                </td>
                            </tr>
                            <tr>
                                <td>
                                    <p eId="para_4978">Water</p>
                                </td>
                                <td>
                                    <p eId="para_4979">740</p>
                                </td>
                                <td>
                                    <p eId="para_4980">692</p>
                                </td>
                            </tr>
                            <tr>
                                <td>
                                    <p eId="para_4981">Refuse</p>
                                </td>
                                <td>
                                    <p eId="para_4982">10</p>
                                </td>
                                <td>
                                    <p eId="para_4983">3</p>
                                </td>
                            </tr>
                            <tr>
                                <td>
                                    <p eId="para_4984">Fire Brigade</p>
                                </td>
                                <td>
                                    <p eId="para_4985">4</p>
                                </td>
                                <td>
                                    <p eId="para_4986">7</p>
                                </td>
                            </tr>
                        </table>
                        <p eId="para_4987">In addition, the Civil Defence Board which operates under the aegis of my Department is responsible for the payment of certain annual grants to Local Authorities. These grants cover the recoupment by Local Authorities of some 70% of their annual expenditure on Civil Defence activities and amounted to €3.11m in 2011 and €3.21m in the 12 month period 1st June 2011 to 31st May 2012.</p>
                    </speech>
                </debateSection>
                </debateBody></debate>
</akomaNtoso>
