<?xml version='1.0' encoding='UTF-8'?>
<akomaNtoso xmlns="http://docs.oasis-open.org/legaldocml/ns/akn/3.0/CSD13" xmlns:xsi="http://www.w3.org/2001/XMLSchema-instance" xsi:schemaLocation="http://docs.oasis-open.org/legaldocml/ns/akn/3.0/CSD13 ./akomantoso30.xsd ">
    <debate name="Official Report">
        <meta>
            <identification source="#source">
                <FRBRWork>
                    <FRBRthis value="/akn/ie/debateRecord/dail/2012-07-18/writtens/dbsect_73"/>
                    <FRBRuri value="/akn/ie/debateRecord/dail/2012-07-18/writtens"/>
                    <FRBRdate date="2012-07-18" name="#generation"/>
                    <FRBRauthor href="http://oireachtas.ie/ie/oireachtas/house/dail"/>
                    <FRBRcountry value="ie"/>
                <FRBRname value="writtens"/></FRBRWork>
                <FRBRExpression>
                    <FRBRthis value="/akn/ie/debateRecord/dail/2012-07-18/writtens/mul@/dbsect_73"/>
                    <FRBRuri value="/akn/ie/debateRecord/dail/2012-07-18/writtens/mul@"/>
                    <FRBRdate date="2012-07-18" name="#reported"/>
                    <FRBRauthor as="#editor" href="http://oireachtas.ie/ie/oireachtas/role/debates"/>
                    <FRBRlanguage language="mul"/>
                </FRBRExpression>
                <FRBRManifestation>
                    <FRBRthis value="/akn/ie/debateRecord/dail/2012-07-18/writtens/mul@/dbsect_73.xml"/>
                    <FRBRuri value="/akn/ie/debateRecord/dail/2012-07-18/writtens/mul@.akn"/>
                    <FRBRdate date="2016-08-17T12:53:12.290656" name="#publication"/>
                    <FRBRauthor as="#editor" href="http://oireachtas.ie/ie/oireachtas/role/debates"/>
                </FRBRManifestation>
            </identification>
            <references source="#debates">
                <TLCOrganization eId="source" href="http://oireachtas.ie" showAs="Houses of the Oireachtas"/><TLCConcept eId="generation" href="http://oireachtas.ie/ie/oireachtas/ontology#Generation" showAs="Generation"/>
<TLCConcept eId="reported" href="http://oireachtas.ie/ie/oireachtas/ontology#Reported" showAs="Reported"/>
<TLCConcept eId="publication" href="http://oireachtas.ie/ie/oireachtas/ontology#Publication" showAs="Publication"/>
<TLCPerson eId="RuairiQuinn" href="http://oireachtas.ie/ie/oireachtas/member/Ruairí-Quinn.S.1976-07-01/dail/31" showAs="Mr. Ruairí Quinn"/>
<TLCPerson eId="TommyBroughan" href="http://oireachtas.ie/ie/oireachtas/member/Thomas-P-Broughan.D.1992-12-14/dail/31" showAs="Mr. Tommy Broughan"/>
<TLCRole eId="Minister_for_Education_and_Skills" href="http://oireachtas.ie/ie/oireachtas/member/Ruairí-Quinn.S.1976-07-01/dail/31/minister/education__skills" showAs="Minister for Education and Skills"/>
</references>
        </meta>
        <preface>
            <block name="title_ga">
                <docTitle>DÍOSPÓIREACHTAÍ PARLAIMINTE</docTitle>
            </block>
            <block name="title_en">
                <docTitle>PARLIAMENTARY DEBATES</docTitle>
            </block>
            <block name="proponent_ga">
                <docProponent>DÁIL ÉIREANN</docProponent>
            </block>
            <block name="status_ga">
                <docStatus>TUAIRISC OIFIGIÚIL</docStatus>
            </block>
            <block name="status_en">
                <docStatus>(OFFICIAL REPORT)</docStatus>
            </block>
            <block name="date_ga">
                <docDate date="2012-07-18">Dé Céadaoin, 18 Iúil 2012</docDate>
            </block>
            <block name="date_en">
                <docDate date="2012-07-18">Wednesday, 18 July 2012</docDate>
            </block>
        </preface>
        <debateBody><debateSection name="writtenAnswer" eId="dbsect_73">
                    <heading>School Curriculum</heading>
                    <question by="#TommyBroughan" to="#Minister_for_Education_and_Skills" eId="pq_111">
                        <p eId="para_2028">
        111
        <b> Deputy Thomas P. Broughan</b>
         asked the 
        <b>Minister for Education and Skills</b>
         his plans to introduce computer science into the second level curriculum in view of the recent international surveys showing a weakness in the Irish educational system in mathematics and closely related subjects like computer science; if the informal computer science initiative for young persons being taken by a Minister in his Department will be extended into mainstream curricula; and if he will make a statement on the matter. 
        [35848/12]
      </p>
                    </question>
                    <speech by="#RuairiQuinn" as="#Minister_for_Education_and_Skills">
                        <from>Minister for Education and Skills (Deputy Ruairí Quinn)</from>
                        <p eId="para_2029">The curriculum in schools is devised on the basis that ICT is not a subject but rather a tool to be integrated into the teaching and learning of all subjects.  The National Council for Curriculum and Assessment has developed an ICT framework which sets out a structured approach to ICT in curriculum and assessment.  This sets out the types of learning appropriate for students during the period of compulsory education, and provides a guide to teachers for embedding ICT across the curriculum.  Therefore, it is not time bound.</p>
                        <p eId="para_2030">The overall implementation of ICT in schools is supported by the National Centre for Technology in Education which provides for extensive training and guidance for schools on the integration of ICT into teaching and learning.  To further support teachers in using ICT in the curriculum, the NCCA developed the Information and Communications Technology (ICT) in the Primary School Curriculum: Guidelines for Teachers as a supporting document to the Primary School Curriculum 1999.  The guidelines were launched by the Department of Education and Science (DES) in 2004.</p>
                        <p eId="para_2031">I am currently leading the reform of the Junior Cycle.  A Framework for the revised Junior Cycle has been prepared.  It contains 24 Statements of Learning which students should experience.  One of the Statements of Learning aims to ensure that all students "use ICT effectively and ethically in learning and in life".</p>
                        <p eId="para_2032">The reform will allow for the introduction of optional school developed short courses of 100 hours duration.  This will provide a new opportunity for schools to progress the provision of short courses to enhance students' ICT skills which will be embedded in all their learning.  Such courses could include software programming and coding, if a school so chooses.  One of my Minister of State's has established a CoderDojo programme in his constituency.  The content of such a programme, for example, could be considered by schools to form part of a new short course.</p>
                        <p eId="para_2033">In addition ICT will be an area of essential learning which all students will be required to experience, and Managing Information and Thinking will be embedded in subjects as a core skill.   There is also a Transition Year option in relation to Having Fun with Computer Programming and Games and, under the ICT Action Plan, this is being expanded nationally.</p>
                    </speech><!--Fix-->
                </debateSection></debateBody></debate>
</akomaNtoso>
