<?xml version='1.0' encoding='UTF-8'?>
<akomaNtoso xmlns="http://docs.oasis-open.org/legaldocml/ns/akn/3.0/CSD13" xmlns:xsi="http://www.w3.org/2001/XMLSchema-instance" xsi:schemaLocation="http://docs.oasis-open.org/legaldocml/ns/akn/3.0/CSD13 ./akomantoso30.xsd ">
    <debate name="Official Report">
        <meta>
            <identification source="#source">
                <FRBRWork>
                    <FRBRthis value="/akn/ie/debateRecord/dail/2012-07-18/writtens/dbsect_34"/>
                    <FRBRuri value="/akn/ie/debateRecord/dail/2012-07-18/writtens"/>
                    <FRBRdate date="2012-07-18" name="#generation"/>
                    <FRBRauthor href="http://oireachtas.ie/ie/oireachtas/house/dail"/>
                    <FRBRcountry value="ie"/>
                <FRBRname value="writtens"/></FRBRWork>
                <FRBRExpression>
                    <FRBRthis value="/akn/ie/debateRecord/dail/2012-07-18/writtens/mul@/dbsect_34"/>
                    <FRBRuri value="/akn/ie/debateRecord/dail/2012-07-18/writtens/mul@"/>
                    <FRBRdate date="2012-07-18" name="#reported"/>
                    <FRBRauthor as="#editor" href="http://oireachtas.ie/ie/oireachtas/role/debates"/>
                    <FRBRlanguage language="mul"/>
                </FRBRExpression>
                <FRBRManifestation>
                    <FRBRthis value="/akn/ie/debateRecord/dail/2012-07-18/writtens/mul@/dbsect_34.xml"/>
                    <FRBRuri value="/akn/ie/debateRecord/dail/2012-07-18/writtens/mul@.akn"/>
                    <FRBRdate date="2016-08-17T12:53:12.290656" name="#publication"/>
                    <FRBRauthor as="#editor" href="http://oireachtas.ie/ie/oireachtas/role/debates"/>
                </FRBRManifestation>
            </identification>
            <references source="#debates">
                <TLCOrganization eId="source" href="http://oireachtas.ie" showAs="Houses of the Oireachtas"/><TLCConcept eId="generation" href="http://oireachtas.ie/ie/oireachtas/ontology#Generation" showAs="Generation"/>
<TLCConcept eId="reported" href="http://oireachtas.ie/ie/oireachtas/ontology#Reported" showAs="Reported"/>
<TLCConcept eId="publication" href="http://oireachtas.ie/ie/oireachtas/ontology#Publication" showAs="Publication"/>
<TLCPerson eId="EamonGilmore" href="http://oireachtas.ie/ie/oireachtas/member/Eamon-Gilmore.D.1989-06-29/dail/31" showAs="Mr. Eamon Gilmore"/>
<TLCPerson eId="MaureenOSullivan" href="http://oireachtas.ie/ie/oireachtas/member/Maureen-O'Sullivan.D.2009-06-05/dail/31" showAs="Ms. Maureen O'Sullivan"/>
<TLCRole eId="Minister_for_Foreign" href="http://oireachtas.ie/ie/oireachtas/minister/foreign" showAs="Minister for Foreign"/>
<TLCRole eId="Tánaiste_and_Minister_for_Foreign_Affairs_and_Trade" href="http://oireachtas.ie/ie/oireachtas/member/Eamon-Gilmore.D.1989-06-29/dail/31/role/tánaiste_and_minister_for_foreign_affairs_and_trade" showAs="Tánaiste and Minister for Foreign Affairs and Trade"/>
</references>
        </meta>
        <preface>
            <block name="title_ga">
                <docTitle>DÍOSPÓIREACHTAÍ PARLAIMINTE</docTitle>
            </block>
            <block name="title_en">
                <docTitle>PARLIAMENTARY DEBATES</docTitle>
            </block>
            <block name="proponent_ga">
                <docProponent>DÁIL ÉIREANN</docProponent>
            </block>
            <block name="status_ga">
                <docStatus>TUAIRISC OIFIGIÚIL</docStatus>
            </block>
            <block name="status_en">
                <docStatus>(OFFICIAL REPORT)</docStatus>
            </block>
            <block name="date_ga">
                <docDate date="2012-07-18">Dé Céadaoin, 18 Iúil 2012</docDate>
            </block>
            <block name="date_en">
                <docDate date="2012-07-18">Wednesday, 18 July 2012</docDate>
            </block>
        </preface>
        <debateBody><debateSection name="writtenAnswer" eId="dbsect_34">
                    <heading>Human Rights Issues</heading>
                    <question by="#MaureenOSullivan" to="#Minister_for_Foreign" eId="pq_57">
                        <p eId="para_310">
        57
        <b> Deputy Maureen O’Sullivan</b>
         asked the 
        <b>Tánaiste and Minister for Foreign Affairs and Trade</b>
         further to Parliamentary Question No. 115 of 22 May 2012, the outcome of his raising the human rights issues in Western Sahara with the Moroccan Government during the Universal Periodic Review of Morocco which took place at the UN Human Rights Council in Geneva in May; the extent of his dialogue with both Morocco and France in trying to support the principle of self-determination for the people of Western Sahara; and if he will make a statement on the matter. 
        [35851/12]
      </p>
                    </question>
                    <speech by="#EamonGilmore" as="#Tánaiste_and_Minister_for_Foreign_Affairs_and_Trade">
                        <from>Tánaiste and Minister for Foreign Affairs and Trade (Deputy Eamon Gilmore)</from>
                        <p eId="para_311">The 2nd Universal Periodic Review (UPR) of Morocco took place on 22 May 2012.  Under the UPR process, each UN member state is subjected to a thorough review of its human rights record by the UN Human Rights Council approximately every four years. Ireland participates actively in the process, and submits questions and recommendations where appropriate to States undergoing review.  In the course of the review of Morocco, Ireland raised its concerns about the human rights abuses in Western Sahara in particular reports of arbitrary arrest, detention and mistreatment of human rights defenders. Ireland recommended that independent and impartial inquiries should be carried out with respect to allegations of mistreatment in detention, and also recommended the inclusion of a broader human rights monitoring mechanism in the mandate of MINURSO, the UN peace-keeping mission in Western Sahara.</p>
                        <p eId="para_312">Morocco accepted Ireland's first recommendation with respect to inquiries into allegations of mistreatment in detention but rejected the recommendation of including a human rights monitoring mechanism in the mandate of MINURSO. The formal adoption of the report of Morocco's review is expected to take place during the 21st   Session of the United Nations Human Rights Council in September 2012.</p>
                        <p eId="para_313">I regard the UPR process as an invaluable tool in raising standards and increasing awareness of human rights. While I regret that Morocco is not yet willing to accept the inclusion of a human rights monitoring mechanism in the mandate of MINURSO, I believe that its engagement with Human Rights Council special procedures is indicative of a greater willingness to engage with the international community on issues of mutual concern and also points to the gradual process of reform generally underway within the country which is to be welcomed and should be encouraged.</p>
                        <p eId="para_314">Ultimately, the most effective solution to the human rights issues arising in Western Sahara lies in a political resolution. Ireland continues to fully support the right to self-determination of the people of Western Sahara, and the continuing engagement of the United Nations in the search for a political solution in the territory based on the principle of self-determination. Regular contact is maintained by my Department with both the Moroccan Embassy and with the Polisario Representative in Ireland as regards developments in the Western Sahara while the issue is also regularly discussed with EU Partners in the relevant Council instances in Brussels. The EU also maintains an active dialogue with Morocco on political and human rights issues, including the Western Sahara.</p>
                        <p eId="para_315">While there had not been any breakthrough in a series of negotiations held earlier this year, I was encouraged that the two parties were engaging in dialogue with each other.  The two sides were due to meet again in June and July for informal negotiations.  I regret that these talks have not gone ahead as it is only through dialogue and engagement that the two sides will reach a political solution. I would encourage both parties to renew its engagement with the informal negotiations under the mandate of the UN Secretary General's Personal Envoy, Christopher Ross.</p>
                    </speech>
                </debateSection>
                </debateBody></debate>
</akomaNtoso>
