<?xml version='1.0' encoding='UTF-8'?>
<akomaNtoso xmlns="http://docs.oasis-open.org/legaldocml/ns/akn/3.0/CSD13" xmlns:xsi="http://www.w3.org/2001/XMLSchema-instance" xsi:schemaLocation="http://docs.oasis-open.org/legaldocml/ns/akn/3.0/CSD13 ./akomantoso30.xsd ">
    <debate name="Official Report">
        <meta>
            <identification source="#source">
                <FRBRWork>
                    <FRBRthis value="/akn/ie/debateRecord/dail/2012-07-18/writtens/dbsect_6"/>
                    <FRBRuri value="/akn/ie/debateRecord/dail/2012-07-18/writtens"/>
                    <FRBRdate date="2012-07-18" name="#generation"/>
                    <FRBRauthor href="http://oireachtas.ie/ie/oireachtas/house/dail"/>
                    <FRBRcountry value="ie"/>
                <FRBRname value="writtens"/></FRBRWork>
                <FRBRExpression>
                    <FRBRthis value="/akn/ie/debateRecord/dail/2012-07-18/writtens/mul@/dbsect_6"/>
                    <FRBRuri value="/akn/ie/debateRecord/dail/2012-07-18/writtens/mul@"/>
                    <FRBRdate date="2012-07-18" name="#reported"/>
                    <FRBRauthor as="#editor" href="http://oireachtas.ie/ie/oireachtas/role/debates"/>
                    <FRBRlanguage language="mul"/>
                </FRBRExpression>
                <FRBRManifestation>
                    <FRBRthis value="/akn/ie/debateRecord/dail/2012-07-18/writtens/mul@/dbsect_6.xml"/>
                    <FRBRuri value="/akn/ie/debateRecord/dail/2012-07-18/writtens/mul@.akn"/>
                    <FRBRdate date="2016-08-17T12:53:12.290656" name="#publication"/>
                    <FRBRauthor as="#editor" href="http://oireachtas.ie/ie/oireachtas/role/debates"/>
                </FRBRManifestation>
            </identification>
            <references source="#debates">
                <TLCOrganization eId="source" href="http://oireachtas.ie" showAs="Houses of the Oireachtas"/><TLCConcept eId="generation" href="http://oireachtas.ie/ie/oireachtas/ontology#Generation" showAs="Generation"/>
<TLCConcept eId="reported" href="http://oireachtas.ie/ie/oireachtas/ontology#Reported" showAs="Reported"/>
<TLCConcept eId="publication" href="http://oireachtas.ie/ie/oireachtas/ontology#Publication" showAs="Publication"/>
<TLCPerson eId="DinnyMcGinley" href="http://oireachtas.ie/ie/oireachtas/member/Dinny-McGinley.D.1982-03-09/dail/31" showAs="Mr. Dinny McGinley"/>
<TLCPerson eId="SeanCroweSF" href="http://oireachtas.ie/ie/oireachtas/member/Seán-Crowe.D.2002-06-06/dail/31" showAs="Mr. Sean Crowe"/>
<TLCRole eId="Minister_for_Arts,_Heritage_and_the_Gaeltacht" href="http://oireachtas.ie/ie/oireachtas/member/Jimmy-Deenihan.S.1983-02-23/dail/31/minister/arts__heritage__gaeltacht" showAs="Minister for Arts, Heritage and the Gaeltacht"/>
<TLCRole eId="Minister_of_State_at_the_Department_of_Arts,_Heritage_and_the_Gaeltacht" href="http://oireachtas.ie/ie/oireachtas/member/Dinny-McGinley.D.1982-03-09/dail/31/minister_state/arts__heritage__gaeltacht" showAs="Minister of State at the Department of Arts, Heritage and the Gaeltacht"/>
</references>
        </meta>
        <preface>
            <block name="title_ga">
                <docTitle>DÍOSPÓIREACHTAÍ PARLAIMINTE</docTitle>
            </block>
            <block name="title_en">
                <docTitle>PARLIAMENTARY DEBATES</docTitle>
            </block>
            <block name="proponent_ga">
                <docProponent>DÁIL ÉIREANN</docProponent>
            </block>
            <block name="status_ga">
                <docStatus>TUAIRISC OIFIGIÚIL</docStatus>
            </block>
            <block name="status_en">
                <docStatus>(OFFICIAL REPORT)</docStatus>
            </block>
            <block name="date_ga">
                <docDate date="2012-07-18">Dé Céadaoin, 18 Iúil 2012</docDate>
            </block>
            <block name="date_en">
                <docDate date="2012-07-18">Wednesday, 18 July 2012</docDate>
            </block>
        </preface>
        <debateBody><debateSection name="writtenAnswer" eId="dbsect_6">
                    <heading>Oideachas Tríú Leibhéal</heading>
                    <question by="#SeanCroweSF" to="#Minister_for_Arts,_Heritage_and_the_Gaeltacht" eId="pq_12">
                        <p eId="para_27">
        12
        
          D’fhiafraigh
        <b>Seán Crowe</b>
         den 
        <b>Aire Ealaíon, Oidhreachta agus Gaeltachta</b>
          cén maoiniú atá curtha ar fáil le haghaidh oideachais tríú leibhéal sa Ghaeltacht ag Roinn na Gaeltachta sna cúig bliana seo a chuaigh thart; cé mhéid a bheidh le fáil an bhliain seo chugainn.  
        [35031/12]
      </p>
                    </question>
                    <speech by="#DinnyMcGinley" as="#Minister_of_State_at_the_Department_of_Arts,_Heritage_and_the_Gaeltacht">
                        <from>Minister of State at the Department of Arts, Heritage and the Gaeltacht (Deputy Dinny McGinley)</from>
                        <p eId="para_28">Tá maoiniú gur fiú beagnach €7m i bhfoirm cúnaimh reatha agus €1.35m i bhfoirm cúnaimh chaipitil curtha ar fáil faoi scéimeanna mo Roinnse le haghaidh oideachais tríú leibhéil sa Ghaeltacht san iomlán ó 2007 i leith. Cuimsítear sa chúnamh seo na hionaid Ghaeltachta ar fad atá faoi scáth Acadamh na hOllscolaíochta Gaeilge, a fheidhmíonn faoi Ollscoil na hÉireann, Gaillimh.</p>
                        <p eId="para_29">Níor mhiste dom a mhiniú chomh maith gur bhunaigh mo Roinnse ciste ar leith in 2006, atáá reáchtáil i gcomhpháirtíocht leis an Údarás um Ard-Oideachas, chun maoiniú a chur ar fáil le forbairt a dhéanamh ar shainchúrsaí Gaeilge tríú leibhéal.  Faoin gciste sin, tá suim iomlán de bheagnach €3.04m curtha ar fáil ó 2007 go dáta d'Ollscoil na hÉireann, Gaillimh agus d'Institiúid Teicneolaíochta Leitir Ceanainn le 3 shainchúrsa ar leith a sholáthar. Tá na cúrsaí sin á reáchtáil faoi láthair in ionaid Ghaeltachta de chuid Acadamh na hOllscolaíochta Gaeilge ar an gCeathrú Rua, Co. na Gaillimhe agus i nGaoth Dobhair, Co. Dhún na nGall. Sa bhreis air sin, tá suim iomlán €370,000 íoctha leis an gcomhlacht Europus ó 2009 go dáta le sainchúrsa ar leith a sholáthar.</p>
                        <p eId="para_30">Níl aon chinneadh déanta ag an bpointe ama seo maidir le maoiniú reatha le haghaidh oideachais tríú leibhéil don bhliain acadúil 2012/2013.</p>
                    </speech>
                    <summary eId="sum_9">Question No. 13 answered with Question No. 6.</summary>
                </debateSection>
                </debateBody></debate>
</akomaNtoso>
