<?xml version='1.0' encoding='UTF-8'?>
<akomaNtoso xmlns="http://docs.oasis-open.org/legaldocml/ns/akn/3.0/CSD13" xmlns:xsi="http://www.w3.org/2001/XMLSchema-instance" xsi:schemaLocation="http://docs.oasis-open.org/legaldocml/ns/akn/3.0/CSD13 ./akomantoso30.xsd ">
    <debate name="Official Report">
        <meta>
            <identification source="#source">
                <FRBRWork>
                    <FRBRthis value="/akn/ie/debateRecord/dail/2012-07-18/writtens/dbsect_37"/>
                    <FRBRuri value="/akn/ie/debateRecord/dail/2012-07-18/writtens"/>
                    <FRBRdate date="2012-07-18" name="#generation"/>
                    <FRBRauthor href="http://oireachtas.ie/ie/oireachtas/house/dail"/>
                    <FRBRcountry value="ie"/>
                <FRBRname value="writtens"/></FRBRWork>
                <FRBRExpression>
                    <FRBRthis value="/akn/ie/debateRecord/dail/2012-07-18/writtens/mul@/dbsect_37"/>
                    <FRBRuri value="/akn/ie/debateRecord/dail/2012-07-18/writtens/mul@"/>
                    <FRBRdate date="2012-07-18" name="#reported"/>
                    <FRBRauthor as="#editor" href="http://oireachtas.ie/ie/oireachtas/role/debates"/>
                    <FRBRlanguage language="mul"/>
                </FRBRExpression>
                <FRBRManifestation>
                    <FRBRthis value="/akn/ie/debateRecord/dail/2012-07-18/writtens/mul@/dbsect_37.xml"/>
                    <FRBRuri value="/akn/ie/debateRecord/dail/2012-07-18/writtens/mul@.akn"/>
                    <FRBRdate date="2016-08-17T12:53:12.290656" name="#publication"/>
                    <FRBRauthor as="#editor" href="http://oireachtas.ie/ie/oireachtas/role/debates"/>
                </FRBRManifestation>
            </identification>
            <references source="#debates">
                <TLCOrganization eId="source" href="http://oireachtas.ie" showAs="Houses of the Oireachtas"/><TLCConcept eId="generation" href="http://oireachtas.ie/ie/oireachtas/ontology#Generation" showAs="Generation"/>
<TLCConcept eId="reported" href="http://oireachtas.ie/ie/oireachtas/ontology#Reported" showAs="Reported"/>
<TLCConcept eId="publication" href="http://oireachtas.ie/ie/oireachtas/ontology#Publication" showAs="Publication"/>
<TLCPerson eId="JohnPaulPhelan" href="http://oireachtas.ie/ie/oireachtas/member/John-Paul-Phelan.S.2002-09-12/dail/31" showAs="Mr. John Paul Phelan"/>
<TLCPerson eId="MichaelNoonan" href="http://oireachtas.ie/ie/oireachtas/member/Michael-Noonan.D.1981-06-30/dail/31" showAs="Mr. Michael Noonan"/>
<TLCRole eId="Minister_for_Finance" href="http://oireachtas.ie/ie/oireachtas/member/Michael-Noonan.D.1981-06-30/dail/31/minister/finance" showAs="Minister for Finance"/>
</references>
        </meta>
        <preface>
            <block name="title_ga">
                <docTitle>DÍOSPÓIREACHTAÍ PARLAIMINTE</docTitle>
            </block>
            <block name="title_en">
                <docTitle>PARLIAMENTARY DEBATES</docTitle>
            </block>
            <block name="proponent_ga">
                <docProponent>DÁIL ÉIREANN</docProponent>
            </block>
            <block name="status_ga">
                <docStatus>TUAIRISC OIFIGIÚIL</docStatus>
            </block>
            <block name="status_en">
                <docStatus>(OFFICIAL REPORT)</docStatus>
            </block>
            <block name="date_ga">
                <docDate date="2012-07-18">Dé Céadaoin, 18 Iúil 2012</docDate>
            </block>
            <block name="date_en">
                <docDate date="2012-07-18">Wednesday, 18 July 2012</docDate>
            </block>
        </preface>
        <debateBody><debateSection name="writtenAnswer" eId="dbsect_37">
                    <heading>Financial Services Regulation</heading>
                    <question by="#JohnPaulPhelan" to="#Minister_for_Finance" eId="pq_61">
                        <p eId="para_342">
        61
        <b> Deputy John Paul Phelan</b>
         asked the 
        <b>Minister for Finance</b>
         his plans to update the law governing the area of money-lending in view of the increase in the number of persons who are borrowing money at exaggerated interest rates; and if he will make a statement on the matter. 
        [35492/12]
      </p>
                    </question>
                    <speech by="#MichaelNoonan" as="#Minister_for_Finance">
                        <from>Minister for Finance (Deputy Michael Noonan)</from>
                        <p eId="para_343">There is already a comprehensive licensing scheme in place for moneylenders.  I would refer the Deputy to Part VIII of the consumer Credit Act 1995 (as amended) for detailed information in this regard.  I have no plans to amend this legislation.   Moneylenders have to apply to the Central Bank annually to have their licences renewed.  Section 93 of the Act sets out the Central Bank's powers in relation to the grant or refusal of a moneylender's licence.  I am advised by the Central Bank that the appropriate moneylending application form (new or renewal) must be completed and returned to the Bank with a number of items for review and consideration.</p>
                        <p eId="para_344">A Moneylender's licence granted by the Central Bank is specific to that moneylender, in that each individual moneylender's licence outlines the specific products that the moneylender offers, the APR for each product and the total cost of credit for each product.  Before applying for a moneylender's licence, an applicant must give notice of this intention in a local or national newspaper, published in Ireland and circulating in the District Court area that the applicant intends to engage in the business of moneylending.  The Central Bank may refuse to grant a moneylender's licence if, in the opinion of the Bank, the cost of the credit to be charged is excessive or, if any of the terms and conditions attaching thereto are unfair.  This decision may be appealed to the Circuit Court.</p>
                    </speech>
                </debateSection>
                </debateBody></debate>
</akomaNtoso>
