<?xml version='1.0' encoding='UTF-8'?>
<akomaNtoso xmlns="http://docs.oasis-open.org/legaldocml/ns/akn/3.0/CSD13" xmlns:xsi="http://www.w3.org/2001/XMLSchema-instance" xsi:schemaLocation="http://docs.oasis-open.org/legaldocml/ns/akn/3.0/CSD13 ./akomantoso30.xsd ">
    <debate name="Official Report">
        <meta>
            <identification source="#source">
                <FRBRWork>
                    <FRBRthis value="/akn/ie/debateRecord/dail/2012-07-18/writtens/dbsect_81"/>
                    <FRBRuri value="/akn/ie/debateRecord/dail/2012-07-18/writtens"/>
                    <FRBRdate date="2012-07-18" name="#generation"/>
                    <FRBRauthor href="http://oireachtas.ie/ie/oireachtas/house/dail"/>
                    <FRBRcountry value="ie"/>
                <FRBRname value="writtens"/></FRBRWork>
                <FRBRExpression>
                    <FRBRthis value="/akn/ie/debateRecord/dail/2012-07-18/writtens/mul@/dbsect_81"/>
                    <FRBRuri value="/akn/ie/debateRecord/dail/2012-07-18/writtens/mul@"/>
                    <FRBRdate date="2012-07-18" name="#reported"/>
                    <FRBRauthor as="#editor" href="http://oireachtas.ie/ie/oireachtas/role/debates"/>
                    <FRBRlanguage language="mul"/>
                </FRBRExpression>
                <FRBRManifestation>
                    <FRBRthis value="/akn/ie/debateRecord/dail/2012-07-18/writtens/mul@/dbsect_81.xml"/>
                    <FRBRuri value="/akn/ie/debateRecord/dail/2012-07-18/writtens/mul@.akn"/>
                    <FRBRdate date="2016-08-17T12:53:12.290656" name="#publication"/>
                    <FRBRauthor as="#editor" href="http://oireachtas.ie/ie/oireachtas/role/debates"/>
                </FRBRManifestation>
            </identification>
            <references source="#debates">
                <TLCOrganization eId="source" href="http://oireachtas.ie" showAs="Houses of the Oireachtas"/><TLCConcept eId="generation" href="http://oireachtas.ie/ie/oireachtas/ontology#Generation" showAs="Generation"/>
<TLCConcept eId="reported" href="http://oireachtas.ie/ie/oireachtas/ontology#Reported" showAs="Reported"/>
<TLCConcept eId="publication" href="http://oireachtas.ie/ie/oireachtas/ontology#Publication" showAs="Publication"/>
<TLCPerson eId="BrianHayes" href="http://oireachtas.ie/ie/oireachtas/member/Brian-Hayes.S.1995-12-20/dail/31" showAs="Mr. Brian Hayes"/>
<TLCPerson eId="JimDaly" href="http://oireachtas.ie/ie/oireachtas/member/Jim-Daly.D.2011-03-09/dail/31" showAs="Mr. Jim Daly"/>
<TLCRole eId="Minister_for_Expenditure" href="http://oireachtas.ie/ie/oireachtas/minister/expenditure" showAs="Minister for Expenditure"/>
<TLCRole eId="Minister_of_State_at_the_Department_of_Public_Expenditure_and_Reform" href="http://oireachtas.ie/ie/oireachtas/member/Brian-Hayes.S.1995-12-20/dail/31/minister_state/public_expenditure__reform" showAs="Minister of State at the Department of Public Expenditure and Reform"/>
</references>
        </meta>
        <preface>
            <block name="title_ga">
                <docTitle>DÍOSPÓIREACHTAÍ PARLAIMINTE</docTitle>
            </block>
            <block name="title_en">
                <docTitle>PARLIAMENTARY DEBATES</docTitle>
            </block>
            <block name="proponent_ga">
                <docProponent>DÁIL ÉIREANN</docProponent>
            </block>
            <block name="status_ga">
                <docStatus>TUAIRISC OIFIGIÚIL</docStatus>
            </block>
            <block name="status_en">
                <docStatus>(OFFICIAL REPORT)</docStatus>
            </block>
            <block name="date_ga">
                <docDate date="2012-07-18">Dé Céadaoin, 18 Iúil 2012</docDate>
            </block>
            <block name="date_en">
                <docDate date="2012-07-18">Wednesday, 18 July 2012</docDate>
            </block>
        </preface>
        <debateBody><debateSection name="writtenAnswer" eId="dbsect_81">
                    <heading>Flood Relief</heading>
                    <question by="#JimDaly" to="#Minister_for_Expenditure" eId="pq_120">
                        <p eId="para_3601">
        120
        <b> Deputy Jim Daly</b>
         asked the 
        <b>Minister for Public Expenditure and Reform</b>
         the level of funding that has been requested from the Office of Public Works to address recent flood damage in west Cork; and if he will make a statement on the matter. 
        [35789/12]
      </p>
                    </question>
                    <speech by="#BrianHayes" as="#Minister_of_State_at_the_Department_of_Public_Expenditure_and_Reform">
                        <from>Minister of State at the Department of Public Expenditure and Reform (Deputy Brian Hayes)</from>
                        <p eId="para_3602">The Office of Public Works is currently considering funding applications totalling €1.3m received from Cork County Council on the 4th July, 2012, under the Minor Flood Mitigation Works Scheme, to address recent flooding in Clonakilty, Glanmire and Douglas.  In relation to Clonakilty in West Cork, the amount of funding applied for is €1.2m.  The applications are being assessed in accordance with the scheme eligibility criteria and having regard to the overall availability of resources for flood risk management.</p>
                        <p eId="para_3603">In addition, Clonakilty is as an Area for Further Assessment (AFA) under the South West Catchment  Flood Risk Assessment and Management (CFRAM) Study and the application will be considered having regard to this study.</p>
                    </speech>
                </debateSection>
                </debateBody></debate>
</akomaNtoso>
