<?xml version='1.0' encoding='UTF-8'?>
<akomaNtoso xmlns="http://docs.oasis-open.org/legaldocml/ns/akn/3.0/CSD13" xmlns:xsi="http://www.w3.org/2001/XMLSchema-instance" xsi:schemaLocation="http://docs.oasis-open.org/legaldocml/ns/akn/3.0/CSD13 ./akomantoso30.xsd ">
    <debate name="Official Report">
        <meta>
            <identification source="#source">
                <FRBRWork>
                    <FRBRthis value="/akn/ie/debateRecord/dail/2012-07-18/writtens/dbsect_5"/>
                    <FRBRuri value="/akn/ie/debateRecord/dail/2012-07-18/writtens"/>
                    <FRBRdate date="2012-07-18" name="#generation"/>
                    <FRBRauthor href="http://oireachtas.ie/ie/oireachtas/house/dail"/>
                    <FRBRcountry value="ie"/>
                <FRBRname value="writtens"/></FRBRWork>
                <FRBRExpression>
                    <FRBRthis value="/akn/ie/debateRecord/dail/2012-07-18/writtens/mul@/dbsect_5"/>
                    <FRBRuri value="/akn/ie/debateRecord/dail/2012-07-18/writtens/mul@"/>
                    <FRBRdate date="2012-07-18" name="#reported"/>
                    <FRBRauthor as="#editor" href="http://oireachtas.ie/ie/oireachtas/role/debates"/>
                    <FRBRlanguage language="mul"/>
                </FRBRExpression>
                <FRBRManifestation>
                    <FRBRthis value="/akn/ie/debateRecord/dail/2012-07-18/writtens/mul@/dbsect_5.xml"/>
                    <FRBRuri value="/akn/ie/debateRecord/dail/2012-07-18/writtens/mul@.akn"/>
                    <FRBRdate date="2016-08-17T12:53:12.290656" name="#publication"/>
                    <FRBRauthor as="#editor" href="http://oireachtas.ie/ie/oireachtas/role/debates"/>
                </FRBRManifestation>
            </identification>
            <references source="#debates">
                <TLCOrganization eId="source" href="http://oireachtas.ie" showAs="Houses of the Oireachtas"/><TLCConcept eId="generation" href="http://oireachtas.ie/ie/oireachtas/ontology#Generation" showAs="Generation"/>
<TLCConcept eId="reported" href="http://oireachtas.ie/ie/oireachtas/ontology#Reported" showAs="Reported"/>
<TLCConcept eId="publication" href="http://oireachtas.ie/ie/oireachtas/ontology#Publication" showAs="Publication"/>
<TLCPerson eId="JimmyDeenihan" href="http://oireachtas.ie/ie/oireachtas/member/Jimmy-Deenihan.S.1983-02-23/dail/31" showAs="Mr. Jimmy Deenihan"/>
<TLCPerson eId="JohnBrowne2" href="http://oireachtas.ie/ie/oireachtas/member/John-Browne.D.1982-12-14/dail/31" showAs="Mr. John Browne"/>
<TLCRole eId="Minister_for_Arts,_Heritage_and_the_Gaeltacht" href="http://oireachtas.ie/ie/oireachtas/member/Jimmy-Deenihan.S.1983-02-23/dail/31/minister/arts__heritage__gaeltacht" showAs="Minister for Arts, Heritage and the Gaeltacht"/>
</references>
        </meta>
        <preface>
            <block name="title_ga">
                <docTitle>DÍOSPÓIREACHTAÍ PARLAIMINTE</docTitle>
            </block>
            <block name="title_en">
                <docTitle>PARLIAMENTARY DEBATES</docTitle>
            </block>
            <block name="proponent_ga">
                <docProponent>DÁIL ÉIREANN</docProponent>
            </block>
            <block name="status_ga">
                <docStatus>TUAIRISC OIFIGIÚIL</docStatus>
            </block>
            <block name="status_en">
                <docStatus>(OFFICIAL REPORT)</docStatus>
            </block>
            <block name="date_ga">
                <docDate date="2012-07-18">Dé Céadaoin, 18 Iúil 2012</docDate>
            </block>
            <block name="date_en">
                <docDate date="2012-07-18">Wednesday, 18 July 2012</docDate>
            </block>
        </preface>
        <debateBody><debateSection name="writtenAnswer" eId="dbsect_5">
                    <heading>Appointments to State Boards</heading>
                    <question by="#JohnBrowne2" to="#Minister_for_Arts,_Heritage_and_the_Gaeltacht" eId="pq_11">
                        <p eId="para_24">
        11
        <b>  Deputy John Browne</b>
         asked the 
        <b>Minister for Arts, Heritage and the Gaeltacht</b>
          his plans to ensure that the posts of CEO of Culture Ireland and the director of the National Museum are openly advertised and recruited by interview panels consisting of a majority of outside experts to ensure transparency in the recruitment process; the date on which this will happen; and if he will make a statement on the matter.  
        [35410/12]
      </p>
                    </question>
                    <speech by="#JimmyDeenihan" as="#Minister_for_Arts,_Heritage_and_the_Gaeltacht">
                        <from>Minister for Arts, Heritage and the Gaeltacht (Deputy Jimmy Deenihan)</from>
                        <p eId="para_25">As the Deputy will be aware, the position of Director of the National Museum of Ireland is a statutory one and is currently being filled on an acting basis.  My officials are liaising with the Department of Public Expenditure and Reform in relation to the filling of this post on a permanent basis.  When sanctioned by that Department, it is intended that the position will be filled by means of an open competition conducted through the Public Appointments Service.</p>
                        <p eId="para_26">In relation to the position of CEO of Culture Ireland, the Deputy will be aware that this position has recently been filled on an acting basis for a period of 15 months.  In the Government's<i>Public Service Reform Plan</i> of 17 November 2011, Culture Ireland is listed as an entity to be critically reviewed in the context of its functions being merged into my Department.  Consultations are ongoing with the Department of Public Expenditure and Reform in this regard, with a view to the matter being further considered by Government at the appropriate time.</p>
                    </speech>
                </debateSection>
                </debateBody></debate>
</akomaNtoso>
