<?xml version='1.0' encoding='UTF-8'?>
<akomaNtoso xmlns="http://docs.oasis-open.org/legaldocml/ns/akn/3.0/CSD13" xmlns:xsi="http://www.w3.org/2001/XMLSchema-instance" xsi:schemaLocation="http://docs.oasis-open.org/legaldocml/ns/akn/3.0/CSD13 ./akomantoso30.xsd ">
    <debate name="Official Report">
        <meta>
            <identification source="#source">
                <FRBRWork>
                    <FRBRthis value="/akn/ie/debateRecord/dail/2012-07-18/writtens/dbsect_221"/>
                    <FRBRuri value="/akn/ie/debateRecord/dail/2012-07-18/writtens"/>
                    <FRBRdate date="2012-07-18" name="#generation"/>
                    <FRBRauthor href="http://oireachtas.ie/ie/oireachtas/house/dail"/>
                    <FRBRcountry value="ie"/>
                <FRBRname value="writtens"/></FRBRWork>
                <FRBRExpression>
                    <FRBRthis value="/akn/ie/debateRecord/dail/2012-07-18/writtens/mul@/dbsect_221"/>
                    <FRBRuri value="/akn/ie/debateRecord/dail/2012-07-18/writtens/mul@"/>
                    <FRBRdate date="2012-07-18" name="#reported"/>
                    <FRBRauthor as="#editor" href="http://oireachtas.ie/ie/oireachtas/role/debates"/>
                    <FRBRlanguage language="mul"/>
                </FRBRExpression>
                <FRBRManifestation>
                    <FRBRthis value="/akn/ie/debateRecord/dail/2012-07-18/writtens/mul@/dbsect_221.xml"/>
                    <FRBRuri value="/akn/ie/debateRecord/dail/2012-07-18/writtens/mul@.akn"/>
                    <FRBRdate date="2016-08-17T12:53:12.290656" name="#publication"/>
                    <FRBRauthor as="#editor" href="http://oireachtas.ie/ie/oireachtas/role/debates"/>
                </FRBRManifestation>
            </identification>
            <references source="#debates">
                <TLCOrganization eId="source" href="http://oireachtas.ie" showAs="Houses of the Oireachtas"/><TLCConcept eId="generation" href="http://oireachtas.ie/ie/oireachtas/ontology#Generation" showAs="Generation"/>
<TLCConcept eId="reported" href="http://oireachtas.ie/ie/oireachtas/ontology#Reported" showAs="Reported"/>
<TLCConcept eId="publication" href="http://oireachtas.ie/ie/oireachtas/ontology#Publication" showAs="Publication"/>
<TLCPerson eId="SimonCoveney" href="http://oireachtas.ie/ie/oireachtas/member/Simon-Coveney.D.1998-10-23/dail/31" showAs="Mr. Simon Coveney"/>
<TLCPerson eId="TerenceFlanagan" href="http://oireachtas.ie/ie/oireachtas/member/Terence-Flanagan.D.2007-06-14/dail/31" showAs="Mr. Terence Flanagan"/>
<TLCRole eId="Minister_for_Agriculture,_Food_and_the_Marine" href="http://oireachtas.ie/ie/oireachtas/member/Simon-Coveney.D.1998-10-23/dail/31/minister/agriculture__food__marine" showAs="Minister for Agriculture, Food and the Marine"/>
</references>
        </meta>
        <preface>
            <block name="title_ga">
                <docTitle>DÍOSPÓIREACHTAÍ PARLAIMINTE</docTitle>
            </block>
            <block name="title_en">
                <docTitle>PARLIAMENTARY DEBATES</docTitle>
            </block>
            <block name="proponent_ga">
                <docProponent>DÁIL ÉIREANN</docProponent>
            </block>
            <block name="status_ga">
                <docStatus>TUAIRISC OIFIGIÚIL</docStatus>
            </block>
            <block name="status_en">
                <docStatus>(OFFICIAL REPORT)</docStatus>
            </block>
            <block name="date_ga">
                <docDate date="2012-07-18">Dé Céadaoin, 18 Iúil 2012</docDate>
            </block>
            <block name="date_en">
                <docDate date="2012-07-18">Wednesday, 18 July 2012</docDate>
            </block>
        </preface>
        <debateBody><debateSection name="writtenAnswer" eId="dbsect_221">
                    <heading>Rural Environment Protection Scheme</heading>
                    <question by="#TerenceFlanagan" to="#Minister_for_Agriculture,_Food_and_the_Marine" eId="pq_293">
                        <p eId="para_5011">
        293
        <b> Deputy Terence Flanagan</b>
         asked the 
        <b>Minister for Agriculture, Food and the Marine</b>
         when an appeal will be finalised in respect of a person (details supplied) in County Mayo; and if he will make a statement on the matter. 
        [35534/12]
      </p>
                    </question>
                    <speech by="#SimonCoveney" as="#Minister_for_Agriculture,_Food_and_the_Marine">
                        <from>Minister for Agriculture, Food and the Marine (Deputy Simon Coveney)</from>
                        <p eId="para_5012">The person mentioned commenced in REPS 3 in September 2006 and received payments for the full five years of their contract.  The Year 5 payment issued on 27th January 2011 for the amount of €3,198.10.  However, following a later compliance inspection in the August 2012 a 100% clawback was imposed on 08th September 2011 amounting to €3,198.10 for failure to keep "field boundaries, hedgerows and stonewalls on a map included in Agri-environmental Plan retained at indicated".  An appeal by the person named was received by the Agriculture Appeals Office on 7th March 2012.  This file has been assigned to an Appeals Office and the case is currently under review.  A decision will issue shortly from the Appeals Office.</p>
                    </speech>
                </debateSection>
                </debateBody></debate>
</akomaNtoso>
