<?xml version='1.0' encoding='UTF-8'?>
<akomaNtoso xmlns="http://docs.oasis-open.org/legaldocml/ns/akn/3.0/CSD13" xmlns:xsi="http://www.w3.org/2001/XMLSchema-instance" xsi:schemaLocation="http://docs.oasis-open.org/legaldocml/ns/akn/3.0/CSD13 ./akomantoso30.xsd ">
    <debate name="Official Report">
        <meta>
            <identification source="#source">
                <FRBRWork>
                    <FRBRthis value="/akn/ie/debateRecord/dail/2012-07-18/writtens/dbsect_22"/>
                    <FRBRuri value="/akn/ie/debateRecord/dail/2012-07-18/writtens"/>
                    <FRBRdate date="2012-07-18" name="#generation"/>
                    <FRBRauthor href="http://oireachtas.ie/ie/oireachtas/house/dail"/>
                    <FRBRcountry value="ie"/>
                <FRBRname value="writtens"/></FRBRWork>
                <FRBRExpression>
                    <FRBRthis value="/akn/ie/debateRecord/dail/2012-07-18/writtens/mul@/dbsect_22"/>
                    <FRBRuri value="/akn/ie/debateRecord/dail/2012-07-18/writtens/mul@"/>
                    <FRBRdate date="2012-07-18" name="#reported"/>
                    <FRBRauthor as="#editor" href="http://oireachtas.ie/ie/oireachtas/role/debates"/>
                    <FRBRlanguage language="mul"/>
                </FRBRExpression>
                <FRBRManifestation>
                    <FRBRthis value="/akn/ie/debateRecord/dail/2012-07-18/writtens/mul@/dbsect_22.xml"/>
                    <FRBRuri value="/akn/ie/debateRecord/dail/2012-07-18/writtens/mul@.akn"/>
                    <FRBRdate date="2016-08-17T12:53:12.290656" name="#publication"/>
                    <FRBRauthor as="#editor" href="http://oireachtas.ie/ie/oireachtas/role/debates"/>
                </FRBRManifestation>
            </identification>
            <references source="#debates">
                <TLCOrganization eId="source" href="http://oireachtas.ie" showAs="Houses of the Oireachtas"/><TLCConcept eId="generation" href="http://oireachtas.ie/ie/oireachtas/ontology#Generation" showAs="Generation"/>
<TLCConcept eId="reported" href="http://oireachtas.ie/ie/oireachtas/ontology#Reported" showAs="Reported"/>
<TLCConcept eId="publication" href="http://oireachtas.ie/ie/oireachtas/ontology#Publication" showAs="Publication"/>
<TLCPerson eId="DenisNaughten" href="http://oireachtas.ie/ie/oireachtas/member/Denis-Naughten.S.1997-01-28/dail/31" showAs="Mr. Denis Naughten"/>
<TLCPerson eId="JimmyDeenihan" href="http://oireachtas.ie/ie/oireachtas/member/Jimmy-Deenihan.S.1983-02-23/dail/31" showAs="Mr. Jimmy Deenihan"/>
<TLCRole eId="Minister_for_Arts,_Heritage_and_the_Gaeltacht" href="http://oireachtas.ie/ie/oireachtas/member/Jimmy-Deenihan.S.1983-02-23/dail/31/minister/arts__heritage__gaeltacht" showAs="Minister for Arts, Heritage and the Gaeltacht"/>
</references>
        </meta>
        <preface>
            <block name="title_ga">
                <docTitle>DÍOSPÓIREACHTAÍ PARLAIMINTE</docTitle>
            </block>
            <block name="title_en">
                <docTitle>PARLIAMENTARY DEBATES</docTitle>
            </block>
            <block name="proponent_ga">
                <docProponent>DÁIL ÉIREANN</docProponent>
            </block>
            <block name="status_ga">
                <docStatus>TUAIRISC OIFIGIÚIL</docStatus>
            </block>
            <block name="status_en">
                <docStatus>(OFFICIAL REPORT)</docStatus>
            </block>
            <block name="date_ga">
                <docDate date="2012-07-18">Dé Céadaoin, 18 Iúil 2012</docDate>
            </block>
            <block name="date_en">
                <docDate date="2012-07-18">Wednesday, 18 July 2012</docDate>
            </block>
        </preface>
        <debateBody><debateSection name="writtenAnswer" eId="dbsect_22">
                    <heading>National Parks and Wildlife Service</heading>
                    <question by="#DenisNaughten" to="#Minister_for_Arts,_Heritage_and_the_Gaeltacht" eId="pq_41">
                        <p eId="para_102">
        41
        <b>Deputy Denis Naughten</b>
         asked the 
        <b>Minister for Arts, Heritage and the Gaeltacht</b>
         the specific steps which the National Parks and Wildlife Service is taking to address the decimation of the corncrake population in the Shannon callows; and if he will make a statement on the matter. 
        [35037/12]
      </p>
                    </question>
                    <speech by="#JimmyDeenihan" as="#Minister_for_Arts,_Heritage_and_the_Gaeltacht">
                        <from>Minister for Arts, Heritage and the Gaeltacht (Deputy Jimmy Deenihan)</from>
                        <p eId="para_103">My Department and other Government Departments have put substantial work and funding towards the conservation of the corncrake in the Shannon Callows. This includes agri-environment payments to farmers, research into the needs of this species and cause for its decline, and grant-aid to a leading NGO to have field workers on site over the summer months for many years. The key areas used by corncrakes in the Callows were designated as a Special Protection Area, under the EU Birds Directive.</p>
                        <p eId="para_104">The agri-environment schemes which have been used include a Corncrake Grant Scheme, measures under REPS, the National Parks and Wildlife Service Farm Plan Scheme and further top-up payments and emergency measures. These were deemed necessary as the bird requires hay meadows or similar vegetation to live in, but nests are destroyed by cutting and so, for the bird to survive, farmers must cut the crop later than would be normal.</p>
                        <p eId="para_105">In spite of these measures, heavy rainfall led to flooding of the lands in the summers of 2002, 2003, 2006, 2007 and 2008, causing a great decline in the population. Only the calling males can be detected: the number fell from 23 in 2005 to just 2 in 2010 and only one in 2011 and 2012.</p>
                        <p eId="para_106">Conservation efforts are still ongoing in this SPA. Existing contracts are being honoured in the NPWS scheme, but as the scheme budget is curtailed, no new plans are currently being entered into.</p>
                        <p eId="para_107">The Middle Shannon Callows SPA is unique among the Corncrake SPAs in having early and mid season cover in abundance and throughout the site. There is no need to create such cover for Corncrake. This site will continue to be monitored on an annual basis and the Corncrake Grant Scheme will be used if birds are suspected to be breeding on the Callows.</p>
                    </speech><!--Fix-->
                </debateSection></debateBody></debate>
</akomaNtoso>
