<?xml version='1.0' encoding='UTF-8'?>
<akomaNtoso xmlns="http://docs.oasis-open.org/legaldocml/ns/akn/3.0/CSD13" xmlns:xsi="http://www.w3.org/2001/XMLSchema-instance" xsi:schemaLocation="http://docs.oasis-open.org/legaldocml/ns/akn/3.0/CSD13 ./akomantoso30.xsd ">
    <debate name="Official Report">
        <meta>
            <identification source="#source">
                <FRBRWork>
                    <FRBRthis value="/akn/ie/debateRecord/dail/2012-07-18/writtens/dbsect_145"/>
                    <FRBRuri value="/akn/ie/debateRecord/dail/2012-07-18/writtens"/>
                    <FRBRdate date="2012-07-18" name="#generation"/>
                    <FRBRauthor href="http://oireachtas.ie/ie/oireachtas/house/dail"/>
                    <FRBRcountry value="ie"/>
                <FRBRname value="writtens"/></FRBRWork>
                <FRBRExpression>
                    <FRBRthis value="/akn/ie/debateRecord/dail/2012-07-18/writtens/mul@/dbsect_145"/>
                    <FRBRuri value="/akn/ie/debateRecord/dail/2012-07-18/writtens/mul@"/>
                    <FRBRdate date="2012-07-18" name="#reported"/>
                    <FRBRauthor as="#editor" href="http://oireachtas.ie/ie/oireachtas/role/debates"/>
                    <FRBRlanguage language="mul"/>
                </FRBRExpression>
                <FRBRManifestation>
                    <FRBRthis value="/akn/ie/debateRecord/dail/2012-07-18/writtens/mul@/dbsect_145.xml"/>
                    <FRBRuri value="/akn/ie/debateRecord/dail/2012-07-18/writtens/mul@.akn"/>
                    <FRBRdate date="2016-08-17T12:53:12.290656" name="#publication"/>
                    <FRBRauthor as="#editor" href="http://oireachtas.ie/ie/oireachtas/role/debates"/>
                </FRBRManifestation>
            </identification>
            <references source="#debates">
                <TLCOrganization eId="source" href="http://oireachtas.ie" showAs="Houses of the Oireachtas"/><TLCConcept eId="generation" href="http://oireachtas.ie/ie/oireachtas/ontology#Generation" showAs="Generation"/>
<TLCConcept eId="reported" href="http://oireachtas.ie/ie/oireachtas/ontology#Reported" showAs="Reported"/>
<TLCConcept eId="publication" href="http://oireachtas.ie/ie/oireachtas/ontology#Publication" showAs="Publication"/>
<TLCPerson eId="JimmyDeenihan" href="http://oireachtas.ie/ie/oireachtas/member/Jimmy-Deenihan.S.1983-02-23/dail/31" showAs="Mr. Jimmy Deenihan"/>
<TLCPerson eId="JohnMcGuinness" href="http://oireachtas.ie/ie/oireachtas/member/John-McGuinness.D.1997-06-26/dail/31" showAs="Mr. John McGuinness"/>
<TLCRole eId="Minister_for_Arts,_Heritage_and_the_Gaeltacht" href="http://oireachtas.ie/ie/oireachtas/member/Jimmy-Deenihan.S.1983-02-23/dail/31/minister/arts__heritage__gaeltacht" showAs="Minister for Arts, Heritage and the Gaeltacht"/>
</references>
        </meta>
        <preface>
            <block name="title_ga">
                <docTitle>DÍOSPÓIREACHTAÍ PARLAIMINTE</docTitle>
            </block>
            <block name="title_en">
                <docTitle>PARLIAMENTARY DEBATES</docTitle>
            </block>
            <block name="proponent_ga">
                <docProponent>DÁIL ÉIREANN</docProponent>
            </block>
            <block name="status_ga">
                <docStatus>TUAIRISC OIFIGIÚIL</docStatus>
            </block>
            <block name="status_en">
                <docStatus>(OFFICIAL REPORT)</docStatus>
            </block>
            <block name="date_ga">
                <docDate date="2012-07-18">Dé Céadaoin, 18 Iúil 2012</docDate>
            </block>
            <block name="date_en">
                <docDate date="2012-07-18">Wednesday, 18 July 2012</docDate>
            </block>
        </preface>
        <debateBody><debateSection name="writtenAnswer" eId="dbsect_145">
                    <heading>Wildlife Protection</heading>
                    <question by="#JohnMcGuinness" to="#Minister_for_Arts,_Heritage_and_the_Gaeltacht" eId="pq_193">
                        <p eId="para_4059">
        193
        <b> Deputy John McGuinness</b>
         asked the 
        <b>Minister for Arts, Heritage and the Gaeltacht</b>
         the reason the declaration under regulation 3(1)(A) of the European Communities Wildlife Act 1976 (Amendment) Regulations 1986 (S.I. No. 254 of 1986) allows for derogation to control both feral and wood pigeons for crop protection and in case of feral pigeons the declaration allows for an additional month of control for that purpose; if he will outline the rationale for this distinction bearing in mind that wood pigeons would seem more likely to cause crop damage than feral pigeons; and if he will make a statement on the matter. 
        [35712/12]
      </p>
                    </question>
                    <speech by="#JimmyDeenihan" as="#Minister_for_Arts,_Heritage_and_the_Gaeltacht">
                        <from>Minister for Arts, Heritage and the Gaeltacht (Deputy Jimmy Deenihan)</from>
                        <p eId="para_4060">All wild birds are protected under the European Community Birds Directive.  Member States may derogate from this protection where certain wild bird species are causing damage to crops, livestock, flora and fauna or represent a threat to public health or to air safety.  Pursuant to regulation 3(1)(<i>a</i>) of the European Communities (Wildlife Act 1976) (Amendment) Regulations 1986, I recently signed declarations for the 12-month period from 1 May 2012 to 30 April 2013 which allow certain wild bird species to be controlled in certain situations.  There is no difference in the time period allowed for the control of woodpigeon and feral pigeon.  These declarations may be accessed through the website of the National Parks and Wildlife Service of my Department, <i>www.npws.ie</i>.</p>
                    </speech>
                    <summary eId="sum_40">Question No. 194 answered with Question No. 190.</summary>
                </debateSection>
                </debateBody></debate>
</akomaNtoso>
