<?xml version='1.0' encoding='UTF-8'?>
<akomaNtoso xmlns="http://docs.oasis-open.org/legaldocml/ns/akn/3.0/CSD13" xmlns:xsi="http://www.w3.org/2001/XMLSchema-instance" xsi:schemaLocation="http://docs.oasis-open.org/legaldocml/ns/akn/3.0/CSD13 ./akomantoso30.xsd ">
    <debate name="Official Report">
        <meta>
            <identification source="#source">
                <FRBRWork>
                    <FRBRthis value="/akn/ie/debateRecord/dail/2012-07-18/writtens/dbsect_7"/>
                    <FRBRuri value="/akn/ie/debateRecord/dail/2012-07-18/writtens"/>
                    <FRBRdate date="2012-07-18" name="#generation"/>
                    <FRBRauthor href="http://oireachtas.ie/ie/oireachtas/house/dail"/>
                    <FRBRcountry value="ie"/>
                <FRBRname value="writtens"/></FRBRWork>
                <FRBRExpression>
                    <FRBRthis value="/akn/ie/debateRecord/dail/2012-07-18/writtens/mul@/dbsect_7"/>
                    <FRBRuri value="/akn/ie/debateRecord/dail/2012-07-18/writtens/mul@"/>
                    <FRBRdate date="2012-07-18" name="#reported"/>
                    <FRBRauthor as="#editor" href="http://oireachtas.ie/ie/oireachtas/role/debates"/>
                    <FRBRlanguage language="mul"/>
                </FRBRExpression>
                <FRBRManifestation>
                    <FRBRthis value="/akn/ie/debateRecord/dail/2012-07-18/writtens/mul@/dbsect_7.xml"/>
                    <FRBRuri value="/akn/ie/debateRecord/dail/2012-07-18/writtens/mul@.akn"/>
                    <FRBRdate date="2016-08-17T12:53:12.290656" name="#publication"/>
                    <FRBRauthor as="#editor" href="http://oireachtas.ie/ie/oireachtas/role/debates"/>
                </FRBRManifestation>
            </identification>
            <references source="#debates">
                <TLCOrganization eId="source" href="http://oireachtas.ie" showAs="Houses of the Oireachtas"/><TLCConcept eId="generation" href="http://oireachtas.ie/ie/oireachtas/ontology#Generation" showAs="Generation"/>
<TLCConcept eId="reported" href="http://oireachtas.ie/ie/oireachtas/ontology#Reported" showAs="Reported"/>
<TLCConcept eId="publication" href="http://oireachtas.ie/ie/oireachtas/ontology#Publication" showAs="Publication"/>
<TLCPerson eId="JimmyDeenihan" href="http://oireachtas.ie/ie/oireachtas/member/Jimmy-Deenihan.S.1983-02-23/dail/31" showAs="Mr. Jimmy Deenihan"/>
<TLCPerson eId="JonathanOBrien" href="http://oireachtas.ie/ie/oireachtas/member/Jonathan-O'Brien.D.2011-03-09/dail/31" showAs="Mr. Jonathan O'Brien"/>
<TLCRole eId="Minister_for_Arts,_Heritage_and_the_Gaeltacht" href="http://oireachtas.ie/ie/oireachtas/member/Jimmy-Deenihan.S.1983-02-23/dail/31/minister/arts__heritage__gaeltacht" showAs="Minister for Arts, Heritage and the Gaeltacht"/>
</references>
        </meta>
        <preface>
            <block name="title_ga">
                <docTitle>DÍOSPÓIREACHTAÍ PARLAIMINTE</docTitle>
            </block>
            <block name="title_en">
                <docTitle>PARLIAMENTARY DEBATES</docTitle>
            </block>
            <block name="proponent_ga">
                <docProponent>DÁIL ÉIREANN</docProponent>
            </block>
            <block name="status_ga">
                <docStatus>TUAIRISC OIFIGIÚIL</docStatus>
            </block>
            <block name="status_en">
                <docStatus>(OFFICIAL REPORT)</docStatus>
            </block>
            <block name="date_ga">
                <docDate date="2012-07-18">Dé Céadaoin, 18 Iúil 2012</docDate>
            </block>
            <block name="date_en">
                <docDate date="2012-07-18">Wednesday, 18 July 2012</docDate>
            </block>
        </preface>
        <debateBody><debateSection name="writtenAnswer" eId="dbsect_7">
                    <heading>Cultural Policy</heading>
                    <question by="#JonathanOBrien" to="#Minister_for_Arts,_Heritage_and_the_Gaeltacht" eId="pq_14">
                        <p eId="para_31">
        14
        <b>  Deputy Jonathan O’Brien</b>
         asked the 
        <b>Minister for Arts, Heritage and the Gaeltacht</b>
          if his attention has been drawn to the Australian Government’s initiative regarding arts and culture, which had been designed to radically change the country’s creative landscape over a ten year period with the specific aim of creating a more enlightened, cohesive and creative citizenry; his plans to introduce a similar initiative in Ireland by way of a national cultural policy; and if he will make a statement on the matter.  
        [35429/12]
      </p>
                    </question>
                    <speech by="#JimmyDeenihan" as="#Minister_for_Arts,_Heritage_and_the_Gaeltacht">
                        <from>Minister for Arts, Heritage and the Gaeltacht (Deputy Jimmy Deenihan)</from>
                        <p eId="para_32">The Government's policy on the arts is to promote and strengthen the arts in all its forms, to increase access to and participation in the arts, and to make the arts an integral and valued part of our national life.  I am continuing to work towards this goal with my Department and the agencies within its remit.</p>
                        <p eId="para_33">
                            <i>The Programme for Government 2011-2016, </i>along with my Department’s <i>Statement of Strategy,</i> has the overall goal of promoting and developing Ireland’s world-class artistic and creative strengths at home and abroad, and maximising their societal, economic and reputational value for the country<b>.</b>
                        </p>
                        <p eId="para_34">As the Deputy will know, responsibility for the promotion of the arts at all levels throughout the country is primarily devolved to the Arts Council.  Under the Arts Act 2003, the Arts Council is statutorily independent in its day-to-day operations and my Department has no role to play in its executive or funding decisions.</p>
                        <p eId="para_35">I understand, however, that Arts Council members and staff have met their Australian counterparts on several occasions in recent years, and remain in contact with them and arts practitioners in other countries.  The Arts Council continues to monitor arts developments throughout the world and adopt good practice, where practicable.</p>
                    </speech>
                </debateSection>
                </debateBody></debate>
</akomaNtoso>
