<?xml version='1.0' encoding='UTF-8'?>
<akomaNtoso xmlns="http://docs.oasis-open.org/legaldocml/ns/akn/3.0/CSD13" xmlns:xsi="http://www.w3.org/2001/XMLSchema-instance" xsi:schemaLocation="http://docs.oasis-open.org/legaldocml/ns/akn/3.0/CSD13 ./akomantoso30.xsd ">
    <debate name="Official Report">
        <meta>
            <identification source="#source">
                <FRBRWork>
                    <FRBRthis value="/akn/ie/debateRecord/dail/2012-07-18/writtens/dbsect_18"/>
                    <FRBRuri value="/akn/ie/debateRecord/dail/2012-07-18/writtens"/>
                    <FRBRdate date="2012-07-18" name="#generation"/>
                    <FRBRauthor href="http://oireachtas.ie/ie/oireachtas/house/dail"/>
                    <FRBRcountry value="ie"/>
                <FRBRname value="writtens"/></FRBRWork>
                <FRBRExpression>
                    <FRBRthis value="/akn/ie/debateRecord/dail/2012-07-18/writtens/mul@/dbsect_18"/>
                    <FRBRuri value="/akn/ie/debateRecord/dail/2012-07-18/writtens/mul@"/>
                    <FRBRdate date="2012-07-18" name="#reported"/>
                    <FRBRauthor as="#editor" href="http://oireachtas.ie/ie/oireachtas/role/debates"/>
                    <FRBRlanguage language="mul"/>
                </FRBRExpression>
                <FRBRManifestation>
                    <FRBRthis value="/akn/ie/debateRecord/dail/2012-07-18/writtens/mul@/dbsect_18.xml"/>
                    <FRBRuri value="/akn/ie/debateRecord/dail/2012-07-18/writtens/mul@.akn"/>
                    <FRBRdate date="2016-08-17T12:53:12.290656" name="#publication"/>
                    <FRBRauthor as="#editor" href="http://oireachtas.ie/ie/oireachtas/role/debates"/>
                </FRBRManifestation>
            </identification>
            <references source="#debates">
                <TLCOrganization eId="source" href="http://oireachtas.ie" showAs="Houses of the Oireachtas"/><TLCConcept eId="generation" href="http://oireachtas.ie/ie/oireachtas/ontology#Generation" showAs="Generation"/>
<TLCConcept eId="reported" href="http://oireachtas.ie/ie/oireachtas/ontology#Reported" showAs="Reported"/>
<TLCConcept eId="publication" href="http://oireachtas.ie/ie/oireachtas/ontology#Publication" showAs="Publication"/>
<TLCPerson eId="DinnyMcGinley" href="http://oireachtas.ie/ie/oireachtas/member/Dinny-McGinley.D.1982-03-09/dail/31" showAs="Mr. Dinny McGinley"/>
<TLCPerson eId="MartinFerrisSF" href="http://oireachtas.ie/ie/oireachtas/member/Martin-Ferris.D.2002-06-06/dail/31" showAs="Mr. Martin Ferris"/>
<TLCRole eId="Minister_for_Arts,_Heritage_and_the_Gaeltacht" href="http://oireachtas.ie/ie/oireachtas/member/Jimmy-Deenihan.S.1983-02-23/dail/31/minister/arts__heritage__gaeltacht" showAs="Minister for Arts, Heritage and the Gaeltacht"/>
<TLCRole eId="Minister_of_State_at_the_Department_of_Arts,_Heritage_and_the_Gaeltacht" href="http://oireachtas.ie/ie/oireachtas/member/Dinny-McGinley.D.1982-03-09/dail/31/minister_state/arts__heritage__gaeltacht" showAs="Minister of State at the Department of Arts, Heritage and the Gaeltacht"/>
</references>
        </meta>
        <preface>
            <block name="title_ga">
                <docTitle>DÍOSPÓIREACHTAÍ PARLAIMINTE</docTitle>
            </block>
            <block name="title_en">
                <docTitle>PARLIAMENTARY DEBATES</docTitle>
            </block>
            <block name="proponent_ga">
                <docProponent>DÁIL ÉIREANN</docProponent>
            </block>
            <block name="status_ga">
                <docStatus>TUAIRISC OIFIGIÚIL</docStatus>
            </block>
            <block name="status_en">
                <docStatus>(OFFICIAL REPORT)</docStatus>
            </block>
            <block name="date_ga">
                <docDate date="2012-07-18">Dé Céadaoin, 18 Iúil 2012</docDate>
            </block>
            <block name="date_en">
                <docDate date="2012-07-18">Wednesday, 18 July 2012</docDate>
            </block>
        </preface>
        <debateBody><debateSection name="writtenAnswer" eId="dbsect_18">
                    <heading>Múnla Nua Maoinithe</heading>
                    <question by="#MartinFerrisSF" to="#Minister_for_Arts,_Heritage_and_the_Gaeltacht" eId="pq_34">
                        <p eId="para_89">
        34
        
          D’fhiafraigh
        <b>Martin Ferris</b>
         den 
        <b>Aire Ealaíon, Oidhreachta agus Gaeltachta</b>
         cén próiseas atá ar intinn aige chun cuí-chóiriú a dhéanamh ar na heagrais bhunmhaoinithe faoi scáth Fhoras na Gaeilge. 
        [35024/12]
      </p>
                    </question>
                    <speech by="#DinnyMcGinley" as="#Minister_of_State_at_the_Department_of_Arts,_Heritage_and_the_Gaeltacht">
                        <from>Minister of State at the Department of Arts, Heritage and the Gaeltacht (Deputy Dinny McGinley)</from>
                        <p eId="para_90">Is é Foras na Gaeilge atá i mbun na hoibre a bhaineann le cuíchóiriú a dhéanamh ar a chuid eagraíochtaí bunmhaoinithe. Tá an obair seo ar siúl ag Foras na Gaeilge faoi réir na Comhairle Aireachta Thuaidh Theas.</p>
                        <p eId="para_91">Ag an gcruinniú den Chomhairle Aireachta Thuaidh Theas ar an 9 Iúil 2012, rinne Foras na Gaeilge cur i láthair don Chomhairle inar tugadh léargas ar an dul chun cinn maidir le múnla nua maoinithe a fhorbairt. Nótáil an Chomhairle go bhfuair Foras na Gaeilge 167 aighneacht le linn an phróisis chomhairliúcháin phoiblí a chríochnaigh i mí Aibreáin 2012. Nótáil an Chomhairle fosta plean athbhreithnithe forfheidhmiúcháin don athbhreithniúó Fhoras na Gaeilge. Iarradh ar Fhoras na Gaeilge moltaí críochnaitheacha maoinithe a chur ar fáil ag an gcéad chruinniú eile teanga de chuid na Comhairle Aireachta Thuaidh Theas.</p>
                        <p eId="para_92">Mar a cuireadh in iúl cheana, tá maoiniú eatramhach ceadaithe ag an gComhairle Aireachta Thuaidh Theas do na heagraíochtaí bunmhaoinithe go dtí an 30 Meitheamh 2013.</p>
                    </speech>
                </debateSection>
                </debateBody></debate>
</akomaNtoso>
