<?xml version='1.0' encoding='UTF-8'?>
<akomaNtoso xmlns="http://docs.oasis-open.org/legaldocml/ns/akn/3.0/CSD13" xmlns:xsi="http://www.w3.org/2001/XMLSchema-instance" xsi:schemaLocation="http://docs.oasis-open.org/legaldocml/ns/akn/3.0/CSD13 ./akomantoso30.xsd ">
    <debate name="Official Report">
        <meta>
            <identification source="#source">
                <FRBRWork>
                    <FRBRthis value="/akn/ie/debateRecord/dail/2012-07-18/writtens/dbsect_177"/>
                    <FRBRuri value="/akn/ie/debateRecord/dail/2012-07-18/writtens"/>
                    <FRBRdate date="2012-07-18" name="#generation"/>
                    <FRBRauthor href="http://oireachtas.ie/ie/oireachtas/house/dail"/>
                    <FRBRcountry value="ie"/>
                <FRBRname value="writtens"/></FRBRWork>
                <FRBRExpression>
                    <FRBRthis value="/akn/ie/debateRecord/dail/2012-07-18/writtens/mul@/dbsect_177"/>
                    <FRBRuri value="/akn/ie/debateRecord/dail/2012-07-18/writtens/mul@"/>
                    <FRBRdate date="2012-07-18" name="#reported"/>
                    <FRBRauthor as="#editor" href="http://oireachtas.ie/ie/oireachtas/role/debates"/>
                    <FRBRlanguage language="mul"/>
                </FRBRExpression>
                <FRBRManifestation>
                    <FRBRthis value="/akn/ie/debateRecord/dail/2012-07-18/writtens/mul@/dbsect_177.xml"/>
                    <FRBRuri value="/akn/ie/debateRecord/dail/2012-07-18/writtens/mul@.akn"/>
                    <FRBRdate date="2016-08-17T12:53:12.290656" name="#publication"/>
                    <FRBRauthor as="#editor" href="http://oireachtas.ie/ie/oireachtas/role/debates"/>
                </FRBRManifestation>
            </identification>
            <references source="#debates">
                <TLCOrganization eId="source" href="http://oireachtas.ie" showAs="Houses of the Oireachtas"/><TLCConcept eId="generation" href="http://oireachtas.ie/ie/oireachtas/ontology#Generation" showAs="Generation"/>
<TLCConcept eId="reported" href="http://oireachtas.ie/ie/oireachtas/ontology#Reported" showAs="Reported"/>
<TLCConcept eId="publication" href="http://oireachtas.ie/ie/oireachtas/ontology#Publication" showAs="Publication"/>
<TLCPerson eId="JanOSullivan" href="http://oireachtas.ie/ie/oireachtas/member/Jan-O'Sullivan.S.1993-02-17/dail/31" showAs="Ms. Jan O'Sullivan"/>
<TLCPerson eId="TommyBroughan" href="http://oireachtas.ie/ie/oireachtas/member/Thomas-P-Broughan.D.1992-12-14/dail/31" showAs="Mr. Tommy Broughan"/>
<TLCRole eId="Minister_for_the_Environment,_Community_and_Local_Government" href="http://oireachtas.ie/ie/oireachtas/member/Phil-Hogan.S.1987-04-25/dail/31/minister/environment__community__local_government" showAs="Minister for the Environment, Community and Local Government"/>
<TLCRole eId="Minister_of_State_at_the_Department_of_the_Environment,_Community_and_Local_Government" href="http://oireachtas.ie/ie/oireachtas/member/Jan-O'Sullivan.S.1993-02-17/dail/31/minister_state/environment__community__local_government" showAs="Minister of State at the Department of the Environment, Community and Local Government"/>
</references>
        </meta>
        <preface>
            <block name="title_ga">
                <docTitle>DÍOSPÓIREACHTAÍ PARLAIMINTE</docTitle>
            </block>
            <block name="title_en">
                <docTitle>PARLIAMENTARY DEBATES</docTitle>
            </block>
            <block name="proponent_ga">
                <docProponent>DÁIL ÉIREANN</docProponent>
            </block>
            <block name="status_ga">
                <docStatus>TUAIRISC OIFIGIÚIL</docStatus>
            </block>
            <block name="status_en">
                <docStatus>(OFFICIAL REPORT)</docStatus>
            </block>
            <block name="date_ga">
                <docDate date="2012-07-18">Dé Céadaoin, 18 Iúil 2012</docDate>
            </block>
            <block name="date_en">
                <docDate date="2012-07-18">Wednesday, 18 July 2012</docDate>
            </block>
        </preface>
        <debateBody><debateSection name="writtenAnswer" eId="dbsect_177">
                    <heading>Planning Issues</heading>
                    <question by="#TommyBroughan" to="#Minister_for_the_Environment,_Community_and_Local_Government" eId="pq_236">
                        <p eId="para_4500">
        236
        <b> Deputy Thomas P. Broughan</b>
         asked the 
        <b>Minister for the Environment, Community and Local Government</b>
         the current progress by Dublin City Council and Fingal County Council on the Malahide Road/Clare Hall town centre realignment or bypass; if his attention has been drawn to the urgent need to plan and construct the realignment to permit the remediation and completion of the Belmayne and Newtown section of the north fringe as per the DCC and Fingals LAPs for the district; and if he will make a statement on the matter. 
        [35841/12]
      </p>
                    </question>
                    <speech by="#JanOSullivan" as="#Minister_of_State_at_the_Department_of_the_Environment,_Community_and_Local_Government">
                        <from>Minister of State at the Department of the Environment, Community and Local Government (Deputy Jan O’Sullivan)</from>
                        <p eId="para_4501">The issue of road realignment or bypass is a matter for the planning authorities concerned pursuant to their functions as planning authorities under planning legislation, taking account of roads and transport policies and legislation for which the Minister for Transport, Tourism and Sport is responsible, and the policies of the relevant agencies under the aegis of the Department of Transport, Tourism and Sport.</p>
                        <p eId="para_4502">In discharge of my role as a statutory consultee on draft local area plans under the Planning Acts, my Department will make observations to the relevant planning authorities as appropriate.</p>
                    </speech>
                </debateSection>
                </debateBody></debate>
</akomaNtoso>
