<?xml version='1.0' encoding='UTF-8'?>
<akomaNtoso xmlns="http://docs.oasis-open.org/legaldocml/ns/akn/3.0/CSD13" xmlns:xsi="http://www.w3.org/2001/XMLSchema-instance" xsi:schemaLocation="http://docs.oasis-open.org/legaldocml/ns/akn/3.0/CSD13 ./akomantoso30.xsd ">
    <debate name="Official Report">
        <meta>
            <identification source="#source">
                <FRBRWork>
                    <FRBRthis value="/akn/ie/debateRecord/dail/2012-07-18/writtens/dbsect_57"/>
                    <FRBRuri value="/akn/ie/debateRecord/dail/2012-07-18/writtens"/>
                    <FRBRdate date="2012-07-18" name="#generation"/>
                    <FRBRauthor href="http://oireachtas.ie/ie/oireachtas/house/dail"/>
                    <FRBRcountry value="ie"/>
                <FRBRname value="writtens"/></FRBRWork>
                <FRBRExpression>
                    <FRBRthis value="/akn/ie/debateRecord/dail/2012-07-18/writtens/mul@/dbsect_57"/>
                    <FRBRuri value="/akn/ie/debateRecord/dail/2012-07-18/writtens/mul@"/>
                    <FRBRdate date="2012-07-18" name="#reported"/>
                    <FRBRauthor as="#editor" href="http://oireachtas.ie/ie/oireachtas/role/debates"/>
                    <FRBRlanguage language="mul"/>
                </FRBRExpression>
                <FRBRManifestation>
                    <FRBRthis value="/akn/ie/debateRecord/dail/2012-07-18/writtens/mul@/dbsect_57.xml"/>
                    <FRBRuri value="/akn/ie/debateRecord/dail/2012-07-18/writtens/mul@.akn"/>
                    <FRBRdate date="2016-08-17T12:53:12.290656" name="#publication"/>
                    <FRBRauthor as="#editor" href="http://oireachtas.ie/ie/oireachtas/role/debates"/>
                </FRBRManifestation>
            </identification>
            <references source="#debates">
                <TLCOrganization eId="source" href="http://oireachtas.ie" showAs="Houses of the Oireachtas"/><TLCConcept eId="generation" href="http://oireachtas.ie/ie/oireachtas/ontology#Generation" showAs="Generation"/>
<TLCConcept eId="reported" href="http://oireachtas.ie/ie/oireachtas/ontology#Reported" showAs="Reported"/>
<TLCConcept eId="publication" href="http://oireachtas.ie/ie/oireachtas/ontology#Publication" showAs="Publication"/>
<TLCPerson eId="RuairiQuinn" href="http://oireachtas.ie/ie/oireachtas/member/Ruairí-Quinn.S.1976-07-01/dail/31" showAs="Mr. Ruairí Quinn"/>
<TLCPerson eId="SeanFleming" href="http://oireachtas.ie/ie/oireachtas/member/Seán-Fleming.D.1997-06-26/dail/31" showAs="Mr. Sean Fleming"/>
<TLCRole eId="Minister_for_Education_and_Skills" href="http://oireachtas.ie/ie/oireachtas/member/Ruairí-Quinn.S.1976-07-01/dail/31/minister/education__skills" showAs="Minister for Education and Skills"/>
</references>
        </meta>
        <preface>
            <block name="title_ga">
                <docTitle>DÍOSPÓIREACHTAÍ PARLAIMINTE</docTitle>
            </block>
            <block name="title_en">
                <docTitle>PARLIAMENTARY DEBATES</docTitle>
            </block>
            <block name="proponent_ga">
                <docProponent>DÁIL ÉIREANN</docProponent>
            </block>
            <block name="status_ga">
                <docStatus>TUAIRISC OIFIGIÚIL</docStatus>
            </block>
            <block name="status_en">
                <docStatus>(OFFICIAL REPORT)</docStatus>
            </block>
            <block name="date_ga">
                <docDate date="2012-07-18">Dé Céadaoin, 18 Iúil 2012</docDate>
            </block>
            <block name="date_en">
                <docDate date="2012-07-18">Wednesday, 18 July 2012</docDate>
            </block>
        </preface>
        <debateBody><debateSection name="writtenAnswer" eId="dbsect_57">
                    <heading>School Staffing</heading>
                    <question by="#SeanFleming" to="#Minister_for_Education_and_Skills" eId="pq_94">
                        <p eId="para_1962">
        94
        <b> Deputy Sean Fleming</b>
         asked the 
        <b>Minister for Education and Skills</b>
         if a teacher in a temporary capacity may be granted to a school (details supplied); and if he will make a statement on the matter. 
        [35563/12]
      </p>
                    </question>
                    <speech by="#RuairiQuinn" as="#Minister_for_Education_and_Skills">
                        <from>Minister for Education and Skills (Deputy Ruairí Quinn)</from>
                        <p eId="para_1963">The criteria used for the allocation of teachers to schools is published annually on my Department's website. The key factor for determining the level of staffing resources provided at individual school level is the staffing schedule for the relevant school year and pupil enrolments on the previous 30 September. The staffing arrangements in schools for the 2012/2013 school year can also be affected by changes in their enrolment, the impact of budget measures and the reforms to the teacher allocation process. As part of the Budget 2012 decisions, the number of pupils required to gain and retain a classroom teaching post in small primary schools will be gradually increased between September 2012 and September 2014. The detailed arrangements are set out in the Department's Staffing Circular 0007/2012 and is available on my Department's website. The staffing circular also includes an appeals mechanism for schools to submit an appeal under certain criteria to an independent Primary Staffing Appeals Board. Details of the criteria for appeal are also contained in the staffing circular 0007/2012.</p>
                        <p eId="para_1964">The school referred to by the Deputy appealed their allocation of mainstream teaching posts for the 2012-2013 school year. The Primary Staffing Appeals Board considered the case at its meeting on 18th and 19th April 2012 and refused the appeal. The Board of Management of the school has been notified accordingly.</p>
                        <p eId="para_1965">The Appeals Board operates independently of the Department and its decision is final.</p>
                    </speech>
                </debateSection>
                </debateBody></debate>
</akomaNtoso>
