<?xml version='1.0' encoding='UTF-8'?>
<akomaNtoso xmlns="http://docs.oasis-open.org/legaldocml/ns/akn/3.0/CSD13" xmlns:xsi="http://www.w3.org/2001/XMLSchema-instance" xsi:schemaLocation="http://docs.oasis-open.org/legaldocml/ns/akn/3.0/CSD13 ./akomantoso30.xsd ">
    <debate name="Official Report">
        <meta>
            <identification source="#source">
                <FRBRWork>
                    <FRBRthis value="/akn/ie/debateRecord/dail/2012-07-18/writtens/dbsect_126"/>
                    <FRBRuri value="/akn/ie/debateRecord/dail/2012-07-18/writtens"/>
                    <FRBRdate date="2012-07-18" name="#generation"/>
                    <FRBRauthor href="http://oireachtas.ie/ie/oireachtas/house/dail"/>
                    <FRBRcountry value="ie"/>
                <FRBRname value="writtens"/></FRBRWork>
                <FRBRExpression>
                    <FRBRthis value="/akn/ie/debateRecord/dail/2012-07-18/writtens/mul@/dbsect_126"/>
                    <FRBRuri value="/akn/ie/debateRecord/dail/2012-07-18/writtens/mul@"/>
                    <FRBRdate date="2012-07-18" name="#reported"/>
                    <FRBRauthor as="#editor" href="http://oireachtas.ie/ie/oireachtas/role/debates"/>
                    <FRBRlanguage language="mul"/>
                </FRBRExpression>
                <FRBRManifestation>
                    <FRBRthis value="/akn/ie/debateRecord/dail/2012-07-18/writtens/mul@/dbsect_126.xml"/>
                    <FRBRuri value="/akn/ie/debateRecord/dail/2012-07-18/writtens/mul@.akn"/>
                    <FRBRdate date="2016-08-17T12:53:12.290656" name="#publication"/>
                    <FRBRauthor as="#editor" href="http://oireachtas.ie/ie/oireachtas/role/debates"/>
                </FRBRManifestation>
            </identification>
            <references source="#debates">
                <TLCOrganization eId="source" href="http://oireachtas.ie" showAs="Houses of the Oireachtas"/><TLCConcept eId="generation" href="http://oireachtas.ie/ie/oireachtas/ontology#Generation" showAs="Generation"/>
<TLCConcept eId="reported" href="http://oireachtas.ie/ie/oireachtas/ontology#Reported" showAs="Reported"/>
<TLCConcept eId="publication" href="http://oireachtas.ie/ie/oireachtas/ontology#Publication" showAs="Publication"/>
<TLCPerson eId="BrianStanley" href="http://oireachtas.ie/ie/oireachtas/member/Brian-Stanley.D.2011-03-09/dail/31" showAs="Mr. Brian Stanley"/>
<TLCPerson eId="JoanBurtonLAB" href="http://oireachtas.ie/ie/oireachtas/member/Joan-Burton.D.1992-12-14/dail/31" showAs="Ms. Joan Burton"/>
<TLCRole eId="Minister_for_Social_Protection" href="http://oireachtas.ie/ie/oireachtas/member/Joan-Burton.D.1992-12-14/dail/31/minister/social_protection" showAs="Minister for Social Protection"/>
</references>
        </meta>
        <preface>
            <block name="title_ga">
                <docTitle>DÍOSPÓIREACHTAÍ PARLAIMINTE</docTitle>
            </block>
            <block name="title_en">
                <docTitle>PARLIAMENTARY DEBATES</docTitle>
            </block>
            <block name="proponent_ga">
                <docProponent>DÁIL ÉIREANN</docProponent>
            </block>
            <block name="status_ga">
                <docStatus>TUAIRISC OIFIGIÚIL</docStatus>
            </block>
            <block name="status_en">
                <docStatus>(OFFICIAL REPORT)</docStatus>
            </block>
            <block name="date_ga">
                <docDate date="2012-07-18">Dé Céadaoin, 18 Iúil 2012</docDate>
            </block>
            <block name="date_en">
                <docDate date="2012-07-18">Wednesday, 18 July 2012</docDate>
            </block>
        </preface>
        <debateBody><debateSection name="writtenAnswer" eId="dbsect_126">
                    <heading>Departmental Expenditure</heading>
                    <question by="#BrianStanley" to="#Minister_for_Social_Protection" eId="pq_172">
                        <p eId="para_3919">
        172
        <b>Deputy Brian Stanley</b>
         asked the 
        <b>Minister for Social Protection</b>
         if he will provide a breakdown of the total annual spend, including all grants, by his Department on all structures of local Government here for 2011, and also for June 2011 to June 2012. 
        [35689/12]
      </p>
                    </question>
                    <speech by="#JoanBurtonLAB" as="#Minister_for_Social_Protection">
                        <from>Minister for Social Protection (Deputy Joan Burton)</from>
                        <p eId="para_3920">The Department of Social Protection makes grants to two bodies that operate under its aegis, namely the Citizens Information Board and the Pensions Board, and also to a limited number of external bodies. The tables below detail the expenditure on such grants for the periods referred to by the Deputy.</p>
                        <table>
                            <caption>Full Year 2011</caption>
                            <tr>
                                <td>
                                    <p eId="para_3921">Organisation</p>
                                </td>
                                <td>
                                    <p eId="para_3922">Grant €</p>
                                </td>
                            </tr>
                            <tr>
                                <td>
                                    <p eId="para_3923">Citizens Information Board</p>
                                </td>
                                <td>
                                    <p eId="para_3924">45,113,622</p>
                                </td>
                            </tr>
                            <tr>
                                <td>
                                    <p eId="para_3925">Irish National Organisation of the Unemployed</p>
                                </td>
                                <td>
                                    <p eId="para_3926">218,000</p>
                                </td>
                            </tr>
                            <tr>
                                <td>
                                    <p eId="para_3927">Northside Community Law Centre</p>
                                </td>
                                <td>
                                    <p eId="para_3928">350,000</p>
                                </td>
                            </tr>
                            <tr>
                                <td>
                                    <p eId="para_3929">Pensions Board</p>
                                </td>
                                <td>
                                    <p eId="para_3930">400,000</p>
                                </td>
                            </tr>
                        </table>
                        <table>
                            <caption>From 1/06/2011 to 30/06/2012</caption>
                            <tr>
                                <td>
                                    <p eId="para_3931">Organisation</p>
                                </td>
                                <td>
                                    <p eId="para_3932">Grant €</p>
                                </td>
                            </tr>
                            <tr>
                                <td>
                                    <p eId="para_3933">Citizens Information Board</p>
                                </td>
                                <td>
                                    <p eId="para_3934">46,797,622</p>
                                </td>
                            </tr>
                            <tr>
                                <td>
                                    <p eId="para_3935">Irish National Organisation of the Unemployed</p>
                                </td>
                                <td>
                                    <p eId="para_3936">200,000</p>
                                </td>
                            </tr>
                            <tr>
                                <td>
                                    <p eId="para_3937">Northside Community Law Centre</p>
                                </td>
                                <td>
                                    <p eId="para_3938">295,000</p>
                                </td>
                            </tr>
                            <tr>
                                <td>
                                    <p eId="para_3939">Pensions Board</p>
                                </td>
                                <td>
                                    <p eId="para_3940">400,000</p>
                                </td>
                            </tr>
                        </table>
                    </speech>
                </debateSection>
                </debateBody></debate>
</akomaNtoso>
