<?xml version='1.0' encoding='UTF-8'?>
<akomaNtoso xmlns="http://docs.oasis-open.org/legaldocml/ns/akn/3.0/CSD13" xmlns:xsi="http://www.w3.org/2001/XMLSchema-instance" xsi:schemaLocation="http://docs.oasis-open.org/legaldocml/ns/akn/3.0/CSD13 ./akomantoso30.xsd ">
    <debate name="Official Report">
        <meta>
            <identification source="#source">
                <FRBRWork>
                    <FRBRthis value="/akn/ie/debateRecord/dail/2012-07-18/writtens/dbsect_259"/>
                    <FRBRuri value="/akn/ie/debateRecord/dail/2012-07-18/writtens"/>
                    <FRBRdate date="2012-07-18" name="#generation"/>
                    <FRBRauthor href="http://oireachtas.ie/ie/oireachtas/house/dail"/>
                    <FRBRcountry value="ie"/>
                <FRBRname value="writtens"/></FRBRWork>
                <FRBRExpression>
                    <FRBRthis value="/akn/ie/debateRecord/dail/2012-07-18/writtens/mul@/dbsect_259"/>
                    <FRBRuri value="/akn/ie/debateRecord/dail/2012-07-18/writtens/mul@"/>
                    <FRBRdate date="2012-07-18" name="#reported"/>
                    <FRBRauthor as="#editor" href="http://oireachtas.ie/ie/oireachtas/role/debates"/>
                    <FRBRlanguage language="mul"/>
                </FRBRExpression>
                <FRBRManifestation>
                    <FRBRthis value="/akn/ie/debateRecord/dail/2012-07-18/writtens/mul@/dbsect_259.xml"/>
                    <FRBRuri value="/akn/ie/debateRecord/dail/2012-07-18/writtens/mul@.akn"/>
                    <FRBRdate date="2016-08-17T12:53:12.290656" name="#publication"/>
                    <FRBRauthor as="#editor" href="http://oireachtas.ie/ie/oireachtas/role/debates"/>
                </FRBRManifestation>
            </identification>
            <references source="#debates">
                <TLCOrganization eId="source" href="http://oireachtas.ie" showAs="Houses of the Oireachtas"/><TLCConcept eId="generation" href="http://oireachtas.ie/ie/oireachtas/ontology#Generation" showAs="Generation"/>
<TLCConcept eId="reported" href="http://oireachtas.ie/ie/oireachtas/ontology#Reported" showAs="Reported"/>
<TLCConcept eId="publication" href="http://oireachtas.ie/ie/oireachtas/ontology#Publication" showAs="Publication"/>
<TLCPerson eId="BrianStanley" href="http://oireachtas.ie/ie/oireachtas/member/Brian-Stanley.D.2011-03-09/dail/31" showAs="Mr. Brian Stanley"/>
<TLCPerson eId="RoisinShortall" href="http://oireachtas.ie/ie/oireachtas/member/Róisín-Shortall.D.1992-12-14/dail/31" showAs="Ms. Róisín Shortall"/>
<TLCRole eId="Minister_for_Health" href="http://oireachtas.ie/ie/oireachtas/member/James-Reilly.D.2007-06-14/dail/31/minister/health" showAs="Minister for Health"/>
<TLCRole eId="Minister_of_State_at_the_Department_of_Health" href="http://oireachtas.ie/ie/oireachtas/member/Kathleen-Lynch.D.1994-11-10/dail/31/minister_state/health" showAs="Minister of State at the Department of Health"/>
</references>
        </meta>
        <preface>
            <block name="title_ga">
                <docTitle>DÍOSPÓIREACHTAÍ PARLAIMINTE</docTitle>
            </block>
            <block name="title_en">
                <docTitle>PARLIAMENTARY DEBATES</docTitle>
            </block>
            <block name="proponent_ga">
                <docProponent>DÁIL ÉIREANN</docProponent>
            </block>
            <block name="status_ga">
                <docStatus>TUAIRISC OIFIGIÚIL</docStatus>
            </block>
            <block name="status_en">
                <docStatus>(OFFICIAL REPORT)</docStatus>
            </block>
            <block name="date_ga">
                <docDate date="2012-07-18">Dé Céadaoin, 18 Iúil 2012</docDate>
            </block>
            <block name="date_en">
                <docDate date="2012-07-18">Wednesday, 18 July 2012</docDate>
            </block>
        </preface>
        <debateBody><debateSection name="writtenAnswer" eId="dbsect_259">
                    <heading>Local Government Funding</heading>
                    <question by="#BrianStanley" to="#Minister_for_Health" eId="pq_349">
                        <p eId="para_5457">
        349
        <b> Deputy Brian Stanley</b>
         asked the 
        <b>Minister for Health</b>
         if he will provide a breakdown of the total annual spend, including all grants, by his Department on all structures of local government here for 2011, and also for June 2011 to June 2012. 
        [35685/12]
      </p>
                    </question>
                    <speech by="#RoisinShortall" as="#Minister_of_State_at_the_Department_of_Health">
                        <from>Minister of State at the Department of Health (Deputy Róisín Shortall)</from>
                        <p eId="para_5458">Funding for community based drugs projects supported by Local and Regional Drugs Task Forces is channelled through a number of Government Departments and State agencies, including certain local authorities.  A full breakdown of the grants by local authority area relating to the 2011 financial year and the period January to June 2012 is set out in the table.</p>
                        <p eId="para_5459">The attention of the Deputy is drawn to the fact that Dublin City Council ceased to operate as a channel of funding for my Department this year.  An alternative funding agency has been identified for each of the nine projects concerned, seven of which have transferred to the HSE, while the remaining two projects have been assigned to the City of Dublin VEC and the Canal Communities Partnership respectively.  The project previously funded through Dún Laoghaire-Rathdown County Council has not been allocated funding in 2012.</p>
                        <table>
                            <tr>
                                <td>
                                    <p eId="para_5460">Council</p>
                                </td>
                                <td>
                                    <p eId="para_5461">Jan-June 2011</p>
                                </td>
                                <td>
                                    <p eId="para_5462">July-Dec 2011</p>
                                </td>
                                <td>
                                    <p eId="para_5463">Jan-June 2012</p>
                                </td>
                            </tr>
                            <tr>
                                <td>
                                    <p eId="para_5464">Dublin City</p>
                                </td>
                                <td>
                                    <p eId="para_5465">164,346.67</p>
                                </td>
                                <td>
                                    <p eId="para_5466">164,328.67</p>
                                </td>
                                <td>
                                    <p eId="para_5467">0.00</p>
                                </td>
                            </tr>
                            <tr>
                                <td>
                                    <p eId="para_5468">Dún Laoghaire-Rathdown County</p>
                                </td>
                                <td>
                                    <p eId="para_5469">30,500.00</p>
                                </td>
                                <td>
                                    <p eId="para_5470">30,500.00</p>
                                </td>
                                <td>
                                    <p eId="para_5471">0.00</p>
                                </td>
                            </tr>
                            <tr>
                                <td>
                                    <p eId="para_5472">Fingal County</p>
                                </td>
                                <td>
                                    <p eId="para_5473">111,823..00</p>
                                </td>
                                <td>
                                    <p eId="para_5474">90,823.00</p>
                                </td>
                                <td>
                                    <p eId="para_5475">97,948.00</p>
                                </td>
                            </tr>
                            <tr>
                                <td>
                                    <p eId="para_5476">Laois County</p>
                                </td>
                                <td>
                                    <p eId="para_5477">1,000.00</p>
                                </td>
                                <td>
                                    <p eId="para_5478">0.00</p>
                                </td>
                                <td>
                                    <p eId="para_5479">1,500.00</p>
                                </td>
                            </tr>
                            <tr>
                                <td>
                                    <p eId="para_5480">Offaly County</p>
                                </td>
                                <td>
                                    <p eId="para_5481">2,384.00</p>
                                </td>
                                <td>
                                    <p eId="para_5482">2,768.00</p>
                                </td>
                                <td>
                                    <p eId="para_5483">2,000.00</p>
                                </td>
                            </tr>
                            <tr>
                                <td>
                                    <p eId="para_5484">Westmeath County</p>
                                </td>
                                <td>
                                    <p eId="para_5485">96,138.00</p>
                                </td>
                                <td>
                                    <p eId="para_5486">70,832.00</p>
                                </td>
                                <td>
                                    <p eId="para_5487">82,780.00</p>
                                </td>
                            </tr>
                            <tr>
                                <td>
                                    <p eId="para_5488">Total</p>
                                </td>
                                <td>
                                    <p eId="para_5489">406,191.67</p>
                                </td>
                                <td>
                                    <p eId="para_5490">359,271.67</p>
                                </td>
                                <td>
                                    <p eId="para_5491">184,228.00</p>
                                </td>
                            </tr>
                        </table>
                    </speech>
                </debateSection>
                </debateBody></debate>
</akomaNtoso>
