<?xml version='1.0' encoding='UTF-8'?>
<akomaNtoso xmlns="http://docs.oasis-open.org/legaldocml/ns/akn/3.0/CSD13" xmlns:xsi="http://www.w3.org/2001/XMLSchema-instance" xsi:schemaLocation="http://docs.oasis-open.org/legaldocml/ns/akn/3.0/CSD13 ./akomantoso30.xsd ">
    <debate name="Official Report">
        <meta>
            <identification source="#source">
                <FRBRWork>
                    <FRBRthis value="/akn/ie/debateRecord/dail/2012-07-18/writtens/dbsect_112"/>
                    <FRBRuri value="/akn/ie/debateRecord/dail/2012-07-18/writtens"/>
                    <FRBRdate date="2012-07-18" name="#generation"/>
                    <FRBRauthor href="http://oireachtas.ie/ie/oireachtas/house/dail"/>
                    <FRBRcountry value="ie"/>
                <FRBRname value="writtens"/></FRBRWork>
                <FRBRExpression>
                    <FRBRthis value="/akn/ie/debateRecord/dail/2012-07-18/writtens/mul@/dbsect_112"/>
                    <FRBRuri value="/akn/ie/debateRecord/dail/2012-07-18/writtens/mul@"/>
                    <FRBRdate date="2012-07-18" name="#reported"/>
                    <FRBRauthor as="#editor" href="http://oireachtas.ie/ie/oireachtas/role/debates"/>
                    <FRBRlanguage language="mul"/>
                </FRBRExpression>
                <FRBRManifestation>
                    <FRBRthis value="/akn/ie/debateRecord/dail/2012-07-18/writtens/mul@/dbsect_112.xml"/>
                    <FRBRuri value="/akn/ie/debateRecord/dail/2012-07-18/writtens/mul@.akn"/>
                    <FRBRdate date="2016-08-17T12:53:12.290656" name="#publication"/>
                    <FRBRauthor as="#editor" href="http://oireachtas.ie/ie/oireachtas/role/debates"/>
                </FRBRManifestation>
            </identification>
            <references source="#debates">
                <TLCOrganization eId="source" href="http://oireachtas.ie" showAs="Houses of the Oireachtas"/><TLCConcept eId="generation" href="http://oireachtas.ie/ie/oireachtas/ontology#Generation" showAs="Generation"/>
<TLCConcept eId="reported" href="http://oireachtas.ie/ie/oireachtas/ontology#Reported" showAs="Reported"/>
<TLCConcept eId="publication" href="http://oireachtas.ie/ie/oireachtas/ontology#Publication" showAs="Publication"/>
<TLCPerson eId="JoanBurtonLAB" href="http://oireachtas.ie/ie/oireachtas/member/Joan-Burton.D.1992-12-14/dail/31" showAs="Ms. Joan Burton"/>
<TLCPerson eId="MichaelCreed" href="http://oireachtas.ie/ie/oireachtas/member/Michael-Creed.D.1989-06-29/dail/31" showAs="Mr. Michael Creed"/>
<TLCRole eId="Minister_for_Social_Protection" href="http://oireachtas.ie/ie/oireachtas/member/Joan-Burton.D.1992-12-14/dail/31/minister/social_protection" showAs="Minister for Social Protection"/>
</references>
        </meta>
        <preface>
            <block name="title_ga">
                <docTitle>DÍOSPÓIREACHTAÍ PARLAIMINTE</docTitle>
            </block>
            <block name="title_en">
                <docTitle>PARLIAMENTARY DEBATES</docTitle>
            </block>
            <block name="proponent_ga">
                <docProponent>DÁIL ÉIREANN</docProponent>
            </block>
            <block name="status_ga">
                <docStatus>TUAIRISC OIFIGIÚIL</docStatus>
            </block>
            <block name="status_en">
                <docStatus>(OFFICIAL REPORT)</docStatus>
            </block>
            <block name="date_ga">
                <docDate date="2012-07-18">Dé Céadaoin, 18 Iúil 2012</docDate>
            </block>
            <block name="date_en">
                <docDate date="2012-07-18">Wednesday, 18 July 2012</docDate>
            </block>
        </preface>
        <debateBody><debateSection name="writtenAnswer" eId="dbsect_112">
                    <heading>Domiciliary Care Allowance</heading>
                    <question by="#MichaelCreed" to="#Minister_for_Social_Protection" eId="pq_155">
                        <p eId="para_3849">
        155
        <b> Deputy Michael Creed</b>
         asked the 
        <b>Minister for Social Protection</b>
         when a decision will be made on a domiciliary care allowance appeal in respect of a person (details supplied) in County Cork; and if she will make a statement on the matter. 
        [35548/12]
      </p>
                    </question>
                    <speech by="#JoanBurtonLAB" as="#Minister_for_Social_Protection">
                        <from>Minister for Social Protection (Deputy Joan Burton)</from>
                        <p eId="para_3850">The Social Welfare Appeals Office has advised me that an appeal by the person concerned was registered in that office on 12th  June 2012.  It is a statutory requirement of the appeals process that the relevant Departmental papers and comments by the Deciding Officer on the grounds of appeal be sought.  When received, the case in question will be referred to an Appeals Officer who will make a summary decision on the appeal based on documentary evidence presented or, if required, hold an oral hearing.</p>
                        <p eId="para_3851">The Social Welfare Appeals Office functions independently of the Minister for Social Protection and of the Department and is responsible for determining appeals against decisions on social welfare entitlements.</p>
                    </speech>
                </debateSection>
                </debateBody></debate>
</akomaNtoso>
