<?xml version='1.0' encoding='UTF-8'?>
<akomaNtoso xmlns="http://docs.oasis-open.org/legaldocml/ns/akn/3.0/CSD13" xmlns:xsi="http://www.w3.org/2001/XMLSchema-instance" xsi:schemaLocation="http://docs.oasis-open.org/legaldocml/ns/akn/3.0/CSD13 ./akomantoso30.xsd ">
    <debate name="Official Report">
        <meta>
            <identification source="#source">
                <FRBRWork>
                    <FRBRthis value="/akn/ie/debateRecord/dail/2012-07-18/writtens/dbsect_118"/>
                    <FRBRuri value="/akn/ie/debateRecord/dail/2012-07-18/writtens"/>
                    <FRBRdate date="2012-07-18" name="#generation"/>
                    <FRBRauthor href="http://oireachtas.ie/ie/oireachtas/house/dail"/>
                    <FRBRcountry value="ie"/>
                <FRBRname value="writtens"/></FRBRWork>
                <FRBRExpression>
                    <FRBRthis value="/akn/ie/debateRecord/dail/2012-07-18/writtens/mul@/dbsect_118"/>
                    <FRBRuri value="/akn/ie/debateRecord/dail/2012-07-18/writtens/mul@"/>
                    <FRBRdate date="2012-07-18" name="#reported"/>
                    <FRBRauthor as="#editor" href="http://oireachtas.ie/ie/oireachtas/role/debates"/>
                    <FRBRlanguage language="mul"/>
                </FRBRExpression>
                <FRBRManifestation>
                    <FRBRthis value="/akn/ie/debateRecord/dail/2012-07-18/writtens/mul@/dbsect_118.xml"/>
                    <FRBRuri value="/akn/ie/debateRecord/dail/2012-07-18/writtens/mul@.akn"/>
                    <FRBRdate date="2016-08-17T12:53:12.290656" name="#publication"/>
                    <FRBRauthor as="#editor" href="http://oireachtas.ie/ie/oireachtas/role/debates"/>
                </FRBRManifestation>
            </identification>
            <references source="#debates">
                <TLCOrganization eId="source" href="http://oireachtas.ie" showAs="Houses of the Oireachtas"/><TLCConcept eId="generation" href="http://oireachtas.ie/ie/oireachtas/ontology#Generation" showAs="Generation"/>
<TLCConcept eId="reported" href="http://oireachtas.ie/ie/oireachtas/ontology#Reported" showAs="Reported"/>
<TLCConcept eId="publication" href="http://oireachtas.ie/ie/oireachtas/ontology#Publication" showAs="Publication"/>
<TLCPerson eId="JoanBurtonLAB" href="http://oireachtas.ie/ie/oireachtas/member/Joan-Burton.D.1992-12-14/dail/31" showAs="Ms. Joan Burton"/>
<TLCPerson eId="PeterMathews" href="http://oireachtas.ie/ie/oireachtas/member/Peter-Mathews.D.2011-03-09/dail/31" showAs="Mr. Peter Mathews"/>
<TLCRole eId="Minister_for_Social_Protection" href="http://oireachtas.ie/ie/oireachtas/member/Joan-Burton.D.1992-12-14/dail/31/minister/social_protection" showAs="Minister for Social Protection"/>
</references>
        </meta>
        <preface>
            <block name="title_ga">
                <docTitle>DÍOSPÓIREACHTAÍ PARLAIMINTE</docTitle>
            </block>
            <block name="title_en">
                <docTitle>PARLIAMENTARY DEBATES</docTitle>
            </block>
            <block name="proponent_ga">
                <docProponent>DÁIL ÉIREANN</docProponent>
            </block>
            <block name="status_ga">
                <docStatus>TUAIRISC OIFIGIÚIL</docStatus>
            </block>
            <block name="status_en">
                <docStatus>(OFFICIAL REPORT)</docStatus>
            </block>
            <block name="date_ga">
                <docDate date="2012-07-18">Dé Céadaoin, 18 Iúil 2012</docDate>
            </block>
            <block name="date_en">
                <docDate date="2012-07-18">Wednesday, 18 July 2012</docDate>
            </block>
        </preface>
        <debateBody><debateSection name="writtenAnswer" eId="dbsect_118">
                    <heading>Jobseeker’s Allowance</heading>
                    <question by="#PeterMathews" to="#Minister_for_Social_Protection" eId="pq_163">
                        <p eId="para_3872">
        163
        <b> Deputy Peter Mathews</b>
         asked the 
        <b>Minister for Social Protection</b>
         the options available to a person (details supplied); and if she will make a statement on the matter. 
        [35625/12]
      </p>
                    </question>
                    <speech by="#JoanBurtonLAB" as="#Minister_for_Social_Protection">
                        <from>Minister for Social Protection (Deputy Joan Burton)</from>
                        <p eId="para_3873">The current differentiation in the treatment of a spouse/partner's income from employment and self-employment for the purposes of jobseeker's allowance has existed for many years, as has the non-eligibility of the self-employed for family income supplement. I note the concerns put forward by the Deputy's correspondent in this regard. However, any changes to the current arrangements would need to be considered from the broader policy perspective and in a Budgetary context.</p>
                        <p eId="para_3874">I also note that the person involved states that his income from self-employment in the current year has declined.  In the case of jobseeker's allowance, the relevant legislation provides for the assessment of all income in cash and any non-cash benefits which the person or his or her spouse/partner may reasonably expect to receive during the succeeding year. The legislation also provides that where the income in the coming 12 months is not ascertainable otherwise, the income for the last 12 months shall be assessed.</p>
                        <p eId="para_3875">However, account may also be taken of the potential for significant upward or downward variations in income from one year to the next. This could arise, as would appear to have now happened in the case in question, where a self-employed person lost a contract and was unlikely to find a similar substitute contract in the coming year. In this regard, it is recognised that the present downturn in the economy is having a significant impact on many self-employed persons and the consequent reduction in their income and activity levels should be reflected in any assessment of their means from self-employment for jobseeker's allowance purposes.</p>
                        <p eId="para_3876">If this is the situation in this instance, the spouse/partner of the self-employed person should contact  the relevant local office of this Department and request a review of entitlement based on changed circumstances. In addition it is open to the individual, if they are dissatisfied with the means assessed, to appeal any such decision to the Social Welfare Appeals Office.</p>
                    </speech>
                </debateSection>
                </debateBody></debate>
</akomaNtoso>
