<?xml version='1.0' encoding='UTF-8'?>
<akomaNtoso xmlns="http://docs.oasis-open.org/legaldocml/ns/akn/3.0/CSD13" xmlns:xsi="http://www.w3.org/2001/XMLSchema-instance" xsi:schemaLocation="http://docs.oasis-open.org/legaldocml/ns/akn/3.0/CSD13 ./akomantoso30.xsd ">
    <debate name="Official Report">
        <meta>
            <identification source="#source">
                <FRBRWork>
                    <FRBRthis value="/akn/ie/debateRecord/dail/2012-07-18/writtens/dbsect_170"/>
                    <FRBRuri value="/akn/ie/debateRecord/dail/2012-07-18/writtens"/>
                    <FRBRdate date="2012-07-18" name="#generation"/>
                    <FRBRauthor href="http://oireachtas.ie/ie/oireachtas/house/dail"/>
                    <FRBRcountry value="ie"/>
                <FRBRname value="writtens"/></FRBRWork>
                <FRBRExpression>
                    <FRBRthis value="/akn/ie/debateRecord/dail/2012-07-18/writtens/mul@/dbsect_170"/>
                    <FRBRuri value="/akn/ie/debateRecord/dail/2012-07-18/writtens/mul@"/>
                    <FRBRdate date="2012-07-18" name="#reported"/>
                    <FRBRauthor as="#editor" href="http://oireachtas.ie/ie/oireachtas/role/debates"/>
                    <FRBRlanguage language="mul"/>
                </FRBRExpression>
                <FRBRManifestation>
                    <FRBRthis value="/akn/ie/debateRecord/dail/2012-07-18/writtens/mul@/dbsect_170.xml"/>
                    <FRBRuri value="/akn/ie/debateRecord/dail/2012-07-18/writtens/mul@.akn"/>
                    <FRBRdate date="2016-08-17T12:53:12.290656" name="#publication"/>
                    <FRBRauthor as="#editor" href="http://oireachtas.ie/ie/oireachtas/role/debates"/>
                </FRBRManifestation>
            </identification>
            <references source="#debates">
                <TLCOrganization eId="source" href="http://oireachtas.ie" showAs="Houses of the Oireachtas"/><TLCConcept eId="generation" href="http://oireachtas.ie/ie/oireachtas/ontology#Generation" showAs="Generation"/>
<TLCConcept eId="reported" href="http://oireachtas.ie/ie/oireachtas/ontology#Reported" showAs="Reported"/>
<TLCConcept eId="publication" href="http://oireachtas.ie/ie/oireachtas/ontology#Publication" showAs="Publication"/>
<TLCPerson eId="CatherineMurphy" href="http://oireachtas.ie/ie/oireachtas/member/Catherine-Murphy.D.2005-03-11/dail/31" showAs="Ms. Catherine Murphy"/>
<TLCPerson eId="PhilipHogan" href="http://oireachtas.ie/ie/oireachtas/member/Phil-Hogan.S.1987-04-25/dail/31" showAs="Mr. Phil Hogan"/>
<TLCRole eId="Minister_for_the_Environment,_Community_and_Local_Government" href="http://oireachtas.ie/ie/oireachtas/member/Phil-Hogan.S.1987-04-25/dail/31/minister/environment__community__local_government" showAs="Minister for the Environment, Community and Local Government"/>
</references>
        </meta>
        <preface>
            <block name="title_ga">
                <docTitle>DÍOSPÓIREACHTAÍ PARLAIMINTE</docTitle>
            </block>
            <block name="title_en">
                <docTitle>PARLIAMENTARY DEBATES</docTitle>
            </block>
            <block name="proponent_ga">
                <docProponent>DÁIL ÉIREANN</docProponent>
            </block>
            <block name="status_ga">
                <docStatus>TUAIRISC OIFIGIÚIL</docStatus>
            </block>
            <block name="status_en">
                <docStatus>(OFFICIAL REPORT)</docStatus>
            </block>
            <block name="date_ga">
                <docDate date="2012-07-18">Dé Céadaoin, 18 Iúil 2012</docDate>
            </block>
            <block name="date_en">
                <docDate date="2012-07-18">Wednesday, 18 July 2012</docDate>
            </block>
        </preface>
        <debateBody><debateSection name="writtenAnswer" eId="dbsect_170">
                    <heading>Planning Issues</heading>
                    <question by="#CatherineMurphy" to="#Minister_for_the_Environment,_Community_and_Local_Government" eId="pq_228">
                        <p eId="para_4432">
        228
        <b> Deputy Catherine Murphy</b>
         asked the 
        <b>Minister for the Environment, Community and Local Government</b>
         if he will advise if his decision to wind up the Dublin Docklands Development Authority will impact upon the status of section 25 planning schemes, both adopted and under preparation; and if there will be any corresponding impact on planning permissions granted following the preparation of relevant planning schemes; and if he will make a statement on the matter. 
        [35633/12]
      </p>
                    </question>
                    <speech by="#PhilipHogan" as="#Minister_for_the_Environment,_Community_and_Local_Government">
                        <from>Minister for the Environment, Community and Local Government (Deputy Phil Hogan)</from>
                        <p eId="para_4433">On 31 May, I announced that the Government had decided that the Dublin Docklands Development Authority is to be wound up, taking account of its precarious financial outlook as well as the findings of the C&amp;AG's Special Report on the Authority.  However, it is envisaged that the Authority will remain in place for a transitional period under a new Executive Board chaired by the Dublin City Manager, Mr. John Tierney, to allow the Authority to progress elements of ongoing work and to make the necessary preparations for the migration to new arrangements to be decided by the Government.</p>
                        <p eId="para_4434">Over the coming months, the Authority will be focusing on managing some important ongoing business that needs to be progressed to completion; in parallel with this work, the Government will finalise the appropriate arrangements for ensuring a continued, concerted focus on the Docklands regeneration initiative, with a particular emphasis on:</p>
                        <p eId="para_4435">maintaining and enhancing the Docklands brand and international marketability as an attractive and prime location for investment and high-value development;</p>
                        <p eId="para_4436">providing for an appropriate set of "fast-track" planning procedures,</p>
                        <p eId="para_4437">continuing to involve the local community and the business sector in the regeneration project, and</p>
                        <p eId="para_4438">facilitating job creation.</p>
                        <p eId="para_4439">In developing appropriate "fast-track" planning procedures, the Government's intention is to facilitate a seamless transition to the new arrangements and it will be taking due account of the status of the current Planning Schemes and of planning certificates issued under such Schemes, pursuant to section 25 of the Dublin Docklands Development Authority Act 1997 in its considerations.</p>
                    </speech>
                </debateSection>
                </debateBody></debate>
</akomaNtoso>
