<?xml version='1.0' encoding='UTF-8'?>
<akomaNtoso xmlns="http://docs.oasis-open.org/legaldocml/ns/akn/3.0/CSD13" xmlns:xsi="http://www.w3.org/2001/XMLSchema-instance" xsi:schemaLocation="http://docs.oasis-open.org/legaldocml/ns/akn/3.0/CSD13 ./akomantoso30.xsd ">
    <debate name="Official Report">
        <meta>
            <identification source="#source">
                <FRBRWork>
                    <FRBRthis value="/akn/ie/debateRecord/dail/2012-07-18/writtens/dbsect_163"/>
                    <FRBRuri value="/akn/ie/debateRecord/dail/2012-07-18/writtens"/>
                    <FRBRdate date="2012-07-18" name="#generation"/>
                    <FRBRauthor href="http://oireachtas.ie/ie/oireachtas/house/dail"/>
                    <FRBRcountry value="ie"/>
                <FRBRname value="writtens"/></FRBRWork>
                <FRBRExpression>
                    <FRBRthis value="/akn/ie/debateRecord/dail/2012-07-18/writtens/mul@/dbsect_163"/>
                    <FRBRuri value="/akn/ie/debateRecord/dail/2012-07-18/writtens/mul@"/>
                    <FRBRdate date="2012-07-18" name="#reported"/>
                    <FRBRauthor as="#editor" href="http://oireachtas.ie/ie/oireachtas/role/debates"/>
                    <FRBRlanguage language="mul"/>
                </FRBRExpression>
                <FRBRManifestation>
                    <FRBRthis value="/akn/ie/debateRecord/dail/2012-07-18/writtens/mul@/dbsect_163.xml"/>
                    <FRBRuri value="/akn/ie/debateRecord/dail/2012-07-18/writtens/mul@.akn"/>
                    <FRBRdate date="2016-08-17T12:53:12.290656" name="#publication"/>
                    <FRBRauthor as="#editor" href="http://oireachtas.ie/ie/oireachtas/role/debates"/>
                </FRBRManifestation>
            </identification>
            <references source="#debates">
                <TLCOrganization eId="source" href="http://oireachtas.ie" showAs="Houses of the Oireachtas"/><TLCConcept eId="generation" href="http://oireachtas.ie/ie/oireachtas/ontology#Generation" showAs="Generation"/>
<TLCConcept eId="reported" href="http://oireachtas.ie/ie/oireachtas/ontology#Reported" showAs="Reported"/>
<TLCConcept eId="publication" href="http://oireachtas.ie/ie/oireachtas/ontology#Publication" showAs="Publication"/>
<TLCPerson eId="JanOSullivan" href="http://oireachtas.ie/ie/oireachtas/member/Jan-O'Sullivan.S.1993-02-17/dail/31" showAs="Ms. Jan O'Sullivan"/>
<TLCPerson eId="SimonHarris" href="http://oireachtas.ie/ie/oireachtas/member/Simon-Harris.D.2011-03-09/dail/31" showAs="Mr. Simon Harris"/>
<TLCRole eId="Minister_for_the_Environment,_Community_and_Local_Government" href="http://oireachtas.ie/ie/oireachtas/member/Phil-Hogan.S.1987-04-25/dail/31/minister/environment__community__local_government" showAs="Minister for the Environment, Community and Local Government"/>
<TLCRole eId="Minister_of_State_at_the_Department_of_the_Environment,_Community_and_Local_Government" href="http://oireachtas.ie/ie/oireachtas/member/Jan-O'Sullivan.S.1993-02-17/dail/31/minister_state/environment__community__local_government" showAs="Minister of State at the Department of the Environment, Community and Local Government"/>
</references>
        </meta>
        <preface>
            <block name="title_ga">
                <docTitle>DÍOSPÓIREACHTAÍ PARLAIMINTE</docTitle>
            </block>
            <block name="title_en">
                <docTitle>PARLIAMENTARY DEBATES</docTitle>
            </block>
            <block name="proponent_ga">
                <docProponent>DÁIL ÉIREANN</docProponent>
            </block>
            <block name="status_ga">
                <docStatus>TUAIRISC OIFIGIÚIL</docStatus>
            </block>
            <block name="status_en">
                <docStatus>(OFFICIAL REPORT)</docStatus>
            </block>
            <block name="date_ga">
                <docDate date="2012-07-18">Dé Céadaoin, 18 Iúil 2012</docDate>
            </block>
            <block name="date_en">
                <docDate date="2012-07-18">Wednesday, 18 July 2012</docDate>
            </block>
        </preface>
        <debateBody><debateSection name="writtenAnswer" eId="dbsect_163">
                    <heading>Local Authority Housing</heading>
                    <question by="#SimonHarris" to="#Minister_for_the_Environment,_Community_and_Local_Government" eId="pq_221">
                        <p eId="para_4299">
        221
        <b> Deputy Simon Harris</b>
         asked the 
        <b>Minister for the Environment, Community and Local Government</b>
         the criteria a local authority considers in deciding on a person’s application for inclusion on their housing list (details supplied); and if he will make a statement on the matter. 
        [35484/12]
      </p>
                    </question>
                    <speech by="#JanOSullivan" as="#Minister_of_State_at_the_Department_of_the_Environment,_Community_and_Local_Government">
                        <from>Minister of State at the Department of the Environment, Community and Local Government (Deputy Jan O’Sullivan)</from>
                        <p eId="para_4300">Section 20 of the Housing (Miscellaneous Provisions) Act, 2009 dealing with social housing support, and the related Social Housing Assessment Regulations, 2011, were commenced on 1 April 2011. These provide a standard procedure for assessing applicants for social housing.</p>
                        <p eId="para_4301">A household may apply to the housing authority for the functional area—</p>
                        <p eId="para_4302">where it normally resides — this would include a household residing in rented accommodation, or</p>
                        <p eId="para_4303">where it has a local connection.</p>
                        <p eId="para_4304">The Regulations require a housing authority, in determining if a household has a local connection, to have regard to whether a household member:</p>
                        <p eId="para_4305">lived in the area for a continuous 5 year period  at any time in the past;</p>
                        <p eId="para_4306">is employed in the area or within 15 km of the area;</p>
                        <p eId="para_4307">is in full-time education, or attending specialist medical care in the area;</p>
                        <p eId="para_4308">has a relative (defined in the Regulations) living in the area for 2 years or longer.</p>
                        <p eId="para_4309">A household meeting either the residence or local connection criterion may specify up to three areas of choice in any housing authority in the county (including city) concerned.  At least one of these choices must be in the functional area of the housing authority of application. Qualified households will appear on the waiting lists of each of the housing authorities in respect of which they have expressed areas of choice.</p>
                        <p eId="para_4310">A housing authority may also decide at its discretion to consider an application for social housing support from a household that does not meet these residence or local connection criteria. In such a case, the household may express areas of choice within the functional area of that authority only.</p>
                    </speech>
                </debateSection>
                </debateBody></debate>
</akomaNtoso>
