<?xml version='1.0' encoding='UTF-8'?>
<akomaNtoso xmlns="http://docs.oasis-open.org/legaldocml/ns/akn/3.0/CSD13" xmlns:xsi="http://www.w3.org/2001/XMLSchema-instance" xsi:schemaLocation="http://docs.oasis-open.org/legaldocml/ns/akn/3.0/CSD13 ./akomantoso30.xsd ">
    <debate name="Official Report">
        <meta>
            <identification source="#source">
                <FRBRWork>
                    <FRBRthis value="/akn/ie/debateRecord/dail/2012-07-18/writtens/dbsect_11"/>
                    <FRBRuri value="/akn/ie/debateRecord/dail/2012-07-18/writtens"/>
                    <FRBRdate date="2012-07-18" name="#generation"/>
                    <FRBRauthor href="http://oireachtas.ie/ie/oireachtas/house/dail"/>
                    <FRBRcountry value="ie"/>
                <FRBRname value="writtens"/></FRBRWork>
                <FRBRExpression>
                    <FRBRthis value="/akn/ie/debateRecord/dail/2012-07-18/writtens/mul@/dbsect_11"/>
                    <FRBRuri value="/akn/ie/debateRecord/dail/2012-07-18/writtens/mul@"/>
                    <FRBRdate date="2012-07-18" name="#reported"/>
                    <FRBRauthor as="#editor" href="http://oireachtas.ie/ie/oireachtas/role/debates"/>
                    <FRBRlanguage language="mul"/>
                </FRBRExpression>
                <FRBRManifestation>
                    <FRBRthis value="/akn/ie/debateRecord/dail/2012-07-18/writtens/mul@/dbsect_11.xml"/>
                    <FRBRuri value="/akn/ie/debateRecord/dail/2012-07-18/writtens/mul@.akn"/>
                    <FRBRdate date="2016-08-17T12:53:12.290656" name="#publication"/>
                    <FRBRauthor as="#editor" href="http://oireachtas.ie/ie/oireachtas/role/debates"/>
                </FRBRManifestation>
            </identification>
            <references source="#debates">
                <TLCOrganization eId="source" href="http://oireachtas.ie" showAs="Houses of the Oireachtas"/><TLCConcept eId="generation" href="http://oireachtas.ie/ie/oireachtas/ontology#Generation" showAs="Generation"/>
<TLCConcept eId="reported" href="http://oireachtas.ie/ie/oireachtas/ontology#Reported" showAs="Reported"/>
<TLCConcept eId="publication" href="http://oireachtas.ie/ie/oireachtas/ontology#Publication" showAs="Publication"/>
<TLCPerson eId="BarryCowen" href="http://oireachtas.ie/ie/oireachtas/member/Barry-Cowen.D.2011-03-09/dail/31" showAs="Mr. Barry Cowen"/>
<TLCPerson eId="JimmyDeenihan" href="http://oireachtas.ie/ie/oireachtas/member/Jimmy-Deenihan.S.1983-02-23/dail/31" showAs="Mr. Jimmy Deenihan"/>
<TLCPerson eId="MickWallace" href="http://oireachtas.ie/ie/oireachtas/member/Mick-Wallace.D.2011-03-09/dail/31" showAs="Mr. Mick Wallace"/>
<TLCPerson eId="NiallCollins" href="http://oireachtas.ie/ie/oireachtas/member/Niall-Collins.D.2007-06-14/dail/31" showAs="Mr. Niall Collins"/>
<TLCRole eId="Minister_for_Arts,_Heritage_and_the_Gaeltacht" href="http://oireachtas.ie/ie/oireachtas/member/Jimmy-Deenihan.S.1983-02-23/dail/31/minister/arts__heritage__gaeltacht" showAs="Minister for Arts, Heritage and the Gaeltacht"/>
</references>
        </meta>
        <preface>
            <block name="title_ga">
                <docTitle>DÍOSPÓIREACHTAÍ PARLAIMINTE</docTitle>
            </block>
            <block name="title_en">
                <docTitle>PARLIAMENTARY DEBATES</docTitle>
            </block>
            <block name="proponent_ga">
                <docProponent>DÁIL ÉIREANN</docProponent>
            </block>
            <block name="status_ga">
                <docStatus>TUAIRISC OIFIGIÚIL</docStatus>
            </block>
            <block name="status_en">
                <docStatus>(OFFICIAL REPORT)</docStatus>
            </block>
            <block name="date_ga">
                <docDate date="2012-07-18">Dé Céadaoin, 18 Iúil 2012</docDate>
            </block>
            <block name="date_en">
                <docDate date="2012-07-18">Wednesday, 18 July 2012</docDate>
            </block>
        </preface>
        <debateBody><debateSection name="writtenAnswer" eId="dbsect_11">
                    <heading>National Monuments</heading>
                    <question by="#BarryCowen" to="#Minister_for_Arts,_Heritage_and_the_Gaeltacht" eId="pq_18">
                        <p eId="para_53">
        18
        <b>  Deputy Barry Cowen</b>
         asked the 
        <b>Minister for Arts, Heritage and the Gaeltacht</b>
          if he will meet with representatives of the save Moore Street campaign to hear their concerns regarding the need to preserve the site; and if he will make a statement on the matter.  
        [35415/12]
      </p>
                    </question>
                    <question by="#MickWallace" to="#Minister_for_Arts,_Heritage_and_the_Gaeltacht" eId="pq_19">
                        <p eId="para_54">
        19
        <b>  Deputy Mick Wallace</b>
         asked the 
        <b>Minister for Arts, Heritage and the Gaeltacht</b>
          the position regarding the consent application to build on the historic site of 14-17 Moore Street which requires his approval in order to proceed; and if he will make a statement on the matter.  
        [35438/12]
      </p>
                    </question>
                    <question by="#MickWallace" to="#Minister_for_Arts,_Heritage_and_the_Gaeltacht" eId="pq_20">
                        <p eId="para_55">
        20
        <b>  Deputy Mick Wallace</b>
         asked the 
        <b>Minister for Arts, Heritage and the Gaeltacht</b>
          if there has been any further contact with the National Asset Management Agency with a view to incorporating some form of historical area connected with Moore Street and the 1916 Rising and the proposed adjacent commercial development now under the control of NAMA; and if he will make a statement on the matter.  
        [35437/12]
      </p>
                    </question>
                    <question by="#NiallCollins" to="#Minister_for_Arts,_Heritage_and_the_Gaeltacht" eId="pq_23">
                        <p eId="para_56">
        23
        <b>  Deputy Niall Collins</b>
         asked the 
        <b>Minister for Arts, Heritage and the Gaeltacht</b>
          when he expects to make a decision on allowing a new development near the Moore Street national monument; and if he will make a statement on the matter.  
        [35413/12]
      </p>
                    </question>
                    <speech by="#JimmyDeenihan" as="#Minister_for_Arts,_Heritage_and_the_Gaeltacht">
                        <from>Minister for Arts, Heritage and the Gaeltacht (Deputy Jimmy Deenihan)</from>
                        <p eId="para_57">I propose to take Questions Nos. 18 to 20, inclusive, and 23 together.</p>
                        <p eId="para_58">Nos. 14 to 17 Moore Street are the subject of a Preservation Order under the National Monuments Acts.  The effect of the Preservation Order is that any works affecting these properties require my consent, as Minister for Arts, Heritage and the Gaeltacht, under section 14 of the National Monuments Act 1930, as amended.  The landowner's application to my Department for consent to proposals that envisage the retention of the buildings and the provision of a commemorative centre to the 1916 Rising is being examined.  In that context, I have visited the site and met various interest groups, including relatives of the 1916 Leaders.</p>
                        <p eId="para_59">As part of the consent process, in accordance with the<i>European Union (Environmental Impact Assessment of Proposed Demolition of National Monuments) Regulations 2012</i>, which I made last week, the consent applicant has been asked by my Department to submit an environmental impact statement in relation to any elements of the proposal that would involve demolition works.  The Regulations introduce new provisions into the National Monuments Acts to provide for the carrying out of an environmental impact assessment in relation to any works to a national monument requiring my consent under those Acts that involve an element of demolition. Following receipt of the environmental impact statement, and having completed the prescribed consultation procedures, I will undertake a formal environmental impact assessment before making a decision on the consent application.</p>
                        <p eId="para_60">Any wider plans for the development of the Moore Street area would be a matter for the relevant landowners and the development authority, Dublin City Council.  I have no statutory function in relation to the operations of the National Assets Management Agency.</p>
                    </speech><!--Fix-->
                </debateSection></debateBody></debate>
</akomaNtoso>
