<?xml version='1.0' encoding='UTF-8'?>
<akomaNtoso xmlns="http://docs.oasis-open.org/legaldocml/ns/akn/3.0/CSD13" xmlns:xsi="http://www.w3.org/2001/XMLSchema-instance" xsi:schemaLocation="http://docs.oasis-open.org/legaldocml/ns/akn/3.0/CSD13 ./akomantoso30.xsd ">
    <debate name="Official Report">
        <meta>
            <identification source="#source">
                <FRBRWork>
                    <FRBRthis value="/akn/ie/debateRecord/dail/2012-07-18/writtens/dbsect_206"/>
                    <FRBRuri value="/akn/ie/debateRecord/dail/2012-07-18/writtens"/>
                    <FRBRdate date="2012-07-18" name="#generation"/>
                    <FRBRauthor href="http://oireachtas.ie/ie/oireachtas/house/dail"/>
                    <FRBRcountry value="ie"/>
                <FRBRname value="writtens"/></FRBRWork>
                <FRBRExpression>
                    <FRBRthis value="/akn/ie/debateRecord/dail/2012-07-18/writtens/mul@/dbsect_206"/>
                    <FRBRuri value="/akn/ie/debateRecord/dail/2012-07-18/writtens/mul@"/>
                    <FRBRdate date="2012-07-18" name="#reported"/>
                    <FRBRauthor as="#editor" href="http://oireachtas.ie/ie/oireachtas/role/debates"/>
                    <FRBRlanguage language="mul"/>
                </FRBRExpression>
                <FRBRManifestation>
                    <FRBRthis value="/akn/ie/debateRecord/dail/2012-07-18/writtens/mul@/dbsect_206.xml"/>
                    <FRBRuri value="/akn/ie/debateRecord/dail/2012-07-18/writtens/mul@.akn"/>
                    <FRBRdate date="2016-08-17T12:53:12.290656" name="#publication"/>
                    <FRBRauthor as="#editor" href="http://oireachtas.ie/ie/oireachtas/role/debates"/>
                </FRBRManifestation>
            </identification>
            <references source="#debates">
                <TLCOrganization eId="source" href="http://oireachtas.ie" showAs="Houses of the Oireachtas"/><TLCConcept eId="generation" href="http://oireachtas.ie/ie/oireachtas/ontology#Generation" showAs="Generation"/>
<TLCConcept eId="reported" href="http://oireachtas.ie/ie/oireachtas/ontology#Reported" showAs="Reported"/>
<TLCConcept eId="publication" href="http://oireachtas.ie/ie/oireachtas/ontology#Publication" showAs="Publication"/>
<TLCPerson eId="AlanShatter" href="http://oireachtas.ie/ie/oireachtas/member/Alan-Shatter.D.1981-06-30/dail/31" showAs="Mr. Alan Shatter"/>
<TLCPerson eId="DominicHannigan" href="http://oireachtas.ie/ie/oireachtas/member/Dominic-Hannigan.S.2007-07-23/dail/31" showAs="Mr. Dominic Hannigan"/>
<TLCRole eId="Minister_for_Justice_and_Equality" href="http://oireachtas.ie/ie/oireachtas/member/Alan-Shatter.D.1981-06-30/dail/31/minister/justice__equality" showAs="Minister for Justice and Equality"/>
</references>
        </meta>
        <preface>
            <block name="title_ga">
                <docTitle>DÍOSPÓIREACHTAÍ PARLAIMINTE</docTitle>
            </block>
            <block name="title_en">
                <docTitle>PARLIAMENTARY DEBATES</docTitle>
            </block>
            <block name="proponent_ga">
                <docProponent>DÁIL ÉIREANN</docProponent>
            </block>
            <block name="status_ga">
                <docStatus>TUAIRISC OIFIGIÚIL</docStatus>
            </block>
            <block name="status_en">
                <docStatus>(OFFICIAL REPORT)</docStatus>
            </block>
            <block name="date_ga">
                <docDate date="2012-07-18">Dé Céadaoin, 18 Iúil 2012</docDate>
            </block>
            <block name="date_en">
                <docDate date="2012-07-18">Wednesday, 18 July 2012</docDate>
            </block>
        </preface>
        <debateBody><debateSection name="writtenAnswer" eId="dbsect_206">
                    <heading>Garda Operations</heading>
                    <question by="#DominicHannigan" to="#Minister_for_Justice_and_Equality" eId="pq_272">
                        <p eId="para_4874">
        272
        <b> Deputy Dominic Hannigan</b>
         asked the 
        <b>Minister for Justice and Equality</b>
         the Garda Commissioner’s plans to deal with the outstanding 4,170 warrants in Meath; and if he will make a statement on the matter. 
        [35913/12]
      </p>
                    </question>
                    <question by="#DominicHannigan" to="#Minister_for_Justice_and_Equality" eId="pq_273">
                        <p eId="para_4875">
        273
        <b> Deputy Dominic Hannigan</b>
         asked the 
        <b>Minister for Justice and Equality</b>
         if he will provide a detailed list of the of all outstanding warrants in the Meath district by warrant type, date of issuing of the warrant; the number of these warrants that are against the same defendant; and if he will make a statement on the matter. 
        [35914/12]
      </p>
                    </question>
                    <speech by="#AlanShatter" as="#Minister_for_Justice_and_Equality">
                        <from>Minister for Justice and Equality (Deputy Alan Shatter)</from>
                        <p eId="para_4876">I propose to take Questions Nos. 272 and 273 together.</p>
                        <p eId="para_4877">As the Deputy will be aware, I have recently set out my views with respect to the number of outstanding warrants at a national level and the position with respect to outstanding warrants in Meath must also be seen in this context.</p>
                        <p eId="para_4878">It is, of course, inevitable that at any given time there will be a significant number of warrants awaiting execution nationally. Unavoidably, even in the most straightforward cases there must be some lapse of time between the issue of a warrant by the court and its execution by An Garda Síochána. Apart from the huge volume of warrants which are issued nationally, there can be a multiplicity of reasons why warrants can take time to execute and, in some cases, they can prove ultimately unenforceable. It is the case that many individuals can be subject to multiple warrants and a number of the subjects of the warrants are taking every step open to them to try to avoid arrest through moving from address to address and so on.</p>
                        <p eId="para_4879">While it is clearly important that An Garda Síochána take all possible action to ensure that warrants are executed as quickly as possible, it should be borne in mind that the vast majority of warrants do not relate to violent or the more serious categories of offence. In fact, most of the warrants which are recorded as unexecuted are penal warrants, which relate to the payment of fines with imprisonment arising as a consequence of failure to pay. 93% of penal warrants at a national level are associated with Road Traffic Acts, public order and theft offences.</p>
                        <p eId="para_4880">Moreover, I have been assured by the Garda Commissioner that An Garda Síochána give priority to the execution of warrants in respect of serious crime and will continue to do so.</p>
                        <p eId="para_4881">Subject to the caveats I mention below, and insofar as the Meath Garda Division is concerned, I am informed by the Garda authorities that, on 13 July, 2012 PULSE recorded a total of 4,102 executable warrants, comprising of 653 bench warrants, 83 committal warrants, and 3,366 penal warrants outstanding in that Division.  I am also advised that It is not possible to provide information in relation to the number of warrants against the same defendant as this would require a disproportionate amount of Garda time and resources to compile.</p>
                        <p eId="para_4882">In relation to the figures provided by An Garda Síochána, I should say that I have been advised that they are operational and liable to change.</p>
                        <p eId="para_4883">Of its nature, the figure for outstanding warrants recorded by PULSE at any given time reflects an accumulation of old warrants which has arisen over the years. Warrants will continue to show on PULSE until such time as they are recorded as being finally disposed of and, given that some of the warrants in question are outstanding for many years, I am concerned that the total figure for outstanding warrants as shown on PULSE may not be a reliable indicator of the number of ‘live' warrants which are enforceable which are on hand.</p>
                        <p eId="para_4884">In the circumstances, I have asked the Garda Commissioner to consider at a national level whether there may be a better way of maintaining statistics which gives a more realistic indication in relation to any backlog of warrants that arises. I have also asked him to report to me again in six months time on the situation in relation to unexecuted warrants and indicated that if he has any recommendations in relation to legislative or administrative action open to me as Minister which would assist in this area I will, of course, consider them.</p>
                        <p eId="para_4885">While genuine difficulties can arise where it does not prove possible to enforce a warrant, it is obviously important that systems are in place to ensure that warrants are enforced as quickly as possible. I have been advised by the Garda Commissioner that at present there is an Inspector in each Garda District in the Dublin Metropolitan Region and each Division outside the DMR tasked with managing the execution of warrants, and other issues relating to them. In addition, specific members of the Force are tasked with their execution. An Garda Síochána continually liaises with other agencies, including Government Departments, to locate individuals sought on warrant. This has resulted in the provision of addresses, other than those provided on the warrants, for many persons sought. In particular, Garda warrants personnel regularly liaise with the Irish Prison Service and the Courts Service to ensure the timely exchange of relevant information regarding persons sought for the service of warrants.</p>
                        <p eId="para_4886">I am also advised that there is a warrants working group in place which facilitates liaison between the various stakeholders, including the Court Service and the Prison Service and which works to identify, address and prevent difficulties in the warrants process. The work of the group is ongoing and relevant recommendations for the improvement of systems are being implemented on an ongoing basis.</p>
                        <p eId="para_4887">The Garda Commissioner has assured me that both he and his senior management team are closely monitoring the situation with a view to ensuring that warrants are executed as expeditiously as possible.</p>
                        <p eId="para_4888">There seems little doubt that the outstanding warrants figures for previous years reflected partly the situation which then obtained in relation to the use of imprisonment in cases of non-payment of fines, a practice which I think most people now regard as highly undesirable. Since the commencement of section 14 of the Fines Act 2010, a Court is now obliged to take into account the means of the person before imposing a fine. This measure combined with other provisions such as the use of community service, payment by instalment and use of attachment of earnings should, when fully operational, have very beneficial effects on the number of warrants which the Gardaí are called on to enforce.</p>
                    </speech>
                </debateSection>
                </debateBody></debate>
</akomaNtoso>
