<?xml version='1.0' encoding='UTF-8'?>
<akomaNtoso xmlns="http://docs.oasis-open.org/legaldocml/ns/akn/3.0/CSD13" xmlns:xsi="http://www.w3.org/2001/XMLSchema-instance" xsi:schemaLocation="http://docs.oasis-open.org/legaldocml/ns/akn/3.0/CSD13 ./akomantoso30.xsd ">
    <debate name="Official Report">
        <meta>
            <identification source="#source">
                <FRBRWork>
                    <FRBRthis value="/akn/ie/debateRecord/dail/2012-07-18/writtens/dbsect_228"/>
                    <FRBRuri value="/akn/ie/debateRecord/dail/2012-07-18/writtens"/>
                    <FRBRdate date="2012-07-18" name="#generation"/>
                    <FRBRauthor href="http://oireachtas.ie/ie/oireachtas/house/dail"/>
                    <FRBRcountry value="ie"/>
                <FRBRname value="writtens"/></FRBRWork>
                <FRBRExpression>
                    <FRBRthis value="/akn/ie/debateRecord/dail/2012-07-18/writtens/mul@/dbsect_228"/>
                    <FRBRuri value="/akn/ie/debateRecord/dail/2012-07-18/writtens/mul@"/>
                    <FRBRdate date="2012-07-18" name="#reported"/>
                    <FRBRauthor as="#editor" href="http://oireachtas.ie/ie/oireachtas/role/debates"/>
                    <FRBRlanguage language="mul"/>
                </FRBRExpression>
                <FRBRManifestation>
                    <FRBRthis value="/akn/ie/debateRecord/dail/2012-07-18/writtens/mul@/dbsect_228.xml"/>
                    <FRBRuri value="/akn/ie/debateRecord/dail/2012-07-18/writtens/mul@.akn"/>
                    <FRBRdate date="2016-08-17T12:53:12.290656" name="#publication"/>
                    <FRBRauthor as="#editor" href="http://oireachtas.ie/ie/oireachtas/role/debates"/>
                </FRBRManifestation>
            </identification>
            <references source="#debates">
                <TLCOrganization eId="source" href="http://oireachtas.ie" showAs="Houses of the Oireachtas"/><TLCConcept eId="generation" href="http://oireachtas.ie/ie/oireachtas/ontology#Generation" showAs="Generation"/>
<TLCConcept eId="reported" href="http://oireachtas.ie/ie/oireachtas/ontology#Reported" showAs="Reported"/>
<TLCConcept eId="publication" href="http://oireachtas.ie/ie/oireachtas/ontology#Publication" showAs="Publication"/>
<TLCPerson eId="JerryButtimer" href="http://oireachtas.ie/ie/oireachtas/member/Jerry-Buttimer.S.2007-07-23/dail/31" showAs="Mr. Jerry Buttimer"/>
<TLCPerson eId="SimonCoveney" href="http://oireachtas.ie/ie/oireachtas/member/Simon-Coveney.D.1998-10-23/dail/31" showAs="Mr. Simon Coveney"/>
<TLCRole eId="Minister_for_Agriculture,_Food_and_the_Marine" href="http://oireachtas.ie/ie/oireachtas/member/Simon-Coveney.D.1998-10-23/dail/31/minister/agriculture__food__marine" showAs="Minister for Agriculture, Food and the Marine"/>
</references>
        </meta>
        <preface>
            <block name="title_ga">
                <docTitle>DÍOSPÓIREACHTAÍ PARLAIMINTE</docTitle>
            </block>
            <block name="title_en">
                <docTitle>PARLIAMENTARY DEBATES</docTitle>
            </block>
            <block name="proponent_ga">
                <docProponent>DÁIL ÉIREANN</docProponent>
            </block>
            <block name="status_ga">
                <docStatus>TUAIRISC OIFIGIÚIL</docStatus>
            </block>
            <block name="status_en">
                <docStatus>(OFFICIAL REPORT)</docStatus>
            </block>
            <block name="date_ga">
                <docDate date="2012-07-18">Dé Céadaoin, 18 Iúil 2012</docDate>
            </block>
            <block name="date_en">
                <docDate date="2012-07-18">Wednesday, 18 July 2012</docDate>
            </block>
        </preface>
        <debateBody><debateSection name="writtenAnswer" eId="dbsect_228">
                    <heading>Ministerial Advisers</heading>
                    <question by="#JerryButtimer" to="#Minister_for_Agriculture,_Food_and_the_Marine" eId="pq_300">
                        <p eId="para_5323">
        300
        <b>Deputy Jerry Buttimer</b>
         asked the 
        <b>Minister for Agriculture, Food and the Marine</b>
         if he will provide details of the number of political advisers employed by his predecessors in each of the past five years; and if he will make a statement on the matter. 
        [35884/12]
      </p>
                    </question>
                    <speech by="#SimonCoveney" as="#Minister_for_Agriculture,_Food_and_the_Marine">
                        <from>Minister for Agriculture, Food and the Marine (Deputy Simon Coveney)</from>
                        <p eId="para_5324">In response to the Deputy's question, I have detailed below the information requested in respect of Special Advisers and Press Advisers employed in my Department for the past five years.</p>
                        <table>
                            <tr>
                                <td>
                                    <p eId="para_5325">Name</p>
                                </td>
                                <td>
                                    <p eId="para_5326">Title</p>
                                </td>
                            </tr>
                            <tr>
                                <td>
                                    <p eId="para_5327">Dermot Murphy from 29/10/2004-06/05/2008</p>
                                </td>
                                <td>
                                    <p eId="para_5328">Special Adviser to Minister Mary Coughlan</p>
                                </td>
                            </tr>
                            <tr>
                                <td>
                                    <p eId="para_5329">Michael Shovlinfrom  02/05/2006-07/09/2007</p>
                                </td>
                                <td>
                                    <p eId="para_5330">Press Adviser toMinister Mary Coughlan</p>
                                </td>
                            </tr>
                            <tr>
                                <td>
                                    <p eId="para_5331">Sean Perry from 23/01/2008-06/05/2008</p>
                                </td>
                                <td>
                                    <p eId="para_5332">Press Adviser to Minister Mary Coughlan</p>
                                </td>
                            </tr>
                            <tr>
                                <td>
                                    <p eId="para_5333">Stiofan Nuttyfrom 01/11/2007-11/02/2010</p>
                                </td>
                                <td>
                                    <p eId="para_5334">Special Adviser to Minister of State Trevor Sargent</p>
                                </td>
                            </tr>
                            <tr>
                                <td>
                                    <p eId="para_5335">Dermot M Ryan from 07/05/2008-31/12/2010</p>
                                </td>
                                <td>
                                    <p eId="para_5336">Special Adviser to Minister Brendan Smith</p>
                                </td>
                            </tr>
                            <tr>
                                <td>
                                    <p eId="para_5337">Philip Hannon from 07/05/2008-09/03/2011</p>
                                </td>
                                <td>
                                    <p eId="para_5338">Special Adviser to Minister Brendan Smith</p>
                                </td>
                            </tr>
                        </table>
                    </speech>
                </debateSection>
                </debateBody></debate>
</akomaNtoso>
