<?xml version='1.0' encoding='UTF-8'?>
<akomaNtoso xmlns="http://docs.oasis-open.org/legaldocml/ns/akn/3.0/CSD13" xmlns:xsi="http://www.w3.org/2001/XMLSchema-instance" xsi:schemaLocation="http://docs.oasis-open.org/legaldocml/ns/akn/3.0/CSD13 ./akomantoso30.xsd ">
    <debate name="Official Report">
        <meta>
            <identification source="#source">
                <FRBRWork>
                    <FRBRthis value="/akn/ie/debateRecord/dail/2012-07-18/writtens/dbsect_102"/>
                    <FRBRuri value="/akn/ie/debateRecord/dail/2012-07-18/writtens"/>
                    <FRBRdate date="2012-07-18" name="#generation"/>
                    <FRBRauthor href="http://oireachtas.ie/ie/oireachtas/house/dail"/>
                    <FRBRcountry value="ie"/>
                <FRBRname value="writtens"/></FRBRWork>
                <FRBRExpression>
                    <FRBRthis value="/akn/ie/debateRecord/dail/2012-07-18/writtens/mul@/dbsect_102"/>
                    <FRBRuri value="/akn/ie/debateRecord/dail/2012-07-18/writtens/mul@"/>
                    <FRBRdate date="2012-07-18" name="#reported"/>
                    <FRBRauthor as="#editor" href="http://oireachtas.ie/ie/oireachtas/role/debates"/>
                    <FRBRlanguage language="mul"/>
                </FRBRExpression>
                <FRBRManifestation>
                    <FRBRthis value="/akn/ie/debateRecord/dail/2012-07-18/writtens/mul@/dbsect_102.xml"/>
                    <FRBRuri value="/akn/ie/debateRecord/dail/2012-07-18/writtens/mul@.akn"/>
                    <FRBRdate date="2016-08-17T12:53:12.290656" name="#publication"/>
                    <FRBRauthor as="#editor" href="http://oireachtas.ie/ie/oireachtas/role/debates"/>
                </FRBRManifestation>
            </identification>
            <references source="#debates">
                <TLCOrganization eId="source" href="http://oireachtas.ie" showAs="Houses of the Oireachtas"/><TLCConcept eId="generation" href="http://oireachtas.ie/ie/oireachtas/ontology#Generation" showAs="Generation"/>
<TLCConcept eId="reported" href="http://oireachtas.ie/ie/oireachtas/ontology#Reported" showAs="Reported"/>
<TLCConcept eId="publication" href="http://oireachtas.ie/ie/oireachtas/ontology#Publication" showAs="Publication"/>
<TLCPerson eId="JoanBurtonLAB" href="http://oireachtas.ie/ie/oireachtas/member/Joan-Burton.D.1992-12-14/dail/31" showAs="Ms. Joan Burton"/>
<TLCPerson eId="SimonHarris" href="http://oireachtas.ie/ie/oireachtas/member/Simon-Harris.D.2011-03-09/dail/31" showAs="Mr. Simon Harris"/>
<TLCRole eId="Minister_for_Social_Protection" href="http://oireachtas.ie/ie/oireachtas/member/Joan-Burton.D.1992-12-14/dail/31/minister/social_protection" showAs="Minister for Social Protection"/>
</references>
        </meta>
        <preface>
            <block name="title_ga">
                <docTitle>DÍOSPÓIREACHTAÍ PARLAIMINTE</docTitle>
            </block>
            <block name="title_en">
                <docTitle>PARLIAMENTARY DEBATES</docTitle>
            </block>
            <block name="proponent_ga">
                <docProponent>DÁIL ÉIREANN</docProponent>
            </block>
            <block name="status_ga">
                <docStatus>TUAIRISC OIFIGIÚIL</docStatus>
            </block>
            <block name="status_en">
                <docStatus>(OFFICIAL REPORT)</docStatus>
            </block>
            <block name="date_ga">
                <docDate date="2012-07-18">Dé Céadaoin, 18 Iúil 2012</docDate>
            </block>
            <block name="date_en">
                <docDate date="2012-07-18">Wednesday, 18 July 2012</docDate>
            </block>
        </preface>
        <debateBody><debateSection name="writtenAnswer" eId="dbsect_102">
                    <heading>Pension Provisions</heading>
                    <question by="#SimonHarris" to="#Minister_for_Social_Protection" eId="pq_145">
                        <p eId="para_3789">
        145
        <b> Deputy Simon Harris</b>
         asked the 
        <b>Minister for Social Protection</b>
         when the case of a person (details supplied) in County Wicklow regarding their PRSA pension will be resolved; and if she will make a statement on the matter. 
        [35459/12]
      </p>
                    </question>
                    <speech by="#JoanBurtonLAB" as="#Minister_for_Social_Protection">
                        <from>Minister for Social Protection (Deputy Joan Burton)</from>
                        <p eId="para_3790">A claim for PRSA contributions under the Insolvency Payments Scheme was received in respect of the person concerned.  There were some outstanding queries in relation to the claim which have now been addressed and the claim has recently been paid.</p>
                    </speech>
                </debateSection>
                </debateBody></debate>
</akomaNtoso>
