<?xml version='1.0' encoding='UTF-8'?>
<akomaNtoso xmlns="http://docs.oasis-open.org/legaldocml/ns/akn/3.0/CSD13" xmlns:xsi="http://www.w3.org/2001/XMLSchema-instance" xsi:schemaLocation="http://docs.oasis-open.org/legaldocml/ns/akn/3.0/CSD13 ./akomantoso30.xsd ">
    <debate name="Official Report">
        <meta>
            <identification source="#source">
                <FRBRWork>
                    <FRBRthis value="/akn/ie/debateRecord/dail/2012-07-18/writtens/dbsect_150"/>
                    <FRBRuri value="/akn/ie/debateRecord/dail/2012-07-18/writtens"/>
                    <FRBRdate date="2012-07-18" name="#generation"/>
                    <FRBRauthor href="http://oireachtas.ie/ie/oireachtas/house/dail"/>
                    <FRBRcountry value="ie"/>
                <FRBRname value="writtens"/></FRBRWork>
                <FRBRExpression>
                    <FRBRthis value="/akn/ie/debateRecord/dail/2012-07-18/writtens/mul@/dbsect_150"/>
                    <FRBRuri value="/akn/ie/debateRecord/dail/2012-07-18/writtens/mul@"/>
                    <FRBRdate date="2012-07-18" name="#reported"/>
                    <FRBRauthor as="#editor" href="http://oireachtas.ie/ie/oireachtas/role/debates"/>
                    <FRBRlanguage language="mul"/>
                </FRBRExpression>
                <FRBRManifestation>
                    <FRBRthis value="/akn/ie/debateRecord/dail/2012-07-18/writtens/mul@/dbsect_150.xml"/>
                    <FRBRuri value="/akn/ie/debateRecord/dail/2012-07-18/writtens/mul@.akn"/>
                    <FRBRdate date="2016-08-17T12:53:12.290656" name="#publication"/>
                    <FRBRauthor as="#editor" href="http://oireachtas.ie/ie/oireachtas/role/debates"/>
                </FRBRManifestation>
            </identification>
            <references source="#debates">
                <TLCOrganization eId="source" href="http://oireachtas.ie" showAs="Houses of the Oireachtas"/><TLCConcept eId="generation" href="http://oireachtas.ie/ie/oireachtas/ontology#Generation" showAs="Generation"/>
<TLCConcept eId="reported" href="http://oireachtas.ie/ie/oireachtas/ontology#Reported" showAs="Reported"/>
<TLCConcept eId="publication" href="http://oireachtas.ie/ie/oireachtas/ontology#Publication" showAs="Publication"/>
<TLCPerson eId="JimmyDeenihan" href="http://oireachtas.ie/ie/oireachtas/member/Jimmy-Deenihan.S.1983-02-23/dail/31" showAs="Mr. Jimmy Deenihan"/>
<TLCPerson eId="MaureenOSullivan" href="http://oireachtas.ie/ie/oireachtas/member/Maureen-O'Sullivan.D.2009-06-05/dail/31" showAs="Ms. Maureen O'Sullivan"/>
<TLCRole eId="Minister_for_Arts,_Heritage_and_the_Gaeltacht" href="http://oireachtas.ie/ie/oireachtas/member/Jimmy-Deenihan.S.1983-02-23/dail/31/minister/arts__heritage__gaeltacht" showAs="Minister for Arts, Heritage and the Gaeltacht"/>
</references>
        </meta>
        <preface>
            <block name="title_ga">
                <docTitle>DÍOSPÓIREACHTAÍ PARLAIMINTE</docTitle>
            </block>
            <block name="title_en">
                <docTitle>PARLIAMENTARY DEBATES</docTitle>
            </block>
            <block name="proponent_ga">
                <docProponent>DÁIL ÉIREANN</docProponent>
            </block>
            <block name="status_ga">
                <docStatus>TUAIRISC OIFIGIÚIL</docStatus>
            </block>
            <block name="status_en">
                <docStatus>(OFFICIAL REPORT)</docStatus>
            </block>
            <block name="date_ga">
                <docDate date="2012-07-18">Dé Céadaoin, 18 Iúil 2012</docDate>
            </block>
            <block name="date_en">
                <docDate date="2012-07-18">Wednesday, 18 July 2012</docDate>
            </block>
        </preface>
        <debateBody><debateSection name="writtenAnswer" eId="dbsect_150">
                    <heading>Merger of Cultural Institutions</heading>
                    <question by="#MaureenOSullivan" to="#Minister_for_Arts,_Heritage_and_the_Gaeltacht" eId="pq_205">
                        <p eId="para_4084">
        205
        <b>Deputy Maureen O’Sullivan</b>
         asked the 
        <b>Minister for Arts, Heritage and the Gaeltacht</b>
         if he will publish the cost benefit analysis of either the merger of any of the national cultural institutions, their absorption into his Department or any reorganisation of their functions; if he has examined the costs and efficiency of his Department and examined transferring any of the remit or functions of his Department to any of the institutions; if he will make available a copy of any policy paper he has published as a basis for public consultation and the details of the public consultation he has undertaken; and if he will make a statement on the matter. 
        [35858/12]
      </p>
                    </question>
                    <speech by="#JimmyDeenihan" as="#Minister_for_Arts,_Heritage_and_the_Gaeltacht">
                        <from>Minister for Arts, Heritage and the Gaeltacht (Deputy Jimmy Deenihan)</from>
                        <p eId="para_4085">As the Deputy will be aware, the Government announced a series of rationalisation measures in the Public Service Reform Plan on 17th   November 2011.  Certain of these measures that relate to National Cultural Institutions funded from my Department's Vote Group are currently being advanced, as required under the Reform Plan. These include the following:</p>
                        <p eId="para_4086">Combine Irish Museum of Modern Art, Crawford Art Gallery and the National Gallery of Ireland, while retaining separate identities;</p>
                        <p eId="para_4087">Merge National Archives and the Irish Manuscripts Commission into the National Library, while maintaining separate identities; and</p>
                        <p eId="para_4088">Examine the issue of shared services and the board structure of both the National Library and the National Museum.</p>
                        <p eId="para_4089">As the Deputy will also be aware, the priorities set out in the Programme for Government for the rationalisation of State agencies provide that such rationalisation must be cost effective and lead to a more transparent, accountable and efficient public service.  The Deputy will appreciate, however, it is not possible at this stage to outline projected savings for each body to be rationalised.  However, the implications arising have been under examination within my Department with a view to identifying savings, as well as opportunities for efficiencies and more effective service delivery.  This process has involved consultations by my Department with each of the relevant institutions. In addition, I have met the Chairs of the various institutions involved in this process in order to afford them an opportunity to express their views on the actions in the Government's Public Sector Reform Plan.  Meetings have also taken place with a range of stakeholders and interested parties on these issues. My Department has taken into consideration the various proposals put forward by the institutions and other interests.</p>
                        <p eId="para_4090">I have sent my proposed approach on the implementation of the Government Decisions on the rationalisation of the relevant national cultural institutions to the Minister for Public Expenditure and Reform in recent days. As this will be subject to consideration by Government, I am not in a position at this juncture to go into the matter in any detail. I was, of course, able to give the House an insight into my overall thinking on these matters during the recent Private Members' Debate.</p>
                    </speech>
                </debateSection>
                </debateBody></debate>
</akomaNtoso>
