<?xml version='1.0' encoding='UTF-8'?>
<akomaNtoso xmlns="http://docs.oasis-open.org/legaldocml/ns/akn/3.0/CSD13" xmlns:xsi="http://www.w3.org/2001/XMLSchema-instance" xsi:schemaLocation="http://docs.oasis-open.org/legaldocml/ns/akn/3.0/CSD13 ./akomantoso30.xsd ">
    <debate name="Official Report">
        <meta>
            <identification source="#source">
                <FRBRWork>
                    <FRBRthis value="/akn/ie/debateRecord/dail/2012-07-18/writtens/dbsect_78"/>
                    <FRBRuri value="/akn/ie/debateRecord/dail/2012-07-18/writtens"/>
                    <FRBRdate date="2012-07-18" name="#generation"/>
                    <FRBRauthor href="http://oireachtas.ie/ie/oireachtas/house/dail"/>
                    <FRBRcountry value="ie"/>
                <FRBRname value="writtens"/></FRBRWork>
                <FRBRExpression>
                    <FRBRthis value="/akn/ie/debateRecord/dail/2012-07-18/writtens/mul@/dbsect_78"/>
                    <FRBRuri value="/akn/ie/debateRecord/dail/2012-07-18/writtens/mul@"/>
                    <FRBRdate date="2012-07-18" name="#reported"/>
                    <FRBRauthor as="#editor" href="http://oireachtas.ie/ie/oireachtas/role/debates"/>
                    <FRBRlanguage language="mul"/>
                </FRBRExpression>
                <FRBRManifestation>
                    <FRBRthis value="/akn/ie/debateRecord/dail/2012-07-18/writtens/mul@/dbsect_78.xml"/>
                    <FRBRuri value="/akn/ie/debateRecord/dail/2012-07-18/writtens/mul@.akn"/>
                    <FRBRdate date="2016-08-17T12:53:12.290656" name="#publication"/>
                    <FRBRauthor as="#editor" href="http://oireachtas.ie/ie/oireachtas/role/debates"/>
                </FRBRManifestation>
            </identification>
            <references source="#debates">
                <TLCOrganization eId="source" href="http://oireachtas.ie" showAs="Houses of the Oireachtas"/><TLCConcept eId="generation" href="http://oireachtas.ie/ie/oireachtas/ontology#Generation" showAs="Generation"/>
<TLCConcept eId="reported" href="http://oireachtas.ie/ie/oireachtas/ontology#Reported" showAs="Reported"/>
<TLCConcept eId="publication" href="http://oireachtas.ie/ie/oireachtas/ontology#Publication" showAs="Publication"/>
<TLCPerson eId="JerryButtimer" href="http://oireachtas.ie/ie/oireachtas/member/Jerry-Buttimer.S.2007-07-23/dail/31" showAs="Mr. Jerry Buttimer"/>
<TLCPerson eId="RuairiQuinn" href="http://oireachtas.ie/ie/oireachtas/member/Ruairí-Quinn.S.1976-07-01/dail/31" showAs="Mr. Ruairí Quinn"/>
<TLCRole eId="Minister_for_Education_and_Skills" href="http://oireachtas.ie/ie/oireachtas/member/Ruairí-Quinn.S.1976-07-01/dail/31/minister/education__skills" showAs="Minister for Education and Skills"/>
</references>
        </meta>
        <preface>
            <block name="title_ga">
                <docTitle>DÍOSPÓIREACHTAÍ PARLAIMINTE</docTitle>
            </block>
            <block name="title_en">
                <docTitle>PARLIAMENTARY DEBATES</docTitle>
            </block>
            <block name="proponent_ga">
                <docProponent>DÁIL ÉIREANN</docProponent>
            </block>
            <block name="status_ga">
                <docStatus>TUAIRISC OIFIGIÚIL</docStatus>
            </block>
            <block name="status_en">
                <docStatus>(OFFICIAL REPORT)</docStatus>
            </block>
            <block name="date_ga">
                <docDate date="2012-07-18">Dé Céadaoin, 18 Iúil 2012</docDate>
            </block>
            <block name="date_en">
                <docDate date="2012-07-18">Wednesday, 18 July 2012</docDate>
            </block>
        </preface>
        <debateBody><debateSection name="writtenAnswer" eId="dbsect_78">
                    <heading>Ministerial Advisers</heading>
                    <question by="#JerryButtimer" to="#Minister_for_Education_and_Skills" eId="pq_117">
                        <p eId="para_3579">
        117
        <b> Deputy Jerry Buttimer</b>
         asked the 
        <b>Minister for Education and Skills</b>
         if he will provide details of the number of political advisers employed by his predecessors in each of the past five years; and if he will make a statement on the matter. 
        [35889/12]
      </p>
                    </question>
                    <speech by="#RuairiQuinn" as="#Minister_for_Education_and_Skills">
                        <from>Minister for Education and Skills (Deputy Ruairí Quinn)</from>
                        <p eId="para_3580">The following is a list of special advisers that served during the tenure of the last three Ministers at this Department.  As allowed for under the staffing guidelines for Ministerial Offices Ms. Coughlan had three special advisers as in addition to her ministerial portfolio she held the office of Tánaiste:</p>
                        <p eId="para_3581">Mary Coughlan, T.D.An Tánaiste and Minister for Education and Science23rd March 2010 to 9th March 2011</p>
                        <p eId="para_3582">
                            <i>Appointees</i>
          Michael Shovlin,Special Adviser Dermot Murphy,Special Adviser Sean Perry, Press Adviser</p>
                        <p eId="para_3583">Batt O'Keeffe, T.D.Minister for Education and Science7th May 2008 to 23rd March 2010</p>
                        <p eId="para_3584">
                            <i>Appointees</i>
          Deirdre McDonnell, Special AdviserBernard Mallee, Special Adviser</p>
                        <p eId="para_3585">Mary Hanafin, T.D.,Minister for Education and Science29th September 2004 to 7th May 2008</p>
                        <p eId="para_3586">Averil Power, Special Adviser,Geraldine Butler, Press Officer</p>
                    </speech>
                </debateSection>
                </debateBody></debate>
</akomaNtoso>
